name,sido,city,address,phone,lat,lon
올레순동물병원,경기도,포천시,경기도 포천시 영중면 양문로5길 10,,38.001162,127.241485
서울 반려동물 행동클리닉,서울특별시,강남구,"서울특별시 강남구 논현로168길 50, 2층 (신사동)",02-511-8863,37.523199,127.032159
방배하본동물의료센터,서울특별시,서초구,"서울특별시 서초구 서초대로 43, 아림빌딩 (방배동)",,37.486192,126.987079
수지동물심장병원,경기도,용인시,"경기도 용인시 수지구 수풍로 65, 수지메디파크빌딩 4층 402,403호 (풍덕천동)",031-8607-7527,37.329819,127.092118
미양동물병원,경기도,안성시,경기도 안성시 미양면 질기비길 6,,36.977367,127.216942
루미너스동물병원,경기도,남양주시,"경기도 남양주시 경춘로 1298, 혜림빌딩 313호 (평내동)",,37.64943,127.236972
압구정 소망 동물병원,서울특별시,강남구,"서울특별시 강남구 압구정로34길 11, 압구정스퀘어 114호 (신사동)",02-2138-3340,37.52739,127.030957
온결동물의료센터,경기도,의왕시,"경기도 의왕시 내손중앙로 4, 벨포레스퀘어 101호 (내손동)",031-360-5977,37.38912,126.976888
광명온동물병원,경기도,광명시,"경기도 광명시 광이로 10, 1층 (광명동)",02-6951-1003,37.479278,126.858125
코어동물의료센터,서울특별시,은평구,"서울특별시 은평구 진관2로 12, 메이플카운티2차 201호, 202호, 203호 (진관동)",02-6953-7534,,
레오동물병원,서울특별시,강서구,"서울특별시 강서구 양천로 112, 3층 (방화동)",,37.573175,126.816374
아이덴안과치과동물병원,경기도,화성시,"경기도 화성시 동탄구 동탄대로6길 9, 201, 202호 (산척동)",031-375-5575,37.168734,127.107837
늘서울피부과동물병원,서울특별시,강남구,"서울특별시 강남구 논현로 607, 신양빌딩 3층 (논현동)",02-518-3650,37.50791,127.033309
더엘동물병원,경기도,화성시,"경기도 화성시 동탄구 동탄감배산로 143, 203동 1층 158호 (여울동, 동탄역 유림노르웨이숲)",031-372-2223,37.198941,127.088905
블리스 동물의료센터,경기도,평택시,"경기도 평택시 세교7길 48, 율빌딩 2, 3층 (세교동)",031-666-7582,37.006145,127.089273
한결산업동물병원(출장전문),경기도,안성시,경기도 안성시 삼죽면 서동대로 5901,,37.029288,127.340223
토닥토닥동물병원,서울특별시,동대문구,"서울특별시 동대문구 답십리로 64, 1층 (전농동)",02-2039-9119,37.57548,127.048079
스물하나 동물병원,경기도,수원시,"경기도 수원시 영통구 영통로 135, 망포동 근린생활시설 1층(일부), 2층(일부)호 (망포동)",031-8009-0811,37.239664,127.05558
이룸동물의료센터,경기도,하남시,"경기도 하남시 미사강변대로 48, 해든마루빌딩 201~208호 (풍산동)",031-791-8288,37.554345,127.186212
광교튼튼 동물병원,경기도,수원시,"경기도 수원시 영통구 광교호수공원로 20, 근린생활시설 1동 B2-16호 (원천동, 더샵 광교레이크시티)",,37.271916,127.060424
빛가온동물병원,서울특별시,도봉구,"서울특별시 도봉구 마들로 695, 1층 (도봉동)",63690075,37.672195,127.046366
중심동물병원,서울특별시,성동구,"서울특별시 성동구 마조로 55, 상가동 1층 119호 (마장동, 금호어울림아파트)",02-2282-2226,37.562715,127.041509
시그널 동물의료센터,서울특별시,마포구,"서울특별시 마포구 모래내로1길 9, 마포클레세 201,202호 (성산동)",02-2088-0922,37.564636,126.903552
경기남부동물병원「산업동물 출장진료 전문」,경기도,이천시,경기도 이천시 진상미로 1756 (대포동),,37.205503,127.45579
김포나루동물병원,경기도,김포시,"경기도 김포시 걸포2로 21, 2층 203호 (걸포동)",031-987-6577,37.632503,126.704894
온즈동물의료센터,경기도,안산시,"경기도 안산시 상록구 본오로 163, 1층 (본오동)",031-8042-6557,37.299727,126.866594
철산안심동물병원,경기도,광명시,"경기도 광명시 시청로 70, 1동 2층 205·206호 (철산동, 철산자이 더 헤리티지)",02-2039-3939,37.482463,126.868544
동탄봄날동물의료센터,경기도,화성시,"경기도 화성시 동탄구 동탄대로 587, 201~202호 (영천동)",,37.20617,127.098336
남양주시 동물보호센터 동물병원,경기도,남양주시,경기도 남양주시 경강로163번길 32-27 (이패동),031-590-2785,,
파비오동물병원,경기도,수원시,"경기도 수원시 팔달구 효원로 278, 파비오더씨타 101호 (인계동)",031-223-7589,37.260954,127.032235
마포온 동물메디컬센터,서울특별시,마포구,"서울특별시 마포구 마포대로 173-14, 마포 센텀 슬로우스퀘어 308~310호 (아현동)",,37.551002,126.953597
24시여의동물의료센터,서울특별시,영등포구,"서울특별시 영등포구 국회대로74길 4, KCTOWER 1층 (여의도동)",02-785-2475,37.530564,126.920621
올데이동물메디컬,경기도,남양주시,"경기도 남양주시 오남읍 진건오남로512번길 18, 1층 105호",,37.678344,127.210483
늘숨동물병원&심장영상센터,서울특별시,은평구,"서울특별시 은평구 수색로 217, 107호, 108호 (수색동, 디엠씨 자이1단지(DMC 자이1))",02-2135-4275,37.579593,126.898649
치료해주오 동물병원 수원권선점,경기도,수원시,"경기도 수원시 권선구 경수대로 202, IPARK CITY 수원 아이파크 시티 12단지 1층 23호 (권선동)",,37.245199,127.018197
위례24시 한결같은 동물병원,경기도,성남시,"경기도 성남시 수정구 위례광장로 21-9, 위례우남역KCC웰츠타워 2014,2015,2016호 (창곡동)",,37.465317,127.140123
화정고양이메디컬센터,경기도,고양시,경기도 고양시 덕양구 은빛로29번길 48 (화정동),,37.640144,126.832149
더벳연희동물병원,서울특별시,서대문구,"서울특별시 서대문구 증가로 15, 연희빌딩 1층 (연희동)",02-6623-0425,37.569525,126.931042
네오코리아 동물병원,경기도,평택시,"경기도 평택시 경기대로 627, 2동 1,2층 (세교동)",031-615-4240,37.007532,127.078272
반포아이즈안과 동물병원,서울특별시,서초구,"서울특별시 서초구 서래로 24, 다솜빌딩 2층 (반포동)",02-533-2606,37.497121,126.998479
봄날에동물병원,서울특별시,강북구,"서울특별시 강북구 삼양로19길 214, 금강빌딩 지1층 (미아동)",02-6949-1579,37.619655,127.015441
다온동물메디컬센터,경기도,하남시,"경기도 하남시 감일로102번길 29, 엘포트스페이스 202,203,204호 (감일동)",,37.508685,127.15293
내과관리전문 봄결동물병원 서초점,서울특별시,서초구,"서울특별시 서초구 서초중앙로2길 66, 202호 (서초동)",02-582-5393,37.484437,127.020865
더베이스 동물피부과병원,서울특별시,용산구,"서울특별시 용산구 한강대로 95, B동 지하2층 263호 (한강로2가, 래미안용산 더 센트럴)",02-6954-0175,37.529108,126.966981
서울 스템셀 동물병원,서울특별시,영등포구,"서울특별시 영등포구 의사당대로 38, 101-105호 (여의도동)",02-780-9441,37.525705,126.918742
진실로동물의료센터,경기도,용인시,"경기도 용인시 수지구 광교중앙로 310, 2층 201,202호 (상현동)",031-895-4088,37.297666,127.069757
24시 로엔동물의료센터,경기도,파주시,"경기도 파주시 해올2길 16, 공감빌딩 3층 304~307호 (다율동)",031-941-7551,,
포커스동물의료센터,서울특별시,영등포구,"서울특별시 영등포구 신풍로 28, 제에코동 지하1층 제비128~131호 (신길동, 비스타동원)",02-6952-4946,,
도담동물병원,경기도,광명시,"경기도 광명시 광복로 66, 102호 (철산동)",02-2060-6095,37.489769,126.865678
백운호수동물병원,경기도,의왕시,"경기도 의왕시 바라산로 16, 109,110,111호 (학의동)",031-360-7076,37.3741,127.009267
바로동물병원,경기도,수원시,"경기도 수원시 권선구 당수로 118, 더드림 201호 (당수동)",031-8042-3270,,
늘동물의료센터,서울특별시,강동구,"서울특별시 강동구 상일로12길 89, 102~105호 (상일동, 리엔타운)",02-6447-7575,37.55649,127.172763
건국제일 동물병원,경기도,화성시,"경기도 화성시 만세구 팔탄면 푸른들판로 951, 211호",,37.191001,126.882408
새롬동물병원「산업동물 출장진료 전문」,경기도,이천시,경기도 이천시 신둔면 서이천로 887,,37.297447,127.40011
화성시청(화성특례시 반려동물 진료센터),경기도,화성시,"경기도 화성시 병점구 효심2나길 6, 2층 (송산동)",031-5189-4921,,
마포아이뷰 안과동물병원,서울특별시,마포구,"서울특별시 마포구 토정로31길 12, 2층 (용강동)",02-6952-7526,37.54147,126.942472
강서늘봄동물병원,서울특별시,강서구,"서울특별시 강서구 화곡로 277, 경일빌딩 1층 (화곡동)",,37.549585,126.847289
벤 동물병원,경기도,오산시,"경기도 오산시 초평중앙로 127-4, 101호 (가수동)",031-375-8882,,
차오름동물병원,서울특별시,마포구,"서울특별시 마포구 마포대로 208, 효성인텔리안 106호 (아현동)",02-706-7975,37.552503,126.956838
엠에스동물안과병원,서울특별시,서초구,"서울특별시 서초구 강남대로 487, 원빌딩 1층 (반포동)",02-6925-1396,37.505762,127.023381
오른손동물병원,경기도,하남시,"경기도 하남시 감일백제로 155, 감일역 트루엘 211,212호 (감이동)",02-6408-8580,37.506785,127.15641
호수동물병원(남양주),경기도,남양주시,"경기도 남양주시 퇴계원읍 경춘북로 561, 101호",031-522-4074,37.648478,127.145862
24시 지제동물의료센터,경기도,평택시,"경기도 평택시 상서재로2길 56-12, 라움프라자 3층 301~305호 (동삭동)",031-666-7582,37.015444,127.103649
클레어 동물병원,서울특별시,서초구,"서울특별시 서초구 잠원로8길 25, 2층 212호 (잠원동)",02-6952-7505,37.514355,127.011634
네스트동물의료센터,경기도,오산시,"경기도 오산시 경기대로 154, 패션폴라리스 3층 305호, 306호 (원동)",031-377-8253,37.138515,127.073856
클라리티 동물치과병원,서울특별시,강남구,"서울특별시 강남구 학동로 208, 용문빌딩 2층 202호 (논현동)",02-2038-7889,37.513963,127.031851
별내품은동물병원,경기도,남양주시,"경기도 남양주시 식송1로 184, 1층 (별내동)",,37.664542,127.112538
운정소현동물의료센터,경기도,파주시,"경기도 파주시 가람로 121-1, 201,202호 (와동동)",,,
아스펜동물의료센터,서울특별시,송파구,"서울특별시 송파구 올림픽로 393, 잠실래미안아이파크상가 306~307호 (신천동)",02-6953-3339,37.518379,127.110741
동탄동물심장병원,경기도,화성시,"경기도 화성시 동탄구 동탄역로 102, 2006, 2007호 (여울동, 동탄역 린스트라우스)",031-377-8875,,
브라이튼안과치과동물병원,서울특별시,양천구,"서울특별시 양천구 신월로 338, 태성빌딩 3층 (신정동)",02-2039-0039,37.521549,126.858436
반포베이스 동물의료센터,서울특별시,서초구,"서울특별시 서초구 사평대로18길 10, 부림빌딩 1층 102호 (반포동)",02-6953-0071,37.49845,126.995587
에이펙스 홀스 클리닉,경기도,과천시,"경기도 과천시 별양상가1로 10, 과천타워 지하층 2호 (별양동)",,37.426966,126.991998
24시라이프동물메디컬센터,경기도,안양시,"경기도 안양시 만안구 안양로 249, 안양디오르나인 2BL 2층 203~205호 (안양동)",031-360-8279,,
마필동물병원,경기도,안양시,"경기도 안양시 동안구 관평로 76, 꿈마을한신아파트 한신상가동 지층 011호 (평촌동)",,37.384124,126.966322
위례 다올동물병원,경기도,성남시,"경기도 성남시 수정구 위례순환로4길 36, 아다지오 1층 (창곡동)",031-8039-7553,37.469699,127.148907
세연동물치과&마취클리닉,서울특별시,서초구,"서울특별시 서초구 고무래로 18, 4층 (반포동)",02-6952-7922,37.503036,127.010383
클리어동물의료센터,경기도,김포시,"경기도 김포시 김포한강4로 487, 상가동 2층 2083호 (구래동, 한강신도시 반도유보라 4차)",031-8049-7585,37.646311,126.630098
에르동물의료센터,서울특별시,강남구,"서울특별시 강남구 언주로 415, 유일 빌딩 1층 (역삼동)",,37.499986,127.043568
잠실바른눈안과동물병원,서울특별시,송파구,"서울특별시 송파구 삼학사로 67, 상구빌딩 2층 (삼전동)",,37.503345,127.09679
서울행운동물병원,서울특별시,관악구,"서울특별시 관악구 남부순환로 1895, 2층 (봉천동)",02-2088-6259,37.47872,126.960192
동물병원 산책: 내과/외과/재활센터,서울특별시,은평구,"서울특별시 은평구 서오릉로 9, 서운빌딩 102, 103호 (응암동)",02-2088-4531,37.602132,126.926332
미리내동물병원,경기도,용인시,경기도 용인시 처인구 경안천로 2 (마평동),,37.233535,127.211264
잠실로그동물의료센터,서울특별시,송파구,"서울특별시 송파구 올림픽로 366, 201호 (방이동, 파라다이스빌잠실)",02-2202-2025,37.516532,127.110798
24시동탄리더스동물의료원,경기도,화성시,"경기도 화성시 동탄구 동탄대로 551-16, 동탄역 푸르지오시티 B동 213-220호 (여울동)",031-831-3655,37.203392,127.096704
소리동물의료센터,경기도,용인시,"경기도 용인시 수지구 용구대로 2702, 동춘프라자 4층 (죽전동)",,37.326869,127.109247
"온심동물병원 심장,내과 클리닉",경기도,김포시,"경기도 김포시 김포한강4로 521, 한강메디플라자 201호 (구래동)",031-985-7075,37.645845,126.626151
LAB:BY,경기도,수원시,"경기도 수원시 영통구 도청로66번길 6, 상가동 B3층 344호 (이의동, 힐스테이트광교중앙역퍼스트)",,,
마곡준동물병원,서울특별시,강서구,"서울특별시 강서구 수명로 82, 발산로얄타워 202호 (내발산동)",02-2666-2611,37.553454,126.826463
플로동물병원,경기도,화성시,"경기도 화성시 동탄구 동탄대로시범길 134, C동 43,44호 (청계동, 동탄역시범반도유보라아이비파크4.0)",031-831-8119,37.199174,127.114278
웰니스동물메디컬센터,경기도,파주시,"경기도 파주시 와석순환로515번길 70, C229호 (와동동, 힐스테이트 더 운정)",031-8035-0848,37.72798,126.76521
카인드 동물병원,경기도,화성시,"경기도 화성시 병점구 병점노을4로 5, 204,205호 (병점동)",031-546-3915,37.204922,127.029232
연동물병원,경기도,화성시,"경기도 화성시 만세구 송산면 화성로330번길 1, 1층",,37.206591,126.728293
수노을 산업동물병원,경기도,화성시,"경기도 화성시 만세구 송산면 화성로330번길 1, 2층",,37.206591,126.728293
하이디고양이병원,서울특별시,마포구,서울특별시 마포구 성미산로1길 50 (성산동),,37.560081,126.907366
마음다해동물병원,경기도,파주시,"경기도 파주시 가람로 129, 2층 (와동동)",,,
원동물병원,경기도,양평군,경기도 양평군 양동면 양동로 1875,,37.412824,127.754112
예든동물의료센터,경기도,파주시,"경기도 파주시 해올2길 8, 201호 (다율동)",031-934-0484,,
온숲동물병원,경기도,시흥시,"경기도 시흥시 은계남길 44, 1층 101호 (은행동)",031-362-5702,37.430681,126.799876
정든동물병원,서울특별시,은평구,"서울특별시 은평구 수색로 200, 1층 120, 130호 (증산동, DMC센트럴자이)",02-306-9990,37.581009,126.902716
프라임동물병원,경기도,안성시,"경기도 안성시 남파로 149, 1층 (당왕동)",031-8052-8826,37.016765,127.267013
노원온동물병원,서울특별시,노원구,"서울특별시 노원구 노원로 456, 백암빌딩 1층 (상계동)",02-6953-1445,37.65753,127.066644
레이어 동물메디컬 센터,경기도,광주시,경기도 광주시 광주대로 56 (경안동),,37.411637,127.260745
Severance AMC,서울특별시,광진구,"서울특별시 광진구 천호대로 512, 군자빌딩 b층 02호 (군자동)",,37.558422,127.075281
한국영양전문동물병원,서울특별시,송파구,"서울특별시 송파구 법원로4길 6, 문정 아이파크 214호 (문정동)",02-6952-8275,,
튼튼동물병원,경기도,하남시,"경기도 하남시 위례대로6길 15, 상가동 지1층 102,103호 (학암동, 힐스테이트 센트럴 위례)",02-407-5089,37.486413,127.154582
홍금동물병원,경기도,성남시,경기도 성남시 분당구 판교로 790 (야탑동),,37.404795,127.160322
서울 알레르기 동물병원,서울특별시,강동구,"서울특별시 강동구 양재대로 1581, 1층 (천호동)",02-2039-8075,37.546804,127.142919
서울동물심장병원,서울특별시,서초구,서울특별시 서초구 사임당로 106 (서초동),02-6203-7588,37.490176,127.021442
아이좋아안과외과동물병원,경기도,고양시,"경기도 고양시 일산서구 호수로 817, 1층 152,153호 (대화동)",,37.667922,126.751501
위례따숨동물병원,서울특별시,송파구,"서울특별시 송파구 위례광장로 136, 3동 C112호 (장지동, 위례아이파크)",02-400-8820,37.476411,127.142041
24시 다시 봄 동물의료센터,경기도,광명시,"경기도 광명시 소하로109번길 13-8, 광장프라자 2층 (소하동)",02-6954-7975,37.447288,126.884527
청담 아이윌 동물병원,서울특별시,서초구,"서울특별시 서초구 잠원로4길 50, 메이플 자이 근린생활시설 서관동 213호 (잠원동)",02-6925-7021,37.511654,127.012376
파이 동물의료센터,경기도,용인시,"경기도 용인시 처인구 고림로 136, 1층 103,104,105호 (고림동)",031-336-0314,37.244181,127.218349
탑스동물의료센터,경기도,용인시,"경기도 용인시 수지구 성복2로 58, 영진빌딩 1층 (성복동)",031-526-7077,37.314379,127.079398
목감준동물병원,경기도,시흥시,"경기도 시흥시 목감남서로 9-15, 106호 (조남동)",,37.377717,126.852401
송파올리브동물병원,서울특별시,송파구,"서울특별시 송파구 오금로 543, 서평프라자 201호 (거여동)",,37.493024,127.149131
닥터M동물메디컬센터,서울특별시,송파구,"서울특별시 송파구 송이로14길 11, 심쿵빌딩 101호 (가락동)",,37.498793,127.118416
김선영 외과 동물병원,서울특별시,송파구,"서울특별시 송파구 새말로 62, 송파 푸르지오시티 상가동 220호, 221호 (문정동)",02-3012-7507,37.480764,127.121248
이장석 동물병원,경기도,양평군,경기도 양평군 용문면 다문북길 110,031-773-7582,37.487919,127.595097
파파동물병원,서울특별시,서초구,"서울특별시 서초구 잠원로4길 33-2, 잠원동 스타빌딩 106호 (잠원동)",02-2039-9780,37.512881,127.010829
윤장원 외과 동물병원,서울특별시,서초구,"서울특별시 서초구 방배로 98, 나우빌딩 2층 (방배동)",02-522-5975,37.483137,126.996859
24시 데이원 동물의료센터,서울특별시,동작구,서울특별시 동작구 동작대로 151 (사당동),02-591-7555,37.490109,126.982156
메이드 동물의료센터,경기도,안양시,"경기도 안양시 동안구 관악대로 157, 두성프라자 1층 105호, 106호 (비산동)",031-387-1190,,
온숲 영상·외과 동물의료센터,서울특별시,강남구,"서울특별시 강남구 도곡로 241, 3,4층 (역삼동)",02-6951-5324,37.493963,127.04485
24시 온숲 동물의료센터,서울특별시,강남구,"서울특별시 강남구 도곡로 241, 1,2층 (역삼동)",02-6951-5324,37.493963,127.04485
평택시 동물보호센터 동물병원,경기도,평택시,"경기도 평택시 청북읍 청북로 497, 1층",031-8024-8070,37.071519,126.973538
24시다산원동물의료센터,경기도,남양주시,"경기도 남양주시 다산중앙로 15, 3층 (다산동)",031-522-5956,37.614612,127.155275
스킨앤케어 동물병원,서울특별시,서초구,"서울특별시 서초구 사임당로 174, 강남미래타워 203호 (서초동)",02-568-7975,37.492406,127.028649
나온동물병원,경기도,용인시,"경기도 용인시 기흥구 죽전로 29, 포레스트프라자 203호 (보정동)",,37.320765,127.112091
에스앤제이 동물병원,경기도,용인시,경기도 용인시 처인구 포곡읍 선장1로 98-8,,37.316435,127.214461
소중한 동물병원,경기도,안양시,"경기도 안양시 만안구 관악대로 55, 안양역푸르지오더샵 근린생활시설-2 2층 203호 (안양동)",031-360-5000,,
다나은동물의료센터,경기도,용인시,"경기도 용인시 수지구 현암로 136, 세종프라자 101호 (죽전동)",,37.331514,127.124417
라비온 동물의료센터,경기도,안산시,"경기도 안산시 단원구 광덕3로 178, 화승타운 209호 (고잔동)",031-8042-6788,37.312064,126.83235
별빛동물병원,서울특별시,노원구,"서울특별시 노원구 덕릉로127길 25, 104호 (상계동, 불암산센트럴아파트)",,37.67196,127.08125
정담동물병원,서울특별시,송파구,"서울특별시 송파구 중대로 105, 가락 ID TOWER 103호 (가락동)",02-400-0075,37.493575,127.12002
솜길동물의료센터,경기도,화성시,"경기도 화성시 동탄구 동탄순환대로20길 124, 우성스타파크 A 201,202,203,204호 (목동)",,,
로이스 동물병원,경기도,남양주시,"경기도 남양주시 퇴계원읍 퇴계원로 112, 1층",031-522-5279,37.656238,127.14448
용산마음동물병원,서울특별시,용산구,"서울특별시 용산구 백범로 340, 2층 (원효로2가)",02-711-7580,37.537672,126.966608
하얀마음동물병원,경기도,고양시,"경기도 고양시 일산동구 중산로 67, 중산동 아카메디 108,109호 (중산동)",031-976-7555,37.678181,126.781922
에이원동물병원,경기도,성남시,"경기도 성남시 수정구 수정로 291, 산성역포레스티아아파트 서문상가동 1층 101호 (신흥동)",031-733-2010,37.451103,127.147137
내손동물병원,경기도,의왕시,"경기도 의왕시 내손중앙로 68, 102,103호 (내손동)",031-360-8276,37.385259,126.980054
동물병원 숲,서울특별시,강서구,"서울특별시 강서구 마곡서1로 132, 상가동 101호 (마곡동, 마곡엠밸리3단지)",02-6954-7533,37.568145,126.820128
미사랑동물병원,서울특별시,강동구,"서울특별시 강동구 고덕로14길 61, 1층 (암사동)",02-475-1023,37.551937,127.131204
에이플동물병원,경기도,의왕시,"경기도 의왕시 내손로 84, 테라팰리스인덕원 1층 101호 (내손동)",031-422-1191,37.387464,126.980116
브라운동물병원,경기도,안성시,경기도 안성시 양성면 범티길 98-24,070-8064-3973,37.09919,127.239439
엘로이 동물병원,경기도,수원시,"경기도 수원시 장안구 대평로 80, 정연메이져1동 111,123호 (정자동)",031-546-2804,37.295553,126.993615
다산아이동물병원,경기도,남양주시,"경기도 남양주시 다산중앙로123번길 22-26, 230호 (다산동)",031-522-4183,37.625067,127.152327
샤인고양이메디컬센터,서울특별시,송파구,"서울특별시 송파구 오금로 147, JS빌딩 5층 (방이동)",02-2088-7775,37.510883,127.111495
소담동물병원,서울특별시,송파구,"서울특별시 송파구 삼전로 99, 대성빌딩 1층 (잠실동)",02-424-7582,37.507276,127.090152
오복동물치과병원,서울특별시,마포구,"서울특별시 마포구 독막로 257, 1층 (대흥동)",02-711-2876,37.546349,126.942199
위즈동물메디컬센터,경기도,고양시,"경기도 고양시 일산서구 킨텍스로 255, 일산 디엠시티 스카이뷰 215, 216, 217, 227호 (대화동)",,37.668787,126.74972
반려담동물병원,서울특별시,강남구,"서울특별시 강남구 봉은사로44길 61, 2층 (역삼동)",,37.50578,127.042402
한걸음 동물병원,경기도,수원시,"경기도 수원시 영통구 덕영대로 1400, 상가에이동 104,105호 (망포동, 영통아이파크캐슬2단지)",031-895-6008,37.243015,127.042299
온새동물의료센터,경기도,수원시,"경기도 수원시 영통구 봉영로 1587, 다모아프라자 201호 (영통동)",031-306-8275,37.25334,127.072297
목동찬동물의료센터,서울특별시,양천구,"서울특별시 양천구 오목로 285, 1층 (목동)",02-2038-8119,37.52567,126.869132
아나동물메디컬센터,서울특별시,강동구,"서울특별시 강동구 올림픽로78길 60, B101동 16호 (천호동, 강동 밀레니얼 중흥S-클래스)",02-6952-3375,37.541436,127.126961
아떼꼬떼 동물병원,서울특별시,마포구,"서울특별시 마포구 대흥로 183, 마포그랑자이 상가2동 201호 (대흥동)",02-2088-5055,37.555373,126.944482
바로외과동물병원,경기도,안양시,"경기도 안양시 동안구 경수대로 707, 1층 101호 일부, 102호 (호계동)",031-360-7597,37.384723,126.951172
동물의료센터24인치,서울특별시,영등포구,"서울특별시 영등포구 가마산로 496, JS타워 205~207,303~304,306~307호 (신길동)",02-6953-2427,37.505526,126.911483
오래봄동물병원,서울특별시,마포구,"서울특별시 마포구 서강로 65, 창평빌딩 1층 (창전동)",02-322-7582,37.54909,126.931573
서울대학교동물검진센터,서울특별시,광진구,"서울특별시 광진구 구의강변로 46, 금성빌딩 1,2층 (구의동)",02-6930-5747,37.534911,127.092131
고덕 365 동물의료센터,경기도,평택시,"경기도 평택시 고덕국제5로 145, 2층 210-212호 (고덕동)",031-647-4365,,
서리풀동물병원,서울특별시,서초구,"서울특별시 서초구 동작대로 190, 2층 (방배동)",,37.493493,126.983108
허브동물메디컬센터,경기도,남양주시,"경기도 남양주시 화도읍 경춘로 1937, 2층",031-522-5933,37.651726,127.303747
끌림 동물병원,경기도,고양시,"경기도 고양시 덕양구 오부자로 25, 106, 107호 (지축동)",02-2135-7729,,
지금동물병원,경기도,남양주시,"경기도 남양주시 다산지금로 129, 1층 106호 (다산동)",031-567-0307,37.601403,127.174415
모리동물병원,경기도,고양시,"경기도 고양시 덕양구 삼송로 141, 101호 (삼송동)",02-381-1119,37.652742,126.889469
현대동물병원,경기도,고양시,"경기도 고양시 일산서구 고봉로 317, 102호 (일산동)",,37.687534,126.777084
우리동물병원,경기도,양주시,경기도 양주시 광적면 광적로16번길 27-24,,37.822304,126.98463
동감동물의료센터,서울특별시,송파구,"서울특별시 송파구 거마로 56, 상가동 지하1층 제1-3, 1-4호 (거여동, 송파시그니처롯데캐슬)",02-6958-8575,37.495462,127.149486
슬찬동물병원,경기도,의정부시,경기도 의정부시 오목로 33 (용현동),031-821-9111,37.733369,127.086384
라엘동물병원,경기도,광주시,"경기도 광주시 벼루개로 20, 1층 103호 (태전동)",,37.382505,127.230361
클로버동물병원,서울특별시,양천구,"서울특별시 양천구 신정로 312, 뉴프라자 115호 (신정동)",,37.513238,126.85554
리연외과동물병원,경기도,하남시,"경기도 하남시 미사강변동로 127, 경서타워 203호 (망월동)",031-8027-0223,37.56618,127.191053
24시 마이동물의료센터,경기도,파주시,"경기도 파주시 청석로 122, 3층 313~320호 (동패동)",031-945-5000,37.713487,126.721099
오남호수동물병원,경기도,남양주시,"경기도 남양주시 오남읍 진건오남로 556, 201호",031-575-7581,37.682999,127.210855
지인동물병원,경기도,안산시,"경기도 안산시 상록구 안산천동로1길 29, 103호 (월피동, 이화)",,37.330296,126.850596
뿌리동물병원 치과센터,경기도,수원시,"경기도 수원시 팔달구 세지로 178, 3층 (인계동)",,37.267217,127.022239
숲속노을 동물병원,경기도,파주시,"경기도 파주시 숲속노을로 128, 2층 (동패동)",031-946-7582,,
서정동물병원,서울특별시,노원구,"서울특별시 노원구 동일로 1640, 오아시스빌딩 1,2층 (상계동)",02-930-7161,37.674653,127.055553
FM동물영상의학센터,경기도,김포시,"경기도 김포시 김포한강1로78번길 5, 김포한강장기빌딩 5층 (장기동)",031-982-7587,37.644958,126.670221
강북24시 N동물의료센터,서울특별시,강북구,"서울특별시 강북구 도봉로 104, 1, B1, B2층 (미아동)",02-984-0075,37.618351,127.029663
더오래 동물병원,경기도,고양시,"경기도 고양시 일산서구 고양대로 632, 아카메디 105호 (일산동)",031-977-7588,37.685489,126.766239
라온동물병원,서울특별시,마포구,"서울특별시 마포구 월드컵북로 151, 성미빌딩 1층 (성산동)",02-375-7575,37.565998,126.910824
리더스 외과 동물병원,경기도,성남시,"경기도 성남시 분당구 성남대로 45, 2층 201호 (구미동)",031-715-7407,37.340034,127.108379
선부중앙동물의료센터,경기도,안산시,"경기도 안산시 단원구 선부광장1로 69, 한양3차산호아파트 2층 205-1호 (선부동)",031-8042-7542,37.336691,126.813283
특수동물 행동정신병원,경기도,파주시,"경기도 파주시 조리읍 뇌조로 123, 2층",,37.754143,126.815844
24시 이오동물병원,경기도,안양시,"경기도 안양시 동안구 관악대로 177, 2층 (비산동)",031-360-2575,,
리디아 동물병원,서울특별시,강남구,서울특별시 강남구 압구정로46길 6 (신사동),02-515-2223,37.52828,127.036588
한성동물병원(양수지점),경기도,남양주시,"경기도 남양주시 조안면 북한강로 130, 1층 102호",,37.536643,127.302884
모루 동물의료센터,서울특별시,중랑구,"서울특별시 중랑구 망우로 373, 1층 (상봉동)",02-2038-7533,37.598631,127.093642
오산25시종합동물병원,경기도,오산시,경기도 오산시 성호대로 97 (오산동),031-378-1114,37.149048,127.072129
24시하나린동물의료센터,경기도,오산시,"경기도 오산시 문헌공로 3, 인피니트타워 201호, 202호 (금암동)",070-7537-3724,37.174508,127.050743
메이트 동물병원,경기도,화성시,"경기도 화성시 만세구 남양읍 남양로 671, 105호",031-356-7975,37.198468,126.82602
오디세이 동물심장내과,경기도,화성시,"경기도 화성시 동탄구 동탄역로 150, 에이동 201호 (오산동, 동탄역 롯데캐슬)",031-378-7515,,
여울동물병원,경기도,용인시,"경기도 용인시 수지구 신봉3로7번길 31, 1층 12호 (신봉동, 수지스카이뷰푸르지오)",031-262-0408,37.326466,127.06998
한남심장내과동물병원,서울특별시,용산구,"서울특별시 용산구 독서당로 46, 111호 (한남동, 한남아이파크)",02-6085-4777,37.532391,127.007257
원성준영상의학과동물병원,서울특별시,강남구,"서울특별시 강남구 도곡로 167, 성우빌딩 2층 (역삼동)",02-6204-7511,37.491766,127.037935
이프동물의료센터,경기도,화성시,"경기도 화성시 동탄구 동탄대로5길 15, 그랑파사쥬 3층 3030,3031,3032호 (송동)",,37.167078,127.106158
아이랑 동물병원,서울특별시,동대문구,"서울특별시 동대문구 이문로35길 12, 상가 A동 101호 (이문동, 래미안라그란데아파트)",,37.600084,127.06023
김포24시힐동물의료센터,경기도,김포시,"경기도 김포시 김포한강2로 11, 113동 2층 201~203호 (장기동, 수정마을 쌍용예가아파트)",,37.642246,126.680748
포레온 동물병원,서울특별시,강동구,"서울특별시 강동구 양재대로 1360, 포레온스테이션5 2층 2029호 (둔촌동)",02-2135-8833,37.526936,127.138751
24시이스턴동물의료센터,경기도,남양주시,"경기도 남양주시 호평로68번길 26, 무세빌딩 3층 (호평동)",,37.653984,127.248486
페토피아 동물병원,서울특별시,송파구,"서울특별시 송파구 오금로 203, 남양빌딩 2층 (방이동)",02-449-7500,37.50814,127.116661
이즈 동물병원,서울특별시,동대문구,"서울특별시 동대문구 이문로35길 12, 상가 C동 102호 (이문동, 래미안라그란데아파트)",02-2138-0514,37.600084,127.06023
한수동물병원,서울특별시,송파구,"서울특별시 송파구 송이로 244, 1층 (문정동)",02-6478-7575,37.487476,127.131786
아우름 동물병원,서울특별시,동작구,"서울특별시 동작구 사당로 268, 1층 (사당동)",02-2138-2977,37.483624,126.977414
내과동물병원 루미나,서울특별시,강남구,"서울특별시 강남구 선릉로 340, 대치 EM 프라자 105호 (대치동)",02-558-0275,37.500182,127.051549
클리어동물병원,경기도,수원시,"경기도 수원시 권선구 서수원로 435, 1층 (호매실동)",031-895-6780,37.265477,126.962242
사랑나무동물병원,경기도,가평군,경기도 가평군 가평읍 가화로 155,,37.833131,127.511475
퍼스트 동물메디컬 센터,경기도,평택시,"경기도 평택시 고덕로 250, 2층 2호 (고덕동)",031-647-3234,,
모여라동물병원,서울특별시,강동구,"서울특별시 강동구 고덕로80길 99, 제B동 1층 제B103호 (상일동, 고덕센트럴 IPARK)",,37.552052,127.166742
기운찬 동물병원,경기도,하남시,"경기도 하남시 신장동로 35, 유니온 1층 101,102호 (신장동)",031-8027-9575,37.543371,127.211087
준 동물병원,경기도,고양시,"경기도 고양시 덕양구 화중로130번길 48, 삼원프라자 303-1호 (화정동)",,37.638242,126.834292
송파새날동물병원,서울특별시,송파구,"서울특별시 송파구 동남로 198, 1층 (가락동)",02-2088-3377,37.495019,127.130844
본외과동물의료센터,서울특별시,강서구,"서울특별시 강서구 공항대로 103, 제판매시설2동 2층 202,203호 (마곡동, 마곡 엠밸리 9단지)",,,
포인핸드 건강검진센터,서울특별시,마포구,"서울특별시 마포구 큰우물로 18, 목암빌딩 202호 (대흥동)",,37.544344,126.941123
고래동물병원,경기도,포천시,경기도 포천시 영중면 양문로4길 9-1,,38.000997,127.241102
누리팜동물병원,경기도,포천시,경기도 포천시 신북면 호국로 2013,031-535-8037,37.930035,127.223697
데이즈동물의료센터,경기도,화성시,"경기도 화성시 동탄구 동탄대로 537, 1023,1024호 (오산동)",,37.202201,127.097945
동탄원더스동물의료센터,경기도,화성시,"경기도 화성시 동탄구 동탄신리천로4길 47, B111~B113호 (신동, 힐스테이트 동탄포레)",031-8019-8822,37.175146,127.135606
미소동물 의료센터,경기도,김포시,"경기도 김포시 유현로 242, 2층 205호 (풍무동)",031-8049-9600,37.61188,126.731574
하루동물병원,경기도,고양시,"경기도 고양시 일산서구 강성로214번길 8-18, 1층 (대화동)",,37.67464,126.754176
베베동물병원,서울특별시,강동구,"서울특별시 강동구 올림픽로78길 60, 2동 206호 (천호동)",02-475-7579,37.541436,127.126961
도곡동행동물병원,서울특별시,강남구,"서울특별시 강남구 남부순환로363길 16, 1층 109,110호 (도곡동)",02-573-1233,37.486427,127.038154
24시 서초바른동물병원,서울특별시,서초구,"서울특별시 서초구 서초중앙로 72, 1층 (서초동)",02-588-7511,37.488237,127.014897
아이숲동물병원,경기도,광명시,"경기도 광명시 시청로 33-1, 1층 (철산동)",02-6951-5100,37.479912,126.86376
Dr루아동물병원,경기도,동두천시,경기도 동두천시 정장로35번길 32 (생연동),031-858-9982,37.905638,127.055104
미래동물병원,경기도,평택시,"경기도 평택시 팽성읍 신흥북로49번길 34, 지하1층",,36.965459,127.046963
디테일 동물의료센터,경기도,광명시,"경기도 광명시 시청로 67, 102,201호 (철산동)",02-6952-7988,37.48253,126.865507
청량리 슬기 동물병원,서울특별시,동대문구,"서울특별시 동대문구 왕산로 186, 청량리역 우남SL타워300 218, 219호 (전농동)",02-3293-7582,37.579498,127.043996
홍제24시모아동물의료센터,서울특별시,서대문구,"서울특별시 서대문구 통일로 426, 1,2층 (홍제동)",02-2138-2030,37.58733,126.946262
닥터펫 동물의료센터,경기도,용인시,"경기도 용인시 기흥구 중부대로 375, 1층 1호 (신갈동, 기흥역 롯데캐슬스카이)",031-281-8275,37.272266,127.108598
오즈동물병원,서울특별시,강남구,"서울특별시 강남구 논현로132길 37, 1층 (논현동)",02-6958-7515,37.515753,127.033422
여기로양한방동물병원,경기도,과천시,"경기도 과천시 과천대로2길 6, 과천 테라스 원 308,309,310호 (갈현동)",02-2088-3388,37.408083,126.979668
24시 고덕동물의료센터,경기도,평택시,"경기도 평택시 고덕중앙로 218, 우성메디컬센터 2층 (고덕동)",1833-3339,37.0479,127.044962
민트동물병원,경기도,광주시,"경기도 광주시 초월읍 경충대로 1031, 102호",,37.370918,127.301873
존스홉킨스 동물병원,경기도,평택시,경기도 평택시 팽성읍 안정로 89,031-615-4472,36.963338,127.052155
도곡 치유 동물병원,서울특별시,강남구,"서울특별시 강남구 도곡로 189, 정금빌딩 1층 (역삼동)",,37.492431,127.040016
깨비동물병원,서울특별시,마포구,"서울특별시 마포구 마포대로 53, 마포트라팰리스 C동 203호 (도화동)",02-711-7582,37.54144,126.947223
멍냥 동물병원,경기도,오산시,"경기도 오산시 죽담3로 6, 201호 (궐동)",031-373-1110,,
으뜸원동물병원,경기도,용인시,"경기도 용인시 수지구 수지로 475, 경성렌트카 1층 (동천동)",031-898-4750,37.339403,127.097495
해솔동물병원,경기도,파주시,"경기도 파주시 가온로 200, 근린생활시설동 120,121호 (와동동, 해솔마을8단지 운정 아이파크 더 테라스)",031-8088-8119,37.72071,126.754273
비비동물병원,서울특별시,광진구,"서울특별시 광진구 능동로 21, 1층 (자양동)",02-2039-7770,37.533502,127.067283
다산 마스터동물의료센터,경기도,남양주시,"경기도 남양주시 다산중앙로 132, 214호 (다산동)",031-512-0075,37.625436,127.153328
청담 장튼튼내과동물병원,서울특별시,강남구,"서울특별시 강남구 도산대로 537, RNF537 5층 (청담동)",02-549-7581,37.525196,127.052372
아이콘 동물병원,경기도,고양시,"경기도 고양시 일산동구 호수로430번길 58-16, 1층 (백석동)",031-994-3200,37.644447,126.782251
쭈니동물병원,서울특별시,관악구,"서울특별시 관악구 관악로 260, 1층 101호 (봉천동, 에스클래스)",02-878-7588,37.487212,126.95799
도그원동물의료센터,서울특별시,은평구,"서울특별시 은평구 연서로29길 24, 2층 (갈현동)",02-358-1591,37.619641,126.917732
가남동물병원,경기도,여주시,"경기도 여주시 가남읍 대명산길 3, 103호",,37.203951,127.543729
나은동물병원,경기도,안양시,"경기도 안양시 동안구 귀인로 108, 206호,207호 (호계동)",031-360-0750,37.382055,126.951821
아이맘동물의료센터,경기도,부천시,"경기도 부천시 원미구 상동로 69, 새롬프라자(15차) 204호 (상동)",032-710-6605,37.503754,126.752239
왕십리동물병원,서울특별시,성동구,"서울특별시 성동구 무학로6길 50, 101동 225호 (도선동, 성동삼성쉐르빌)",02-2138-1888,37.564393,127.034936
뿌리동물병원,경기도,수원시,"경기도 수원시 팔달구 세지로 178, 1,2층 (인계동)",031-546-0375,37.267217,127.022239
펫가든동물병원,경기도,의왕시,"경기도 의왕시 계원대학로 7, 롯데마트 2층 (내손동)",031-422-4475,37.380243,126.973671
가이드 동물의료센터,경기도,군포시,"경기도 군포시 금정로 47, 디 싸이트(D Site) (금정동)",031-360-7555,37.365496,126.940319
두카메디컬센터,경기도,안양시,"경기도 안양시 동안구 벌말로 126, 평촌 오비즈타워 2층 217호 (관양동)",031-422-7534,37.399682,126.970236
한국고양이혈액센터,서울특별시,양천구,"서울특별시 양천구 중앙로 349, 2층 (신월동)",02-544-7975,37.526922,126.849012
윤동물병원,경기도,남양주시,"경기도 남양주시 다산중앙로82번안길 118, 111-1,112호 (다산동)",031-563-8875,37.612043,127.164588
튼튼동물병원,경기도,김포시,"경기도 김포시 김포한강11로 300, 에비뉴파크 101호 (운양동)",,37.655463,126.682342
아이튼튼동물병원,서울특별시,성북구,"서울특별시 성북구 길음로 11, 2층 241호 (길음동, 길음역롯데캐슬트윈골드아파트)",,37.603742,127.023141
덕계 원 동물병원,경기도,양주시,"경기도 양주시 덕계로 132-12, 제이타워 2층 2호 (덕계동)",031-928-4815,37.818608,127.055507
정직 동물병원,경기도,하남시,"경기도 하남시 미사강변중앙로 180, 힐스테이트 미사역 그랑파사쥬(11-1BL) 2층 2017,2018호 (망월동)",,37.56306,127.190829
가디언 비뇨기&최소침습수술동물병원,서울특별시,서초구,"서울특별시 서초구 방배로 110, 석교빌딩 2층 201호 (방배동)",02-442-8287,37.484105,126.996365
김포시 반려동물 공공진료센터,경기도,김포시,"경기도 김포시 김포한강1로 242, 운양역 환승센터 공영주차장 A동 1층 (운양동)",031-5186-1941,37.65332,126.684289
씽씽 동물의료센터,경기도,양주시,"경기도 양주시 회천중앙로 225, 2층 4,5호 (덕계동)",031-8088-7077,37.818239,127.051899
강동큰숲동물병원,서울특별시,강동구,"서울특별시 강동구 양재대로 1384, 미림빌딩 1층 7,8,9호 (둔촌동)",02-6958-7975,37.529636,127.137353
삼성펫클리닉,서울특별시,강남구,"서울특별시 강남구 봉은사로 640, 에스빌딩 1층 (삼성동)",,37.514849,127.065338
상암 진 동물의료센터,서울특별시,마포구,서울특별시 마포구 월드컵북로 308 (상암동),,37.574588,126.897177
아침동물병원,경기도,용인시,"경기도 용인시 수지구 성복2로 238, 1층 (성복동)",031-8019-5575,37.319731,127.061412
아크로벳 내과동물병원,서울특별시,광진구,"서울특별시 광진구 광나루로 582, 세종빌딩 1층 (구의동)",02-2088-7119,37.543086,127.093365
동물병원 누리에뜰,서울특별시,마포구,"서울특별시 마포구 신촌로 248, 1~4층 (아현동)",02-364-3517,37.557026,126.953329
루리동물병원,서울특별시,강동구,"서울특별시 강동구 고덕로 353, 고덕그라시움(제1상가) 1층 제비104호 (고덕동)",02-2088-1010,37.557906,127.162626
미르동물의료센터,서울특별시,강남구,"서울특별시 강남구 선릉로 48, 1층 101,102호 (개포동)",,37.48363,127.059766
돌봄동물병원,경기도,안양시,"경기도 안양시 동안구 관평로 183, 평촌자이엘라 107,108호 (관양동)",031-687-8749,37.393112,126.959555
내곁에 동물병원,서울특별시,노원구,"서울특별시 노원구 덕릉로 753, 노원 롯데캐슬 시그니처 상가 101동 1-1호 (상계동, 노원 롯데캐슬 시그니처)",02-952-7599,37.664953,127.077846
로고스 동물병원,경기도,용인시,"경기도 용인시 처인구 낙은로 32, 1층 (역북동)",031-323-5511,37.240147,127.198721
우리동물메디컬센터,경기도,광주시,"경기도 광주시 경안로41번길 6, D209호, D210-2호, D208호 (경안동, 경기광주역 금호리첸시아)",,37.408241,127.256263
본바른 동물의료센터,경기도,남양주시,"경기도 남양주시 별내중앙로 24, 201호 (별내동)",031-522-5778,37.64545,127.126244
프라임 동물의료센터,서울특별시,강동구,"서울특별시 강동구 올림픽로 820, 서연빌딩 1층 (암사동)",02-426-8875,37.554064,127.129233
그레이스 고양이 심장&치과병원,서울특별시,강남구,"서울특별시 강남구 선릉로152길 17, 아시아청담부띠끄 3층 301호 (청담동)",,37.524441,127.041059
에프엠(FM)동물메디컬센터 김포점,경기도,김포시,"경기도 김포시 김포한강1로 77-5, 2층 (장기동)",031-982-7587,37.645378,126.668687
덕은하이동물병원,경기도,고양시,"경기도 고양시 덕양구 으뜸로 130, 위프라임트윈타워 214,215호 (덕은동)",02-3158-0275,,
마음 동물병원,경기도,수원시,"경기도 수원시 장안구 이목로 17, 105(일부),106호 (이목동)",031-8067-7559,37.310601,126.983415
치즈동물병원,경기도,부천시,"경기도 부천시 소사구 범안로 227, 서영아너시티1차 3층 8,9호 (옥길동)",02-6180-7575,37.462156,126.812697
24시 해든동물의료센터 의정부점,경기도,의정부시,경기도 의정부시 평화로 448 (의정부동),031-951-9499,37.731948,127.048277
산들동물병원,서울특별시,중랑구,"서울특별시 중랑구 용마산로 670, C동 129,130호 (망우동, 신내역 프라디움 더 테라스)",02-435-7582,37.610805,127.102119
성수 숲속 피부과 동물병원,서울특별시,성동구,"서울특별시 성동구 서울숲2길 32-14, 지하1층 B114호 (성수동1가, 갤러리아 포레)",02-2205-2975,37.545783,127.042479
다봄 동물병원,서울특별시,광진구,"서울특별시 광진구 자양로 163, 우남빌딩 (구의동)",02-456-7775,37.542243,127.083778
메리트원 동물의료센터,서울특별시,구로구,"서울특별시 구로구 고척로 156, 2,3층 (고척동)",02-2611-1925,37.50319,126.851195
바른동물메디컬센터,서울특별시,서대문구,"서울특별시 서대문구 거북골로 100, 상가동 19,20호 (남가좌동, 래미안 루센티아)",02-6956-3383,37.576133,126.917483
리틀버드서울 버드앤주클리닉,서울특별시,송파구,"서울특별시 송파구 오금로 332, 다윤빌딩 2층 (가락동)",02-403-7588,37.50142,127.128472
늘봄동물병원,경기도,용인시,"경기도 용인시 수지구 수풍로 112, 1층 (풍덕천동)",031-265-7579,37.333661,127.09379
리움동물의료센터,서울특별시,송파구,서울특별시 송파구 동남로 115 (가락동),,37.490528,127.123751
엘림동물병원,서울특별시,영등포구,"서울특별시 영등포구 가마산로 584, 제흥한의원 1층 (신길동)",,37.503921,126.921117
백동물의료센터,경기도,화성시,"경기도 화성시 효행구 봉담읍 동화역말길 73-2, 1층",031-278-7631,37.217137,126.968361
분당 피엘 동물피부클리닉,경기도,성남시,"경기도 성남시 분당구 수내로 39, 223호 (수내동, 분당지웰푸르지오)",031-8039-7554,37.381597,127.117497
구민동물병원,서울특별시,강동구,"서울특별시 강동구 양재대로127길 31, 1층 (천호동)",,37.545408,127.140968
청학동물병원,경기도,남양주시,"경기도 남양주시 별내면 청학로68번길 13, 삼화빌딩",031-848-8575,37.708545,127.119338
마음담은 동물병원,경기도,남양주시,"경기도 남양주시 다산중앙로82번안길 28, 213,214호 (다산동)",031-556-7588,37.617738,127.164249
최지영 재활한방 동물병원,경기도,고양시,"경기도 고양시 일산서구 일산로 539, 가람빌딩 101호 (일산동)",031-912-7582,37.677328,126.76795
선 동물병원(출장전문),경기도,안성시,경기도 안성시 원곡면 가천중앙3길 12,,37.03873,127.128165
위케어동물의료센터,경기도,고양시,"경기도 고양시 일산동구 위시티4로 46, 상가동 302,303,303A,304호 (식사동, 위시티일산자이2단지아파트)",031-994-6346,37.682688,126.816201
웰니스 동물병원,경기도,광명시,"경기도 광명시 소하로 97, 3층 (소하동)",,37.446613,126.884554
휴 동물병원,경기도,용인시,경기도 용인시 처인구 원삼면 보개원삼로 1361-1,031-323-3383,37.118152,127.306438
이웃집 동물병원,경기도,수원시,"경기도 수원시 권선구 삼천병마로1566번길 13, 1층 6호 (오목천동)",031-295-0975,37.243097,126.96416
경기도동물위생시험소 부설 동물병원,경기도,수원시,"경기도 수원시 권선구 칠보로1번길 63, 경기도동물위생시험소 (금곡동)",031-8008-6300,37.267567,126.934796
위런한방재활동물병원,서울특별시,용산구,"서울특별시 용산구 한강대로 95, 225호 (한강로2가, 래미안용산 더 센트럴)",02-2138-3877,37.529108,126.966981
푸른힐동물병원,경기도,안양시,"경기도 안양시 동안구 흥안대로456번길 24, 201호 (평촌동)",031-425-7579,37.394128,126.977025
한마음동물의료원,경기도,안성시,"경기도 안성시 공도읍 공도로 116-16, 101,201,202호",031-657-7778,36.999303,127.173123
마음동물병원,서울특별시,서초구,"서울특별시 서초구 바우뫼로 53, 상가동 105호 (우면동, 코오롱아파트)",,37.472596,127.027657
BK심장동물병원,서울특별시,성동구,"서울특별시 성동구 고산자로6길 40, 행당동 레몬프라자 1층 113호 (행당동)",02-790-9808,37.558259,127.035555
윤성진 안과/외과 동물병원,경기도,성남시,경기도 성남시 수정구 설개로21번길 7 (시흥동),031-758-0824,37.421174,127.107114
큰사랑동물병원,경기도,이천시,"경기도 이천시 이섭대천로 1229, 이천IS타워빌딩 203호 (창전동)",031-632-5975,37.280061,127.446581
스타필드 수원 화서점 웰니스 동물병원,경기도,수원시,"경기도 수원시 장안구 수성로 175, 1층 1252(일부)호 (정자동)",031-690-1175,37.287554,126.991333
한별피그크리닉,경기도,성남시,"경기도 성남시 분당구 정자일로213번길 19, 201동 208호 (정자동, 아이파크분당2)",031-556-9008,37.370785,127.104851
더편한동물병원,경기도,성남시,"경기도 성남시 중원구 광명로 176, 상가동 2층 216호 (중앙동, 신흥역 하늘채 랜더스원 1단지)",031-747-1175,37.43909,127.148272
24시 봉담동물의료센터,경기도,화성시,"경기도 화성시 효행구 봉담읍 상리중심상가길 28-8, 망고타운 203, 204, 205호",031-227-3175,37.22625,126.946095
전동물병원,경기도,화성시,"경기도 화성시 만세구 향남읍 상신하길로135번길 9-15, 101호",,37.105579,126.897975
위례 바른 동물의료센터,경기도,성남시,"경기도 성남시 수정구 위례광장로 310, 우성트램타워 A동 201호 (창곡동)",031-8039-7753,37.472741,127.142693
웰니스 동물병원,경기도,하남시,"경기도 하남시 미사대로 750, 스타필드 하남 1층 G242호 (신장동)",,37.545485,127.223697
중랑차동물병원,서울특별시,중랑구,"서울특별시 중랑구 중랑천로 81, 101호 (상봉동)",02-433-0787,37.592438,127.072636
바른동물병원,경기도,이천시,경기도 이천시 구만리로 114 (진리동),031-637-7959,37.268255,127.448547
야당마을동물병원,경기도,파주시,"경기도 파주시 송학1길 88, 1층 (야당동)",031-949-7553,37.713194,126.763528
행복튼튼동물병원,경기도,파주시,"경기도 파주시 중앙로 241, 한샘파주키친프라자 1호 (금촌동)",,37.75786,126.778564
도담동물의료센터동물병원,경기도,이천시,경기도 이천시 이섭대천로 1458 (증포동),031-638-8875,37.2974,127.458469
건강하게 동물병원,경기도,하남시,"경기도 하남시 위례학암로14번길 27, 디에이치타워 위례 2층 201호 (학암동)",,37.48728,127.15731
잠실 스무살의꿈동물병원,서울특별시,송파구,"서울특별시 송파구 석촌호수로 140, 잠실레이크타워 202, 203호 (삼전동)",02-423-2010,37.507076,127.092473
가평동물병원,경기도,가평군,"경기도 가평군 가평읍 보납로 11, 센트럴더스카이 근린생활시동 105호",,37.831334,127.512099
광명 24 아이디동물의료센터,경기도,광명시,"경기도 광명시 오리로 870, 서희스타힐스빌딩 2층 (철산동)",02-6952-2475,37.476072,126.865969
혜원동물병원,서울특별시,중랑구,"서울특별시 중랑구 면목로 341, 1층 (면목동)",02-439-8300,37.582349,127.088292
헬로우동물병원 여의도점,서울특별시,영등포구,"서울특별시 영등포구 국제금융로7길 22, 대교B상가 2층 202호 (여의도동)",02-784-7588,37.523213,126.933086
동물병원 유피,서울특별시,송파구,"서울특별시 송파구 가락로 69, 푸른바둑교실 1층 (석촌동)",02-6479-7582,37.500145,127.10382
온하루 동물의료센터,경기도,용인시,"경기도 용인시 수지구 만현로 88, 상현종합상가 상가동 2층 203,204호 (상현동)",,37.308853,127.085243
킨텍스꿈동물병원,경기도,고양시,"경기도 고양시 일산서구 킨텍스로 240, 판매시설동 1층 179호 (대화동, 킨텍스 꿈에그린)",031-919-7582,37.666186,126.75059
고등동물병원,경기도,성남시,"경기도 성남시 수정구 고등로1길 6-4, 101호 (고등동)",,37.429348,127.094586
소랑동물병원,경기도,성남시,"경기도 성남시 분당구 판교대장로7길 16, 1층 102호 (대장동, 힐스테이트 판교 엘포레 A6BL)",,,
진솔동물병원,서울특별시,은평구,"서울특별시 은평구 연서로 72, 삼성프라임 101,102호 (역촌동)",02-356-7547,37.60558,126.915843
스무해 동물병원,서울특별시,동작구,"서울특별시 동작구 서달로 150, 2층 222호 (흑석동, 이랜드해가든)",02-6953-0475,37.506666,126.962188
청담 고운 피부과 동물병원,서울특별시,강남구,"서울특별시 강남구 도산대로 537, RNF537 3층 (청담동)",02-545-8875,37.525196,127.052372
상일 쓰담쓰담 동물병원,서울특별시,강동구,"서울특별시 강동구 구천면로 670, 2층 (상일동)",02-2135-8257,37.550859,127.172377
포레스트동물의료센터,경기도,수원시,"경기도 수원시 팔달구 팔달로 63, 103,104호 (고등동)",031-241-5953,37.274361,127.002045
서울동물복지지원센터 동대문 동물병원,서울특별시,동대문구,서울특별시 동대문구 무학로 201 (용두동),02-921-2413,37.582152,127.029357
성남 시립동물병원,경기도,성남시,"경기도 성남시 수정구 탄리로 59, 공영주차장(수정커뮤니티센터) 지하1층 B103-B106호 (수진동)",,37.441029,127.1361
올림픽동물의료센터,서울특별시,송파구,"서울특별시 송파구 양재대로 1164, 홍일빌딩 2층 1, 2호 (오금동)",02-6956-5259,37.511078,127.128397
The Ark(디아크),서울특별시,강남구,"서울특별시 강남구 논현로149길 35, 402호 (논현동)",,37.517604,127.025648
24시 로운동물의료센터,서울특별시,양천구,"서울특별시 양천구 등촌로 10, 1~2층 (목동)",02-6953-7576,37.530747,126.864265
다정한 동물병원,경기도,하남시,"경기도 하남시 감일백제로180번길 17, 퀸즈에비뉴 2층 217,218,219호 (감이동)",02-2135-1350,37.50916,127.154845
라비동물병원,경기도,김포시,"경기도 김포시 김포한강1로 238, 라비드퐁네프 레드동 115호 (운양동)",,37.652734,126.683162
안양김준동물병원,경기도,안양시,"경기도 안양시 만안구 안양로 180, 204호 (안양동, 안양 KCC 스위첸)",031-447-1175,,
세림동물병원(출장진료 전문),경기도,평택시,"경기도 평택시 청북읍 청원로 386, B동 104호",,37.047769,126.972862
장승준동물치과병원,서울특별시,서대문구,"서울특별시 서대문구 가좌로 113, 1층 (홍은동)",02-302-7502,37.58258,126.925553
수색동물병원,서울특별시,은평구,"서울특별시 은평구 수색로 322, DMC SK뷰 아이파크 포레 2동 1층 105호 (수색동)",02-304-7772,37.585728,126.892897
한걸음더 재활한방 동물병원,서울특별시,송파구,"서울특별시 송파구 백제고분로 294, 금산빌딩 1층 (석촌동)",02-423-2088,37.502426,127.099362
선진브릿지랩동물병원「산업동물 출장진료 전문」,경기도,이천시,경기도 이천시 부발읍 신아로 58,031-637-5248,37.258298,127.488517
반려동물병원,경기도,파주시,경기도 파주시 조리읍 내산길 9,,37.747226,126.805634
석촌호수동물병원,서울특별시,송파구,"서울특별시 송파구 송파대로49길 52, 석촌호수 나인파크 A 1층 101호 (석촌동)",02-419-5959,37.506088,127.098973
뉴욕동물병원,서울특별시,종로구,"서울특별시 종로구 창경궁로35길 19, 2층 (혜화동)",02-762-7582,37.586831,127.00169
웰니스동물병원,서울특별시,강서구,"서울특별시 강서구 화곡로 398, 홈플러스강서점앤본사사옥 4층 (등촌동)",02-3663-6575,37.558408,126.855016
YJ Animal Clinic,경기도,수원시,"경기도 수원시 권선구 권선로 715, 2층 일부호 (권선동)",,37.258732,127.029614
헤이든동물병원,서울특별시,강남구,"서울특별시 강남구 언주로7길 6, 101,102,103,113호 (개포동, 개포자이르네)",02-6207-5551,37.47846,127.055335
서울동물병원,경기도,성남시,"경기도 성남시 중원구 산성대로 388-1, 1층 (금광동)",031-741-8119,37.446583,127.158099
바른동물병원,경기도,남양주시,"경기도 남양주시 늘을1로 3, 104호 (평내동)",031-559-4001,37.652267,127.239647
서울하이동물의료센터,경기도,파주시,"경기도 파주시 청암로 75, 상상메디컬프라자 2층 203호 (다율동)",,,
정담 동물메디컬센터,경기도,부천시,"경기도 부천시 소사구 경인로 141, 국일빌딩 1층 (송내동)",032-653-0119,37.48429,126.771001
은쌤동물병원,경기도,수원시,"경기도 수원시 권선구 효원로94번길 14, 메디컬플라자 1층 103,104호 (세류동)",031-233-7975,37.266086,127.011512
보타닉동물병원,서울특별시,강서구,"서울특별시 강서구 강서로 506, 가양골프장 A동 102,103호 (가양동)",02-6952-3676,37.570645,126.842131
다란동물병원,경기도,여주시,경기도 여주시 북벌로 66 (하거동),,37.237476,127.632929
안양동물병원,경기도,안양시,경기도 안양시 만안구 안양로 347 (안양동),031-466-0075,,
해마루 동물병원,경기도,성남시,경기도 성남시 분당구 황새울로319번길 8-6 (서현동),031-781-2992,37.385702,127.121102
로얄동물외과수술센터,서울특별시,중랑구,"서울특별시 중랑구 동일로 640, 지하1, 지상4층 (면목동)",070-8660-0936,37.587512,127.080244
경서동물병원,경기도,고양시,"경기도 고양시 덕양구 중앙로 170, 1층 (화전동)",02-3158-0733,37.603162,126.870505
더 포레 동물병원,경기도,하남시,"경기도 하남시 위례대로6길 20-2, 위례 호반써밋 1층 116,117호 (학암동)",02-2039-7734,37.48487,127.151734
뉴욕동물병원「산업동물 출장진료 전문」,경기도,이천시,경기도 이천시 설봉로55번길 28 (관고동),,37.281846,127.436751
동물병원 더 하임,경기도,성남시,"경기도 성남시 수정구 수정로 273, 수정빌딩 1층 (신흥동)",031-746-7582,37.449282,127.145654
신길S동물의료센터,서울특별시,영등포구,"서울특별시 영등포구 도신로 86, 1층 (신길동)",,37.506696,126.901933
바로슬동물병원,서울특별시,송파구,"서울특별시 송파구 백제고분로 506, 2층 (방이동, 올림픽타워빌)",02-6953-7599,37.515164,127.11557
양주 센트럴 동물병원,경기도,양주시,"경기도 양주시 옥정로 208, 선양프라자 (옥정동)",031-928-6569,37.820202,127.092157
다가온 동물병원,경기도,안성시,"경기도 안성시 공도읍 서동대로 4081, 216호",031-655-7533,36.999458,127.158801
동물치과병원 케어덴,서울특별시,강남구,"서울특별시 강남구 언주로 813, 3층 (신사동)",02-540-7522,37.522993,127.032879
늘봄 동물병원,경기도,양주시,"경기도 양주시 옥정로 218, 신운정튼튼프라자 2층 3-1호 (옥정동)",,37.821016,127.092141
중동우리아이동물병원,경기도,부천시,"경기도 부천시 원미구 소향로 181, 상가동 1층 125호 (중동, 센트럴파크 푸르지오)",032-724-9898,37.502029,126.767884
스타동물의료센터,경기도,성남시,"경기도 성남시 수정구 수정로 287, 2층 (신흥동)",031-8023-9073,37.450348,127.146443
동물병원 비아츠,서울특별시,도봉구,서울특별시 도봉구 우이천로 446-3 (쌍문동),,37.653185,127.01711
치료해주오 동물병원 김포장기점,경기도,김포시,"경기도 김포시 김포한강4로212번길 16, 1층 (장기동)",,37.649749,126.660224
뉴하트동물병원,경기도,의정부시,"경기도 의정부시 서광로 135, 센타프라자 2층 201-1호 (산곡동)",031-928-6356,37.728947,127.110913
펫사랑동물병원,서울특별시,양천구,"서울특별시 양천구 목동동로 309, 중소기업유통센터(행복한백화점) 지하2층 (목동)",02-2062-7982,37.529373,126.876084
24시 딜라이트 동물의료센터,서울특별시,도봉구,"서울특별시 도봉구 도봉로 578, 2층 2호 (창동)",02-904-1004,37.656231,127.039765
한강동물메디컬센터,경기도,김포시,"경기도 김포시 모담공원로 131, 1층 (운양동)",,37.650122,126.692939
율동물의료센터,서울특별시,강서구,"서울특별시 강서구 공항대로 228, 2층 201,202,203,211,212호 (마곡동)",02-2135-5611,37.558629,126.832707
한림동물병원,경기도,포천시,경기도 포천시 영중면 양문로 82,,38.000034,127.242801
하늘동물병원,경기도,수원시,"경기도 수원시 권선구 곡반정로 155-1, 2층 (곡반정동)",031-8067-7570,37.241778,127.032972
24시 공감365동물의료센터,경기도,남양주시,"경기도 남양주시 진접읍 해밀예당1로 220, 엠타워 201~203호",031-575-8275,37.72006,127.202433
베리굿동물병원,서울특별시,노원구,"서울특별시 노원구 동일로203가길 29, 263,264,265호 (중계동, 브라운스톤중계)",,37.639936,127.064257
권앤정 동물외과병원,경기도,수원시,"경기도 수원시 영통구 덕영대로 1509, 2(일부)층 (영통동)",031-202-0119,37.246159,127.05594
여울동물병원,경기도,화성시,"경기도 화성시 동탄구 동탄광역환승로 73, 207동 1층 E025호 (오산동, 동탄역 반도유보라 아이비파크 8.0)",031-373-0575,37.202364,127.090762
이루동물병원,경기도,화성시,"경기도 화성시 동탄구 동탄대로 181, 판매시설A동 214~216호 (송동, 동탄린스트라우스더레이크)",031-378-7575,37.171318,127.104982
정동물병원,경기도,성남시,"경기도 성남시 중원구 금상로 72, 1층 (상대원동)",,37.441183,127.163676
스텔라동물의료센터,경기도,남양주시,"경기도 남양주시 다산중앙로123번길 22-8, 리더스퀘어 303,304호 (다산동)",031-522-6675,37.62428,127.151004
해든고양이병원,경기도,부천시,"경기도 부천시 원미구 신흥로 190, 위브더스테이트 1단지 202,203,204호 (중동)",032-719-7939,37.501403,126.77721
김앤정동물병원,서울특별시,영등포구,"서울특별시 영등포구 선유로 52, 1층 우측호 (문래동3가)",,37.518483,126.88935
동물병원 감동,경기도,용인시,"경기도 용인시 기흥구 구성로 88, (주)시간과공간 1층 102~103호 (언남동)",031-275-8080,37.294165,127.11895
샤인아이안과동물병원,서울특별시,송파구,"서울특별시 송파구 오금로 147, 1층 (방이동)",,37.510883,127.111495
로얄동물메디컬센터 본원,서울특별시,중랑구,"서울특별시 중랑구 동일로 640, 2층, 3층 (면목동)",070-8660-0904,37.587512,127.080244
블루축산동물병원,경기도,여주시,"경기도 여주시 청심로 50, 2층 201호 (하동)",,37.300813,127.62606
통일산업동물병원(산업동물에 대한 출장진료를 전문으로 함),경기도,파주시,경기도 파주시 적성면 감악산로 1230,,37.956216,126.927248
공원옆동물의료센터,서울특별시,양천구,"서울특별시 양천구 목동서로 349, 센트럴프라자 203호 (신정동)",02-2650-8275,37.517494,126.865498
에스동물병원,서울특별시,용산구,"서울특별시 용산구 서빙고로 17, 헤링턴스퀘어 센트럴파크 몰동 1146, 1147호 (한강로3가)",,37.525928,126.967492
안산 센트럴 동물병원,경기도,안산시,"경기도 안산시 단원구 중앙대로 899, 롯데프라자 2층 (고잔동)",031-439-7582,37.317455,126.836424
조이앤동물병원,경기도,화성시,"경기도 화성시 만세구 향남읍 발안양감로 187, 1동 205호",031-353-7522,37.116389,126.910922
비마 클리닉,경기도,김포시,"경기도 김포시 월곶면 김포대학로 30, 1층 102호",,37.725018,126.540451
운정튼튼동물병원,경기도,파주시,"경기도 파주시 심학산로423번길 7-21, 광성빌딩 (목동동)",031-942-7524,37.71879,126.737288
괜찮아동물병원,경기도,평택시,"경기도 평택시 고덕갈평5길 32, 그랜드메디컬타워 3층 311~314호 (고덕동)",031-662-9990,37.056559,127.047399
다나동물의료센터,경기도,파주시,"경기도 파주시 청석로 115, 반석프라자 201호 (동패동)",031-944-7975,,
피카소동물병원,서울특별시,강동구,"서울특별시 강동구 고덕로83길 32, 2층 (고덕동)",02-3427-6419,37.558509,127.168814
배다리동물병원,경기도,평택시,경기도 평택시 죽백5로 37(죽백동),031-618-8867,37.003931,127.119868
상상동물병원,서울특별시,양천구,"서울특별시 양천구 목동서로 295, 1층 102호 (신정동, 우림필유)",02-2038-8877,37.520906,126.869051
라퓨클레르 동물피부클리닉,서울특별시,강남구,"서울특별시 강남구 압구정로 445, 5층 502호 (청담동)",,37.52655,127.046109
힐스타운 동물병원,서울특별시,중구,"서울특별시 중구 다산로 32, 스포츠상가동 106-2호 (신당동, 남산타운)",02-2237-7582,37.549014,127.00928
해나동물병원,경기도,화성시,"경기도 화성시 동탄구 동탄신리천로 406, 리더스퀘어 102, 103호 (목동)",031-378-7599,,
정직한동물의료센터,경기도,수원시,"경기도 수원시 권선구 경수대로 411, 1층 (권선동)",031-222-7617,37.263254,127.024701
VIP 반려동물 암센터,서울특별시,강남구,"서울특별시 강남구 삼성로133길 7, 베디베로스퀘어 2층 (청담동)",02-511-7522,37.519441,127.04903
반려마루 동물병원,경기도,여주시,경기도 여주시 명품1로 1-2(상거동),031-8030-4462,37.236935,127.612663
조이 동물 재활클리닉,경기도,안산시,"경기도 안산시 단원구 화랑로 103, 라성프라자 C동 203호 (원곡동)",,37.3272,126.801026
탑동물병원,경기도,고양시,경기도 고양시 덕양구 토당로 4(토당동),031-970-7765,37.617423,126.824227
정창수외과동물병원,경기도,고양시,"경기도 고양시 일산서구 중앙로 1547, KINTEX ZONE 203,204호 (대화동)",031-911-7577,37.674815,126.749567
보현동물병원,경기도,수원시,"경기도 수원시 영통구 봉영로1759번길 8-15, 현명빌딩 2층 (영통동)",031-203-5525,37.266857,127.081229
허그미동물병원,경기도,여주시,경기도 여주시 향교로 50(교동),031-881-2279,37.287241,127.628502
이상윤동물병원,서울특별시,용산구,"서울특별시 용산구 이촌로 248, 31동 105-2호 (이촌동, 한강맨션)",02-792-5455,37.51933,126.975027
로아클리닉(ROAR clinic),경기도,하남시,"경기도 하남시 미사대로 540, 현대지식산업센터 한강미사2차(26BL) 제AC03동 3층 029호 (덕풍동)",,37.557629,127.205543
태전동물병원,경기도,광주시,"경기도 광주시 고산길62번길 49-7, 1층 (고산동)",,,
웰니스동물병원,경기도,안성시,"경기도 안성시 공도읍 서동대로 3930-39, 스타필드 안성 1층 1142호",031-8029-5080,36.994376,127.147536
시흥탑동물의료센터,경기도,시흥시,"경기도 시흥시 은계호수로 31, 그린타워 207, 208, 209, 210, 211호 (은행동)",031-316-0750,37.444525,126.80342
같은마음 동물병원,경기도,광명시,"경기도 광명시 광명로832번길 5, 센트럴광명 2층 205,206호 (광명동)",02-6949-5915,37.473419,126.852396
플러스동물의료센터,경기도,수원시,"경기도 수원시 영통구 봉영로 1590, 밀레니엄 프라자 2층 201호, 202호 (영통동)",,37.252764,127.073444
강남동물병원,경기도,양평군,"경기도 양평군 서종면 북한강로 767, 2층",031-774-8375,37.605685,127.349095
발라드동물병원(출장전문),경기도,안성시,"경기도 안성시 일죽면 서동대로 7381-8, 1,2층 102,202호",031-672-7831,37.089226,127.466741
아라양돈동물병원,경기도,용인시,"경기도 용인시 처인구 학산로 17-2, 더 하우스 1층 (김량장동)",,37.239248,127.200572
나음동물의료센터,서울특별시,강서구,서울특별시 강서구 강서로 206(화곡동),02-2690-9990,37.544529,126.838042
해온동물의료센터,경기도,고양시,"경기도 고양시 일산동구 고양대로 762, 하늘빌딩 104호 (중산동)",031-975-7580,37.68187,126.780833
조형선외과동물병원,서울특별시,성동구,"서울특별시 성동구 금호로 146, 제1, 2층 (금호동1가)",02-2282-0119,37.554149,127.020871
송전휴동물병원,경기도,용인시,"경기도 용인시 처인구 이동읍 경기동로705번길 13-17, 1층 101호",031-323-0775,37.140049,127.19755
누리팜산업동물병원(출장전문),경기도,안성시,경기도 안성시 삼죽면 용두동길 2,031-665-5740,37.074127,127.395142
청담동물병원,경기도,평택시,"경기도 평택시 만세로 1725, 2층 (죽백동)",031-658-3500,37.01252,127.11163
비타민 동물병원,경기도,시흥시,"경기도 시흥시 배곧4로 32-27, 광장프라자 2층 205호 (배곧동)",031-432-9199,37.377713,126.725541
김포보듬동물의료센터,경기도,김포시,"경기도 김포시 김포한강4로 162, 한강메트로 101호 (장기동)",,37.64698,126.66424
이솝동물병원,경기도,화성시,"경기도 화성시 만세구 남양읍 남양천로 17, 상가동 106호 (화성남양시티프라디움3차아파트)",031-357-3776,37.209283,126.820651
리베동물메디컬센터,서울특별시,송파구,"서울특별시 송파구 삼전로 56, 1~4층 (삼전동)",02-6953-7502,37.503762,127.08788
리움 동물의료센터,경기도,부천시,"경기도 부천시 오정구 소사로 818, 유림빌딩 2층 (원종동)",032-710-0040,37.529011,126.805107
새로이동물병원,경기도,고양시,"경기도 고양시 일산동구 호수로 340-25, 동문굿모닝힐II 110,111호 (백석동)",031-907-7579,37.6389,126.787743
힐동물병원,서울특별시,강동구,"서울특별시 강동구 동남로49길 60-4, 102호 (둔촌동)",,37.532905,127.146683
로뎀동물병원,경기도,파주시,경기도 파주시 문산읍 방촌로 1692,031-952-7576,37.864101,126.782938
강동 아이안동물의료센터,서울특별시,강동구,"서울특별시 강동구 고덕로 262, 고덕역 효성해링턴 타워 더퍼스트 122,123호 (명일동)",02-441-2202,37.554641,127.154623
포포동물병원,서울특별시,성북구,"서울특별시 성북구 보문로 51, (주)참존글로벌워크 1층 (보문동7가)",,37.579977,127.021993
시니어 동물병원,서울특별시,서초구,"서울특별시 서초구 서초중앙로 45, 서초레몬 2층 201호 (서초동)",02-521-0525,37.485785,127.015447
진접솔동물병원,경기도,남양주시,"경기도 남양주시 진접읍 금강로 1557, 101~103호",031-574-1112,37.729756,127.193014
양지가축동물병원,서울특별시,강동구,서울특별시 강동구 천호대로191길 6(길동),02-478-2208,37.535409,127.144482
대한동물병원,경기도,화성시,"경기도 화성시 만세구 우정읍 버들로 110, 107호",,37.080548,126.803533
정다운동물병원,경기도,부천시,"경기도 부천시 원미구 부흥로315번길 69, 2층 (중동)",032-328-0119,37.497523,126.776676
중산동물메디컬센터,경기도,고양시,"경기도 고양시 일산서구 고봉로 299, 1,2층 (일산동)",031-976-8939,37.685881,126.777277
지축오투동물의료센터,경기도,고양시,"경기도 고양시 덕양구 지축로 86, 207~208호 (지축동)",02-381-0275,,
안산 반함동물의료센터,경기도,안산시,"경기도 안산시 단원구 화랑로 122, 상가2동 219-222호 (원곡동)",031-494-7975,,
팜스플랜동물병원 경기북부센터,경기도,포천시,"경기도 포천시 영중면 호국로 3042, 다동 104호",031-535-9533,38.014135,127.24768
동편동물혈액검진센터,서울특별시,서초구,"서울특별시 서초구 동작대로 20, 3층 (방배동)",02-588-8661,37.478225,126.982081
정자현대동물병원,경기도,성남시,"경기도 성남시 분당구 판교역로 136, 비1048호 (백현동)",031-714-9978,37.392488,127.110458
해랑동물병원,경기도,고양시,"경기도 고양시 덕양구 토당로 115, 금호프라자 101호 (토당동)",031-811-8991,37.625591,126.817034
권앤정 24시수원동물메디컬센터,경기도,수원시,"경기도 수원시 영통구 덕영대로 1509, 1,2(일부)층 (영통동)",031-202-0119,37.246159,127.05594
더좋은 동물병원,경기도,시흥시,"경기도 시흥시 서울대학로278번길 61, 서영베니스스퀘어 2층 233호 (배곧동)",031-431-0075,37.368179,126.730672
서울은내과동물병원,서울특별시,은평구,"서울특별시 은평구 응암로 278, 3층 (응암동)",02-354-9990,37.596327,126.919702
온아동물의료센터,경기도,김포시,"경기도 김포시 김포한강8로 410, 스타프라자 204, 205호 (구래동)",031-986-7550,37.642974,126.623652
24시월드펫동물메디컬센터,서울특별시,양천구,서울특별시 양천구 신월로 208(신월동),02-2698-7582,37.520507,126.845387
에드워드동물병원,경기도,고양시,"경기도 고양시 일산동구 위시티로 24, 101호 (식사동)",031-962-0926,37.674901,126.808204
서서동물의료센터,경기도,하남시,"경기도 하남시 미사강변대로 84, 미사탑프라자 2층 204.205호 (풍산동)",031-8027-6991,37.557533,127.18805
판교포레동물병원,경기도,성남시,"경기도 성남시 분당구 판교대장로6길 10, 207,208호 (대장동)",031-715-7975,37.366779,127.068512
24시 스탠다드 동물의료센터,서울특별시,송파구,"서울특별시 송파구 위례송파로 77, 2층 201호, 3층 303-310호 (거여동)",02-448-6400,37.485463,127.142463
우주동물병원,경기도,성남시,"경기도 성남시 중원구 양현로405번길 5, 신야탑푸르지오시티 1 101,102호 (여수동)",031-778-6420,37.41727,127.126886
마리동물병원,경기도,파주시,"경기도 파주시 경의로 1813, 2층 202호 (아동동)",,37.768941,126.776236
더파크동물의료센터,서울특별시,강동구,"서울특별시 강동구 성내로 48, 씨네월드 1층 (성내동)",02-6949-2475,37.528531,127.125148
잠실동물병원,서울특별시,송파구,"서울특별시 송파구 올림픽로 329, 403호 (신천동)",02-6953-7587,37.517514,127.107038
마인동물의료센터,서울특별시,강북구,"서울특별시 강북구 덕릉로 133, 해솔빌딩 1층 102호, B1층 102호 (번동)",02-2039-8900,37.635258,127.028544
동물병원 오월의산책,경기도,안양시,"경기도 안양시 동안구 경수대로 563, 현대제우스타워 201호 (호계동)",031-452-0119,37.373011,126.957118
빌리브동물병원,경기도,성남시,"경기도 성남시 분당구 성남대로 449, 111,112,113호 (정자동, 로얄팰리스)",031-8088-7500,37.375197,127.110763
폴라동물병원,서울특별시,종로구,"서울특별시 종로구 낙산길 311, 지1층 (숭인동)",,37.580537,127.01722
온담동물의료센터,경기도,안산시,"경기도 안산시 단원구 원선1로 9, 센트럴포레상가 1층 (원곡동)",031-362-4097,37.324281,126.801
24시연동물의료센터,서울특별시,강서구,"서울특별시 강서구 화곡로 191, 남서울수영장 1층 (화곡동)",,37.542988,126.84219
김포쎈텀동물병원,경기도,김포시,"경기도 김포시 고촌읍 수기로 109, 캐슬힐 115호, 208호",031-992-8275,37.593751,126.763954
송산종합동물병원,경기도,화성시,경기도 화성시 만세구 송산면 송산동로 6-23,031-357-1177,37.21466,126.736704
도킹어바웃 동물병원,서울특별시,강남구,"서울특별시 강남구 논현로 18, 지수빌딩 2층 (개포동)",02-529-7577,37.473015,127.049869
연희동물의료원,경기도,시흥시,"경기도 시흥시 인선1길 8, 301, 302호 (장곡동)",031-315-5119,37.377768,126.787904
허브동물병원,서울특별시,금천구,"서울특별시 금천구 독산로 70-1, 1층 (시흥동)",02-867-7776,37.453629,126.906344
아이조은동물병원,서울특별시,도봉구,"서울특별시 도봉구 해등로26길 7, 111, 112호 (쌍문동)",,37.658505,127.032601
한양동물병원,서울특별시,송파구,"서울특별시 송파구 가락로 162, 1층 (송파동)",02-420-9993,37.503258,127.113437
하이 동물병원,경기도,남양주시,"경기도 남양주시 오남읍 진건오남로 778, 선일프라자 205호",031-571-4009,37.697204,127.205155
다올동물의료센터 망포점,경기도,수원시,"경기도 수원시 영통구 덕영대로 1478, 망포역 포레 스퀘어 2층 212,213호 (망포동)",031-239-0208,37.24515,127.052426
닥터서동물심장병원,경기도,고양시,"경기도 고양시 일산동구 태극로 11, 일산 한류월드 유보라 더 스마트 234,235,236호 (장항동)",031-994-7953,37.663166,126.75142
동그라미 동물의료센터,경기도,시흥시,"경기도 시흥시 진말1로 18, 310호 (장곡동)",,37.377749,126.789306
그린동물병원,경기도,화성시,"경기도 화성시 만세구 수노을중앙로 160, 2층 (새솔동)",,37.282918,126.819017
신촌 숲 동물병원,서울특별시,마포구,"서울특별시 마포구 광성로 17, 상가동 135, 136호 (신수동, 신촌숲아이파크)",,37.551071,126.934411
동물치과병원메이,서울특별시,강남구,"서울특별시 강남구 테헤란로8길 46, 2층 (역삼동)",02-797-4408,37.495862,127.032227
닥터펫보리 특수클리닉,서울특별시,관악구,"서울특별시 관악구 낙성대로 32, 관악구재향군인회 301호 (봉천동)",,37.475664,126.958769
사랑해요동물병원,서울특별시,도봉구,"서울특별시 도봉구 시루봉로 59, 104호 (쌍문동)",,37.656191,127.027718
윤 동물병원,경기도,용인시,경기도 용인시 처인구 남사읍 경기동로 338,,37.141739,127.162273
24시 동대문 루시드 동물메디컬센터,서울특별시,동대문구,"서울특별시 동대문구 전농로 57-1, 1층,2층,지하1층 동대문 루시드 동물메디컬센터 (답십리동)",02-6217-0202,37.570127,127.05692
캐나다동물병원,경기도,양주시,경기도 양주시 남면 감악산로244번길 33,031-863-8370,37.88862,126.978978
미사 센트럴 동물병원,경기도,하남시,"경기도 하남시 미사강변대로54번길 125, 상아프라자2 2층 201호 (풍산동)",031-791-8275,37.557891,127.188469
눈이튼튼 동물병원,경기도,수원시,"경기도 수원시 팔달구 권광로 208, 인송빌딩 204, 205호 (인계동)",031-526-7333,37.265896,127.033921
숲속동물병원,경기도,화성시,"경기도 화성시 만세구 수노을중앙로 126, 202-203호 (새솔동)",,37.285241,126.817528
동물병원예지,서울특별시,영등포구,"서울특별시 영등포구 신길로 29, 105동 116호 (대림동, e편한세상 영등포 아델포레)",02-2135-7228,37.494406,126.90706
베를린 동물치과센터,서울특별시,송파구,"서울특별시 송파구 백제고분로 506, 4층 (방이동, 올림픽타워빌)",02-830-1494,37.515164,127.11557
나온동물병원,경기도,용인시,"경기도 용인시 기흥구 죽전로 29, 포레스트프라자 2층 3호 (보정동)",031-8019-7897,37.320765,127.112091
노원 바른 동물의료센터,서울특별시,노원구,"서울특별시 노원구 동일로 1598, 부흥빌딩 1, 2층 (상계동)",02-936-5500,37.671061,127.056435
이산동물의료센터,경기도,시흥시,"경기도 시흥시 능곡번영길 22, 304,305호 (능곡동)",031-8042-6016,37.37279,126.807991
뉴케어동물병원,경기도,용인시,"경기도 용인시 기흥구 흥덕2로65번길 2-20, 1층층 (영덕동)",,37.274253,127.073919
24시 해든동물의료센터 민락점,경기도,의정부시,"경기도 의정부시 천보로 68, 201호 (민락동)",031-851-7007,37.745454,127.094148
과천우주동물병원,경기도,과천시,경기도 과천시 별양로 39(원문동),02-6949-0883,37.422992,126.99053
화서동물병원,경기도,수원시,"경기도 수원시 장안구 대평로 27, 201동 205호 (정자동, 화서역 파크푸르지오)",031-271-5975,37.289819,126.994704
로아동물병원,경기도,군포시,"경기도 군포시 고산로 707, 1,2층 (산본동)",031-399-8875,37.372892,126.936286
시흥시동물누리보호센터 동물병원,경기도,시흥시,경기도 시흥시 뒷방울길 218(정왕동),031-310-6943,,
메디스동물병원,경기도,화성시,"경기도 화성시 동탄구 동탄대로4길 39, 2층 204호 (장지동)",,37.161836,127.110244
뉴본동물의료센터,경기도,평택시,"경기도 평택시 동삭1로22번길 19-13, 2층 (동삭동)",031-647-6679,,
라이언펫 수원광교동물병원,경기도,수원시,"경기도 수원시 영통구 센트럴파크로127번길 154, 1층 (이의동)",031-211-7589,37.29405,127.055885
김포위브동물의료센터,경기도,김포시,"경기도 김포시 고촌읍 태리로 293, 베스트프라자 202호",031-987-1191,,
라온펫동물병원,서울특별시,송파구,"서울특별시 송파구 가락로 169, 1층 102호 (송파동)",,37.504083,127.113873
송파 마리동물병원,서울특별시,송파구,"서울특별시 송파구 오금로 185, 금천빌딩 1층 (방이동)",02-415-7555,37.509094,127.11494
바하 고양이 병원,경기도,의왕시,"경기도 의왕시 내손로 82, 내손신성프라자 404호 (내손동)",031-425-8875,37.387218,126.979903
시민동물병원,경기도,광주시,"경기도 광주시 순암로 54, 1층 2호 (장지동)",,37.394854,127.24324
동물병원 산책,경기도,양평군,경기도 양평군 양평읍 중앙로 49,031-773-8275,37.49609,127.494836
쥬만지동물의료센터,경기도,화성시,"경기도 화성시 동탄구 동탄치동천로3길 42, 1층 (영천동)",031-374-0275,37.202725,127.123726
나리울동물병원,서울특별시,강남구,"서울특별시 강남구 영동대로 22, 5동 2층 518~519호 (일원동, 디에이치 자이 개포)",02-423-5755,37.490934,127.07512
몽마르뜨 동물병원,서울특별시,서초구,"서울특별시 서초구 방배중앙로 198, 오릭스오피스텔 202호 (방배동)",02-595-7588,37.496906,126.985642
웰니스동물병원,경기도,안산시,"경기도 안산시 상록구 항가울로 422, 롯데마트 2층 (성포동)",031-414-1275,37.31743,126.847318
동물병원 이음,경기도,용인시,"경기도 용인시 기흥구 흥덕2로75번길 25-3, 1층 (영덕동)",031-213-7572,37.274078,127.071398
디아동물병원,서울특별시,강남구,"서울특별시 강남구 선릉로4길 13, 2층 (개포동)",02-572-2772,37.482775,127.062217
케이씨비디에이 펫클리닉,경기도,남양주시,"경기도 남양주시 순화궁로 272, 동광 비즈타워 별내 104호 (별내동)",031-523-2731,37.651556,127.129383
슬기로운동물병원,경기도,안성시,"경기도 안성시 공도읍 서동대로 4486, 1층 1호",031-655-5946,37.008797,127.200478
"에스디(SD)동물의료센터,서울",서울특별시,중구,"서울특별시 중구 왕십리로 407, 신당 파인힐 하나유보라 B1층 03,04,05호 (신당동, 신당 파인힐 하나유보라)",02-2039-0303,37.564253,127.024916
"에스디(SD)동물영상센터,서울",서울특별시,중구,"서울특별시 중구 왕십리로 407, B1-1호 (신당동, 신당 파인힐 하나유보라)",,37.564253,127.024916
고덕 동물의료센터,서울특별시,강동구,"서울특별시 강동구 고덕로 399, 209호 (고덕동, 고덕센트럴푸르지오)",02-441-7585,37.557715,127.170055
다나을동물병원,경기도,하남시,"경기도 하남시 미사강변동로 100-1, 미사역 파라곤 스퀘어 2층 2002,2002-1,2003호 (망월동)",031-8027-0975,37.564328,127.193851
도하동물병원,경기도,화성시,"경기도 화성시 동탄구 동탄역로 54, 112동 B1031호 (오산동, 동탄역 헤리엇)",,37.191578,127.097808
태능동물병원,경기도,연천군,경기도 연천군 전곡읍 평화로 599-1,,38.023426,127.066538
아이사랑동물병원 건강검진센터,서울특별시,강북구,"서울특별시 강북구 삼양로24길 19, 현대성우아파트 102동 1층 109호 (미아동, 현대성우아파트)",02-946-0011,37.617204,127.022104
아이편한 동물의료센터,경기도,고양시,"경기도 고양시 덕양구 충장로 14, 글로리아프라자  2층 201호 (행신동)",031-970-8875,37.614032,126.834481
나우동물의료센터,서울특별시,노원구,"서울특별시 노원구 동일로 1636, 1층 (상계동)",02-952-9111,37.674402,127.055615
모네동물피부과,서울특별시,강북구,"서울특별시 강북구 도봉로 110-1, 4층 (미아동)",070-8691-3121,37.618912,127.029398
강남예치과동물병원,서울특별시,강남구,서울특별시 강남구 선릉로126길 6(삼성동),02-517-5585,37.515138,127.042653
하온동물의료센터,경기도,성남시,"경기도 성남시 분당구 느티로 27, 하나플라자빌딩 2층 203호 (정자동)",031-697-8978,37.3688,127.107496
아이러브펫동물병원 은평점,서울특별시,은평구,"서울특별시 은평구 통일로 1050, 롯데몰 은평점 2층 (진관동)",02-6975-5253,37.637483,126.918023
진영동물병원,경기도,광주시,"경기도 광주시 곤지암읍 광여로 91, 103호",,37.349748,127.355752
하이반려동물행동클리닉,경기도,고양시,"경기도 고양시 덕양구 권율대로 690, 삼송2차원흥역동원로얄듀크비스타 202동 2층 1호 (원흥동)",031-966-1210,37.650774,126.8753
엘 동물병원,서울특별시,송파구,"서울특별시 송파구 중대로 320, 이화빌딩 1층 (오금동)",02-2088-2878,37.508601,127.133981
클로버 동물병원,서울특별시,구로구,"서울특별시 구로구 서해안로 2096, 203, 204호 (항동)",02-2687-7582,37.479745,126.822981
다랑동물병원,서울특별시,강남구,"서울특별시 강남구 삼성로 11, 상가동 103,104호 (개포동, 디에이치아너힐즈)",02-577-7579,37.484111,127.067521
함께오래동물병원,경기도,안성시,"경기도 안성시 공도읍 공도4로 3, 우성메디컬프라자 1층 116,117호",,37.000472,127.172126
신월라온동물의료센터,서울특별시,양천구,"서울특별시 양천구 신월로 179, 1층 (신월동)",02-2694-7575,37.519185,126.843014
위례 별 동물의료센터,서울특별시,송파구,"서울특별시 송파구 위례광장로 230, 119,120호 (장지동, 위례2차아이파크)",02-407-7579,37.47951,127.143708
경기북부야생동물구조관리센터,경기도,연천군,경기도 연천군 전곡읍 양연로1113번길 179-16,031-8030-4452,38.002442,127.020021
경기동물의료원,경기도,용인시,"경기도 용인시 수지구 용구대로 2748, SK엔크린주유소 (죽전동)",031-546-5975,37.330839,127.109364
정말로내과동물병원,서울특별시,양천구,"서울특별시 양천구 신월로10길 22, 2층 (신월동)",02-2691-8119,37.515315,126.840859
강남동물메디컬센터,경기도,광주시,"경기도 광주시 퇴촌면 천진암로 553, 1층",031-764-7555,37.461758,127.328217
다솜동물병원,서울특별시,은평구,"서울특별시 은평구 응암로 152, 101호 (응암동)",02-3477-7677,37.585642,126.915707
24시 와이즈 동물메디컬센터,경기도,하남시,"경기도 하남시 덕풍동로 111-50, 트윈렉스2 2층 B-201,B-202,B-207,B-208호 (덕풍동)",031-791-8253,37.552049,127.208633
태평역 동물병원,경기도,성남시,"경기도 성남시 수정구 성남대로 1222, 예농빌딩 1층 (수진동)",031-755-7504,37.438886,127.128291
돌봄동물의료센터,경기도,수원시,"경기도 수원시 팔달구 중부대로 251, 2,3층 (우만동)",031-217-7570,37.275188,127.043567
도림하나동물병원,서울특별시,영등포구,"서울특별시 영등포구 도영로 31, 1층 (도림동)",02-849-7582,37.509008,126.896618
뉴엘동물의료센터,경기도,화성시,"경기도 화성시 동탄구 동탄대로시범길 261, 리더스프라자 1층 102,103,104호 (청계동)",031-373-7588,37.201733,127.102249
블루베어동물병원,경기도,화성시,"경기도 화성시 병점구 병점서로 33, 두산탑 프라자 2층 204호 (병점동)",031-236-7555,37.20547,127.039789
더힐링동물병원,경기도,고양시,"경기도 고양시 덕양구 오금1로 143, 자이더빌리지 상가 204호 (오금동)",02-712-7582,37.660091,126.90807
우장산동물의료센터,서울특별시,강서구,"서울특별시 강서구 강서로 282, 1층 (내발산동)",02-2664-8275,37.550907,126.836589
수노을동물병원,경기도,화성시,"경기도 화성시 효행구 매송면 매송고색로422번길 9, 104호",,37.242694,126.951954
BL불임우병원,경기도,화성시,경기도 화성시 만세구 우정읍 조암로 40,,37.08664,126.819186
다움동물병원,서울특별시,영등포구,"서울특별시 영등포구 가마산로 449-1, 영민빌딩 1층 (신길동)",02-831-0075,37.505781,126.90632
행신동물의료센터,경기도,고양시,"경기도 고양시 덕양구 충장로 122, 블레스타운 2층 205호 (행신동)",031-944-7587,37.623496,126.833983
시흥i동물병원,경기도,시흥시,"경기도 시흥시 수인로3312번길 16, 상가T동 2층 227~228호 (대야동, 시흥 센트럴 푸르지오)",031-8042-7511,37.44046,126.789787
동물영상진단센터/나음고양이병원,서울특별시,강동구,"서울특별시 강동구 천호대로 1171, 4층, 5층 (길동)",02-457-0075,37.534157,127.141386
24시 로얄동물메디컬센터 강동,서울특별시,강동구,"서울특별시 강동구 천호대로 1171, 지하1층,2층,3층 (길동)",02-457-0075,37.534157,127.141386
웰펫 동물병원,경기도,구리시,"경기도 구리시 동구릉로136번길 57, 구리유통종합시장(롯데마트 구리점) 2층 (인창동)",031-565-5275,37.612665,127.140856
에쿠스종합동물병원(출장진료 전문),경기도,평택시,"경기도 평택시 고덕면 도시지원1길 111, 118호",,37.028139,127.016652
24시 위너스동물의료센터,경기도,남양주시,"경기도 남양주시 호평로45번길 28, 2층 201호 (호평동)",031-511-7582,37.658169,127.246233
키다리 동물병원,서울특별시,마포구,"서울특별시 마포구 월드컵북로 218, 2층 (성산동)",02-376-7675,37.569498,126.905021
그린동물병원,경기도,수원시,"경기도 수원시 장안구 파장로 59, 그린동물병원 (정자동)",031-241-7533,37.305584,126.993914
서울준동물병원,서울특별시,마포구,"서울특별시 마포구 대흥로24길 24, 마포프레스티지자이상가 B동 107호 (염리동)",02-6954-7522,37.552978,126.947722
메이플 동물의료센터,서울특별시,강동구,"서울특별시 강동구 아리수로93나길 60, 골드프라자 202-203호 (강일동)",02-426-7979,37.572389,127.175125
얼바인동물병원,서울특별시,강남구,"서울특별시 강남구 밤고개로 223, 강남센터뷰 103,104호 (자곡동)",02-459-7515,37.474415,127.107111
제이스동물병원,경기도,김포시,"경기도 김포시 고촌읍 장차로 13, 2층",,37.603369,126.770419
윤슬동물병원,경기도,시흥시,"경기도 시흥시 월곶중앙로 87-1, 101호 (월곶동)",031-404-8566,37.389702,126.735695
삼색이동물병원,서울특별시,마포구,"서울특별시 마포구 독막로20나길 22, B106호 (상수동, 래미안밤섬리베뉴 1)",02-3144-3253,37.546624,126.925488
썬애니멀크리닉,경기도,용인시,"경기도 용인시 기흥구 동탄기흥로 864, 120동 비104,105호 (공세동, 공세 호수마을 공세성원상떼레이크뷰)",,37.234274,127.103197
땅콩동물병원,서울특별시,동대문구,서울특별시 동대문구 답십리로 224-1 (답십리동),02-3394-7075,37.572583,127.065266
나만 애 동물병원,경기도,하남시,"경기도 하남시 감일백제로83번길 24, G골든프라자 2층 204호 (감이동)",02-485-0512,37.504439,127.1611
24시 모두의동물병원,경기도,광명시,"경기도 광명시 하안로 289, 태홍빌딩 A동 2층 (하안동)",02-6951-2475,37.461635,126.880209
레이동물병원,경기도,수원시,"경기도 수원시 장안구 송정로 20, 1,2층 (정자동)",031-245-7707,37.296524,126.999246
24시예담동물의료센터,서울특별시,은평구,"서울특별시 은평구 연서로 122, 대광빌딩 1,2층 (역촌동)",02-6952-7519,37.60959,126.916812
동진동물병원,경기도,남양주시,"경기도 남양주시 화도읍 경춘로 1969-9, 나동 17,18호",031-593-9405,37.65147,127.306964
24시 신도림S동물의료센터,서울특별시,구로구,"서울특별시 구로구 경인로 619-3, 201호 (신도림동, 신도림3차푸르지오아파트)",02-6949-3575,37.506843,126.884087
닥터멍동물병원,서울특별시,중랑구,"서울특별시 중랑구 상봉로 17, 1층 (면목동)",02-439-7582,37.587496,127.094126
우주동물병원,서울특별시,광진구,"서울특별시 광진구 아차산로 380, 301호 (자양동)",,37.536596,127.085019
뉴욕동물병원,경기도,성남시,"경기도 성남시 분당구 미금로 45, 진도훼미리프라자 211호 (구미동)",,37.33756,127.115832
진건동물병원,경기도,남양주시,경기도 남양주시 진건읍 사릉로 411-2,,37.656397,127.178506
보듬동물병원,서울특별시,도봉구,"서울특별시 도봉구 해등로 255, 101동 1층 121~123호 (쌍문동, 에벤에셀아파트)",02-6954-7544,37.657368,127.028238
퍼스트동물병원,경기도,안양시,"경기도 안양시 동안구 경수대로 597, 영신빌딩 2층 202호 (호계동)",031-360-0818,37.375758,126.95594
시그널동물병원,서울특별시,영등포구,"서울특별시 영등포구 신길로 119, 112동 비103호,비104호,비105호 (신길동, 신길뉴타운 한화 꿈에그린)",02-832-7505,37.502963,126.909608
VIP동물의료센터 청담점,서울특별시,강남구,"서울특별시 강남구 삼성로133길 7, 베디베로스퀘어 2,3,4층 (청담동)",02-511-7522,37.519441,127.04903
옥길아라동물의료센터,경기도,부천시,"경기도 부천시 소사구 양지로 208, 지음프라자 2층 (옥길동)",032-348-7775,37.467262,126.823978
놀로동물행동클리닉,서울특별시,강남구,"서울특별시 강남구 삼성로133길 7, 베디베로스퀘어 5층 (청담동)",02-2237-7582,37.519441,127.04903
치료해주오,경기도,광명시,"경기도 광명시 금하로 464, 메이저리치안빌딩 2층 208호 (소하동)",02-6951-1432,37.448469,126.884052
온 동물의료센터,경기도,용인시,"경기도 용인시 기흥구 용구대로2394번길 2, 2층 201,202호 (마북동)",031-286-7582,37.299804,127.10768
VIP동물한방재활의학센터by.Dr.신사경,서울특별시,강남구,"서울특별시 강남구 삼성로133길 7, 베디베로스퀘어 7층 (청담동)",02-511-7522,37.519441,127.04903
땡큐DOG동물병원,경기도,김포시,"경기도 김포시 김포한강8로194번길 8-16, 1층 (마산동)",,37.638782,126.644544
상대원 동물병원,경기도,성남시,"경기도 성남시 중원구 희망로 350, 1층 (상대원동)",031-733-1777,37.436938,127.158335
하나로 동물병원,경기도,연천군,"경기도 연천군 연천읍 연천로 394, 산과들에",,38.112075,127.075328
선동물병원,경기도,포천시,"경기도 포천시 가산면 가산로309번길 1, 6호",,37.845546,127.183816
24시 양주 힐 동물의료센터,경기도,양주시,"경기도 양주시 옥정동로7길 30, 2층 1~3호 (옥정동)",031-859-8275,37.821239,127.097494
팜스플랜동물병원,경기도,양평군,"경기도 양평군 양평읍 중앙로 53, 1층 103호",031-771-9533,37.495893,127.495261
서울하은동물병원,경기도,고양시,"경기도 고양시 덕양구 꽃내음1길 128, 101호 (향동동)",02-6951-0275,37.599887,126.89002
나래동물의료센터,경기도,화성시,"경기도 화성시 동탄구 여울로4길 46, 2층 (능동)",031-613-7509,37.216306,127.055838
나래동물의료센터,경기도,화성시,"경기도 화성시 여울로4길 46, 2층 (능동)",031-613-7509,,
하군이네 동물병원,경기도,오산시,"경기도 오산시 대호로 63, 휘러스빌 401호 (궐동)",031-8055-7803,37.156174,127.055104
지음동물의료센터,경기도,성남시,"경기도 성남시 중원구 광명로 321, 정성빌딩 1층 (금광동)",031-735-0922,37.445391,127.16146
봄앤동물병원,경기도,과천시,"경기도 과천시 별양로 164, 상가동 2층 205호 (부림동, 과천센트럴파크푸르지오써밋)",02-2038-7718,37.431886,127.00029
카라동물병원,경기도,파주시,경기도 파주시 법원읍 술이홀로 1409,031-959-8600,37.893392,126.879947
일리동물의료센터,경기도,수원시,"경기도 수원시 영통구 법조로 25, 광교 SK VIEW Lake 근린생활비 112~114호 (하동)",031-213-1275,37.287453,127.060265
도그스타 동물병원,경기도,수원시,"경기도 수원시 권선구 호매실로218번길 124, 202호 (호매실동)",031-291-8896,37.266122,126.961263
데이동물의료센터,경기도,하남시,"경기도 하남시 미사강변동로 121, 더랜드시티 1층 101,102호 (망월동)",,37.565409,127.191394
동물병원 Dr.정,경기도,성남시,"경기도 성남시 중원구 산성대로 498, 1층 102호 (은행동)",031-733-9325,37.455548,127.162589
베스트 프렌즈 동물병원,경기도,평택시,경기도 평택시 송탄고가길 2 (신장동),031-662-7920,37.09032,127.054026
유앤아이동물병원,경기도,하남시,"경기도 하남시 미사강변남로 91, 르보아파크 Ⅱ 1층 119,120호 (망월동)",031-994-7582,37.560677,127.19178
사바나동물병원,경기도,의왕시,"경기도 의왕시 포일로 20, 래미안에버하임아파트 상가,사바나동물병원 (내손동)",031-424-7515,37.388106,126.976585
올리브동물병원,서울특별시,구로구,"서울특별시 구로구 중앙로 64, 고척프라자 (고척동)",02-2135-5866,37.503801,126.862801
웰니스동물병원 스타필드 고양,경기도,고양시,"경기도 고양시 덕양구 고양대로 1955, 스타필드 고양 1층 1100호 (동산동)",031-5173-1487,37.647084,126.894788
임재성동물의료센터,서울특별시,강남구,"서울특별시 강남구 일원로9길 74, 1층, 지하1층 (일원동)",02-451-7582,37.490972,127.087511
원러브동물의료센터,서울특별시,성북구,"서울특별시 성북구 아리랑로 75, 상가3동 1층 110호 (돈암동, 돈암코오롱하늘채)",69560040,37.599167,127.01269
스마트 정형외과 신경외과 동물병원,서울특별시,강남구,"서울특별시 강남구 도산대로 213, 2층 (신사동)",,37.520726,127.02998
하트동물의료센터,경기도,김포시,"경기도 김포시 걸포2로 49, 파인스타S1 2층 204,205호 (걸포동)",031-985-8075,,
도그마루 동물병원,서울특별시,송파구,"서울특별시 송파구 석촌호수로 104, 1층 (잠실동)",070-4349-3357,37.507767,127.088454
한결동물병원,경기도,하남시,"경기도 하남시 아리수로 570, 효성헤링턴타워더퍼스트 2048,2049호 (망월동)",031-8027-8080,37.566816,127.190415
고양이병원 소설,경기도,성남시,"경기도 성남시 수정구 창업로 17, F동 309,310,311호 (시흥동)",031-8039-5382,37.412061,127.098088
동물병원 움,서울특별시,은평구,서울특별시 은평구 불광로 59(불광동),02-6956-7599,37.612351,126.931712
치료해주오 동물병원 중랑묵동점,서울특별시,중랑구,"서울특별시 중랑구 동일로 925, 3층 (묵동)",02-949-7577,37.612956,127.076815
채움동물병원,경기도,수원시,"경기도 수원시 영통구 동탄지성로 550-24, 영통 플래티넘베이스 비 204호 (망포동)",031-548-2582,37.24092,127.049373
앤(N)고양이병원,서울특별시,노원구,"서울특별시 노원구 노원로 408, (주)노원24시동물의료센터 3층 (상계동)",070-4351-3854,37.653177,127.068125
삼포동물병원,경기도,과천시,"경기도 과천시 경마공원대로 107, 한국마사회 (주암동)",02-509-1944,37.447866,127.016772
플러스동물메디컬센터,서울특별시,영등포구,"서울특별시 영등포구 양평로12가길 14, 르네상스 한강 오피스텔 1층 103호 (양평동4가)",,37.536814,126.899645
24시 당신의 동물의료센터,경기도,수원시,"경기도 수원시 장안구 천천로 100, 천천동 롯데시네마타워 104,113,115,116,117,118,202호 (천천동)",031-268-6575,37.300661,126.984102
하랑동물의료센터,경기도,남양주시,"경기도 남양주시 경춘로 470, 1,2층 (다산동)",031-522-6767,37.609656,127.16518
서울종합동물병원방배,서울특별시,서초구,"서울특별시 서초구 방배로19길 19, 1층 (방배동)",02-6925-2225,37.484953,126.994039
루아동물병원,경기도,화성시,"경기도 화성시 만세구 향남읍 상신하길로298번길 7-21, 1동 211호",031-352-0002,37.115197,126.912371
안심 동물의료센터,경기도,구리시,"경기도 구리시 검배로 61, 1층 (수택동)",,37.596777,127.145656
명성동물병원,경기도,과천시,"경기도 과천시 삼부골로 26, GT Motors 1층 (주암동)",,37.446901,127.02258
소사랑 동물병원「산업동물 출장진료 전문」,경기도,이천시,경기도 이천시 설성면 설장로16번길 68-47,,37.12796,127.521029
아이원 동물병원,서울특별시,동대문구,"서울특별시 동대문구 전농로 80, 1층 (답십리동)",02-2217-8930,37.571949,127.057593
동물병원알루,서울특별시,송파구,"서울특별시 송파구 법원로4길 6, 문정아이파크 128-9호 (문정동)",02-402-3270,,
초원동물병원,경기도,양평군,"경기도 양평군 양서면 경강로 1055-22, 가동",,37.512168,127.401139
항동푸른숲동물병원,서울특별시,구로구,"서울특별시 구로구 항동로3길 4, 와이제이프라자 104, 204호 (항동)",02-2088-7578,37.480931,126.82462
용인해성동물병원,경기도,용인시,"경기도 용인시 처인구 명지로40번길 15-9, 유니버스트윈1 115호 (역북동)",031-333-8875,37.231763,127.186795
어울동물의료센터,서울특별시,은평구,서울특별시 은평구 통일로 665 (녹번동),,37.605868,126.933617
채움동물의료센터,서울특별시,송파구,"서울특별시 송파구 동남로 282, 재상빌딩 1층 (오금동)",02-443-6933,37.500539,127.137083
혜음동물병원,경기도,파주시,경기도 파주시 광탄면 혜음로 345,,37.726998,126.890225
백현Se동물병원,경기도,용인시,"경기도 용인시 기흥구 동백7로 73, 경안빌딩 104호 (동백동)",031-275-5275,37.282014,127.159599
안성동물의료센터,경기도,안성시,"경기도 안성시 아양1로 73, 아너스퀘어A동 2층 208,209호 (옥산동)",,37.008226,127.258458
모두동물병원,서울특별시,구로구,"서울특별시 구로구 개봉로19길 11, 208~213호 (개봉동, 세이지움 개봉)",02-2060-7975,,
산책동물병원,서울특별시,양천구,"서울특별시 양천구 목동서로 401, 1층 102호 (신정동, 대림아크로빌)",02-2653-3335,37.515426,126.859603
쿨펫 동물병원,경기도,수원시,"경기도 수원시 영통구 영통로 120, 효성빌딩 1층 (망포동)",031-206-7503,37.238647,127.056881
소노펫 동물병원,경기도,고양시,"경기도 고양시 일산동구 태극로 18, 소노캄고양웨스트타워 2층 (장항동)",031-927-5140,37.662601,126.750306
다산 봄 동물병원,경기도,남양주시,"경기도 남양주시 다산지금로 136, 푸리마타워 2층 205호 (다산동)",031-551-1175,37.601005,127.173524
친구가 될 동물병원,경기도,남양주시,"경기도 남양주시 다산중앙로 113, 라페온빌 1층 112호 (다산동)",031-555-0421,37.623229,127.153291
엔케어동물의료센터,경기도,평택시,경기도 평택시 죽백3로 139 (죽백동),031-657-2475,37.003577,127.130613
웰튼동물의료센터,서울특별시,중구,"서울특별시 중구 난계로 197, 1,2,4층 (황학동)",02-2253-2233,37.569111,127.023266
하나로 양한방 동물병원,경기도,김포시,경기도 김포시 초당로16번길 75 (장기동),031-996-7975,37.639931,126.675237
차지우동물병원,서울특별시,강서구,"서울특별시 강서구 강서로62길 10, 한울빌딩 1층 (등촌동)",02-2235-1533,37.562899,126.840429
레미 동물병원,서울특별시,중랑구,"서울특별시 중랑구 동일로 593, 2층 (면목동)",02-470-4707,37.583356,127.079468
라포레동물메디컬센터,경기도,의왕시,경기도 의왕시 부곡중앙로 3-3 (삼동),031-360-7588,37.321191,126.949416
바른마음동물병원,경기도,시흥시,"경기도 시흥시 장현능곡로 178, 능곡타운 2층 204호 (능곡동)",031-778-7512,37.36958,126.809937
비바동물병원,서울특별시,관악구,"서울특별시 관악구 쑥고개로 57-1, 1층 (봉천동)",02-872-7582,37.479784,126.94292
24시 위드힐동물메디컬센터,경기도,남양주시,경기도 남양주시 순화궁로 341 (별내동),031-523-3256,37.657176,127.12578
팜쉴드 동물병원,경기도,화성시,경기도 화성시 만세구 양감면 장승백이길 7-10,,37.067352,126.9161
동산동물병원,경기도,양주시,경기도 양주시 남면 화합로 642,,37.871101,127.00083
커비동물병원,서울특별시,강남구,"서울특별시 강남구 강남대로122길 47, 보령빌딩 1층 104호 (논현동)",02-545-8952,37.508973,127.026685
래온동물병원,경기도,성남시,"경기도 성남시 중원구 광명로 89, 성남 센트럴 푸르지오 시티 1층 134,135호 (성남동)",031-759-0242,37.435339,127.138513
24시 위드유 동물의료센터,경기도,시흥시,"경기도 시흥시 은계번영길 1, 태산W타워 207,208,209호 (은행동)",,37.436579,126.801619
선동물병원,서울특별시,종로구,"서울특별시 종로구 자하문로 95, 신교빌딩 1층 (신교동)",02-733-6030,37.58445,126.96998
도담동물병원,서울특별시,강동구,"서울특별시 강동구 상일로 153, 1층 (고덕동)",02-6953-7512,37.560665,127.170437
24시 이음동물의료센터,경기도,화성시,"경기도 화성시 동탄구 동탄대로6길 15, 201~204호 (산척동)",031-831-3513,37.168734,127.10843
링크동물의료센터,서울특별시,서대문구,"서울특별시 서대문구 신촌로 209, 1,2층 (북아현동)",02-393-7577,37.55721,126.949269
유동물병원,경기도,수원시,"경기도 수원시 장안구 장안로 29, 103호 (영화동)",070-4647-2999,37.287617,127.005448
퍼스트동물병원,서울특별시,성북구,"서울특별시 성북구 한천로 713, 515동 상가 206,207호 (장위동, 래미안장위퍼스트하이)",,37.620075,127.05153
톰과 제니 동물메디컬센터,경기도,안산시,"경기도 안산시 상록구 해양4로 26, 자이센터프라자 2층 207,208,209,210호 (사동)",031-365-4542,37.284096,126.829071
피움동물병원,서울특별시,은평구,"서울특별시 은평구 진관3로 37, 은평구 뉴타운2지구 에코테라스 102호 (진관동)",02-384-3100,37.638199,126.919223
고척원동물의료센터,서울특별시,구로구,"서울특별시 구로구 경인로 403, 원메디타운 2층 201호 (고척동)",02-856-7582,37.498072,126.864218
구로다나은동물병원,서울특별시,구로구,"서울특별시 구로구 신도림로 7, 1층 110호 (신도림동)",02-2672-7582,37.506176,126.877142
메디힐동물병원,경기도,광명시,"경기도 광명시 신기로 21, GS steel Tower 206호 (일직동)",02-6275-0075,37.420181,126.883718
오늘동물병원,서울특별시,성동구,"서울특별시 성동구 왕십리로 104, 영화빌딩 2층 (성수동1가)",02-469-7975,37.546866,127.044869
김포씨엘동물의료센터,경기도,김포시,"경기도 김포시 김포한강11로 328, 210,211,212호 (운양동)",,37.655478,126.685551
세온동물병원,경기도,안산시,"경기도 안산시 단원구 초지로 114, 주공프라자 111,112호 (초지동)",031-362-5475,37.308831,126.815293
채플린동물병원,경기도,의정부시,"경기도 의정부시 용민로 493, 엘스퀘어 120, 121호 (민락동)",,37.749992,127.118604
새롬동물병원,경기도,광주시,경기도 광주시 퇴촌면 천진암로 447-1,,37.467452,127.319267
동탄호수동물병원,경기도,화성시,"경기도 화성시 동탄구 동탄순환대로 127-19, 동탄에스비타운 206호 (산척동)",031-376-7800,37.1674,127.107265
봄날동물병원,서울특별시,양천구,"서울특별시 양천구 목동중앙로 89, 1층 (목동)",02-6949-0413,37.537267,126.871868
더바름동물병원,경기도,고양시,"경기도 고양시 덕양구 향기로 56, 스카이타워 1층 101호 (향동동)",02-6953-7515,37.594942,126.892182
로뎀나무 동물의료센터,경기도,양주시,"경기도 양주시 고읍로 166, 1,2층 전부호 (만송동)",031-847-7720,37.791321,127.087519
해오름동물병원,경기도,성남시,"경기도 성남시 중원구 희망로 402, 지하1층 (금광동)",031-747-0406,37.441274,127.160177
현대동물병원,경기도,하남시,"경기도 하남시 대청로 33, 현대베스코아 6층 603호 (신장동)",,37.541105,127.21599
배곧도담동물병원,경기도,시흥시,"경기도 시흥시 배곧1로 27-16, 제상가4동 1층 105호 (배곧동, 한라비발디캠퍼스2차)",,37.362477,126.715108
모모동물병원,서울특별시,강서구,"서울특별시 강서구 마곡중앙1로 20, 205호 (마곡동)",02-2662-7975,37.558534,126.82472
내친구동물병원,경기도,시흥시,"경기도 시흥시 서울대학로278번길 19-14, 배곧프라자 1층 115호 (배곧동)",031-497-4479,37.370154,126.72865
24시 라인동물의료센터,경기도,고양시,"경기도 고양시 덕양구 동송로 70, 힐스테이트 삼송역 221,227~231호 (삼송동)",02-381-2475,37.652405,126.896708
휴동물의료센터,경기도,성남시,"경기도 성남시 수정구 산성대로 309, 2층,3층 (신흥동)",031-735-7582,37.442549,127.150973
수민동물병원,경기도,파주시,"경기도 파주시 경의로 1813, 2층 203호 (아동동)",,37.768941,126.776236
아이튼튼 동물병원,경기도,광명시,"경기도 광명시 신기로 7, 골드스타빌딩 205호 (일직동)",02-899-7580,37.420614,126.882484
연합에이엠씨,경기도,안양시,"경기도 안양시 동안구 시민대로 312, 평촌칼라힐주차빌딩 2층 234~237호 (평촌동)",031-422-7579,37.39508,126.964901
수원시 동물보호센터 동물병원,경기도,수원시,"경기도 수원시 영통구 광교호수로 234, 수원시 동물보호센터 (하동)",031-5191-3561,37.285006,127.078672
새싹 동물병원,경기도,수원시,"경기도 수원시 영통구 권선로908번길 31, 103,104호 (신동)",031-202-7501,37.2473,127.04504
한국양봉농협 동물병원,경기도,안성시,경기도 안성시 미양면 안성맞춤대로 586,031-677-9323,36.972128,127.252396
천풍동물병원,경기도,김포시,"경기도 김포시 통진읍 김포대로 2248, 1층 101호",031-987-0411,37.69057,126.596741
든든동물병원「산업동물 출장진료 전문」,경기도,이천시,경기도 이천시 모가면 진상미로 1253,,37.168088,127.479616
또바기,경기도,파주시,"경기도 파주시 한울로 59, 202호 (동패동)",,37.711232,126.738283
수지성복SL동물병원,경기도,용인시,"경기도 용인시 수지구 성복1로 62, 1층 111, 112호 (성복동, KCC스위첸)",031-272-8575,37.315166,127.073057
안양본동물의료센터,경기도,안양시,경기도 안양시 동안구 시민대로 370 (관양동),031-396-8275,37.395649,126.971583
헬리오동물병원,서울특별시,송파구,"서울특별시 송파구 송파대로 345, 3B동 28,29호 (가락동, 헬리오시티)",02-2135-6575,37.497519,127.107226
펫트리동물의료센터,서울특별시,강동구,"서울특별시 강동구 양재대로 1453, 베스트올 1층 (길동)",02-6949-5775,37.535701,127.138882
24시 품 동물의료센터,서울특별시,동작구,"서울특별시 동작구 상도로 195, 1층 113~120, 125~128호 (노량진동, 힐스테이트 장승배기역)",02-812-7585,,
골드퍼피동물병원 공릉점,서울특별시,노원구,"서울특별시 노원구 동일로 1014, 1층, 2층 (공릉동)",02-971-5955,37.620583,127.074943
모란동물병원,경기도,광주시,경기도 광주시 파발로 161-1 (경안동),031-767-7588,37.414301,127.252754
봉천현대동물병원,서울특별시,관악구,"서울특별시 관악구 봉천로 520, 3층 (봉천동)",02-878-9978,37.479433,126.95569
튼튼동물병원,경기도,오산시,"경기도 오산시 궐리사로 69, 구마빌딩 101호 (궐동)",031-372-8333,37.158933,127.060162
365동물병원위례점,경기도,성남시,"경기도 성남시 수정구 위례동로 153, 에이플타워 205호 (창곡동)",,37.473498,127.149977
토마스동물병원,경기도,양평군,"경기도 양평군 양평읍 중앙로 93, 101,102호",031-771-7599,37.494494,127.499501
아이힐 동물병원,서울특별시,강남구,"서울특별시 강남구 도곡로 115, 거암빌딩 2층 (역삼동)",02-561-3375,37.490231,127.03299
서울앤탑 동물병원,경기도,용인시,"경기도 용인시 수지구 현암로 135, 베스트프라자 2층 (죽전동)",031-897-7577,37.331959,127.124417
은계동물병원,경기도,시흥시,"경기도 시흥시 은계번영길 19, 은계 디스퀘어큐브 2층 202호 (은행동)",,37.437264,126.80304
마곡M동물의료센터,서울특별시,강서구,"서울특별시 강서구 방화대로33길 3, 1~2층 (방화동)",02-2662-7515,37.56857,126.816263
김포동물병원,경기도,김포시,"경기도 김포시 월곶면 군하로 107-1, 104호",,37.703745,126.56022
채움동물병원,경기도,부천시,"경기도 부천시 원미구 길주로 129, 대신스카이빌 (상동)",032-322-7505,37.506094,126.756858
리더스동물병원,경기도,화성시,"경기도 화성시 동탄구 동탄대로시범길 148-22, 디스퀘어상가 203호 (청계동)",031-372-7550,37.200486,127.114876
아인스동물병원,서울특별시,동대문구,"서울특별시 동대문구 장한로 44, 1층 (장안동)",02-2213-0075,37.565071,127.067387
마리동물의료센터 경기남부 분원(출장진료 전문),경기도,평택시,"경기도 평택시 청북읍 청원로 45, 중앙빌딩",,37.040903,126.938705
sun동물병원,경기도,수원시,경기도 수원시 권선구 곡선로 37 (곡반정동),031-234-5550,37.239395,127.028844
양주 온 동물병원,경기도,양주시,"경기도 양주시 회천남로 76, 한덕타워 2층 01호 (옥정동)",031-868-0075,37.818558,127.094047
중앙동물병원,경기도,양평군,경기도 양평군 양평읍 시민로 84,031-772-1261,37.490571,127.500867
마루한동물병원,경기도,용인시,"경기도 용인시 수지구 광교호수로378번길 4-6, 1층 (상현동)",031-216-0133,37.297877,127.080157
행복한동물병원,경기도,안성시,경기도 안성시 중앙로419번길 6 (영동),,37.006991,127.273479
프렌즈동물병원,경기도,평택시,"경기도 평택시 상서재로 80, 516동 132-133호 (동삭동, 평택센트럴자이 5단지)",031-692-5331,37.020229,127.103797
해맞이 동물병원,서울특별시,양천구,"서울특별시 양천구 지양로 7, 인산빌딩 1층 (신월동)",02-2690-7579,37.517422,126.837744
센트럴동물병원,경기도,고양시,"경기도 고양시 덕양구 은빛로 45, 화정꽃무리조합프라자 202호 (화정동)",031-967-8275,37.638122,126.832912
광주TNR동물병원(초월),경기도,광주시,경기도 광주시 초월읍 현산로385번길 74-12,031-798-7581,37.415908,127.276215
청담리덴동물치과병원,서울특별시,강남구,"서울특별시 강남구 영동대로128길 15, 아크로 삼성 상가 102호 (삼성동)",02-544-2882,37.51997,127.059637
동탄24시동물의료센터,경기도,화성시,"경기도 화성시 동탄구 동탄지성로 2, 206호 (반송동, 동탄 플래티넘)",031-613-7579,37.204985,127.073912
더편한동물병원,서울특별시,성북구,"서울특별시 성북구 숭인로 50, 상가동 2203호 (길음동, 래미안길음센터피스)",,37.611182,127.027264
광주TNR동물병원(송정),경기도,광주시,경기도 광주시 경안천로 142(송정동),031-798-7581,37.417334,127.275006
행복한고양이동물병원,경기도,파주시,"경기도 파주시 가람로21번길 7-5, 401호 (와동동)",031-946-0805,37.734114,126.752126
한솔동물병원,경기도,용인시,경기도 용인시 처인구 백암면 죽양대로 1427-33,,37.171564,127.354051
헬로우 동물병원,서울특별시,서대문구,"서울특별시 서대문구 연희로 178, 1층 (연희동)",02-333-7750,37.572771,126.935759
성신동물병원,서울특별시,성북구,"서울특별시 성북구 아리랑로 18, 1층 101호 (동선동5가)",,37.594515,127.016327
한결산업동물병원「산업동물 출장진료 전문」,경기도,이천시,경기도 이천시 설성면 설성로 14-6,,37.133089,127.519363
대치동물메디컬센터,서울특별시,강남구,"서울특별시 강남구 도곡로 520, 무진빌딩 1층 (대치동)",02-501-8275,37.499415,127.063444
힐링동물의료센터,경기도,화성시,"경기도 화성시 병점구 영통로 70, 대성프라자  2층 (반월동)",031-202-7512,37.236325,127.061417
베이지동물병원,서울특별시,성동구,"서울특별시 성동구 왕십리로 410, D동 106호 (하왕십리동, 센트라스)",02-2295-9888,37.56611,127.027647
서초이음동물병원,서울특별시,서초구,"서울특별시 서초구 효령로 347, 서광빌딩 1층 (서초동)",02-3474-7582,37.486869,127.022002
에스 클래스 동물병원,경기도,수원시,"경기도 수원시 영통구 광교호수공원로 277, B1층 9,10호 (원천동, 중흥 S-클래스)",031-217-7801,37.282518,127.057466
아이봄 동물병원,서울특별시,중랑구,서울특별시 중랑구 신내로 66 (신내동),02-433-7515,37.605049,127.095627
김미경 동물병원,서울특별시,도봉구,"서울특별시 도봉구 마들로 664, 킴스타워 2층 (도봉동)",,37.669419,127.046499
유동물병원,경기도,안산시,"경기도 안산시 단원구 선부광장로 71, 101호 (선부동)",,37.332888,126.811047
아임동물병원,경기도,평택시,"경기도 평택시 고덕국제3길 122, 1층 (고덕동)",031-663-4987,37.051506,127.047721
웰니스 동물병원,경기도,용인시,"경기도 용인시 수지구 성복2로 10, 지하1층 (성복동, 성복역롯데캐슬골드타운)",031-5174-4030,37.312664,127.082841
우리들동물메디컬센터,서울특별시,양천구,서울특별시 양천구 신월로 355(신정동),02-2642-7588,37.522339,126.860483
브이아이피 동물의료센터,서울특별시,노원구,서울특별시 노원구 동일로 1333 (상계동),02-931-1333,37.647826,127.062329
어강동물병원,경기도,남양주시,"경기도 남양주시 경춘로 925-1, 1층 (금곡동)",031-595-7582,37.633248,127.204418
한서동물병원,경기도,양평군,"경기도 양평군 양평읍 충신로 280, 104호",,37.467431,127.509113
러브펫 동물병원,서울특별시,영등포구,"서울특별시 영등포구 영중로 15, 타임스퀘어 지하층 B104호 (영등포동4가)",02-2634-8275,37.517075,126.903341
에이비씨(ABC)동물병원,서울특별시,서초구,"서울특별시 서초구 사임당로 151, 대한무지개종합상가 1층 103호 (서초동)",02-3471-0075,37.492368,127.025847
서울동물영상종양센터,서울특별시,중구,"서울특별시 중구 을지로38길 20, 뉴천지관광호텔 1층 (을지로5가)",02-6956-7502,37.565884,127.003346
헬릭스동물암센터,서울특별시,중구,"서울특별시 중구 을지로38길 20, 뉴천지관광호텔 1층 (을지로5가)",02-6956-7502,37.565884,127.003346
헬릭스동물심장수술센터,서울특별시,중구,"서울특별시 중구 을지로38길 20, 뉴천지관광호텔 2층 (을지로5가)",02-6965-7502,37.565884,127.003346
동물병원 그린숲,서울특별시,서초구,"서울특별시 서초구 강남대로 589, 멀버리힐스 제1동 제지2층 제더블유 126-1호 (잠원동)",02-6949-3038,37.514388,127.01915
캣앤캣 고양이 병원,서울특별시,영등포구,"서울특별시 영등포구 선유로 76, 동국메뜨리앙 206호 (문래동3가)",02-2677-2720,37.520652,126.889922
기흥로움동물병원,경기도,용인시,"경기도 용인시 기흥구 기흥역로 9, 1층 상가 128호 (구갈동, 기흥역 롯데캐슬 레이시티/주상복합)",,37.27451,127.115186
아이동물병원,경기도,이천시,경기도 이천시 경충대로2481번길 7 (진리동),031-631-0045,37.270431,127.45521
장재영외과동물병원,경기도,성남시,"경기도 성남시 분당구 운중로 142, 판교메디칼타워 2층 (운중동)",031-8017-7511,37.391225,127.078832
이레외과동물병원,경기도,성남시,"경기도 성남시 분당구 백현로101번길 11, 동현프라자 205호 (수내동)",031-605-0190,37.377094,127.111953
다나 동물병원,경기도,수원시,"경기도 수원시 영통구 동수원로 400-1, 1층 (매탄동)",031-211-7525,37.264723,127.040476
스마일 동물병원,경기도,오산시,경기도 오산시 내삼미로 83 (수청동),031-375-5975,37.169647,127.065992
대심동물병원,경기도,고양시,"경기도 고양시 덕양구 통일로 753, 도광빌딩 1층 3호 (관산동)",031-962-1588,37.68706,126.866766
웰니스클리닉(청계천점),서울특별시,중구,"서울특별시 중구 청계천로 400, 지하 1층 (황학동, 롯데캐슬베네치아)",02-2234-7585,37.570978,127.021434
24시 블레스동물메디컬센터,경기도,용인시,"경기도 용인시 기흥구 동백3로11번길 9, 201호 (중동)",031-546-0942,37.269701,127.152947
더클래스동물메디컬센터,경기도,성남시,"경기도 성남시 분당구 성남대로 275, A동 101-1호 (정자동, 삼성아데나팰리스아파트)",031-713-7975,37.360862,127.10754
에이드동물병원,서울특별시,강남구,"서울특별시 강남구 논현로 813, 영석빌딩 지하1층,1층 (신사동)",02-545-4975,37.521202,127.027746
영등포아크로 동물병원,서울특별시,영등포구,"서울특별시 영등포구 국회대로54길 10, 근린생활시설 6동 2호 (영등포동7가, 아크로타워 스퀘어)",02-2632-2307,37.524394,126.906753
라이프 동물병원,서울특별시,영등포구,"서울특별시 영등포구 가마산로 442, 상가동 B207, 208호 (신길동, 래미안프레비뉴)",02-832-7975,37.50492,126.908166
한신동물병원(출장전문),경기도,안성시,경기도 안성시 죽산면 죽산초교길 15,,37.075443,127.420309
미소돌봄동물병원,경기도,안산시,"경기도 안산시 상록구 화랑로 534, 113,114호 (성포동, 안산파크푸르지오)",,37.319367,126.847534
24시 라움동물의료센터,경기도,평택시,"경기도 평택시 비전5로 20-24, 더테라스 207,208호 (비전동)",031-692-5022,36.99888,127.113954
다산마리동물병원,경기도,남양주시,"경기도 남양주시 다산순환로 350, KB 골든타워 1층 110호 (다산동)",,37.625776,127.155369
따스한 동물병원,경기도,용인시,"경기도 용인시 기흥구 구성로279번길 17, 1층 (청덕동)",,37.291093,127.141161
24시분당리더스동물의료원,경기도,성남시,"경기도 성남시 분당구 성남대로 45, 계영빌딩 202, 203호 (구미동)",031-711-8275,37.340034,127.108379
이로운 동물병원,경기도,화성시,"경기도 화성시 동탄구 동탄순환대로 253, 203호 (산척동)",031-8055-8075,,
자연앤동물병원,경기도,남양주시,"경기도 남양주시 다산중앙로 109, 205호 (다산동)",031-994-7599,37.622922,127.153443
참동물병원,서울특별시,강서구,"서울특별시 강서구 마곡서로 133, 712동 102-1호 (마곡동, 마곡엠밸리7단지)",26667990,37.565388,126.823458
메종동물병원,서울특별시,중구,"서울특별시 중구 다산로 230, 하나빌딩 1층 (신당동)",02-2038-7555,37.563499,127.015975
다빈치동물병원,경기도,의정부시,"경기도 의정부시 평화로 205, 1층 (호원동)",031-875-7553,37.710249,127.047594
참동물의료센터,경기도,안산시,"경기도 안산시 단원구 고잔로 88, 207-209호 (고잔동)",031-8042-7585,37.318754,126.836041
아이사랑동물병원,서울특별시,강북구,"서울특별시 강북구 삼양로24길 19, 102동 110호 (미아동, 현대성우아파트)",02-946-0011,37.617204,127.022104
원스동물병원,서울특별시,용산구,"서울특별시 용산구 청파로47길 16, 지상1층 (청파동2가)",02-719-8275,37.54498,126.96949
안녕동물병원,경기도,수원시,"경기도 수원시 영통구 광교호수공원로 80, 154호,155호,156(일부)호 (원천동, 광교아이파크)",031-8007-3103,37.274012,127.0612
고래 동물병원,경기도,시흥시,"경기도 시흥시 은계번영길 11, 은계프라자 202, 203, 204호 (은행동)",,37.437423,126.802195
현대종합동물병원,서울특별시,도봉구,"서울특별시 도봉구 도봉로 669, 1층 (방학동)",34918000,37.664402,127.042062
기흥나무동물병원,경기도,용인시,"경기도 용인시 기흥구 기흥로 12, 1층 (구갈동)",,37.277238,127.116259
비포유동물병원,경기도,이천시,경기도 이천시 마장면 중부대로 645,031-638-8803,37.253279,127.407459
바라다동물병원,경기도,의정부시,"경기도 의정부시 평화로 508, 1층 (의정부동)",031-876-7582,37.737426,127.048002
동행동물병원,경기도,김포시,"경기도 김포시 양도로19번길 15, 2층 201,202호 (풍무동)",,,
24시 굿케어동물의료센터,서울특별시,관악구,"서울특별시 관악구 남부순환로 1861, 1층 103호 (봉천동)",02-6956-2475,37.480004,126.956922
애니컴 메디컬센터,서울특별시,중구,"서울특별시 중구 다산로 83-1, 3층 (신당동)",02-2232-9702,37.552074,127.008036
아프리카동물병원,서울특별시,강동구,"서울특별시 강동구 아리수로 421, MIDC빌딩 101호 (강일동)",02-426-7722,37.564628,127.174088
JA 임상병리 동물병원,경기도,안양시,"경기도 안양시 만안구 안양로 150, 지층 (안양동)",031-347-0546,,
아이본 동물병원,서울특별시,광진구,"서울특별시 광진구 자양로 65, 화성빌딩 1층 (자양동)",02-455-5975,37.533631,127.084364
하임동물의료센터,경기도,김포시,"경기도 김포시 양도로19번길 17, 2층 201호 (풍무동)",,,
24시 웰니스 동물 의료센터,경기도,부천시,"경기도 부천시 원미구 부흥로303번길 62, 그린프라자 (중동)",032-201-7575,37.497342,126.775958
수원24시 바른동물의료센터,경기도,수원시,"경기도 수원시 권선구 금곡로 213, 203,204,309호 (금곡동)",031-291-2475,37.274852,126.953644
산내동물병원,경기도,파주시,"경기도 파주시 심학산로423번길 7-33, 준프라자 2층 201호 (목동동)",031-948-6669,37.719432,126.737225
문정힐스 동물병원,서울특별시,송파구,"서울특별시 송파구 법원로4길 10, 힐스테이트에코문정 상가동 1층 120,121호 (문정동)",,,
TLC 동물의료센터,경기도,부천시,"경기도 부천시 원미구 길주로 281, 동화빌딩 (중동)",032-323-2475,37.50381,126.774156
수원 스카이 동물메디컬센터,경기도,수원시,"경기도 수원시 팔달구 인계로 91, 2,3층 (인계동)",031-895-5775,37.26857,127.027772
하나카동물병원,서울특별시,강남구,"서울특별시 강남구 역삼로 138, 동광빌딩 1층 (역삼동)",02-566-5852,37.494226,127.03471
24시루시드동물메디컬센터,서울특별시,강북구,"서울특별시 강북구 월계로 3, 덕신빌딩 4층 (미아동)",02-941-7900,37.609571,127.030631
가온동물병원,서울특별시,양천구,"서울특별시 양천구 등촌로 114, 목동한강팰리스 1층 (목동)",02-2643-2777,37.540162,126.864071
365동판교동물병원,경기도,성남시,"경기도 성남시 분당구 판교역로14번길 20, (주)코레드디엔씨 2층 201호 (백현동)",031-781-7582,37.385477,127.111439
큰동물병원,경기도,포천시,"경기도 포천시 관인면 신교동로 23, 2층",,38.091455,127.2187
조원 동물병원,경기도,수원시,"경기도 수원시 장안구 조원로 78, 1층 (조원동)",031-244-7975,37.300298,127.016847
튼튼동물병원,서울특별시,강남구,"서울특별시 강남구 압구정로 151, 상가 1동 201호 (압구정동, 현대아파트)",02-549-9773,37.526223,127.024479
분당데이지동물병원,경기도,성남시,"경기도 성남시 분당구 내정로 58, 스포라이프 스포츠센타 107호 (정자동)",031-715-3575,37.365387,127.115196
하하동물병원,경기도,광주시,"경기도 광주시 태전동로 25, 퍼스트타워 1층 104호 (태전동)",031-766-3463,37.386765,127.234453
아인스 동물병원,경기도,화성시,경기도 화성시 동탄구 왕배산3길 17 (목동),031-8055-8565,37.181876,127.125168
원동물병원,경기도,광주시,경기도 광주시 경안천로 131 (송정동),031-797-5528,37.41708,127.273728
만세동물병원,경기도,시흥시,"경기도 시흥시 배곧4로 95, 지음프라자 101호 (정왕동)",031-319-7583,37.374248,126.733973
푸른들동물병원,서울특별시,강서구,"서울특별시 강서구 양천로 663-1, 1층 (염창동)",26991222,37.552164,126.870835
S동물의료센터,경기도,화성시,"경기도 화성시 동탄구 동탄지성로 112, 1층 (반송동)",031-8003-3232,37.208827,127.063165
웰니스동물병원(고잔점),경기도,안산시,"경기도 안산시 단원구 광덕대로 194, 스타맥스타워1 A동 602호 (고잔동)",,37.313891,126.831048
위더스 동물메디컬센터 부설 동물보호센터,경기도,여주시,경기도 여주시 여양2로 42(천송동),,37.307954,127.673658
24시 우리 동물병원,서울특별시,노원구,"서울특별시 노원구 상계로24길 7-10, 1층 (상계동)",02-932-8575,37.658262,127.070187
나무동물병원,경기도,화성시,"경기도 화성시 병점구 떡전골로 43, 1층 101-102호 (병점동)",031-226-7582,37.202769,127.035831
동물병원루니,경기도,성남시,"경기도 성남시 분당구 성남대로 151, 분당엠코헤리츠 109-1호 (구미동)",031-719-9545,37.349288,127.108314
도담동물병원,서울특별시,도봉구,서울특별시 도봉구 도봉로 875 (도봉동),,37.682676,127.04554
샤인동물메디컬센터,서울특별시,송파구,서울특별시 송파구 오금로 147 (방이동),02-2088-7775,37.510883,127.111495
콩닥 동물병원,서울특별시,마포구,"서울특별시 마포구 마포대로 127, 풍림브이아이피텔 (공덕동)",02-6383-0303,37.546228,126.952169
이을동물병원,서울특별시,서초구,"서울특별시 서초구 서래로 18, 1층 (반포동)",02-593-7575,37.496417,126.998383
마루동물병원,경기도,평택시,"경기도 평택시 용죽3로 12, 101호 (용이동)",,36.992973,127.125875
24시 쓰담쓰담 동물메디컬 센터,경기도,용인시,"경기도 용인시 기흥구 중부대로 364, 2층 (신갈동)",,37.271239,127.10743
목감시티동물병원,경기도,시흥시,"경기도 시흥시 목감둘레로 253-24, 110호 (조남동)",031-504-7559,37.380944,126.860461
아이웰 동물의료센터,서울특별시,마포구,서울특별시 마포구 백범로 130 (염리동),02-2088-1375,37.546131,126.945119
연서동물종합병원,서울특별시,은평구,"서울특별시 은평구 연서로 162, 1층 (대조동)",02-358-7582,37.613199,126.917872
하니동물병원,서울특별시,양천구,서울특별시 양천구 등촌로 58 (목동),02-2647-1772,37.535128,126.863776
그림책 읽어주는 동물병원,서울특별시,영등포구,"서울특별시 영등포구 당산로36길 12, 111호 (당산동4가, 당산2차삼성아파트)",02-6933-0113,37.527853,126.898432
둘리동물병원,서울특별시,도봉구,"서울특별시 도봉구 도봉로 502, 1층 (창동)",,37.650076,127.035928
산책 동물병원,서울특별시,마포구,서울특별시 마포구 창전로 50-1 (구수동),02-715-7575,37.546858,126.932655
숲속동물병원,경기도,용인시,"경기도 용인시 처인구 남사읍 한숲로 45, 145호",,37.15283,127.170183
청북 햇살동물병원,경기도,평택시,"경기도 평택시 청북읍 안청로2길 33-2, 105,106호",031-684-8779,37.018496,126.917856
메리 동물병원,경기도,수원시,"경기도 수원시 권선구 칠보로 138, 103-2호 (호매실동)",031-296-7582,37.265596,126.953861
배곧코코동물병원,경기도,시흥시,"경기도 시흥시 함송로 15, 화신프라자 104,105호 (정왕동)",031-434-0863,37.364045,126.730269
이루다 동물메디컬센터,경기도,화성시,"경기도 화성시 만세구 남양읍 남양로 839, 헤븐리2프라자 1층 110-112호",031-357-7559,,
24시동탄시티동물의료센터,경기도,화성시,"경기도 화성시 동탄구 동탄지성로 126, 정일프라자 109호, 202호 (반송동)",031-8003-7533,37.209352,127.06181
분당다원동물병원,경기도,성남시,"경기도 성남시 분당구 정자일로 100, 116호 (정자동, 미켈란쉐르빌)",031-711-6775,37.359092,127.106996
잠실 갤러리아 동물병원,서울특별시,송파구,"서울특별시 송파구 올림픽로 212, 지하1층 36-23, 36-24호 (잠실동, 갤러리아팰리스)",,37.511104,127.093919
잠실베스트동물병원 수술재활센터,서울특별시,송파구,"서울특별시 송파구 삼학사로 88, 금보 2층 (석촌동)",02-2203-7975,37.504978,127.097397
헤이븐동물병원,서울특별시,서초구,"서울특별시 서초구 동광로 15, 1층 (방배동)",02-532-5119,37.491053,126.984561
서울종합동물병원,서울특별시,관악구,"서울특별시 관악구 신림로 233, 1층 (신림동)",02-888-8807,37.477232,126.935261
사랑동물병원,서울특별시,강동구,서울특별시 강동구 천중로49길 4 (길동),02-6403-1750,37.541185,127.143048
안성축협동물병원,경기도,안성시,"경기도 안성시 안성맞춤대로 833, 안성축산업협동조합 (계동)",031-8046-8000,36.988686,127.267809
김태화동물병원,서울특별시,강동구,"서울특별시 강동구 천호대로 1186, 원경빌딩 102호 (둔촌동)",02-486-4252,37.533961,127.143228
구자동동물병원,경기도,과천시,"경기도 과천시 별양상가1로 38, 백두빌딩 1층 110호 (별양동)",02-504-7588,37.428165,126.993553
에이스 동물병원,경기도,용인시,"경기도 용인시 수지구 동천로 60, 1층 (동천동)",031-266-2900,37.340343,127.096525
하트펫 동물병원,경기도,용인시,"경기도 용인시 기흥구 탑실로 32, 1층 110, 111호 (공세동)",,37.238947,127.110186
이층애 고양이동물병원,서울특별시,마포구,"서울특별시 마포구 월드컵로 46, 2층 (서교동)",02-3142-7298,37.55338,126.912237
공감＋동물의료센터,경기도,수원시,"경기도 수원시 영통구 중부대로 293-3, 2층 (원천동)",031-214-0025,37.274054,127.047649
신사동물병원,서울특별시,강남구,"서울특별시 강남구 도산대로 206, 진성빌딩 (논현동)",02-549-4505,37.519634,127.029023
달링동물병원,서울특별시,성동구,"서울특별시 성동구 왕십리로 16 (성수동1가, 트리마제)",02-466-8215,37.538824,127.045046
닥터캣 고양이병원,서울특별시,송파구,"서울특별시 송파구 백제고분로 293, 제우빌딩 2층 202호 (석촌동)",02-2039-2575,37.502874,127.098987
24시 수 동물메디컬센터,서울특별시,영등포구,"서울특별시 영등포구 영등포로 85-1, 지층,1,2,3층 (양평동1가)",02-2676-7582,37.522339,126.891169
용문조아동물병원,경기도,양평군,경기도 양평군 용문면 용문로 334,031-771-7585,37.482872,127.591837
비엔동물전문의료센터,경기도,부천시,"경기도 부천시 소사구 경인로 475, 정인빌딩 (괴안동)",032-345-7559,37.483165,126.808376
혜성동물병원,경기도,연천군,경기도 연천군 청산면 학담로 93-2,031-833-1722,37.997586,127.07189
튼튼동물의료센터,경기도,하남시,"경기도 하남시 미사강변동로 82, 서건 미사 메트로타워 2,3층 201~211,311호 (망월동)",031-792-5277,37.562486,127.193576
하이유 동물병원,서울특별시,동대문구,서울특별시 동대문구 전농로 15-3 (답십리동),02-2242-7510,37.56662,127.055908
장수동물의료원,경기도,오산시,"경기도 오산시 성호대로 26, 1층 (오산동)",031-373-0775,37.149213,127.064022
해뜨는 동물병원 해질녘책방,서울특별시,서초구,"서울특별시 서초구 신반포로 257, 뉴타운 지하1층 (잠원동)",02-536-6469,37.50962,127.013278
정 동물병원,경기도,용인시,"경기도 용인시 수지구 만현로 120, SR프라자 112호 (상현동)",031-898-2298,37.30617,127.08469
용인시 동물보호센터,경기도,용인시,"경기도 용인시 처인구 중부대로 1074-1, 용인시 동물보호센터 (삼가동)",031-324-3467,37.24329,127.159397
혜민동물병원,서울특별시,강남구,"서울특별시 강남구 봉은사로57길 59, 대호빌딩 1층 (삼성동)",02-454-8275,37.514602,127.04373
위드 동물병원,서울특별시,서대문구,"서울특별시 서대문구 응암로 76, 102호 (북가좌동)",02-373-7500,37.579642,126.911436
위더스동물의료센터,경기도,오산시,"경기도 오산시 수목원로 466, 성민리치프라자 201,202호 (금암동)",031-373-2975,37.175275,127.050001
라온동물병원,경기도,수원시,경기도 수원시 영통구 동탄원천로1109번길 100 (매탄동),031-215-8588,37.27086,127.053474
서공동물병원,경기도,성남시,"경기도 성남시 분당구 내정로 170, 동신파크빌딩 204호 (수내동)",031-711-2244,37.373452,127.119649
봄사랑 동물병원,서울특별시,강남구,"서울특별시 강남구 압구정로29길 68, 2층 203호 (압구정동, 현대아파트)",02-6951-4327,37.531976,127.028563
한국영양전문동물병원,경기도,광주시,"경기도 광주시 이배재로 356-1, C동 1층 1호 (목현동)",031-761-7675,37.435659,127.220395
심바동물병원,서울특별시,서초구,"서울특별시 서초구 서초대로4길 4, 대진빌딩 1층 (방배동)",02-523-0275,37.48547,126.985213
닥터스종합동물병원,서울특별시,노원구,"서울특별시 노원구 월계로 336, 상천빌딩 1층 (월계동)",02-905-7588,37.62915,127.057846
24시 사람앤동물메디컬센터,경기도,용인시,"경기도 용인시 수지구 포은대로 317, 24시 사람앤동물메디컬센터 (풍덕천동)",031-262-0306,37.315499,127.08733
25시 동물병원,경기도,성남시,경기도 성남시 중원구 산성대로504번길 1 (은행동),031-731-0025,37.456038,127.162957
동물병원 공감,서울특별시,강동구,"서울특별시 강동구 양재대로 1609, 조희빌딩 1층 (천호동)",02-484-7975,37.549273,127.143436
THE힘찬동물병원,경기도,용인시,"경기도 용인시 기흥구 동백죽전대로527번길 98-6, 1층 (중동)",,37.281419,127.144102
에이플러스 동물병원,서울특별시,서대문구,"서울특별시 서대문구 연희로 114, 내풍빌딩 지층 (연희동)",02-3144-7582,37.567863,126.931925
미사서울동물병원,경기도,하남시,"경기도 하남시 미사강변남로 45, 골든브릿지 1동 211호 (망월동)",031-795-6060,37.560154,127.186575
스마트동물병원군자점,서울특별시,광진구,서울특별시 광진구 능동로43길 3-5 (중곡동),02-464-7582,37.56083,127.081236
분당밝은아이동물병원,경기도,성남시,"경기도 성남시 중원구 성남대로997번길 51-16, 1층 (여수동)",031-754-0201,37.417062,127.125946
도래동물병원,경기도,오산시,"경기도 오산시 청학로 250, 1층 104호 (수청동)",031-375-7590,37.170906,127.061071
위례S동물의료센터,서울특별시,송파구,"서울특별시 송파구 위례광장로 200, 에스비트램스퀘어 203,204호 (장지동)",02-431-7575,37.481215,127.142897
마음가득동물병원,경기도,평택시,"경기도 평택시 송탄로 147, 태광 1층 (이충동)",031-667-8275,37.056908,127.058977
드림동물병원,서울특별시,구로구,"서울특별시 구로구 중앙로8길 11, 109동 5호 (고척동, 고척 월드메르디앙)",02-3666-0204,37.502945,126.863147
더조은 동물의료센터,서울특별시,금천구,"서울특별시 금천구 시흥대로 172, 서우빌딩 (시흥동)",,37.449517,126.903311
신세계 동물병원,서울특별시,서초구,"서울특별시 서초구 반포대로 287, 래미안퍼스티지 중심상가 1층 143호 (반포동)",,37.50434,127.000852
웰니스 동물병원,서울특별시,노원구,"서울특별시 노원구 마들로3길 15, 월계이마트 2층 (월계동)",02-949-0975,37.627341,127.061858
미담동물의료센터,경기도,남양주시,"경기도 남양주시 별내3로 334, 다우프라자 2층 (별내동)",031-575-7975,37.667026,127.11711
24시핸즈동물의료센터,경기도,화성시,"경기도 화성시 동탄구 동탄대로 489, 201,202호 (오산동)",031-8677-2115,37.197346,127.09826
수원화성오산축산농협 동물병원,경기도,화성시,경기도 화성시 만세구 팔탄면 노하길 122,031-8059-3797,37.154651,126.847747
수원 오즈동물병원,경기도,수원시,"경기도 수원시 권선구 동수원로177번길 40, 1층 153호154호 (권선동, 수원아이파크시티8단지)",031-232-2727,37.246723,127.030093
알프스동물병원,경기도,광주시,"경기도 광주시 고불로 32, 107호 (중대동)",031-761-1600,37.393806,127.233929
운정호수동물메디컬센터,경기도,파주시,"경기도 파주시 경의로 1114, 에펠타워 202,203호 (야당동)",031-937-8225,37.716626,126.76039
서서울동물병원,서울특별시,강서구,"서울특별시 강서구 양천로 674, 9,10호 (염창동)",36628661,37.551332,126.871083
티움동물병원,경기도,수원시,"경기도 수원시 권선구 서수원로523번길 30-23, 1층 (금곡동)",031-292-7504,37.271356,126.957143
메디 포즈 동물병원,경기도,남양주시,"경기도 남양주시 와부읍 수레로 169, 1층",,37.595307,127.226617
송정동물의료센터,경기도,광주시,"경기도 광주시 탄벌길 7, 태경빌딩 (탄벌동)",031-767-7975,37.419182,127.24583
시흥24시센트럴동물의료센터,경기도,시흥시,"경기도 시흥시 정왕대로 174, 광개토빌딩1 2층 203호 (정왕동)",031-432-2475,37.348053,126.733461
Dr.Mini 하늘다람쥐 전문병원,경기도,파주시,경기도 파주시 꽃창포길 16 (문발동),070-7796-0333,37.71897,126.707913
송파데일리동물병원,서울특별시,송파구,"서울특별시 송파구 법원로 55, 송파아이파크 1층 E204호 (문정동)",02-403-7582,37.479868,127.121748
신천동물병원,서울특별시,송파구,"서울특별시 송파구 석촌호수로 108, 리치빌딩 1층 (잠실동)",02-420-0975,37.507656,127.088852
사랑동물병원,경기도,여주시,경기도 여주시 세종로237번길 1 (교동),,37.277483,127.637931
메르시 동물병원,경기도,성남시,"경기도 성남시 분당구 운중로 255, 티에스로드2 201호 (판교동)",031-707-0701,37.389508,127.091486
더블유동물병원,서울특별시,관악구,서울특별시 관악구 은천로 85 (봉천동),02-883-0007,37.487063,126.944723
분당우리동물의료센터,경기도,성남시,"경기도 성남시 분당구 양현로94번길 19, 새남서울조합상가 202호 (이매동)",031-705-0175,37.391164,127.126218
하남플러스 동물병원,경기도,하남시,"경기도 하남시 하남대로 792-1, 소원빌딩 1층 (신장동)",031-792-8575,37.540699,127.209476
서울동물메디컬센터,경기도,광주시,"경기도 광주시 신현로 89, 1, 2층 (신현동)",031-8022-7582,,
한국동물선진의료연구소(KASMINE) 동물심혈관신장센터,경기도,성남시,"경기도 성남시 분당구 미금로 43, 정운빌딩 1층 (구미동)",031-716-9001,37.337094,127.115965
태일동물치과병원,서울특별시,도봉구,서울특별시 도봉구 해등로 184 (쌍문동),,37.657937,127.036424
유케어종합동물병원,서울특별시,동작구,"서울특별시 동작구 상도로 214, 성은빌딩 1층 (상도동)",02-3280-8275,37.505034,126.942383
드림동물병원,경기도,용인시,경기도 용인시 처인구 경안천로 46 (마평동),031-335-7582,37.237235,127.210625
우랑동물병원(산업동물출장진료전문병원),경기도,가평군,경기도 가평군 가평읍 중촌로 11,,37.833115,127.50888
하트온동물병원,서울특별시,강서구,"서울특별시 강서구 곰달래로 260, 피앤와이빌딩 1층 3호 (화곡동)",26445975,37.531979,126.861805
용인24시 아이온동물메디컬센터,경기도,용인시,경기도 용인시 처인구 중부대로 1307 (역북동),031-334-6125,37.236194,127.190149
늘봄 동물병원,경기도,부천시,경기도 부천시 소사구 소사로 196 (소사본동),032-346-5454,37.47567,126.795765
광진24시필동물병원,서울특별시,광진구,"서울특별시 광진구 광나루로56길 66, 201, 202호 (구의동)",02-446-8175,37.538627,127.095874
24시OK동물병원,서울특별시,강남구,"서울특별시 강남구 도곡로51길 4, 역삼프라자 1층 (역삼동)",02-569-7582,37.495579,127.04981
나인동물의료센터,경기도,화성시,경기도 화성시 동탄구 동탄산척로2가길 5 (산척동),031-376-9909,,
해오름동물병원,경기도,파주시,"경기도 파주시 문산읍 당동2로 11, 104호",031-953-7587,37.867971,126.783961
경희궁 바른 동물병원,서울특별시,종로구,"서울특별시 종로구 송월길 99, 상가동 2층 2229호 (홍파동, 경희궁자이 2단지)",,37.57083,126.963561
봉담우리애동물병원,경기도,화성시,경기도 화성시 효행구 봉담읍 동화새터길 5,031-293-0075,37.223344,126.952801
서울동물의료센터,서울특별시,강남구,"서울특별시 강남구 역삼로 426, 1,2층 (대치동)",02-566-8211,37.501274,127.053642
에버펫동물병원,경기도,성남시,"경기도 성남시 분당구 성남대로 165, 천사의도시1 오피스텔 121호 (금곡동)",031-714-1175,37.350754,127.10829
현대종합동물병원,서울특별시,동대문구,"서울특별시 동대문구 답십리로 293, 1층 (장안동)",02-2212-7596,37.572507,127.073056
동탄스케치동물병원,경기도,화성시,"경기도 화성시 동탄구 지산2길 12-20, 101호 (영천동)",031-373-6307,37.205421,127.112565
해봄동물병원,서울특별시,도봉구,"서울특별시 도봉구 도봉로180길 28, 도봉투웨니퍼스트2단지 (도봉동)",,37.682544,127.047504
서울동물복지지원센터 동물병원,서울특별시,마포구,"서울특별시 마포구 매봉산로 31, S-PLEX CENTER 지하1층 (상암동)",02-2124-2832,37.575638,126.890042
반월동물병원,경기도,안산시,"경기도 안산시 상록구 건건로 117, 101,102호 (건건동)",,37.31131,126.904648
페테리안동물병원,경기도,하남시,"경기도 하남시 미사강변대로226번길 48, A+구산프라자 202호 (망월동)",031-791-0306,37.569791,127.185858
안단테 동물의료센터,서울특별시,강동구,"서울특별시 강동구 양재대로 1603, 약제빌딩 1층 (천호동)",02-476-7582,37.548807,127.143348
아크리스동물의료센터,서울특별시,강남구,"서울특별시 강남구 봉은사로104길 10, 3층 (삼성동, 동화빌딩)",02-583-7582,37.513733,127.06188
위즈펫동물병원,경기도,의정부시,"경기도 의정부시 민락로 210, 4층 (민락동, 이마트)",031-852-7502,37.743161,127.102348
펫스티벌 동물병원,경기도,고양시,경기도 고양시 일산동구 고양대로 885 (풍동),070-4337-5967,37.679093,126.793728
더힐동물의료센터,서울특별시,용산구,"서울특별시 용산구 독서당로 81-1, 아이리스프라자 지상3층 (한남동)",02-792-8275,37.534691,127.009604
런던동물병원,경기도,부천시,경기도 부천시 소사구 경인로 102 (송내동),032-611-0275,37.483772,126.76672
연두동물병원,서울특별시,광진구,서울특별시 광진구 광나루로 524 (구의동),02-455-0975,37.544723,127.087682
로이동물병원,서울특별시,성북구,서울특별시 성북구 아리랑로 27 (동소문동6가),,37.595356,127.015757
올스타동물의료센터,서울특별시,강서구,"서울특별시 강서구 가로공원로 198, 1층 (화곡동, 청파빌딩)",20657582,37.536978,126.837923
가든펫동물병원,서울특별시,은평구,"서울특별시 은평구 증산로9길 26-23, 지하1층 (증산동)",02-373-5555,37.586937,126.908564
나은동물병원,서울특별시,강남구,"서울특별시 강남구 개포로 243, 101호 (개포동, 흥진빌딩)",02-577-7582,37.479167,127.049131
우리덕구동물병원,서울특별시,은평구,"서울특별시 은평구 진관2로 77, 205동 지하1층 B104호 (진관동, 은평뉴타운우물골)",02-6953-8275,37.634564,126.927568
24시배곧스마트동물의료센터,경기도,시흥시,"경기도 시흥시 배곧3로 86, 센터프라자2 206,207,208,209,210,211,212호 (배곧동)",031-432-1224,37.370261,126.72952
일산 클래식 동물병원,경기도,고양시,"경기도 고양시 일산동구 중앙로 1124, 1층 (백석동, 이마트전용관)",031-902-1375,37.647975,126.782447
포레브동물의료센터,경기도,동두천시,경기도 동두천시 행선로 55-1 (지행동),031-858-7975,37.893331,127.060585
날으는 동물병원,서울특별시,마포구,"서울특별시 마포구 마포대로11길 35, 공덕 메디힐스 지하1층 (공덕동)",02-2135-2225,37.548927,126.952166
24시SNC동물메디컬센터,서울특별시,강남구,"서울특별시 강남구 논현로 416, 1층 (역삼동, 운기빌딩)",02-562-7582,37.497425,127.038921
돌봄동물병원,서울특별시,강동구,"서울특별시 강동구 고덕로 133, 2층 (암사동, 강동롯데캐슬퍼스트아파트)",02-426-2775,37.555311,127.140385
송파원동물병원,서울특별시,송파구,"서울특별시 송파구 백제고분로 432, 2층 (송파동)",02-419-7571,37.509254,127.111872
본오365동물병원,경기도,안산시,"경기도 안산시 상록구 석호로 302-1, 1층 (본오동)",,37.293318,126.864145
24시비타민동물메디컬센터,경기도,안양시,"경기도 안양시 동안구 관악대로 267, 1,2층 (비산동)",031-465-7582,37.402691,126.952607
더케이동물병원,서울특별시,동대문구,"서울특별시 동대문구 답십리로 140, 세기프라자 2층 211호 (답십리동)",02-2213-8875,37.572473,127.055642
24시마음든든동물병원,경기도,안양시,"경기도 안양시 만안구 경수대로 1234, 3층 301호 (석수동, 관악센터)",031-474-2475,,
서울샤인동물병원,경기도,용인시,"경기도 용인시 수지구 신봉1로 84, 228,229호 (신봉동, 상록신봉종합상가)",031-261-7582,37.323754,127.076457
국립축산과학원 축산자원개발부 동물병원,경기도,평택시,경기도 평택시 팽성읍 노와2길 48-16,041-580-3409,36.947939,127.096333
강동24시 SKY 동물의료센터,서울특별시,강동구,서울특별시 강동구 천호대로 1122 (성내동),02-472-7579,37.534371,127.135984
양주24시해든동물의료센터,경기도,양주시,"경기도 양주시 부흥로 1938, 오션타워 2층 2~6호 (광사동)",031-848-9111,37.794901,127.078126
야탑서울동물병원,경기도,성남시,"경기도 성남시 분당구 벌말로 33, 206호 (야탑동, 일심조합상가)",031-708-8181,37.411015,127.137907
고덕 고래힐동물병원,서울특별시,강동구,"서울특별시 강동구 아리수로50길 50 (고덕동, 래미안힐스테이트고덕 상가 2층 212,213호)",02-441-5515,37.558949,127.147082
트윈스동물병원,서울특별시,도봉구,서울특별시 도봉구 도봉로110다길 20 (창동),,37.64536,127.0337
24일산우리동물병원,경기도,고양시,"경기도 고양시 일산서구 중앙로 1455 (주엽동, 대우시티프라자)",031-913-5550,37.670913,126.758553
광교 우리들동물병원,경기도,수원시,"경기도 수원시 영통구 에듀타운로 101, 102동 2층 210,211,212호 (이의동, 에듀하임1309오피스텔)",031-256-0075,37.28964,127.044817
24시 숨 동물병원,경기도,수원시,"경기도 수원시 권선구 권선로 715, 1,2(일부)층 (권선동)",031-548-2475,37.258732,127.029614
봄날동물의료센터,경기도,평택시,경기도 평택시 만세로 1842 (비전동),031-8054-7582,37.00482,127.10327
압구정메이트동물병원,서울특별시,강남구,"서울특별시 강남구 압구정로 332 (신사동, 1층,2층)",02-540-6303,37.528206,127.037822
호수동물병원,경기도,시흥시,"경기도 시흥시 월곶해안로161번길 15, 월곶Ⅱ 유호N플러스빌(상가동) 108동 110호 (월곶동)",031-403-0075,37.388829,126.735207
미래동물의료센터,경기도,성남시,"경기도 성남시 분당구 서현로255번길 1, 1층 (서현동)",031-705-2475,37.384576,127.129682
타잔동물병원,경기도,평택시,"경기도 평택시 비전2로 192 (비전동, 메가타워)",031-651-8879,37.000636,127.111848
미엘동물병원,경기도,파주시,"경기도 파주시 청석로 264, 201호 (동패동, 거묵프라자)",031-935-5009,37.725614,126.718265
죽전 쿨펫동물병원,경기도,용인시,"경기도 용인시 수지구 포은대로 552, 3층 (죽전동, 이마트)",031-261-7512,37.325378,127.109931
두암동물병원,서울특별시,양천구,"서울특별시 양천구 목동중앙북로 73, 덕수프라자 2층 (목동)",,37.546873,126.871376
와우 동물병원,서울특별시,마포구,서울특별시 마포구 월드컵북로 167 (성산동),02-375-1963,37.567015,126.909794
보드미동물병원,경기도,구리시,경기도 구리시 갈매중앙로55번길 107 (갈매동),031-572-7571,37.63077,127.116436
그레이트 동물병원,경기도,성남시,"경기도 성남시 분당구 정자로 80, 1층 (정자동, 정자프라자)",031-716-7975,37.363154,127.113787
나은동물병원,경기도,파주시,"경기도 파주시 새꽃로 207 (아동동, 나은동물병원)",031-944-8288,37.765929,126.775302
스칸디동물병원,경기도,성남시,"경기도 성남시 수정구 위례광장로 70, 상가동 2층 201호 (창곡동, 위례 아트리버 푸르지오 1단지)",031-759-7579,37.470403,127.141272
24시 수유 바른펫 동물의료센터,서울특별시,강북구,"서울특별시 강북구 노해로 65, 1, 2층 (수유동, 리안스페이스)",02-903-7582,37.641452,127.022265
쿨펫동물병원 광교이마트점,경기도,수원시,"경기도 수원시 영통구 광교로 191, 3층 (이의동)",031-211-7782,37.296575,127.047706
분당필동물병원,경기도,성남시,경기도 성남시 분당구 금곡로15번길 1 (구미동),031-718-7575,37.343838,127.110754
24시동탄윌동물의료센터,경기도,화성시,"경기도 화성시 동탄구 동탄반석로 156 (반송동, 동탄하이페리온)",031-831-3531,37.202329,127.071554
야당동물병원,경기도,파주시,"경기도 파주시 경의로 1100, 201호 (야당동, 연세프라자)",031-948-7579,37.715337,126.760144
이리온 동물메디컬센터,경기도,남양주시,경기도 남양주시 진접읍 해밀예당3로 167,031-575-9725,37.722707,127.191974
신길 온동물병원,서울특별시,영등포구,"서울특별시 영등포구 신풍로 77, 상가동 C119호 (신길동, 래미안에스티움)",02-848-7975,37.500908,126.913563
강앤정 동물병원,서울특별시,서대문구,"서울특별시 서대문구 가재울미래로 2, 204동 1층 102-2,103-1호 (남가좌동, DMC파크뷰자이)",02-305-7505,37.572258,126.917837
힐링힐스 동물 치과병원,경기도,성남시,경기도 성남시 분당구 동판교로52번길 9-11 (백현동),031-708-0078,37.38738,127.115473
로얄동물암치료센터,서울특별시,중랑구,"서울특별시 중랑구 동일로 640, 지하 2층 (면목동)",02-6215-3416,37.587512,127.080244
고양 우리아이 동물병원,경기도,고양시,"경기도 고양시 덕양구 혜음로 54, 1층 (고양동)",031-965-0079,37.7054,126.902499
24시 더케어 동물의료센터,경기도,구리시,"경기도 구리시 경춘로 294, 1층-3층 (수택동)",031-516-8585,37.603281,127.147349
갈매동물병원,경기도,구리시,"경기도 구리시 갈매중앙로 70, 202호 (갈매동, 이룸넘버원리치안)",031-529-5088,37.63032,127.11706
수원종합동물병원,경기도,수원시,"경기도 수원시 영통구 중부대로 263, 2층 (원천동)",031-214-5527,37.274742,127.044794
훈 동물병원,경기도,부천시,"경기도 부천시 소사구 송내대로 14, 송내역 파인 푸르지오 2단지 (송내동)",032-526-5500,37.48448,126.75407
광교호수 동물병원,경기도,용인시,"경기도 용인시 수지구 광교마을로 91, 102,103호 (상현동)",031-212-7515,37.297752,127.074684
녹양돌봄동물병원,경기도,의정부시,"경기도 의정부시 비우로 100, 1층 (녹양동)",,37.758202,127.037887
웰빙동물병원,경기도,수원시,"경기도 수원시 영통구 웰빙타운로 47, 2층 202호 (이의동)",031-212-5567,37.305106,127.046211
한마음 동물의료센터,경기도,수원시,"경기도 수원시 장안구 수성로 300, 1층 (영화동, 동광빌딩)",031-244-0117,37.291033,127.005117
봄동물병원,경기도,용인시,경기도 용인시 기흥구 서천서로12번길 4-8 (서천동),031-203-4727,37.240528,127.073988
미사늘봄동물병원,경기도,하남시,"경기도 하남시 미사강변북로30번길 104, 1층 (망월동)",031-793-8875,37.568575,127.183914
숲속동물병원,경기도,시흥시,"경기도 시흥시 삼미시장1길 39, 1층 (신천동)",031-317-8275,37.441251,126.781889
조은동물병원,경기도,수원시,"경기도 수원시 팔달구 화양로 21-2, 1층 (화서동)",031-242-7585,37.280147,126.997547
24시 서울 탑 동물병원,서울특별시,양천구,"서울특별시 양천구 신월로 326, 2,3층 (신정동)",02-2601-8875,37.521364,126.857246
김세영 Poultry Clinic「산업동물 출장진료 전문」,경기도,이천시,경기도 이천시 신둔면 경충대로 3166,,37.309075,127.402341
원동물병원,서울특별시,강남구,"서울특별시 강남구 역삼로 459, 한상빌딩 1층 (대치동)",02-555-6835,37.502873,127.057323
365동물병원 분당점,경기도,성남시,"경기도 성남시 분당구 미금일로90번길 32, 125호 (구미동)",,37.348926,127.110464
동물병원 돌봄,경기도,성남시,"경기도 성남시 분당구 서판교로 160, 101호 (판교동, 스타식스밸리)",80165559,37.400263,127.0948
닥터김 동물병원,경기도,수원시,"경기도 수원시 영통구 봉영로 1623, 124호 (영통동, 드림피아빌딩)",031-203-8277,37.255936,127.074696
금천 24시 K동물의료센터,서울특별시,금천구,"서울특별시 금천구 시흥대로 251 (시흥동, 도일산호시티빌)",02-808-2475,37.456118,126.899535
쿨펫동물병원,서울특별시,광진구,"서울특별시 광진구 아차산로 272 (자양동, 이마트 자양점)",02-2024-1253,37.537803,127.072632
24시 글로리 동물병원,서울특별시,금천구,서울특별시 금천구 시흥대로 483 (독산동),02-855-8575,37.476746,126.898288
바론동물병원,서울특별시,동대문구,"서울특별시 동대문구 이문로 136, 2층 208호 (이문동, 이문동 웰츠타워)",02-965-0075,37.598488,127.061895
나을동물병원,서울특별시,동작구,"서울특별시 동작구 사당로 196, 1층 102호 (사당동, 거묵프리미엄 상가)",02-521-5775,37.484929,126.969894
함께하는 동물병원,경기도,용인시,"경기도 용인시 기흥구 마북로 164, A동 1층 1,2호 (마북동, 테라스가든A빌딩)",031-275-6549,37.303947,127.124321
원흥동물의료센터,경기도,고양시,"경기도 고양시 덕양구 도래울로 40, 201호 (도내동, 예승골드프라자)",031-966-3328,37.629365,126.868813
나라동물병원,경기도,동두천시,"경기도 동두천시 정장로 20-6, 3층 (생연동)",,37.9043,127.052757
담은동물병원,서울특별시,은평구,"서울특별시 은평구 통일로 796, 상가동 128호, 228호 (불광동, 북한산 힐스테이트7차)",02-356-9475,37.616532,126.926686
베이동물병원,서울특별시,용산구,"서울특별시 용산구 이촌로 248, 11동 102호 (이촌동, 한강맨션)",02-749-7588,37.51933,126.975027
FM 동물메디컬센터,경기도,고양시,"경기도 고양시 덕양구 화중로 76, 102,103호 (화정동, 대감빌딩)",031-979-7975,37.633931,126.831112
마곡나무 동물병원,서울특별시,강서구,"서울특별시 강서구 마곡중앙1로 72, 1014동 103호 (마곡동, 마곡엠밸리10단지)",26617515,37.559541,126.81935
라움동물병원,경기도,김포시,"경기도 김포시 태장로 820, 101호 (장기동, 엠프라자)",,37.636886,126.677013
오남동물병원,경기도,남양주시,경기도 남양주시 오남읍 진건오남로 865,031-575-7598,37.702431,127.198107
안양비산동물병원,경기도,안양시,"경기도 안양시 만안구 태평로52번길 37, 201호,202호 (안양동)",031-446-6575,,
정다운동물병원,경기도,시흥시,"경기도 시흥시 중심상가로 146, 105호 (정왕동, 한일프라자)",031-498-7582,37.346747,126.731942
이든동물의료센터,서울특별시,영등포구,"서울특별시 영등포구 양평로 5, 1,2층 (당산동5가, 성원빌딩)",02-2635-2475,37.532092,126.90504
파트너 동물의료센터,경기도,화성시,"경기도 화성시 동탄구 동탄순환대로 708, 1동 204호 (영천동)",031-8055-8440,37.207978,127.110423
운정한빛동물병원,경기도,파주시,"경기도 파주시 경의로 1068, 101.201,202호 (야당동, 삼융프라자)",031-944-7179,37.712582,126.759673
여의도 동물병원,서울특별시,영등포구,"서울특별시 영등포구 국제금융로 108, 4층 (여의도동, 미라클빌딩)",02-783-7580,37.518723,126.933559
푸른숲 동물병원,서울특별시,마포구,"서울특별시 마포구 월드컵로 98 (서교동, 서현빌딩 1층)",02-335-7577,37.557401,126.909265
파주24시동물병원,경기도,파주시,"경기도 파주시 교하로 87, 201호 (목동동, 삼성프라자)",,37.727628,126.733934
미사마이펫,경기도,하남시,"경기도 하남시 미사강변한강로158번길 56, 1층 102호 (망월동)",031-795-7590,37.5752,127.189572
파라곤동물병원,서울특별시,광진구,"서울특별시 광진구 광나루로 361, 2동 103호 (군자동, 광진동양파라곤)",02-498-7588,37.548475,127.069726
미사숲동물의료센터,경기도,하남시,"경기도 하남시 미사강변대로 222, 2층 202호 (망월동, 미사중앙프라자)",031-791-7579,37.569504,127.184219
바라봄동물병원,서울특별시,성동구,"서울특별시 성동구 왕십리로 410, 127동 지하층 030호 (하왕십리동, 센트라스)",02-2297-9300,37.56611,127.027647
서울동물병원,경기도,성남시,경기도 성남시 중원구 희망로 442 (금광동),,37.444416,127.157794
다온동물병원,서울특별시,양천구,서울특별시 양천구 중앙로 230 (신정동),02-2643-8204,37.517188,126.854637
동물병원 HADA,경기도,김포시,"경기도 김포시 김포한강8로 398, 204호 (구래동, 지오플러스)",031-8049-8875,37.643192,126.624707
파주365동물의료센터,경기도,파주시,"경기도 파주시 책향기로 573, 2층 206호 (목동동, 월드타워3)",031-945-5365,37.72777,126.734377
오아시스 정형외과 신경외과 동물병원,경기도,수원시,"경기도 수원시 영통구 센트럴타운로 107, 204동 2-06,2-07,2-08,2-09호 (이의동, 광교푸르지오월드마크,월드스퀘어)",031-215-7474,37.291913,127.048377
대치수동물병원,서울특별시,강남구,"서울특별시 강남구 삼성로 212 (대치동, 은마상가 1층 B120, B121)",02-539-3339,37.497418,127.065327
시그니처 동물의료센터,서울특별시,강남구,"서울특별시 강남구 도산대로 213 (신사동, 1층, 지하1층)",02-549-0275,37.520726,127.02998
사단법인 한국동물구조관리협회 동물병원,경기도,양주시,경기도 양주시 남면 감악산로 63-37,031-867-9119,37.87013,126.98324
기흥동물병원,경기도,용인시,"경기도 용인시 기흥구 구성로 111, 102호 (언남동, 채러티디벨로퍼(주))",031-287-9900,37.293466,127.121419
닥터표동물병원,서울특별시,강동구,"서울특별시 강동구 올림픽로 566, 1층 (성내동)",02-484-4063,37.532097,127.121466
참좋은동물병원,서울특별시,은평구,서울특별시 은평구 백련산로 29 (응암동),02-3152-0075,37.588214,126.922459
온빛동물병원,경기도,광명시,경기도 광명시 오리로 352 (소하동),02-898-8971,37.433974,126.879683
김재원 동물병원,경기도,용인시,경기도 용인시 처인구 원삼면 죽양대로 1982,031-322-8875,37.213692,127.322413
강 동물병원,경기도,용인시,경기도 용인시 처인구 백암면 백암로185번길 46,,37.164212,127.371822
보우동물병원,경기도,부천시,경기도 부천시 소사구 양지로171번길 26 (옥길동),032-343-7582,37.468884,126.821933
동물진료법인 넬동물의료재단,경기도,안양시,"경기도 안양시 동안구 시민대로 312, 평촌칼라힐주차빌딩 2층 209~214, 217~219호 (평촌동)",031-421-7579,37.39508,126.964901
펫 파라다이스 동물병원,경기도,파주시,"경기도 파주시 청암로17번길 17, 2층 17호 (목동동)",031-942-7583,37.729526,126.736765
LA동물의료센터,경기도,성남시,"경기도 성남시 수정구 위례광장로 320, 214호 (창곡동, 아이에스센트럴타워)",,37.472358,127.142307
스테이동물병원,서울특별시,성동구,"서울특별시 성동구 매봉길 50 (옥수동, 이편한세상옥수파크힐스)",02-2282-7501,37.548333,127.013891
그레이동물병원 강남점,서울특별시,강남구,"서울특별시 강남구 언주로30길 21, 104, 202호 (도곡동, 아카데미스위트)",02-529-7587,37.488673,127.052102
화도동물병원,경기도,남양주시,"경기도 남양주시 화도읍 먹갓로 3, 2층 201호",031-594-7562,37.654477,127.274794
24시 시유동물메디컬센터,서울특별시,용산구,"서울특별시 용산구 이촌로64길 24, 지상1층 101호 (이촌동)",02-793-0075,37.520008,126.969907
포유동물병원,서울특별시,성북구,서울특별시 성북구 오패산로 22 (하월곡동),,37.604218,127.037743
미사동물병원,경기도,하남시,"경기도 하남시 미사강변중앙로 223, 203호 (망월동)",031-796-7179,37.566605,127.188351
목감동물병원,경기도,시흥시,경기도 시흥시 동서로 1064 (조남동),031-482-7585,37.383886,126.859932
분당24시동물의료센터,경기도,성남시,"경기도 성남시 분당구 야탑로 24, 101호 (야탑동, 덕인빌딩)",,37.40854,127.121617
온유동물병원,경기도,수원시,"경기도 수원시 영통구 센트럴타운로 15, 142호 (이의동, 아이플렉스)",031-211-1313,37.288127,127.057423
포레동물병원,서울특별시,성동구,"서울특별시 성동구 상원길 59, 쌍용아파트상가B동 107호 (성수동1가)",02-468-7975,37.549512,127.04711
동편동물병원,경기도,안양시,"경기도 안양시 동안구 동편로27번길 7, 1층 107,108호 (관양동)",031-426-8661,37.406694,126.972121
뉴에스동물병원,경기도,군포시,"경기도 군포시 산본로343번길 7, 창선빌딩 101,102,지101,102,103호 (산본동)",031-397-0071,37.360739,126.93198
신원동물메디컬센터,경기도,고양시,"경기도 고양시 덕양구 신원로1길 42, 1층 (신원동)",02-381-0507,37.661955,126.888104
올바른동물병원,서울특별시,강동구,"서울특별시 강동구 올림픽로 787, 1층 (암사동, 태성프라자)",02-428-1661,37.55148,127.12772
아람동물병원,서울특별시,영등포구,"서울특별시 영등포구 도신로 225-1, 1층 (신길동, 정일빌딩)",02-835-7975,37.512153,126.915964
개와냥이동물병원,서울특별시,은평구,"서울특별시 은평구 통일로 727-5, 2층 (대조동)",02-352-7275,37.610206,126.929216
애플펫 동물병원,경기도,광주시,경기도 광주시 신현동 태재로 21,031-726-4800,,
금호동물병원,서울특별시,성동구,"서울특별시 성동구 금호로 105, 비201호 (금호동2가, 래미안하이리버 상가동)",02-2281-0049,37.551292,127.024541
바다동물병원(Bada Animal Hospital),서울특별시,용산구,"서울특별시 용산구 서빙고로 67, 지하1층 비21호 (용산동5가, 파크타워)",02-792-2561,37.524274,126.970685
쿨펫동물병원(이마트 중동점),경기도,부천시,"경기도 부천시 원미구 석천로 188, (주)신세계이마트중동점 (중동)",032-325-9617,37.504053,126.763967
딜리동물병원,경기도,성남시,"경기도 성남시 분당구 성남대로 884-9, 101호 (야탑동, 라비앙오피스텔)",,37.409068,127.129262
나라동물병원,경기도,의정부시,"경기도 의정부시 오목로 215, 1층 104호 (민락동, 송림프라자)",031-852-7550,37.74551,127.099061
스마트동물병원 성북길음점,서울특별시,성북구,"서울특별시 성북구 길음로13길 22, 103호, 104호 (길음동, 길음7구역두산위브아파트)",,37.609776,127.018829
수호 동물병원,경기도,김포시,"경기도 김포시 사우중로 89, 1층 (북변동, 명승프라자)",031-986-7119,37.622663,126.721186
아띠동물병원,경기도,김포시,"경기도 김포시 김포한강4로 113, 1층 106호 (장기동, 신한프라자)",031-985-6125,37.644047,126.668265
이룸동물병원,경기도,안양시,"경기도 안양시 동안구 시민대로 311, 금강스마트빌딩 2층 211호 (관양동)",031-381-0166,37.396105,126.964674
안중동물병원,경기도,평택시,"경기도 평택시 안중읍 안현로서9길 5, 2층",031-683-8764,36.976774,126.923533
압구정동물의료센터,서울특별시,강남구,"서울특별시 강남구 압구정로 226, 성수빌딩 103호 (신사동)",02-547-7588,37.528661,127.032554
온바른동물의료센터,경기도,광주시,"경기도 광주시 파발로 107, 남성빌딩 (경안동)",031-762-8875,37.413469,127.258818
마루동물병원,서울특별시,송파구,"서울특별시 송파구 양산로4길 13, 우토 파크빌딩 (거여동)",02-443-8898,37.489984,127.144756
수서동물병원,서울특별시,강남구,"서울특별시 강남구 광평로 196, 1층 109호 (수서동, 제이스프라자)",02-459-5955,37.484082,127.0939
밀리언동물병원,서울특별시,양천구,서울특별시 양천구 신월로 320 (신정동),02-2061-5277,37.521324,126.856465
월천동물병원 (출장전문),경기도,안성시,경기도 안성시 보개면 양협길 29-67,031-674-4432,37.012285,127.322236
도란도란동물병원,경기도,안산시,경기도 안산시 상록구 용신로 266 (사동),,37.303017,126.851928
쿨펫동물병원,경기도,군포시,"경기도 군포시 산본로 347, 5층 (산본동, 이마트백화점)",031-398-0075,37.361122,126.931503
하남숲동물병원,경기도,하남시,"경기도 하남시 신장로 202, 1층 (덕풍동)",070-4624-0075,37.543196,127.19895
해밀동물병원,경기도,고양시,경기도 고양시 일산동구 고양대로 1139 (식사동),031-966-2777,37.665465,126.815855
곤지암동물병원,경기도,광주시,경기도 광주시 곤지암읍 곤지암로 70-14,031-769-5675,37.350109,127.338433
VIP동물의료센터 서초동작점,서울특별시,서초구,"서울특별시 서초구 동작대로 36, 1,2층 (방배동, 대광빌딩)",02-525-3102,37.479674,126.982156
마리동물병원,경기도,부천시,"경기도 부천시 오정구 여월로 66, DS타워 (여월동)",,37.511527,126.805896
위례나무동물병원,경기도,성남시,"경기도 성남시 수정구 위례동로 147, 106호 (창곡동, 위례건아타워)",031-778-8738,37.472673,127.150098
솔 동물의료센터,경기도,군포시,"경기도 군포시 고산로 529, A.B동 114호 (산본동, 금강2차아파트)",031-345-4500,37.360859,126.922564
페로페라동물병원,경기도,고양시,"경기도 고양시 일산동구 위시티2로11번길 16, 글라스프라자 202호 (식사동)",031-969-8586,37.677328,126.812569
위즈펫동물병원,경기도,안양시,"경기도 안양시 동안구 관악대로 104, 2층 (비산동, 리홈안양이마트)",031-381-7512,,
조아동물병원,서울특별시,금천구,"서울특별시 금천구 금하로1라길 35, 1층 (독산동)",02-807-1616,37.453795,126.890377
펫인쥬동물메디컬센터,경기도,의정부시,"경기도 의정부시 호국로 1336, 탑빌딩 2층 (의정부동)",031-851-0901,37.744056,127.052343
송파스마일동물병원,서울특별시,송파구,서울특별시 송파구 새말로5길 17 (문정동),02-448-7588,37.484158,127.123962
아이유동물메디컬센터,경기도,성남시,"경기도 성남시 수정구 위례광장로 5, 남위례역아이파크 301, 302호 (창곡동)",,37.465052,127.14163
김기혁 동물병원,경기도,평택시,"경기도 평택시 통복길 5, 2층 201~202호 (통복동, 평택역경남아너스빌디아트)",031-618-8275,36.997818,127.082034
송파바로동물병원,서울특별시,송파구,"서울특별시 송파구 새말로 125, 어은회관 (문정동)",02-400-8575,37.483167,127.12805
김민성 동물병원,경기도,광명시,"경기도 광명시 광덕산로 5, 종합상가동 112호 (철산동)",02-2686-7582,37.472219,126.86912
고려종합동물병원,서울특별시,강서구,"서울특별시 강서구 양천로57길 10-20, 102호 (가양동, 이스타빌Ⅰ)",02-3661-8200,37.562622,126.853015
24시 나음동물의료센터,경기도,고양시,"경기도 고양시 일산동구 백마로 223, 103~4호 (장항동, 현대 에뜨레보)",031-906-7975,37.655044,126.774499
방주동물의료센터,서울특별시,강동구,"서울특별시 강동구 양재대로 1299, 1층 (성내동)",02-476-3927,37.522454,127.133651
아이비동물병원,경기도,김포시,"경기도 김포시 김포한강7로22번길 174-152, 1층 (마산동)",031-986-7588,37.643399,126.640422
독산온동물병원,서울특별시,금천구,"서울특별시 금천구 독산로 225, 1층 (독산동)",,37.467019,126.901507
청담눈초롱안과동물병원,서울특별시,강남구,"서울특별시 강남구 도산대로 412, 남강빌딩 7층 (청담동)",02-512-7566,37.522962,127.040708
스마트동물병원(병점점),경기도,화성시,"경기도 화성시 병점구 효행로 1018, 4~6층 (진안동)",031-239-7582,37.212493,127.039005
24시해든동물메디컬센터,경기도,부천시,"경기도 부천시 원미구 신흥로 190, 위브더스테이트 (중동)",032-715-7579,37.501403,126.77721
굿데이동물병원,경기도,성남시,"경기도 성남시 분당구 불곡로 4 (정자동, 리더스프라자)",031-718-8276,37.359408,127.122944
리버풀동물병원,경기도,파주시,"경기도 파주시 중앙로 255 (금촌동, 금남빌딩)",031-945-7297,37.758938,126.777815
키움 동물병원,서울특별시,노원구,"서울특별시 노원구 노원로1길 9 (공릉동, 해중빌딩)",02-949-7582,37.622192,127.086393
퍼스트동물병원,경기도,화성시,경기도 화성시 동탄구 외삼미로 166 (반송동),031-8003-7596,37.199462,127.061736
맘스동물의료센터,경기도,부천시,"경기도 부천시 원미구 길주로 80, 로얄타워 (상동)",032-229-8275,37.50526,126.751191
바로 동물병원,경기도,부천시,경기도 부천시 원미구 원미로 88-2 (원미동),,37.490515,126.790553
스마트동물병원,서울특별시,동대문구,"서울특별시 동대문구 한천로 164, 1층 (장안동)",02-2242-0175,37.575513,127.067678
24시 온누리동물메디컬센터,경기도,안산시,"경기도 안산시 단원구 안산천서로 23, 중앙하이츠빌 3층 (고잔동)",,37.318227,126.84191
도그파파,경기도,광주시,경기도 광주시 곤지암읍 광여로 779-2,031-767-0175,37.382142,127.405036
닥터페티앙동물병원,경기도,용인시,경기도 용인시 처인구 명지로 185 (남동),031-335-7578,37.226539,127.195872
어울림동물병원,경기도,용인시,"경기도 용인시 수지구 신봉2로 115-46, 1층 (신봉동)",031-548-2911,37.329183,127.069276
24시 폴 동물병원,경기도,성남시,"경기도 성남시 분당구 성남대로 385, 102호 (정자동, 분당클리닉빌딩)",,37.370566,127.107487
이매 동물병원,경기도,성남시,"경기도 성남시 분당구 성남대로779번길 17, 1층 (이매동, 포티스빌딩)",,37.3989,127.126415
하임동물병원,경기도,용인시,경기도 용인시 수지구 포은대로 450 (풍덕천동),031-898-4300,37.322273,127.100218
닥터K동물병원,경기도,안산시,"경기도 안산시 단원구 초지2로 67, 한미타워 110호 (초지동)",,37.306555,126.81603
보담동물병원,서울특별시,중랑구,"서울특별시 중랑구 용마산로 434 (면목동, 청파빌딩)",02-494-7775,37.589951,127.097404
스마트동물병원,서울특별시,노원구,"서울특별시 노원구 노원로 470, 1층 (상계동, 금녕빌딩)",02-952-7582,37.658461,127.065759
우리펫동물병원,경기도,안산시,"경기도 안산시 단원구 신길로 8, 1층 104-1호 (신길동)",,37.33089,126.78683
소망 동물병원,경기도,고양시,"경기도 고양시 일산동구 위시티2로 13, 102호 (식사동)",,37.676623,126.81217
이로동물의료센터,서울특별시,관악구,"서울특별시 관악구 남부순환로 1678, 1, 2층 (신림동)",02-887-1575,37.484212,126.93682
로얄 도그앤캣 메디컬센터,서울특별시,광진구,"서울특별시 광진구 능동로 49 (자양동, 영지빌딩)",,37.535814,127.068334
프라임동물병원,경기도,구리시,"경기도 구리시 장자대로 76 (수택동, 이우프라자)",031-566-2475,37.587293,127.138973
견우동물병원,경기도,광주시,"경기도 광주시 태봉로 26, 101호 (태전동, 대한상가)",,37.391022,127.230129
유앤미동물병원,경기도,용인시,"경기도 용인시 기흥구 서천로127번길 3-3, 105호 (서천동)",031-235-0075,37.236807,127.072443
제인동물병원,서울특별시,성동구,서울특별시 성동구 뚝섬로 395 (성수동2가),02-468-7582,37.539049,127.05469
둘레길동물병원,서울특별시,은평구,"서울특별시 은평구 연서로 317 (불광동, 동윤빌딩)",02-354-7544,37.623756,126.927698
밴스(vans)동물병원,경기도,화성시,"경기도 화성시 동탄구 지산1길 18-24, 1층 (영천동)",,,
돌봄동물병원,경기도,고양시,경기도 고양시 일산서구 하이파크2로 42 (덕이동),031-911-7585,,
경인동물의료센터,서울특별시,영등포구,"서울특별시 영등포구 경인로114길 6, 202호, 상가301호 (영등포동1가, 여의도 이튼브라운)",02-571-8275,37.518436,126.913198
허브동물병원,서울특별시,구로구,"서울특별시 구로구 구일로10길 27, SK허브수 B동 2층 5호 (구로동)",02-6734-7500,37.495881,126.872723
나은동물병원,경기도,의정부시,경기도 의정부시 회룡로 178 (장암동),031-876-7511,37.726383,127.053456
오석헌동물병원,서울특별시,성동구,"서울특별시 성동구 매봉길 13, 1층 420호 (옥수동, 래미안옥수리버젠상가)",02-6402-0301,37.54496,127.013846
부영 동물병원,경기도,남양주시,"경기도 남양주시 다산중앙로123번길 22-8, 리더스퀘어 604호 (다산동)",031-565-7582,37.62428,127.151004
앙리동물병원,서울특별시,성북구,"서울특별시 성북구 성북로 66, 1층 (성북동)",,37.593458,127.001717
바른동물병원,서울특별시,중구,"서울특별시 중구 퇴계로 447, 1층 131호 (황학동, 황학 아크로타워)",02-2232-7975,37.566172,127.021909
광화문동물병원,서울특별시,종로구,"서울특별시 종로구 자하문로 35-3, 씨에스코즈빌 101호 (통인동)",,37.579043,126.971163
아프리카동물병원,경기도,안성시,"경기도 안성시 공도읍 진사길 8, 서안성농업협동조합서부지점 102호",,36.993206,127.137805
운정24시동물의료센터,경기도,파주시,"경기도 파주시 미래로 371, 2층 203호 (동패동)",,37.711082,126.74584
서울햇빛동물병원,서울특별시,은평구,"서울특별시 은평구 진관2로 67, 202동 B층 01호 (진관동, 은평뉴타운우물골아파트)",02-387-8275,37.634583,126.924552
24시 산들산들 동물병원,서울특별시,마포구,"서울특별시 마포구 마포대로16길 7, 영지빌딩 2층 (아현동)",02-393-3588,37.550975,126.956532
청계종합동물병원,경기도,의왕시,"경기도 의왕시 양지편2로 3, 세종프라자 (청계동)",031-424-7580,37.390131,126.994841
죽전예담동물병원,경기도,용인시,"경기도 용인시 수지구 대지로 58 (죽전동, 선진포리스트)",031-264-7502,37.328668,127.11542
Dr.dog동물의료센터,경기도,고양시,경기도 고양시 일산동구 일산로394번길 5-9 (정발산동),031-932-0075,37.67063,126.781066
24시스마일동물의료센터동물병원,경기도,이천시,"경기도 이천시 구만리로 177, 다나빌딩 2, 3층 (진리동)",031-633-7582,37.273107,127.452692
운정힐링 동물병원,경기도,파주시,"경기도 파주시 와석순환로 70 (야당동, 신운정프라자2)",,37.710491,126.751534
개포별빛동물병원,서울특별시,강남구,"서울특별시 강남구 논현로 70, 1층 (개포동, 동성빌딩)",,37.476443,127.046319
꾸러기동물병원,경기도,과천시,"경기도 과천시 별양상가2로 20, 124호 (별양동, 새서울쇼핑)",02-502-7509,37.426827,126.992559
닥터 호오 동물병원,서울특별시,마포구,"서울특별시 마포구 대흥로 24 (용강동, 서강빌딩(1~2층))",02-715-0075,37.543034,126.93788
용인도담동물병원,경기도,용인시,경기도 용인시 기흥구 평촌1로2번길 6 (동백동),031-548-2526,37.284559,127.153532
조이동물병원 제니스점,경기도,고양시,"경기도 고양시 일산서구 일현로 97-11 (탄현동, 일산 위브더제니스)",031-925-1175,37.694255,126.762747
한동물병원 (출장진료 전문),경기도,평택시,경기도 평택시 오성면 숙성시장길 65 (명성빌라),031-692-2250,37.008585,126.984904
사랑동물병원,경기도,연천군,경기도 연천군 전곡읍 전곡로 140,,38.024726,127.069144
조이동물의료센터,경기도,안산시,"경기도 안산시 단원구 화랑로 103, 라성프라자 C동 2층 201호 (원곡동)",,37.3272,126.801026
양주동물병원,경기도,양주시,"경기도 양주시 은현면 백은로 806, 다동 2호",,37.861187,127.011731
오즈동물병원,서울특별시,서대문구,"서울특별시 서대문구 증가로 150, 100동 B209, B210호 (남가좌동)",02-305-5975,37.579132,126.920668
카페거리 동물병원 동행,경기도,수원시,"경기도 수원시 영통구 센트럴파크로127번길 32, 지하,1층 (이의동)",031-211-7550,37.295001,127.054557
365 마음동물병원,서울특별시,구로구,"서울특별시 구로구 오리로 1286, 2층 (궁동)",02-2611-5223,37.496279,126.830023
방학동물외과센터,서울특별시,도봉구,"서울특별시 도봉구 도봉로 723, 3층 (방학동)",34940075,37.669095,127.043201
키다리동물병원,서울특별시,송파구,"서울특별시 송파구 새말로 62, 송파 푸르지오시티 110호 (문정동)",02-6401-1512,37.480764,127.121248
어울림동물병원,서울특별시,서대문구,"서울특별시 서대문구 가재울미래로 2 (남가좌동, DMC파크뷰자이)",02-305-4242,37.572258,126.917837
탑 동물병원,경기도,남양주시,"경기도 남양주시 도농로 71 (도농동, 부영사랑으로7단지아파트)",031-553-7585,37.610944,127.155585
타임즈 동물의료센터,경기도,수원시,"경기도 수원시 팔달구 경수대로 486, 1,2,3층 (인계동)",031-232-3500,37.269291,127.028076
굿모닝동물병원,서울특별시,강남구,"서울특별시 강남구 학동로 413 (청담동, 청담빌딩)",02-548-5466,37.51821,127.045182
현대동물의료센터,경기도,의정부시,"경기도 의정부시 충의로 49 (용현동, 용운빌딩)",031-852-3119,37.736112,127.087413
이진수고양이병원,경기도,성남시,경기도 성남시 분당구 판교공원로5길 15 (판교동),,37.390133,127.089817
구름동물병원,서울특별시,양천구,"서울특별시 양천구 신정이펜2로 22, 203호 (신정동, 신정프라자)",26948275,37.512899,126.832551
동탄중앙동물병원,경기도,화성시,"경기도 화성시 동탄구 동탄대로시범길 146, 201호 (청계동)",031-373-7524,,
양지종합동물병원,경기도,용인시,경기도 용인시 처인구 양지읍 중부대로 2219,031-338-7588,37.233548,127.286663
마송동물병원,경기도,김포시,"경기도 김포시 통진읍 조강로 36, 104호",,37.689494,126.60161
24시위드동물병원(정왕동동물의료센터),경기도,시흥시,"경기도 시흥시 정왕대로 230, 1층 107호 (정왕동, 제일프라자)",031-488-8075,37.344958,126.738475
백현 동물병원,경기도,성남시,"경기도 성남시 분당구 동판교로52번길 6, 외 1필지(분당구 동판교로52번길 8) 1층 (백현동)",,37.387499,127.114214
사랑우리 愛 동물병원,경기도,구리시,경기도 구리시 동구릉로 99 (인창동),,37.608795,127.134926
율전동물병원,경기도,수원시,"경기도 수원시 장안구 율전로 98, 1층 (율전동)",031-291-2830,37.298074,126.968936
해솔동물병원,경기도,화성시,"경기도 화성시 동탄원천로 354-11, 106~107호 (능동)",80037595,,
영주동물병원,경기도,광주시,경기도 광주시 파발로151번길 4-2 (경안동),,37.414058,127.253616
파리스동물병원,서울특별시,양천구,"서울특별시 양천구 목동서로 100, 상가동 105, 204호 (목동, 목동신시가지아파트3단지)",26448878,37.534359,126.872949
꼬마동물병원,서울특별시,강북구,"서울특별시 강북구 삼양로117길 5, 1층 (수유동)",02-993-8266,37.643395,127.0157
청려원동물병원,경기도,수원시,"경기도 수원시 팔달구 정조로 751-7, 1(일부),2(일부층 (중동)",031-242-2078,37.27512,127.016007
누리동물병원,경기도,하남시,"경기도 하남시 대청로 50-1, 상가동 1층 101호 (신장동, 백송한신아파트)",,37.539508,127.217759
독립문동물병원,서울특별시,서대문구,서울특별시 서대문구 통일로 171-1 (냉천동),02-733-5060,37.569093,126.963197
본 동물의료센터,경기도,수원시,"경기도 수원시 장안구 경수대로 937, 블루버드 빌딩 (송죽동)",031-248-8275,37.302194,127.007512
송정동물메디컬센터,서울특별시,강서구,서울특별시 강서구 공항대로 39 (공항동),26610530,37.561563,126.811697
넬 동물의료센터,서울특별시,성북구,서울특별시 성북구 오패산로 75-1 (하월곡동),02-6925-4347,37.608807,127.035782
홍익메디칼동물병원,경기도,화성시,"경기도 화성시 만세구 우정읍 조암북로57번길 1, 1층",031-358-0200,37.086357,126.820197
동물자유연대 부속 동물병원,경기도,남양주시,경기도 남양주시 화도읍 경춘로2394번길 49,031-523-3013,37.656885,127.355518
포근한동물병원,경기도,고양시,"경기도 고양시 덕양구 동세로 63, 103호 (삼송동, 강남프라자)",02-381-7963,37.648238,126.884232
새봄동물병원,경기도,수원시,"경기도 수원시 영통구 봉영로 1569, NEW WORLD PLAZA 1층 121호 (영통동)",031-205-9975,37.252069,127.071007
스마트동물병원 강동암사점,서울특별시,강동구,서울특별시 강동구 고덕로 110 (암사동),02-442-8875,37.554528,127.137475
햇빛동물병원,경기도,남양주시,경기도 남양주시 덕송2로6번길 28-11 (별내동),,37.666032,127.117166
선릉동물병원,서울특별시,강남구,"서울특별시 강남구 선릉로 533, 연안이씨빌딩 1층 (역삼동)",,37.50687,127.046757
아띠동물의료센터,서울특별시,동대문구,서울특별시 동대문구 사가정로 51 (전농동),02-6242-8275,37.573741,127.052333
Wiz-Pet 동물병원,경기도,고양시,경기도 고양시 일산동구 중앙로 1036 (백석동),,37.643234,126.789699
쿨펫동물병원 킨텍스로점,경기도,고양시,"경기도 고양시 일산서구 킨텍스로 171 (대화동, 이마트킨텍스점)",031-911-9975,37.66157,126.744084
온마음 동물메디컬센터,서울특별시,송파구,"서울특별시 송파구 오금로 473, 정림빌딩 1층 (거여동)",02-449-0075,37.494586,127.141926
마석동물병원,경기도,남양주시,경기도 남양주시 화도읍 마석로 90,031-551-8275,37.658753,127.305246
H 동물병원,서울특별시,강북구,"서울특별시 강북구 삼양로27길 35-21, 미아프라자 106호 (미아동)",02-984-7588,37.617949,127.018939
공항 동물병원,서울특별시,강서구,서울특별시 강서구 개화동로27가길 27 (방화동),26638520,37.563024,126.807356
고덕24시 동물병원,서울특별시,강동구,"서울특별시 강동구 동남로 877, 1층 106호 (명일동, 한화오벨리스크스위트)",02-6227-8275,37.55198,127.155804
헬릭스동물메디컬센터,서울특별시,서초구,"서울특별시 서초구 신반포로 162 (반포동, 르본시티 2층)",02-2135-9119,37.504889,127.002091
압구정웰동물병원,서울특별시,강남구,"서울특별시 강남구 압구정로 108 (신사동, 덕산빌딩 203호 )",34430275,37.52292,127.020579
Dr. 오즈 동물병원,경기도,성남시,"경기도 성남시 분당구 분당로263번길 39, 109호 (서현동, 레이디파크)",,37.372026,127.140158
우리동생 동물병원,서울특별시,마포구,서울특별시 마포구 월드컵북로 92 (성산동),02-335-3333,37.561872,126.915193
메인동물병원,서울특별시,노원구,"서울특별시 노원구 동일로 1025, 1층 (공릉동)",02-979-8575,37.621593,127.073962
가람동물병원,서울특별시,강동구,"서울특별시 강동구 성내로 36, 예원빌딩 (성내동)",02-484-5502,37.529034,127.124201
바른걸음 외과 동물병원,경기도,광명시,"경기도 광명시 하안로 314, 1층 (하안동)",02-6085-4777,37.46357,126.879177
내곁에동물병원,경기도,의정부시,"경기도 의정부시 민락로 195, 중흥s클래스 1층 113, 114호 (민락동)",,37.742829,127.100354
삼송사랑 동물의료센터,경기도,고양시,"경기도 고양시 덕양구 삼송로 92 (삼송동, 우영프라자 2층)",02-388-8275,37.650827,126.884361
보라종합동물병원,경기도,용인시,경기도 용인시 기흥구 민속촌로 8 (보라동),031-893-6119,37.25498,127.105813
삼송동물의료센터,경기도,고양시,경기도 고양시 덕양구 삼송로205번길 15 (삼송동),02-381-9658,37.654477,126.896129
위즈펫동물병원,경기도,수원시,"경기도 수원시 영통구 센트럴타운로 85 (이의동, Summit place 광교)",031-213-0053,37.290673,127.050515
메타 동물의료센터,경기도,화성시,"경기도 화성시 동탄구 메타폴리스로 53, 스타프라자 4층 402~406호 (반송동)",031-831-5508,37.202194,127.07319
즐거운동물병원,경기도,용인시,"경기도 용인시 수지구 성복2로 100, 113호 (성복동, 예반아이엔프라자)",031-272-7583,37.315489,127.075472
해담은동물병원,경기도,용인시,"경기도 용인시 수지구 성복1로 106, 107호 (성복동, 벽산프라자)",031-892-7775,37.316746,127.068289
맘동물병원,경기도,수원시,"경기도 수원시 영통구 센트럴타운로 85, cb12호 (이의동, Summit place 광교)",031-548-1175,37.290673,127.050515
펫츠나라 동물병원,경기도,시흥시,"경기도 시흥시 수인로 3376-1, 1층 (신천동)",031-314-0706,37.441283,126.783884
아름드리동물병원,경기도,수원시,"경기도 수원시 영통구 법조로149번길 104, 1층 (하동)",031-213-7514,37.293726,127.068618
봄나래 재활 한방 동물병원,경기도,수원시,경기도 수원시 영통구 센트럴파크로127번길 166(이의동),031-217-9559,37.294607,127.056046
보바인 동물병원,경기도,화성시,"경기도 화성시 만세구 향남읍 행정서로2길 2-19, 101호",,37.130421,126.914203
아시아동물병원,경기도,화성시,"경기도 화성시 만세구 양감면 은행나무로 224, 1층",,37.079187,126.942163
하은동물병원,경기도,용인시,경기도 용인시 기흥구 민속촌로 43 (보라동),031-286-8999,37.255305,127.109781
중앙동물병원,경기도,성남시,경기도 성남시 수정구 수정로 139 (태평동),,37.442269,127.135585
송담동물병원,경기도,평택시,경기도 평택시 안중읍 안현로서8길 35-4 (101호),031-686-7975,36.979196,126.921416
원종동물병원,경기도,부천시,경기도 부천시 오정구 소사로 793 (원종동),,37.526967,126.804483
의정부 24시 IU 동물병원,경기도,의정부시,경기도 의정부시 태평로 52 (의정부동),031-871-7588,37.736996,127.051666
행복플러스동물병원,경기도,파주시,"경기도 파주시 와석순환로 431, 105호 (와동동, 신운정프라자)",031-949-1275,37.723649,126.753145
예 동물병원,경기도,고양시,"경기도 고양시 덕양구 도래울로 52 (도내동, 센터프라자 104호)",,37.630366,126.869496
강남다온동물병원,서울특별시,강남구,"서울특별시 강남구 도곡로 174, 1,2층 (도곡동)",02-576-1239,37.491334,127.038477
동주동물병원,경기도,안양시,"경기도 안양시 동안구 경수대로 446, 이편한세상아파트 22동 C상가 202호, 203호 (호계동)",031-455-7588,37.363819,126.962413
힐스타동물병원,서울특별시,강남구,"서울특별시 강남구 자곡로 204-5, 강남 지웰홈스 108-109호 (자곡동)",02-445-5022,37.474279,127.105402
세계로동물의료센터,서울특별시,관악구,"서울특별시 관악구 남부순환로 1497, 1,2층 (신림동)",02-868-3931,37.482598,126.917034
양하무역산업동물병원(출장전문),경기도,안성시,경기도 안성시 죽산면 용설로 429-12,1566-4343,37.047163,127.440866
24시 강서 젠틀리동물의료센터,서울특별시,강서구,"서울특별시 강서구 마곡중앙1로 72, 101호 (마곡동, 마곡엠밸리10단지)",02-2662-8111,37.559541,126.81935
좋아서하는 동물병원,서울특별시,용산구,"서울특별시 용산구 백범로 341, B동 지상1층 113,114호 (원효로1가, 리첸시아 용산)",02-703-0075,37.538276,126.967363
삼성동물병원,경기도,안산시,경기도 안산시 단원구 원선로 57 (원곡동),,37.32982,126.798634
드림동물병원,서울특별시,강남구,"서울특별시 강남구 역삼로 233, 신성빌딩 1층 (역삼동)",02-508-7583,37.497486,127.041975
쿨펫동물병원,경기도,김포시,"경기도 김포시 김포한강7로 71 (구래동, 이마트 김포한강점 2층)",031-997-7588,37.644437,126.62823
가로수동물병원,서울특별시,강남구,"서울특별시 강남구 압구정로 134, 1층 (신사동)",,37.524361,127.023452
치료멍멍동물병원,서울특별시,강남구,"서울특별시 강남구 언주로172길 11, 1층 (신사동)",,37.527949,127.03478
도곡종합동물병원,서울특별시,강남구,"서울특별시 강남구 언주로 314, 105호 (역삼동)",,37.495955,127.046657
마더스동물병원,서울특별시,강남구,"서울특별시 강남구 헌릉로 569, 202-1호 (세곡동, 강남리더스프라자)",,37.465782,127.101191
삼송동물병원,경기도,고양시,경기도 고양시 덕양구 삼송로 154-1 (삼송동),,37.652575,126.891056
이비치 동물치과병원,서울특별시,강남구,"서울특별시 강남구 선릉로 756, 2층 (청담동, 대성빌딩)",02-511-2842,37.522265,127.039668
서서울호수동물병원,서울특별시,양천구,"서울특별시 양천구 남부순환로 421, 1층 (신월동)",69598448,37.530292,126.832419
강서YD동물의료센터,서울특별시,강서구,서울특별시 강서구 화곡로 371 (등촌동),02-518-7500,37.556966,126.852176
군포굿닥터동물병원,경기도,군포시,"경기도 군포시 고산로 242, 1층 (당동)",031-391-7533,37.346078,126.945597
꿈이크는 동물병원,서울특별시,송파구,"서울특별시 송파구 백제고분로 115, 그린빌딩 1층 (잠실동)",02-420-7580,37.506878,127.079994
앞선동물병원,경기도,고양시,경기도 고양시 덕양구 신원로1길 48 (신원동),,37.661803,126.88783
지중해동물병원,경기도,부천시,"경기도 부천시 원미구 길주로 275, 중동프라자 (중동)",,37.503918,126.77333
서울동물병원,서울특별시,광진구,"서울특별시 광진구 천호대로 623-1, 1층 (중곡동)",20388253,37.554553,127.087076
스타동물병원,경기도,남양주시,"경기도 남양주시 별내2로 64, 202호 (별내동)",031-528-8575,37.646437,127.124905
대현동물병원,서울특별시,양천구,"서울특별시 양천구 목동중앙본로 100, 101호 (목동)",26511855,37.544475,126.870895
행복이 있는 동물병원,서울특별시,중랑구,"서울특별시 중랑구 봉화산로 232, B동 1층 (신내동)",02-433-3387,37.607818,127.098347
팜랜드동물병원,서울특별시,양천구,"서울특별시 양천구 목동중앙서로 42, 1층 (목동)",63481982,37.532837,126.868489
프라하동물병원,경기도,군포시,"경기도 군포시 용호1로 4, 104호 (당동)",031-391-7075,37.343309,126.938662
포일동물병원,경기도,의왕시,"경기도 의왕시 포일세거리로 3, 112호 (포일동, 파레사타워)",031-425-7541,37.395968,126.984755
울디 동물병원,경기도,김포시,"경기도 김포시 양촌읍 양곡2로 50, 아름터프라자 109, 110호",031-916-3158,37.655718,126.627544
퀸즈동물병원,경기도,수원시,"경기도 수원시 권선구 금곡로118번길 50, 1층 (금곡동)",031-292-1682,37.271995,126.94305
윤후동물병원,경기도,동두천시,"경기도 동두천시 동두천로 129, 내행프라자 3층 302호 (지행동)",031-864-0075,37.893055,127.054768
서초힐스동물병원,서울특별시,서초구,서울특별시 서초구 태봉로2길 30 (우면동),02-574-7582,37.46145,127.026491
지엔동물병원,서울특별시,동작구,"서울특별시 동작구 상도로31길 87, 2층 (상도동)",02-812-8275,37.505187,126.946142
광주동물병원,경기도,광주시,경기도 광주시 양벌동 양벌로 212,,,
행복동물병원,경기도,용인시,"경기도 용인시 처인구 모현읍 백옥대로 2362, 왕산태권도학원",031-334-7580,37.334375,127.249244
보정동물병원,경기도,용인시,"경기도 용인시 기흥구 보정로 32 (보정동, 지젤스포츠클럽)",031-898-3708,37.314019,127.1112
애니온동물병원,경기도,시흥시,"경기도 시흥시 군자천로 335, 2층 201,202호 (정왕동)",031-499-7991,37.346695,126.734593
행복한 우리아이 동물병원,서울특별시,송파구,"서울특별시 송파구 석촌호수로 146, 1층 (삼전동)",02-424-7552,37.506889,127.093168
다루동물병원,서울특별시,은평구,"서울특별시 은평구 불광로 60, 1층 (불광동)",02-356-8353,37.612378,126.932109
수정동물병원,서울특별시,강남구,"서울특별시 강남구 일원로14길 25, 상가동 102호 (일원동, 푸른마을아파트)",60536052,37.483869,127.080871
에어벳동물병원,경기도,용인시,"경기도 용인시 기흥구 새천년로16번길 3-2, 월드프라자 202호 (신갈동)",031-281-0811,37.288774,127.111227
수 동물병원,경기도,화성시,경기도 화성시 만세구 남양읍 매바위로 586,,37.156826,126.801817
비전동물병원,경기도,평택시,"경기도 평택시 비전3로 27, 104, 105호 (비전동)",031-651-1175,37.002664,127.104916
24시 명동물메디컬센터,서울특별시,구로구,"서울특별시 구로구 남부순환로 775 (개봉동, 개봉푸르지오)",26195102,37.50041,126.848132
어니스트 동물병원,경기도,성남시,"경기도 성남시 분당구 운중로113번길 12-5, 1층 (운중동, MM하우스)",,37.392782,127.076283
곤지암행복동물병원,경기도,광주시,경기도 광주시 곤지암읍 경충대로 702,,37.353417,127.331743
사랑동물병원,경기도,하남시,"경기도 하남시 하남대로 809, 1층 (신장동, 경림빌딩)",,37.540957,127.207587
세인트존스동물병원,경기도,성남시,"경기도 성남시 분당구 정자일로 197, 101호 (정자동, 푸르지오씨티 2차)",031-713-8391,37.368043,127.105528
로로 동물병원,경기도,김포시,"경기도 김포시 김포한강2로 103, 528동 114호 (장기동, 우남퍼스트빌 상가동)",031-988-8916,37.637121,126.672435
굿모닝 동물병원,서울특별시,마포구,"서울특별시 마포구 독막로 295 (염리동, 삼부골든타워106호)",02-711-3375,37.5447,126.946044
경기동물메디컬센터,경기도,오산시,"경기도 오산시 운천로 3 (원동, 101호, 201호)",031-375-8875,37.143021,127.074066
우리앤동물병원,경기도,부천시,경기도 부천시 원미구 조마루로105번길 8-6 (상동),032-325-7975,37.500298,126.755858
아프지말게 동물병원,서울특별시,마포구,"서울특별시 마포구 상암산로1길 24 (상암동, 월드컵파크 4단지 상가 113-2)",02-307-3355,37.577686,126.888689
신당 좋아요 동물병원,서울특별시,중구,"서울특별시 중구 다산로36길 83, 1층 (신당동)",02-2233-6675,37.560526,127.01911
아델동물병원,경기도,김포시,"경기도 김포시 김포한강1로 254, 201호 (운양동)",,37.653161,126.685865
문정탑동물병원,서울특별시,송파구,"서울특별시 송파구 송이로 186, 상가동 1호 (문정동, 성해아파트)",02-431-0275,37.490862,127.126675
순수동물병원,경기도,용인시,경기도 용인시 수지구 수지로296번길 30 (풍덕천동),031-262-8700,37.322997,127.092356
스마일양한방동물병원,경기도,파주시,"경기도 파주시 금빛로 44, 203호 (금촌동, 마이프라자)",,37.752453,126.767883
봄봄동물병원,서울특별시,동대문구,서울특별시 동대문구 회기로18길 46 (회기동),02-969-7579,37.590344,127.054049
하나동물병원,서울특별시,동대문구,서울특별시 동대문구 망우로 66 (휘경동),02-6242-7500,37.589493,127.06096
제일종합동물병원,경기도,용인시,"경기도 용인시 기흥구 강남동로 15, 103호 (구갈동)",031-274-3575,37.271249,127.129154
내품에동물병원,서울특별시,강동구,"서울특별시 강동구 천호대로 1120 (성내동, 엘아이지건영리가 주상복합)",02-477-1775,37.534444,127.135625
잠실베스트동물메디컬센터,서울특별시,송파구,"서울특별시 송파구 삼학사로 88, 금보 1층 (석촌동)",02-2203-7975,37.504978,127.097397
스머프동물병원,서울특별시,은평구,서울특별시 은평구 백련산로 145 (응암동),02-969-7582,37.598202,126.92509
하안동물병원,경기도,광명시,"경기도 광명시 하안로 309, 세인빌딩 1층 105호 (하안동)",02-897-7580,37.462975,126.87914
내품애동물병원,경기도,남양주시,경기도 남양주시 와부읍 수레로 34-1,,37.587329,127.215999
덕정동물의료센터,경기도,양주시,"경기도 양주시 고암길 306-53, 덕정파크프라자 202, 203호 (덕정동)",031-857-7551,37.836711,127.068005
고양시 동물보호센터,경기도,고양시,"경기도 고양시 덕양구 고양대로 1695, 고양시 농업기술센터 (원흥동)",031-962-3232,37.649524,126.869854
참동물병원,경기도,오산시,"경기도 오산시 오산로 91-10 (갈곶동, 광성빌딩 101호)",031-374-1275,37.135385,127.068659
창현동물병원,경기도,남양주시,경기도 남양주시 화도읍 창현로 53,,37.645908,127.305128
카카오 N 동물병원,서울특별시,성북구,"서울특별시 성북구 길음로 33 (길음동, 길음뉴타운 제상가비동 제지2층 25호)",,37.607561,127.017945
서울프라임 동물병원,경기도,고양시,경기도 고양시 덕양구 중앙로 628 (화정동),031-970-0075,37.627528,126.828927
동물병원 닥터K,서울특별시,마포구,"서울특별시 마포구 월드컵북로 347, 1층 (상암동)",02-306-1259,37.576334,126.893136
Dr.주 동물병원,서울특별시,강동구,"서울특별시 강동구 양재대로 1376 (둔촌동, 광안빌딩)",02-470-0030,37.528834,127.137194
반려마루 화성,경기도,화성시,"경기도 화성시 만세구 마도면 영종로 1157, 경기도보건수의센터",031-8030-4371,37.17384,126.787239
비타민동물병원,서울특별시,관악구,서울특별시 관악구 인헌6길 8 (봉천동),02-875-7582,37.47408,126.966377
통일로 동물병원,경기도,고양시,경기도 고양시 덕양구 통일로 730 (관산동),070-7720-4934,37.687887,126.869373
노엘동물병원,경기도,부천시,"경기도 부천시 소사구 범안로 98, 범박동 근린생활시설 (범박동)",,37.473102,126.808737
석수동물병원,경기도,안양시,"경기도 안양시 만안구 연현로 109, 2동 104호 (석수동, 석수두산위브아파트 상가동)",031-473-1275,,
다온동물병원,경기도,안양시,"경기도 안양시 동안구 평촌대로 124, , 귀인로190번길 39 (평촌동)",031-689-5975,37.383505,126.960702
닥터에이스 동물병원,경기도,수원시,"경기도 수원시 영통구 영통로154번길 60, 101호 (망포동)",031-203-7501,37.241251,127.059085
용인축협동물병원,경기도,용인시,"경기도 용인시 처인구 고림로 140, 1, 3층 (고림동)",031-339-7498,37.243887,127.219607
도담도담동물병원,서울특별시,성북구,"서울특별시 성북구 화랑로 76 (하월곡동, 코업스타클래스 1층)",,37.601821,127.040445
라임동물병원,서울특별시,송파구,"서울특별시 송파구 가락로 258, 세림빌딩 1층 (방이동)",02-6227-7582,37.510931,127.118921
제일동물병원,경기도,의정부시,경기도 의정부시 태평로 116 (의정부동),,37.742862,127.051813
한마음동물병원,서울특별시,강서구,서울특별시 강서구 강서로18길 17 (화곡동),02-2692-8275,37.53398,126.846647
구성동물병원,경기도,용인시,"경기도 용인시 기흥구 연원로 1, 101호 (마북동, 연원마을LG아파트상가)",031-275-7579,37.30159,127.107826
수지동물의료원,경기도,용인시,"경기도 용인시 수지구 수지로 77, 101호 (상현동, 힐프라자)",,37.308441,127.07382
꿈에동물병원,경기도,용인시,"경기도 용인시 수지구 성복2로 114, 111호 (성복동, 플러스클리닉수지센터)",031-264-1997,37.316035,127.073493
이리온,경기도,김포시,경기도 김포시 초당로61번길 56 (장기동),031-988-3125,37.6461,126.671434
워너비 동물병원,서울특별시,마포구,서울특별시 마포구 동교로 193 (동교동),02-322-1275,37.557708,126.922506
스카이동물병원,경기도,용인시,"경기도 용인시 수지구 신봉1로 68, 106,107호 (신봉동)",031-896-7590,37.322684,127.078256
별난동물병원,서울특별시,도봉구,"서울특별시 도봉구 도봉로 603, 1층, 지층 (쌍문동)",02-905-9119,37.658593,127.040305
안정택동물병원,서울특별시,구로구,"서울특별시 구로구 천왕로 106, 골드프라자 201호 (천왕동)",02-2060-7512,37.486031,126.83855
왕십리조은동물병원,서울특별시,성동구,서울특별시 성동구 왕십리로 381 (하왕십리동),02-2297-0075,37.564567,127.027879
한나동물병원,서울특별시,서초구,"서울특별시 서초구 방배로 269, 109호 (방배동)",02-595-8875,37.496639,126.987735
쇼독동물병원,경기도,안양시,"경기도 안양시 동안구 경수대로 833, 2층 (비산동)",031-465-0907,,
미소로동물병원,서울특별시,영등포구,"서울특별시 영등포구 영신로 238, 미소로 107,108,204호 (영등포동8가)",26799997,37.52856,126.904213
스마트 동물병원,서울특별시,강북구,"서울특별시 강북구 솔샘로 203-2, 1층 (미아동)",02-987-7588,37.620304,127.015347
저스트벳 동물병원,경기도,오산시,"경기도 오산시 원동로 6, 파크스퀘어 105,106호 (원동)",031-378-1514,37.142054,127.069655
쿨펫동물병원,경기도,수원시,경기도 수원시 권선구 동수원로 232 (권선동),031-237-1175,37.250262,127.034703
미리내동물병원,경기도,남양주시,"경기도 남양주시 별내5로 35, 102호 (별내동)",,37.651747,127.115677
꿈의숲동물병원,서울특별시,성북구,"서울특별시 성북구 돌곶이로 220, 105동 112호 (장위동, 꿈의숲코오롱하늘채아파트)",,37.619671,127.046157
석촌동물병원,서울특별시,송파구,"서울특별시 송파구 송파대로 441, 청호빌딩 1층 2호 (석촌동)",02-414-7975,37.505802,127.106173
기린동물병원,서울특별시,성동구,서울특별시 성동구 마장로 296 (마장동),02-2291-8275,37.565692,127.042776
일산시티 동물의료센터,경기도,고양시,"경기도 고양시 일산동구 중앙로 1219, 삼성디지털프라자 2층 판매시설(상점)일부호 (장항동)",031-932-0085,37.655361,126.775153
바른동물병원,서울특별시,성동구,"서울특별시 성동구 독서당로 270, 상가동 2층 206호 (금호동4가, 금호동 대우아파트)",02-2297-7570,37.545973,127.019683
설악동물병원,경기도,가평군,"경기도 가평군 설악면 신천중앙로 120, 1층",,37.678231,127.49062
씨엘동물병원,경기도,안양시,"경기도 안양시 동안구 동편로 6, 207호 (관양동, 스마트프라자)",031-425-7512,37.405749,126.971483
사랑종합동물병원,경기도,포천시,경기도 포천시 소흘읍 솔모루로 118,031-544-0275,37.831329,127.14957
4u동물메디컬센타,경기도,안산시,"경기도 안산시 단원구 광덕대로 142, 102호 (고잔동, 크리스탈빌딩)",,37.309024,126.830639
우리동물메디컬센터,서울특별시,금천구,서울특별시 금천구 남부순환로 1386 (독산동),,37.47973,126.904727
닥터 아이펫 동물병원,서울특별시,중랑구,"서울특별시 중랑구 망우로 315, 2층 (상봉동)",22080329,37.597229,127.087473
웰 동물병원,경기도,용인시,"경기도 용인시 수지구 광교중앙로 302, 광교지구블루스퀘어 1층 101호 (상현동)",031-213-7522,37.296816,127.069521
하하 동물병원,경기도,수원시,"경기도 수원시 권선구 구운로85번길 12, 105층 (구운동)",031-292-1275,37.281557,126.972482
퍼스동물병원,서울특별시,용산구,"서울특별시 용산구 신흥로 54, 106호 (용산동2가, 북동연립)",02-790-7508,37.543101,126.987832
드림펫 동물병원,서울특별시,광진구,"서울특별시 광진구 능동로 407, 2층 (중곡동)",,37.565432,127.083796
정샘동물병원,경기도,부천시,"경기도 부천시 원미구 중동로 244, 109,110호 (중동, 상록센트럴타워)",032-323-4999,37.501532,126.769054
웰리스 클리닉,경기도,성남시,경기도 성남시 분당구 불정로 134 (정자동),031-711-1911,37.358814,127.11979
신원당동물의료센터,경기도,고양시,"경기도 고양시 덕양구 호국로790번길 88, 덕산빌딩 1, 2층 (성사동)",,37.65445,126.840405
현대동물병원,경기도,양주시,경기도 양주시 남면 화합로 585,031-868-5061,37.871902,126.994332
젠(Gen)동물병원,경기도,성남시,"경기도 성남시 분당구 양현로 479, 2층 (야탑동)",031-752-0075,37.416637,127.135411
아이러브 동물병원,경기도,수원시,"경기도 수원시 장안구 송원로 69, 4층 (송죽동)",031-241-7551,37.301208,127.008723
산업동물병원(출장전문),경기도,안성시,경기도 안성시 강변남로 84 (현수동),,37.002035,127.276647
참 좋은 동물병원,경기도,양평군,경기도 양평군 양평읍 시민로 90,031-772-0075,37.490486,127.501396
동물제중원금손이 동물병원,서울특별시,서초구,"서울특별시 서초구 사임당로 143, Cross 143 208호 (서초동)",,37.491883,127.025234
수원동물병원 방실웃는,경기도,수원시,"경기도 수원시 영통구 효원로 363, 상가A동 210,210-1호 (매탄동, 매탄 위브 하늘채)",031-212-1999,37.26182,127.04141
하비동물병원,서울특별시,도봉구,"서울특별시 도봉구 노해로65길 14, 1층, 지층 (창동, 영일빌딩)",20389980,37.652042,127.046531
고려동물병원 (출장전문동물병원),경기도,안성시,경기도 안성시 보개면 양협길 29-67,031-674-4432,37.01223,127.321875
고려동물병원,경기도,하남시,"경기도 하남시 신평로168번길 56, K 빌딩 1층 103호 (신장동)",1577-9291,37.546522,127.214648
(주)에니멀클리닉컨설팅(출장진료전문병원),경기도,용인시,경기도 용인시 기흥구 신갈로 85 (신갈동),031-233-2836,37.274294,127.105491
아델 동물병원,서울특별시,서초구,"서울특별시 서초구 반포대로 45, 1층 (서초동, 명성빌딩)",,37.484528,127.010807
이안동물의학센터(청담점),서울특별시,강남구,"서울특별시 강남구 선릉로 806, 5층 (청담동)",,37.523865,127.039619
바이웰동물병원,경기도,포천시,경기도 포천시 영중면 양문로 94,,38.00103,127.242981
블리스 동물의료센터,경기도,평택시,"경기도 평택시 세교7길 50, JY빌딩 (세교동)",031-666-7582,37.00629,127.089359
봄빛동물병원,경기도,광명시,"경기도 광명시 디지털로 56, 101호 (철산동, 래미안자이상가 )",26197588,37.471818,126.874378
한가람동물의료센터,서울특별시,영등포구,서울특별시 영등포구 도신로 252 (신길동),02-844-7775,37.513432,126.918534
자연앤동물병원,경기도,수원시,"경기도 수원시 영통구 에듀타운로 17, 국제프라자 108호 (이의동)",031-215-7582,37.284557,127.052342
킴리동물병원,서울특별시,송파구,"서울특별시 송파구 올림픽로35길 94, 신천동동 내제2층층 203호 (신천동, 장미3차맨션)",02-6925-5475,37.520031,127.102616
하트만 동물병원,경기도,의정부시,"경기도 의정부시 외미로 91, 1층 (호원동)",031-874-7533,37.724518,127.045466
퍼피캣 동물병원,경기도,안산시,경기도 안산시 단원구 선부로 231 (와동),,37.34165,126.820774
별사랑동물병원,경기도,남양주시,"경기도 남양주시 순화궁로 357, 207호 (별내동)",,37.658547,127.124737
보라매웰종합동물병원,서울특별시,동작구,"서울특별시 동작구 상도로 16, 1층 (대방동)",02-3280-7975,37.499716,126.922252
오라고동물병원,서울특별시,양천구,"서울특별시 양천구 공항대로 552 (목동, 대우마이빌 102호)",26437579,37.549505,126.866906
노원N동물의료센터,서울특별시,노원구,"서울특별시 노원구 노원로 408, (주)노원24시동물의료센터 1,2,4층 (상계동)",,37.653177,127.068125
WE 동물병원,경기도,수원시,경기도 수원시 장안구 파장로 109 (정자동),031-269-9975,37.308211,126.989681
일산스마트동물메디컬센터,경기도,고양시,"경기도 고양시 일산동구 무궁화로 32-12, 라페스타E 208, 209호 (장항동)",031-913-8820,37.662347,126.767821
공덕 건강한 동물병원,서울특별시,마포구,"서울특별시 마포구 만리재로 15, 제일빌딩 108, 109호 (공덕동)",02-701-0705,37.54456,126.952675
자양동물병원,서울특별시,광진구,서울특별시 광진구 뚝섬로52길 4 (자양동),,37.531794,127.079349
동일동물병원,경기도,용인시,"경기도 용인시 수지구 손곡로 107 (동천동, 대영프라자 102호,201호)",031-265-1175,37.335892,127.090696
해밀동물병원,경기도,남양주시,경기도 남양주시 진접읍 해밀예당3로 122,,37.720499,127.196594
마음반려 동물의료원,경기도,수원시,경기도 수원시 팔달구 경수대로 461 (인계동),031-211-0975,37.26746,127.026414
광명시티동물병원,경기도,광명시,경기도 광명시 금하로 522 (소하동),,37.450591,126.89012
아이엠 동물병원,서울특별시,마포구,"서울특별시 마포구 양화로 72, 효성해링턴타워 101동 제1층 121,122호 (서교동)",02-338-2475,37.550798,126.916722
페트로동물의료원,서울특별시,동대문구,서울특별시 동대문구 답십리로63길 1(장안동),02-2249-7600,37.572863,127.067703
매탄동물병원,경기도,수원시,"경기도 수원시 영통구 효원로 374, 주공플라자 101호102호 (매탄동)",031-211-0075,37.258824,127.042295
별내동물병원,경기도,남양주시,"경기도 남양주시 별내중앙로 84 (별내동, 동익미라벨 3903동 14호)",,37.649671,127.121955
도화동물병원,서울특별시,마포구,서울특별시 마포구 삼개로 28 (도화동),02-712-8875,37.537826,126.947246
VIP동물의료센터 동대문점,서울특별시,동대문구,서울특별시 동대문구 한천로14길 87(장안동),02-2215-7522,37.566407,127.067568
24시잠실ON동물의료센터,서울특별시,송파구,"서울특별시 송파구 올림픽로 76, J타워 202호 (잠실동)",02-418-0724,37.511567,127.079021
테라리움동물병원,경기도,안양시,경기도 안양시 동안구 관평로 314 (관양동),031-388-7588,37.404448,126.95764
스타동물병원,경기도,수원시,"경기도 수원시 권선구 금곡로102번길 30, 폴리프라자 207호 (금곡동)",031-294-0082,37.272793,126.941131
24시 청담우리 동물병원,서울특별시,강남구,서울특별시 강남구 삼성로 614 (삼성동),02-541-7515,37.514489,127.052856
미드미동물의료센터,서울특별시,강동구,"서울특별시 강동구 양재대로 1588 (명일동, 연우빌딩)",02-6497-7582,37.547277,127.143673
인덕원동물의료센터,경기도,안양시,"경기도 안양시 동안구 흥안대로 495, 2층 (관양동)",031-426-0075,37.39828,126.976456
호담동물병원,서울특별시,성북구,서울특별시 성북구 동소문로 302 (하월곡동),,37.606784,127.028531
건국대학교 부속 동물병원,서울특별시,광진구,서울특별시 광진구 능동로 120 (화양동),,37.542541,127.073725
정남동물병원,경기도,화성시,경기도 화성시 효행구 정남면 서봉로 1119,031-354-8211,37.165124,126.984072
기린동물병원,경기도,부천시,"경기도 부천시 원미구 길주로 273, 신명타운 (중동)",032-322-0506,37.503983,126.772834
에이블 동물병원,서울특별시,서초구,서울특별시 서초구 바우뫼로 211 (양재동),20581882,37.480918,127.041668
세명 동물병원,서울특별시,강서구,"서울특별시 강서구 강서로17길 52 (화곡동, 화곡면옥)",02-2604-3584,37.532701,126.842902
제연동물병원,서울특별시,동대문구,서울특별시 동대문구 답십리로 77 (전농동),02-2242-7975,37.575127,127.049622
라임동물병원,서울특별시,성동구,서울특별시 성동구 무학로 16 (홍익동),02-2281-8122,37.565539,127.030317
S동물병원,경기도,부천시,"경기도 부천시 원미구 상동로 78 (상동, 상동 동양파라곤)",032-322-5222,37.503927,126.75314
힐링동물병원 &  건강검진센터,서울특별시,마포구,"서울특별시 마포구 백범로31길 7, 101동 104,105호 (공덕동, 공덕SK리더스뷰)",02-713-8275,37.545618,126.948794
고양동물병원,경기도,고양시,"경기도 고양시 덕양구 혜음로 8, 삼라마이다스프라자 113, 114호 (고양동)",031-964-7599,37.701113,126.901819
365동물병원,서울특별시,도봉구,서울특별시 도봉구 방학로 54 (방학동),02-6402-0365,37.662968,127.046364
스타동물병원,경기도,안산시,"경기도 안산시 단원구 한양대학로 208, 2층,3층 103호,104호 (고잔동)",,37.313581,126.836749
상도힐링동물병원,서울특별시,동작구,"서울특별시 동작구 상도로 353, 1층 (상도동)",02-812-7512,37.497288,126.953198
석동물병원,서울특별시,강동구,"서울특별시 강동구 성안로 16, 경도빌딩 1층 (성내동)",02-475-7501,37.525219,127.129637
꿈꾸는 동물병원,서울특별시,서초구,"서울특별시 서초구 서초중앙로 224, 129호 (반포동)",,37.5016,127.013235
평촌나무동물병원,경기도,안양시,"경기도 안양시 동안구 흥안대로 458, 1층 103호 (평촌동, 평촌메가타운)",031-425-3403,37.39495,126.97617
닥터펫 동물병원,서울특별시,서초구,"서울특별시 서초구 매헌로 16, 지하1층 (양재동, 이마트 양재점)",,37.463395,127.037013
24시스마트동물메디컬센터,서울특별시,은평구,서울특별시 은평구 은평로 93 (응암동),02-387-7582,37.599781,126.918127
한국마사회 서울부속동물병원,경기도,과천시,"경기도 과천시 경마공원대로 107, 한국마사회 (주암동)",02-509-1911,37.447866,127.016772
봉식동물병원,서울특별시,강북구,서울특별시 강북구 삼양로 252 (미아동),02-983-7000,37.62586,127.018478
나비누리 동물병원,경기도,광주시,경기도 광주시 중앙로 69-4 (역동),031-763-7583,37.406392,127.260803
해담동물병원,경기도,광명시,"경기도 광명시 디지털로 13, 한국빌딩 1,2층 (철산동)",,37.473959,126.868889
서현 동물병원,경기도,성남시,"경기도 성남시 중원구 성남대로 1110, 1층 (하대원동)",031-755-5095,37.428823,127.129891
롯데마트 안성점 쿨펫,경기도,안성시,"경기도 안성시 공도읍 서동대로 4478, 2층 (롯데마트)",031-618-7533,37.007815,127.199613
디아나동물병원,경기도,안양시,"경기도 안양시 동안구 관악대로 317-4, 1층 (관양동)",031-381-8275,37.403688,126.95802
엔젤동물병원,서울특별시,노원구,서울특별시 노원구 동일로 1104 (공릉동),,37.628504,127.071877
AtoZ동물병원,경기도,성남시,"경기도 성남시 분당구 판교역로 145, 라스트리트2동 2층 213호 (백현동, 알파리움2단지)",031-8016-8206,37.393816,127.108377
우사랑동물병원(출장전문진료병원),경기도,용인시,"경기도 용인시 기흥구 사은로 274-2, 3층 (지곡동)",,37.253916,127.134972
남양주동물의료센터,경기도,남양주시,"경기도 남양주시 경춘로 1287, 정우빌딩 301호 (평내동)",,37.649363,127.235677
영등포동물병원,서울특별시,영등포구,서울특별시 영등포구 영등포로 131-2 (당산동1가),26339991,37.521551,126.896254
24시 안박동물병원,서울특별시,강서구,"서울특별시 강서구 양천로 510, 1층 101-1호 (등촌동, 현대프린스텔빌딩)",,37.560088,126.856362
오즈동물병원,경기도,의정부시,경기도 의정부시 추동로 13 (신곡동),031-840-0075,37.743126,127.057461
래이동물의료센터,서울특별시,강남구,서울특별시 강남구 남부순환로 2911-1 (대치동),,37.492711,127.057748
도담동물병원(출장진료전문 동물병원),서울특별시,성동구,"서울특별시 성동구 독서당로59길 84, 신동아아파트상가동 1층 111호 (행당동)",,37.554371,127.032837
벨라동물병원,서울특별시,구로구,"서울특별시 구로구 구로중앙로34길 30, 진명빌딩 (구로동)",,37.500579,126.884607
도그플러스동물병원,서울특별시,영등포구,"서울특별시 영등포구 당산로 42, 4층 (문래동3가, 삼성홈플러스빌딩)",02-2069-0082,37.518227,126.895924
Helix ADI Center : 헬릭스 영상진단센터,경기도,고양시,"경기도 고양시 덕양구 중앙로 439, 2층 205~6호 (행신동)",031-978-7575,37.617555,126.846274
백산동물병원,서울특별시,강남구,"서울특별시 강남구 논현로86길 22, 2층 (역삼동)",,37.500126,127.039305
애니케어동물병원,경기도,구리시,경기도 구리시 벌말로 104 (토평동),031-567-7589,37.585865,127.147953
분당파크뷰 동물병원,경기도,성남시,"경기도 성남시 분당구 정자일로 248, 112호 (정자동, 파크뷰상가)",031-713-2111,37.374729,127.106861
옥수수 동물병원,서울특별시,성동구,"서울특별시 성동구 독서당로40길 39, 어울림상가 301~304호 (옥수동)",02-2291-7582,37.542309,127.018192
와이즈24시 동물병원,서울특별시,강남구,서울특별시 강남구 학동로6길 7 (논현동),34468253,37.511284,127.023878
우리동물병원,경기도,김포시,"경기도 김포시 월곶면 군하로 107-1, 101,102호",,37.703745,126.56022
나음동물병원,경기도,부천시,"경기도 부천시 원미구 길주로 276, 무광오피스빌딩 (중동)",,37.502886,126.772842
강남동물병원,경기도,화성시,"경기도 화성시 만세구 향남읍 행정죽전로1길 25, 102호",,37.125721,126.920808
한주동물병원,경기도,연천군,경기도 연천군 전곡읍 양연로 1597,,38.021888,127.066302
펫가든,서울특별시,노원구,서울특별시 노원구 노원로 330 (중계동),,37.646548,127.07109
Wellness clinic 동물병원,경기도,용인시,경기도 용인시 기흥구 용구대로 2457 (보정동),031-283-1357,37.305458,127.105374
리센츠 스타 동물병원,서울특별시,송파구,"서울특별시 송파구 올림픽로 145, 리센츠 상가동 1층 C13,C14호 (잠실동)",02-419-1010,37.511994,127.087026
모란동물병원,경기도,성남시,"경기도 성남시 중원구 성남대로 1126, 106호 (성남동, 매가프라자)",,37.430346,127.129897
튼튼동물병원,경기도,수원시,"경기도 수원시 권선구 동수원로82번길 7-3, 1층 (곡반정동)",031-267-8100,37.238187,127.027805
장호원동물병원,경기도,이천시,경기도 이천시 장호원읍 장감로 23,031-643-0010,37.116134,127.6253
강산동물병원,경기도,여주시,경기도 여주시 홍문동 세종로 68-17,,37.291935,127.634313
펫코도니아 동물의료센터,서울특별시,강남구,"서울특별시 강남구 언주로 627, 3층 (논현동)",,37.512516,127.035128
산본중앙동물병원,경기도,군포시,경기도 군포시 고산로 686 (산본동),031-395-0079,37.370969,126.934827
양평가축병원,경기도,양평군,경기도 양평군 양평읍 양근로 214,031-772-3332,37.488346,127.491856
쿨펫동물병원,서울특별시,금천구,"서울특별시 금천구 두산로 71 (독산동, 롯데빅마켓 3층)",,37.470594,126.895713
스마일동물병원,경기도,용인시,경기도 용인시 처인구 중부대로 1510 (마평동),,37.232974,127.212151
에이스동물메디컬센터,경기도,의정부시,경기도 의정부시 태평로 102-1 (의정부동),031-875-8090,37.74159,127.051825
뉴타운동물병원,서울특별시,은평구,"서울특별시 은평구 진관3로 70 (진관동, 상림마을 821동 101호)",,37.642222,126.922646
이태원동물병원,서울특별시,용산구,"서울특별시 용산구 녹사평대로 210, 지하1, 1, 2층층 일부호 (이태원동)",,37.536408,126.987239
다온동물병원,서울특별시,광진구,서울특별시 광진구 면목로 142 (중곡동),,37.565952,127.081479
웰니스동물병원(평촌점),경기도,안양시,"경기도 안양시 동안구 시민대로 300, 지하1층 (관양동, 평촌이마트)",031-382-0011,37.394776,126.964114
중계이오동물병원,서울특별시,노원구,"서울특별시 노원구 한글비석로 245 (중계동, 두타빌 A동 111,112호)",,37.649597,127.076378
건국 종합 가축병원 (출장전문병원),경기도,안성시,경기도 안성시 일죽면 송천길 75-0,031-676-7773,37.092334,127.475794
나루동물병원,서울특별시,광진구,서울특별시 광진구 아차산로 537-17 (광장동),,37.54318,127.099562
목동 동물병원,서울특별시,양천구,서울특별시 양천구 목동서로 57 (목동),26488275,37.536674,126.879849
청북동물병원 (출장진료 전문),경기도,평택시,경기도 평택시 청북면 청북중앙로 6,,37.040509,126.932978
두리틀동물병원,서울특별시,서대문구,서울특별시 서대문구 응암로 66 (북가좌동),,37.578837,126.910807
24시 모란동물 메디컬센터,경기도,광주시,경기도 광주시 경충대로 1448 (쌍령동),031-765-1100,37.399359,127.273692
상아동물병원,서울특별시,양천구,서울특별시 양천구 목동로 181 (신정동),26440069,37.524662,126.864399
에덴동물병원,경기도,파주시,"경기도 파주시 와석순환로 125, 현대프라자 2층 204호 (동패동)",031-943-3710,37.712079,126.745771
애니펫동물병원,경기도,용인시,"경기도 용인시 수지구 만현로 95, B102호 (상현동, 수지3차쌍용스윗닷홈상가)",031-266-8898,37.3073,127.087204
소풍동물병원,경기도,부천시,"경기도 부천시 원미구 송내대로 239, 소풍 (상동)",,37.504121,126.756633
고촌동물병원,경기도,김포시,경기도 김포시 고촌읍 김포대로319번길 11,,37.59893,126.771893
이룸동물병원,서울특별시,송파구,"서울특별시 송파구 삼학사로 34, 달성빌딩 (석촌동)",02-419-7580,37.500258,127.097037
이천동물의료센터,경기도,이천시,경기도 이천시 이섭대천로 1342 (증포동),031-632-7510,37.288024,127.452539
청평동물병원,경기도,가평군,경기도 가평군 청평면 청평중앙로 55-1,,37.738444,127.420412
튼튼동물병원,경기도,용인시,"경기도 용인시 기흥구 죽현로 29, 102호 (보정동, 현대휴먼프라자)",031-265-7505,37.319487,127.113872
현대 동물병원,경기도,성남시,"경기도 성남시 분당구 성남대로 30, 111호 (구미동, 동아그린프라자)",,37.338387,127.109426
24시 서울YES동물병원,경기도,용인시,"경기도 용인시 수지구 현암로 81, 벤포스타 101~103, 301, 302호 (죽전동)",,37.331762,127.118362
수 동물병원,경기도,성남시,"경기도 성남시 분당구 운중로 141, 101-1호 (운중동)",80170130,37.391869,127.078936
하나동물병원,서울특별시,서초구,"서울특별시 서초구 헌릉로8길 10-12, 1층 3호 (신원동, 힐스테이트서초잰트리스)",02-574-0511,37.456111,127.057268
민트동물병원,서울특별시,용산구,"서울특별시 용산구 원효로 51, 119호 (산천동, 삼성테마트)",,37.534028,126.950409
신동물메디컬센터,경기도,화성시,경기도 화성시 만세구 향남읍 행정서로2길 28-37,031-352-6633,37.131196,126.915096
왈츠동물병원,서울특별시,영등포구,서울특별시 영등포구 가마산로 324 (대림동),02-834-7582,37.498424,126.89552
우리아이동물병원,서울특별시,동작구,"서울특별시 동작구 상도로 262, 1층 및 2층 (상도동)",02-823-7500,37.503856,126.946896
Dr.윤 동물의료센터,서울특별시,은평구,"서울특별시 은평구 통일로 767, 401동 1층 108호 (대조동, 베르디움STAY1)",02-359-2020,,
라뽀동물병원,경기도,평택시,경기도 평택시 송탄로 255 (서정동),031-668-7975,37.066574,127.058412
강남동물병원,경기도,평택시,경기도 평택시 팽성읍 안정쇼핑로 3,031-692-7114,36.959161,127.043305
양주축협동물병원,경기도,양주시,"경기도 양주시 고덕로355번길 28-37, 2층 (고읍동)",031-863-2223,37.805728,127.081695
AP동물병원,경기도,용인시,경기도 용인시 수지구 수지로 421 (동천동),031-263-0085,37.334264,127.09744
고방동물병원,경기도,이천시,경기도 이천시 부발읍 경충대로 2260,031-632-7582,37.260901,127.475875
서울대학교 수의과대학 동물병원,서울특별시,관악구,"서울특별시 관악구 관악로 1 (신림동, 서울대학교)",02-880-8661,37.468198,126.951764
나무동물병원,서울특별시,동작구,"서울특별시 동작구 흑석한강로 2, 1층 105호 (흑석동)",02-813-4567,37.506598,126.966478
펫 동물병원,경기도,용인시,"경기도 용인시 처인구 중부대로 1136, 2층 203호 (삼가동)",031-334-4589,37.240107,127.171512
박효리군 동물병원,서울특별시,마포구,서울특별시 마포구 포은로 64 (망원동),02-326-0275,37.552897,126.906545
달래동물의료센터,서울특별시,용산구,"서울특별시 용산구 한남대로 76, 한남프라자 2층 (한남동)",,37.535565,127.006515
금쪽금쪽금쪽반려동물병원,경기도,파주시,경기도 파주시 가재울로94번길 27 (목동동),031-944-9979,37.729958,126.746696
수아동물병원,경기도,성남시,"경기도 성남시 분당구 판교로 446, 그린프라자 108,109호 (이매동)",031-708-3100,37.405108,127.123345
다정동물병원,경기도,파주시,"경기도 파주시 와석순환로 78, 한강프라자 201호 (야당동)",031-944-5077,37.711055,126.750804
반포자이동물병원,서울특별시,서초구,서울특별시 서초구 사평대로45길 10-25 (반포동),02-3476-3535,37.506679,127.013939
굿파파 24시 반려동물건강검진센터,서울특별시,동작구,"서울특별시 동작구 사당로 289, 1층 및 2층 (사당동)",02-593-8275,37.484819,126.979628
러브펫동물병원,경기도,동두천시,경기도 동두천시 평화로2169번길 21 (송내동),031-868-0275,37.880671,127.05295
다사랑동물병원,경기도,안양시,"경기도 안양시 동안구 시민대로 266, 103호 (관양동, 평촌샤르망오피스텔)",031-385-7588,37.393829,126.960295
엘동물병원,서울특별시,동대문구,서울특별시 동대문구 고산자로 393-5 (용두동),02-3295-3927,37.57467,127.037629
연희동물병원,경기도,수원시,"경기도 수원시 권선구 금호로 236, 삼호빌딩 101호 (탑동)",031-296-7875,37.275379,126.975951
스마트동물병원,서울특별시,강남구,"서울특별시 강남구 삼성로 14, 208호 (개포동, 개포자이 프레지던스)",,37.48556,127.071338
스마일플러스동물병원,서울특별시,노원구,"서울특별시 노원구 동일로 1051 (공릉동, 영운빌딩 1층)",,37.623801,127.073232
가재울봉쥬르동물병원,서울특별시,서대문구,서울특별시 서대문구 거북골로 178 (북가좌동),02-305-8275,37.577182,126.910899
유앤동물의료원,서울특별시,송파구,"서울특별시 송파구 양재대로 1148, 왕천빌딩 1층 (오금동)",02-2043-7582,37.509699,127.12732
24시예스동물병원,서울특별시,서초구,"서울특별시 서초구 잠원로 24 (반포동,반포자이프라자 133호)",,37.507127,127.009841
달빛동물병원,경기도,의정부시,"경기도 의정부시 평화로 239, 1층 105호 (호원동)",031-875-1559,37.713216,127.047044
시드니동물병원,경기도,성남시,경기도 성남시 수정구 태평로 10 (태평동),,37.447833,127.128017
미소 동물병원,경기도,오산시,"경기도 오산시 수청로 189, 웅신아트프라자 104,202호 (금암동)",031-374-2579,37.176822,127.045883
two현동물병원,경기도,평택시,"경기도 평택시 평남로 1050, 1층 103호 (동삭동)",031-657-4671,37.009943,127.094658
PMC동물병원「산업동물 출장진료 전문」,경기도,이천시,경기도 이천시 대월면 대월로 940,031-635-7620,37.2386,127.496565
봄꽃동물병원,경기도,고양시,경기도 고양시 일산동구 강송로87번길 8-10 (백석동),031-912-9465,37.647695,126.788359
한스동물병원,서울특별시,서대문구,서울특별시 서대문구 증가로 111 (남가좌동),,37.576652,126.924846
베스트동물병원,경기도,수원시,"경기도 수원시 장안구 덕영대로535번길 38, 로얄프라자 101호 (천천동)",031-268-7582,37.297181,126.982397
나라 동물병원,경기도,성남시,"경기도 성남시 분당구 미금로 48, 오성프라자 113호 (구미동)",,37.337834,127.116543
남현우동물병원,경기도,성남시,"경기도 성남시 분당구 내정로173번길 11, 603동 139호 (수내동, 양지마을한양아파트)",,37.374776,127.118446
부천준동물병원,경기도,부천시,"경기도 부천시 원미구 신흥로 230, 두리프라자 (중동)",,37.504342,126.776275
참누리동물병원,경기도,용인시,경기도 용인시 수지구 만현로 110 (상현동),031-264-7525,37.306814,127.084528
중앙동물메디컬센터,서울특별시,강남구,"서울특별시 강남구 영동대로 630, 스타빌딩 (삼성동)",,37.516498,127.059487
숲속동물병원,경기도,화성시,경기도 화성시 동탄구 동탄공원로1길 27 (반송동),031-8003-5999,37.203303,127.059679
판교 P&P 동물병원,경기도,성남시,"경기도 성남시 분당구 서판교로 36, 104호 (판교동)",031-8017-5558,37.389968,127.097906
슈르+ 동물병원,경기도,과천시,"경기도 과천시 별양상가2로 35, 3동 2층 218,219,220호 (별양동)",,37.424814,126.992513
동탄동물병원,경기도,화성시,"경기도 화성시 동탄구 동탄지성로 133, 덕천프라자 109호 (능동)",031-8003-8831,37.20911,127.060728
동탄동물병원,경기도,화성시,경기도 화성시 동탄지성로 145 (능동),031-8003-8831,,
관악동물종합병원,서울특별시,관악구,서울특별시 관악구 남부순환로 1859 (봉천동),02-883-2733,37.480155,126.956504
백슬동물병원,서울특별시,중구,"서울특별시 중구 만리재로 175, 지하1층 401-1호 (만리동2가, 서울역센트럴자이)",02-393-7588,37.554218,126.963409
24시 이지동물의료센터,경기도,부천시,"경기도 부천시 원미구 부일로 712, 조양시티프라자 (역곡동)",032-348-7975,37.4848,126.808914
강남동물병원,서울특별시,강남구,"서울특별시 강남구 봉은사로 205, 상하빌딩 1층 (논현동)",,37.50778,127.034464
운정W동물병원,경기도,파주시,"경기도 파주시 미래로 620, 112호 (와동동, 해솔프라자)",,37.732395,126.751083
아이러브펫동물병원(신도림점),서울특별시,구로구,"서울특별시 구로구 경인로 661, 홈플러스 신도림점 지하1층 (신도림동)",34397533,37.509421,126.887744
스마일동물병원,서울특별시,강서구,"서울특별시 강서구 수명로 74 (내발산동, 발산시티타워)",02-2667-5666,37.552586,126.826207
서울어린이대공원동물병원,서울특별시,광진구,서울특별시 광진구 능동로 216 (능동),,37.549589,127.081578
준동물병원,서울특별시,광진구,서울특별시 광진구 뚝섬로 541 (자양동),,37.534919,127.070378
신세계동물병원,경기도,부천시,"경기도 부천시 소사구 경인로 232, 이테크 에비뉴스타 215호 (심곡본동)",032-614-7588,37.482694,126.781134
이형윤동물병원,경기도,평택시,"경기도 평택시 중앙2로 79, 1층 (합정동)",031-652-8921,36.991138,127.095869
펫 앤 쉘터 동물병원,경기도,성남시,"경기도 성남시 분당구 불정로 266, 2층 (수내동, 그린플라자)",,37.367099,127.127673
월드펫동물병원,경기도,부천시,"경기도 부천시 원미구 중동로 100, 팰리스카운티 아이파크상가동 213호 (중동)",,37.489917,126.767614
가평축산농협 동물병원,경기도,가평군,"경기도 가평군 가평읍 가화로 55-17, 가평축산농협",031-582-4111,37.824539,127.51477
튼튼동물병원,경기도,평택시,경기도 평택시 평남로 655 (비전동),,36.992497,127.107274
강남애니동물병원,경기도,하남시,경기도 하남시 신평로 168 (신장동),031-795-0903,37.54713,127.211447
위시티 동물병원,경기도,고양시,경기도 고양시 일산동구 식사동 344 자이주상복합아파트 상가 B동 211-1호,031-969-9369,,
부천24시SKY동물메디컬센터,경기도,부천시,"경기도 부천시 원미구 길주로 234, 힐스테이트 중동 203동 2001, 2007호 (중동)",032-323-7579,37.503204,126.768126
캥거루 동물병원,서울특별시,구로구,서울특별시 구로구 오류로 55 (오류동),20662579,37.489831,126.839749
리치펫동물병원,경기도,용인시,"경기도 용인시 기흥구 동백중앙로 177 (중동, 동백씨엘뷰 오피스텔)",031-8005-9725,37.270297,127.153769
하은동물병원,경기도,안양시,"경기도 안양시 동안구 관악대로 257, 2층 (비산동)",031-388-7585,37.402426,126.951516
위더스동물병원,경기도,부천시,"경기도 부천시 원미구 길주로 81, 모건시티 (상동)",,37.506321,126.751496
I-pet 동물병원,서울특별시,영등포구,"서울특별시 영등포구 여의동로3길 10, 501동 109호 (여의도동, 여의도자이)",,37.518172,126.926054
최재호 한방동물병원,경기도,성남시,"경기도 성남시 중원구 둔촌대로63번길 11, 상가동 102호 (성남동, 성남여수엘에이치1단지)",031-722-2235,37.43111,127.125341
한강동물병원,경기도,포천시,경기도 포천시 군내면 호국로 1628,031-536-8388,37.898302,127.207249
정겨운동물병원,서울특별시,동작구,서울특별시 동작구 상도로 315 (상도1동),02-817-8172,37.500029,126.950741
하일동물병원,경기도,구리시,"경기도 구리시 경춘로 200, 205호 (수택동)",031-522-5107,37.600287,127.137508
펫동물병원,서울특별시,용산구,"서울특별시 용산구 백범로 285, 지상1층 (효창동)",32750079,37.539597,126.961083
구리동물병원,경기도,구리시,"경기도 구리시 검배로 36, 현주Ifriend빌딩 101호 (수택동)",031-557-9009,37.597957,127.143089
탄현 동물병원,경기도,고양시,"경기도 고양시 일산서구 일현로 125, 107호 (탄현동)",,37.698182,126.765494
엉클장동물병원,서울특별시,용산구,"서울특별시 용산구 백범로 341, A동 지상1층 106호 (원효로1가, 리첸시아 용산)",,37.538276,126.967363
애니웰 동물병원,경기도,고양시,"경기도 고양시 일산동구 장백로 13, 성우아뜨리움오피스텔 110호 (백석동)",,37.639911,126.789941
오블리 동물병원,경기도,구리시,"경기도 구리시 이문안로 138 (토평동,우신빌딩 1층)",031-568-8275,37.590928,127.146652
닥터애니랩 동물병원,서울특별시,강서구,"서울특별시 강서구 양천로 424, 1층 126호 (등촌동)",36651838,37.564193,126.848
연 동물병원,서울특별시,송파구,"서울특별시 송파구 올림픽로 119, 잠실파인애플상가 A동 2층 9,10호 (잠실동)",02-423-8280,37.512106,127.084188
활기찬동물병원,경기도,성남시,"경기도 성남시 분당구 장안로 35, 성창빌딩 201호 (분당동)",,37.370106,127.143132
동현24시동물병원,경기도,광주시,"경기도 광주시 경안천로 5 (송정동,1층)",,37.414171,127.260834
강남동물의료센터,경기도,용인시,"경기도 용인시 수지구 동천로 79, 3층 (동천동)",031-897-7582,37.339175,127.094817
로얄동물메디컬센터w,서울특별시,마포구,서울특별시 마포구 월드컵로 46 (서교동),02-323-8275,37.55338,126.912237
마이펫동물병원,경기도,남양주시,경기도 남양주시 화도읍 경춘로 1992 (롯데마트 내),,37.65035,127.309398
아프리카동물병원,서울특별시,용산구,서울특별시 용산구 후암로 32 (후암동),,37.548711,126.977939
진접동물병원,경기도,남양주시,"경기도 남양주시 진접읍 해밀예당1로 171, 108호",,37.719828,127.197125
뷰티펫동물병원,경기도,수원시,"경기도 수원시 권선구 호매실로104번길 90, 제이디타워1 206호 (호매실동)",031-278-3593,37.259591,126.962696
한국동물메디컬센터(KAMC),서울특별시,중랑구,"서울특별시 중랑구 겸재로 165, 1,2층 (면목동)",22086788,37.588195,127.0859
수 동물병원,경기도,고양시,"경기도 고양시 일산동구 호수로 662, 삼성라끄빌 101호 (장항동)",031-900-8875,37.660917,126.765705
위니펫동물병원,경기도,화성시,경기도 화성시 병점구 경기대로 1054 (진안동),,37.209447,127.034056
반려동물 의료센터 다울,서울특별시,서초구,"서울특별시 서초구 효령로 95, 우성빌딩 1층 (방배동)",02-3473-0911,37.480768,126.994604
쿠키동물병원,서울특별시,강북구,"서울특별시 강북구 삼양로27길 19 (미아동, 래미안트리베라 201동 116호)",02-986-9875,37.617312,127.020402
로하스 동물병원,경기도,남양주시,경기도 남양주시 와부읍 월문천로 33 (롯데마트내 3층),,37.584694,127.214563
서울 베스트 동물병원,경기도,부천시,경기도 부천시 원미구 장말로 219 (중동),,37.492705,126.766306
일마레 동물 메디컬 센터,서울특별시,강남구,"서울특별시 강남구 영동대로 708, 정화빌딩 4층 (청담동)",02-3445-7275,37.521134,127.057112
부천 동물심장 내과 건강검진센터,경기도,부천시,"경기도 부천시 원미구 길주로 91, 202호 (상동, 비잔티움 상동)",,37.506355,126.752532
한 동물병원,서울특별시,강남구,서울특별시 강남구 논현로10길 14 (개포동),02-575-7581,37.474232,127.04982
서울경기양돈농협동물병원,경기도,수원시,경기도 수원시 팔달구 화산로 62 (화서동),031-295-7611,37.290098,126.984683
땅콩 동물병원,서울특별시,강서구,"서울특별시 강서구 공항대로 190, 푸리마타워 219호 (마곡동)",02-3665-7588,37.559054,126.828593
토론토 동물병원,경기도,고양시,경기도 고양시 일산서구 대산로212번길 8-12 (대화동),,37.678226,126.755913
바우동물병원,경기도,안성시,경기도 안성시 공도읍 공도로 50,031-657-0016,36.99821,127.166623
향남메디동물병원,경기도,화성시,"경기도 화성시 만세구 향남읍 발안로 113, 101~102호",,37.131657,126.92302
별빛안 동물병원,서울특별시,관악구,"서울특별시 관악구 봉천로 232, 1층 (신림동)",02-832-0081,37.489243,126.927219
스킨앤이어동물병원,서울특별시,송파구,"서울특별시 송파구 위례성대로 102, 2층 202호 (방이동, 태평양파크빌라트)",02-417-3021,37.513348,127.123016
햇빛 동물병원,경기도,부천시,경기도 부천시 오정구 평천로 718 (삼정동),,37.514921,126.770697
중부동물병원,경기도,화성시,경기도 화성시 만세구 팔탄면 노하길 206,,37.158649,126.854842
이수동물병원,서울특별시,동작구,"서울특별시 동작구 사당로23나길 30 (사당동,1층)",02-592-8875,37.487676,126.975552
충현동물병원,서울특별시,강남구,"서울특별시 강남구 논현로 621, 1~4층 (논현동)",02-549-7582,37.509041,127.032751
그린동물병원,서울특별시,동대문구,"서울특별시 동대문구 정릉천동로 58, 1층 125호 (용두동, 롯데캐슬피렌체)",02-957-7075,37.577185,127.035721
아마존동물병원,경기도,화성시,"경기도 화성시 효행구 봉담읍 와우로 89, 토마토오피스텔2 106호",,37.214143,126.975444
유석동물병원,서울특별시,영등포구,서울특별시 영등포구 여의대방로 11 (신길동),,37.493469,126.909807
우리소동물병원 「산업동물 출장진료 전문」,경기도,이천시,경기도 이천시 모가면 진상미로 1324,031-632-3836,37.174318,127.480142
정원 양한방동물병원,경기도,성남시,"경기도 성남시 분당구 운중로 233, 201호 (판교동,한솔플라자)",,37.39004,127.08896
헬릭스동물메디컬센터,경기도,고양시,경기도 고양시 덕양구 중앙로 439 (행신동),031-978-7575,37.617555,126.846274
오즈동물병원,서울특별시,강서구,서울특별시 강서구 강서로45길 28 (내발산동),02-2697-0052,37.548118,126.834576
이지 동물병원,경기도,시흥시,경기도 시흥시 비둘기공원로 21 (대야동),031-314-7975,37.44397,126.79226
펫스토리 동물병원,경기도,용인시,"경기도 용인시 수지구 신봉2로 19, 102호 (신봉동,신엘지프라자)",031-276-0282,37.324553,127.077096
한마음동물병원,경기도,화성시,경기도 화성시 만세구 향남읍 삼천병마로 206,,37.131416,126.910565
성내동물병원,서울특별시,강동구,서울특별시 강동구 풍성로 145 (성내동),02-484-5252,37.53128,127.128135
세인트필립 동물병원,서울특별시,동작구,"서울특별시 동작구 남부순환로267길 5 (사당동,102호)",02-3486-7707,37.477121,126.976704
벳케어 동물병원,경기도,고양시,경기도 고양시 일산서구 가좌3로 27 (가좌동),,37.687164,126.719254
나무동물병원,경기도,여주시,경기도 여주시 청심로 17-7 (하동),031-885-7475,37.301157,127.622304
온누리 종합동물병원,서울특별시,영등포구,"서울특별시 영등포구 도신로 186, 2층 (신길동)",,37.510836,126.912042
이앤박동물병원,서울특별시,노원구,서울특별시 노원구 한글비석로52길 18 (상계동),,37.664551,127.063827
21세기동물병원,경기도,화성시,"경기도 화성시 동탄구 동탄솔빛로 48, 103~104호 (반송동, 거택프라자)",80153178,37.19315,127.073381
쓰담쓰담 동물병원,서울특별시,성북구,서울특별시 성북구 종암로 113 (종암동),,37.600161,127.033674
디아나동물병원,서울특별시,서초구,"서울특별시 서초구 방배로 119, 1층 (방배동)",02-521-9010,37.484657,126.995247
라임동물병원,경기도,포천시,경기도 포천시 영중면 호국로 2558,031-533-5065,37.972192,127.249167
웰케어 동물병원,경기도,김포시,"경기도 김포시 유현로 19, 402동 206, 306호 (풍무동, 유현마을신동아아파트)",,37.597489,126.723272
한양동물메디컬센터,서울특별시,성동구,서울특별시 성동구 왕십리로 282 (행당동),02-2281-5200,37.559662,127.037014
파주연천축협동물병원,경기도,파주시,경기도 파주시 적성면 어삼로 36,031-958-2343,37.995171,126.990803
흥덕종합동물병원,경기도,용인시,"경기도 용인시 기흥구 흥덕중앙로 59 (영덕동, 용인흥덕노블레스흥덕노블레스)",031-217-7119,37.276498,127.073705
하니동물병원,서울특별시,중랑구,"서울특별시 중랑구 신내로 225, 디아뜨갤러리 142호 (신내동)",02-3422-0977,37.616957,127.091292
원동물병원,서울특별시,동작구,"서울특별시 동작구 사당로 215, 서림빌딩 202호 (사당동)",02-587-5618,37.484634,126.97237
구로종합동물병원,서울특별시,구로구,"서울특별시 구로구 경인로 638, 101동 101호 (신도림동, 신도림에스케이뷰)",26310085,37.507005,126.886498
파스텔동물병원,서울특별시,강서구,"서울특별시 강서구 화곡로 112, 1층 (화곡동)",02-2693-0075,37.539786,126.834466
서울대공원 동물병원,경기도,과천시,"경기도 과천시 대공원광장로 102, 서울대공원 (막계동)",02-500-7770,37.435963,127.014228
그레이스 고양이 병원,서울특별시,강남구,"서울특별시 강남구 선릉로152길 17, 아시아청담부띠끄 3층 302호 (청담동)",02-3442-5554,37.524441,127.041059
개포동물병원,서울특별시,강남구,"서울특별시 강남구 개포로 512 (개포동, 개포종합상가 1층)",02-3412-7582,37.489272,127.068817
개포동물병원,경기도,양평군,"경기도 양평군 양서면 양수로 170, 1층",031-771-7278,37.545311,127.317715
거부기 동물병원,경기도,고양시,"경기도 고양시 일산동구 무궁화로 11, 한라밀라트 B동 113호 (장항동)",,37.661996,126.766099
로얄벳 동물병원,경기도,용인시,"경기도 용인시 수지구 수지로 203 (신봉동,이마트수지점 3층)",031-263-7585,37.319821,127.083357
한빛동물병원,서울특별시,은평구,"서울특별시 은평구 진관4로 87, 629동 116호 (진관동, 은평뉴타운상림마을)",,37.64796,126.928847
세브란스동물병원,경기도,용인시,"경기도 용인시 수지구 풍덕천로 135, 103호 (풍덕천동, 요진타워)",,37.323812,127.096486
태양 동물병원,서울특별시,성북구,서울특별시 성북구 돌곶이로 31 (석관동),,37.607028,127.060685
맑은숲동물병원,경기도,평택시,경기도 평택시 추담로 102 (이충동),,37.061664,127.071246
가야동물병원,경기도,부천시,경기도 부천시 원미구 부천로 69 (심곡동),,37.490582,126.783887
판교 행복한 동물병원,경기도,성남시,"경기도 성남시 분당구 동판교로 226, 204, 205, 206호 (삼평동, 봇들마을4단지아파트)",80175575,37.403508,127.117947
진스 종합 동물병원,경기도,고양시,"경기도 고양시 일산동구 노루목로 99, 호수마을5단지아파트 1층 121~122호 (장항동, 호수마을5단지아파트)",,37.650273,126.776173
반창꼬동물병원,경기도,양주시,"경기도 양주시 옥정로 151, 힐링프라자 3층 2호 (옥정동)",031-858-2918,37.815366,127.090339
Dr.J동물병원,경기도,용인시,"경기도 용인시 기흥구 흥덕2로87번길 18 (영덕동, 이씨티)",031-215-7975,37.275762,127.071896
판교종합 동물병원,경기도,성남시,경기도 성남시 분당구 동판교로 122 (백현동),80167507,37.393165,127.118878
굿모닝동물병원(출장전문 진료),경기도,평택시,경기도 평택시 현덕면 인광2길 58,070-8883-1333,36.963691,126.932981
다산동물병원,경기도,남양주시,"경기도 남양주시 경춘로 380, 대진빌딩 1층 (다산동)",,37.605232,127.156633
내친구동물병원,경기도,구리시,경기도 구리시 이문안로 105 (수택동),031-568-0075,37.591838,127.143238
가나종합동물병원,서울특별시,양천구,"서울특별시 양천구 목동서로 77, 현대월드타워 160호 (목동)",26457588,37.535986,126.878042
호수동물병원,경기도,고양시,"경기도 고양시 일산서구 중앙로 1470, A동 106-3호 (주엽동, 문촌마을10단지아파트)",,37.672437,126.757415
장우진동물병원,경기도,화성시,"경기도 화성시 병점구 경기대로 990 (병점동, 화성 병점 에스케이 뷰)",,37.204888,127.038485
에코동물병원,서울특별시,송파구,"서울특별시 송파구 동남로 161, 1,2층 (가락동, 현대빌리지)",02-443-2222,37.492809,127.128148
서현동물병원,경기도,성남시,"경기도 성남시 분당구 중앙공원로31번길 42, 서현파크플라자 1층 142호 (서현동)",,37.383091,127.125488
행복한 동물병원,경기도,이천시,경기도 이천시 경충대로 2486 (진리동),,37.271579,127.455325
두리종합동물병원,서울특별시,서초구,"서울특별시 서초구 반포대로 287, 래미안퍼스티지 중심상가 1층 147,148호 (반포동)",02-3476-7522,37.50434,127.000852
웨스턴 동물의료센터,서울특별시,마포구,"서울특별시 마포구 신촌로 110, 웨스턴5빌딩 (노고산동)",02-701-7580,37.555161,126.938129
마리동물의료센터,경기도,용인시,경기도 용인시 처인구 백암면 백암로185번길 46,070-8807-8375,37.164212,127.371822
호 동물병원,서울특별시,강북구,"서울특별시 강북구 월계로 57, 2층 (미아동)",,37.612232,127.035779
스타동물병원,경기도,김포시,"경기도 김포시 김포한강1로51번길 28, 레드클로버 2층 203, 205호 (장기동)",,37.644153,126.667049
예은동물의료센터,서울특별시,강남구,"서울특별시 강남구 학동로29길 5, 3,4,5,6층 (논현동)",02-529-5575,37.514669,127.031205
로하스 동물병원,경기도,고양시,"경기도 고양시 일산서구 강선로 74, 강선마을8단지 (주엽동)",031-923-8271,37.669826,126.766568
우리동물병원,경기도,성남시,경기도 성남시 분당구 백현로156번길 17-2 (정자동),031-719-5725,37.371313,127.113971
리오동물병원,서울특별시,송파구,"서울특별시 송파구 올림픽로 435, 상가동 1층 36호 (신천동, 파크리오)",02-415-7579,37.520537,127.106151
누리봄동물병원,서울특별시,종로구,서울특별시 종로구 사직로12길 2 (내자동),02-735-7530,37.575793,126.971065
보노보노동물병원,서울특별시,강북구,"서울특별시 강북구 삼양로 336, 예향교회 1층 (수유동)",,37.633447,127.017743
쿨펫이마트 목동점 동물병원,서울특별시,양천구,"서울특별시 양천구 오목로 299, 목동트라팰리스 (목동)",26452727,37.525993,126.870383
건국 동물병원,경기도,성남시,"경기도 성남시 수정구 수정로 131, 109호 (태평동, 낙원스카이뷰)",031-721-4111,37.442052,127.134642
부천종합동물병원,경기도,부천시,"경기도 부천시 소사구 경인로 190, 111호 (심곡본동, 부천라비앙로제)",,37.483451,126.776686
용인센트럴동물병원,경기도,용인시,"경기도 용인시 처인구 백옥대로 1058, 남곡빌딩 (김량장동)",,37.230264,127.210605
쿨펫동물병원,경기도,평택시,"경기도 평택시 평택5로 30, 3층 (합정동, 롯데마트)",031-651-5975,36.988396,127.111732
이든동물병원,경기도,수원시,"경기도 수원시 팔달구 수성로244번길 25, 101호 (화서동, 화서위브하늘채)",031-242-7501,37.288409,127.000561
여주동물병원,경기도,여주시,경기도 여주시 웅곡길 25 (점봉동),,37.264635,127.631324
분당중앙 동물병원,경기도,성남시,"경기도 성남시 분당구 중앙공원로39번길 49, 서현 지엔느 108호 (서현동)",031-708-8875,37.383799,127.124751
이규로동물병원,경기도,남양주시,경기도 남양주시 화도읍 창현로 47,,37.646612,127.305388
초콜릿종합동물병원,서울특별시,서대문구,서울특별시 서대문구 응암로 117 (북가좌동),,37.58313,126.913481
장현 동물병원,경기도,남양주시,경기도 남양주시 진접읍 금강로1573번길 5,,37.731771,127.193652
해오름 동물병원,경기도,고양시,"경기도 고양시 덕양구 호국로 821, 101호 (주교동)",,37.658945,126.83855
라온동물병원,서울특별시,용산구,"서울특별시 용산구 회나무로 7, 2층 (이태원동)",,37.538698,126.987693
다니엘 동물병원,경기도,고양시,경기도 고양시 일산동구 일산로 233 (마두동),,37.65683,126.788268
오엠동물병원,경기도,고양시,"경기도 고양시 일산서구 한류월드로 300, 고양 원마운트 2층 2100호 (대화동)",,37.664459,126.754483
금강동물병원,서울특별시,용산구,"서울특별시 용산구 이촌로 300, 렉스상가 8-1,8-2호 (이촌동)",,37.517895,126.98004
VIP 동물의료센터,서울특별시,성북구,"서울특별시 성북구 동소문로 73, 시티플레이스 1층 101호, 비101호, 비201호, 비202호 (동소문동6가)",,37.59231,127.013428
면목동물병원,서울특별시,중랑구,서울특별시 중랑구 사가정로 363 (면목동),,37.581215,127.084902
프렌즈동물병원,서울특별시,관악구,서울특별시 관악구 관악로 223 (봉천동),02-874-7585,37.484843,126.955126
경기도 야생동물 구조관리센터,경기도,평택시,경기도 평택시 진위면 동천길 132-93,031-8008-6212,37.131895,127.118446
야옹동물병원,서울특별시,은평구,"서울특별시 은평구 증산로 413, 동현빌딩 1층 (신사동)",,37.593253,126.913809
나은동물병원,경기도,수원시,경기도 수원시 장안구 월드컵로 425-2 (연무동),031-241-8575,37.293409,127.025579
서진동물병원,서울특별시,관악구,서울특별시 관악구 봉천로 236 (신림동),02-887-2165,37.489142,126.927542
해맑은동물병원,경기도,양주시,"경기도 양주시 고읍남로 14, 더테라스 102호 (광사동)",031-865-5700,37.795175,127.07964
두리동물병원,서울특별시,송파구,"서울특별시 송파구 성내천로 229, 1층 (마천동)",02-449-8575,37.499522,127.153145
라파동물병원,경기도,화성시,"경기도 화성시 효행구 봉담읍 상리2길 55, 어반센터프라자 103호",031-278-1275,37.225217,126.946903
조이동물병원,경기도,고양시,"경기도 고양시 일산서구 탄중로 111, 양우로데오메인타운2 C동 101호, 양우로데오메인타운1 A동 106호 (덕이동)",,37.692913,126.757332
효원동물병원,경기도,수원시,"경기도 수원시 영통구 권선로 805, 1층 (매탄동, 김정문알로에)",031-238-0075,37.255677,127.039051
포천동물병원,경기도,포천시,경기도 포천시 중앙로 170 (신읍동),031-535-2978,37.90071,127.20672
우정동물병원,경기도,화성시,경기도 화성시 만세구 우정읍 버들로 94,,37.080021,126.805548
쿨펫동물병원,경기도,고양시,"경기도 고양시 덕양구 화중로 66, 롯데마트 2층 (화정동)",,37.632955,126.831132
하노바동물병원,경기도,부천시,경기도 부천시 원미구 부흥로 196 (중동),,37.495931,126.764353
리즈동물병원,서울특별시,서초구,"서울특별시 서초구 잠원로 221, 상가동 2층 (잠원동, 한강아파트)",,37.521318,127.015131
이윤권양한방동물병원,경기도,안양시,"경기도 안양시 만안구 만안로 284, 111호 (안양동, 마인빌)",031-469-7581,37.405139,126.919303
대학동물병원,경기도,남양주시,"경기도 남양주시 화도읍 맷돌로91번길 4-18, 송호빌 102호",,37.658119,127.301493
도그플러스 동물병원,경기도,의정부시,"경기도 의정부시 청사로 38, 홈플러스 3층 (금오동)",031-851-7373,37.75214,127.071049
노아동물병원,서울특별시,금천구,서울특별시 금천구 금하로 745 (시흥동),,37.450213,126.912573
24시 애니동물병원,서울특별시,성북구,서울특별시 성북구 보문로 99 (보문동5가),,37.583939,127.019834
쿨펫동물병원,경기도,안성시,"경기도 안성시 중앙로 246, 3층 (석정동, 이마트)",031-677-7975,37.012726,127.255989
Be 동물병원,경기도,부천시,"경기도 부천시 소사구 범안로 55, 홈타운프라자 2층 206호 (괴안동)",032-349-7975,37.477022,126.80812
웰리스 동물병원,서울특별시,노원구,"서울특별시 노원구 섬밭로 258, 건영옴니백화점 520호 (중계동)",,37.638827,127.064754
아프리카 동물병원,경기도,성남시,"경기도 성남시 분당구 서현로 170, 풍림아이원플러스 108호 (서현동)",,37.388951,127.122475
하모니동물병원,경기도,부천시,"경기도 부천시 원미구 신흥로 150, 위브더스테이트 (중동)",,37.497742,126.778203
이윤세동물병원,서울특별시,성동구,"서울특별시 성동구 행당로 76, 한진노변상가 1,2층 108호109호203호 (행당동)",02-2282-7503,37.55588,127.029207
원당동물병원,경기도,고양시,"경기도 고양시 덕양구 마상로126번길 97, 3층 (주교동)",,37.656504,126.833423
해뜰동물병원,경기도,용인시,"경기도 용인시 기흥구 보정로 117 (보정동, 리베로3)",031-889-7556,37.319837,127.114319
수원펫 동물병원,경기도,수원시,경기도 수원시 권선구 세권로166번길 26 (권선동),031-234-8275,37.254987,127.021712
늘사랑동물병원,서울특별시,강동구,"서울특별시 강동구 고덕로 162, 101호 (명일동)",02-442-2223,37.554521,127.143333
노룬산동물병원,서울특별시,광진구,서울특별시 광진구 뚝섬로 462 (자양동),,37.536888,127.061778
햇살동물병원,서울특별시,양천구,서울특별시 양천구 월정로 46 (신월동),26905673,37.523825,126.842327
포근한동물병원,경기도,부천시,"경기도 부천시 원미구 소향로 111, 디아뜨 1 A동 110, 111호 (중동)",,37.502715,126.760045
나라동물병원,경기도,용인시,경기도 용인시 처인구 포곡읍 포곡로 96,031-338-7975,37.268351,127.216305
대한동물병원,서울특별시,강서구,"서울특별시 강서구 화곡로 205 (화곡동, 대한동물병원)",26944821,37.54387,126.843118
코리아동물병원,경기도,평택시,경기도 평택시 중앙로 141 (비전동),,36.992777,127.098716
도촌 동물병원,경기도,성남시,"경기도 성남시 중원구 도촌남로 37, 도촌프라자 2층 203호 (도촌동)",,37.414624,127.151633
우리동물병원,서울특별시,성북구,서울특별시 성북구 삼양로 84 (길음동),,37.610852,127.02256
분당고은 동물병원,경기도,성남시,"경기도 성남시 분당구 매화로 40 (야탑동, 동륜빌딩)",,37.411156,127.134175
해맑은동물병원,서울특별시,광진구,서울특별시 광진구 뚝섬로 670 (자양동),02-6954-7582,37.531597,127.083938
한빛종합동물병원,서울특별시,노원구,서울특별시 노원구 동일로 1370 (상계동),,37.650923,127.061881
중앙동물병원,경기도,의왕시,경기도 의왕시 철도박물관로 71 (삼동),,37.320594,126.949426
우리들 동물병원,경기도,성남시,"경기도 성남시 분당구 야탑로 103, 노블리치2 오피스텔 2층 206호 (야탑동)",031-706-7588,37.410136,127.130162
초원동물병원,경기도,고양시,"경기도 고양시 일산서구 일산로 589, 현대프라자 (일산동)",,37.679632,126.762667
우솔종합동물병원,서울특별시,노원구,"서울특별시 노원구 화랑로 349, 석계문고 2층 (월계동)",,37.615394,127.066658
애니존동물병원,경기도,수원시,경기도 수원시 팔달구 인계로108번길 4 (인계동),031-267-0975,37.267655,127.029174
센트럴동물병원,경기도,화성시,"경기도 화성시 동탄구 동탄지성로 102, 하나로프라자 (반송동)",80037520,37.208103,127.064193
누리동물병원,경기도,화성시,"경기도 화성시 동탄구 동탄솔빛로 64, 가희프라자2 1층 104호 (반송동)",80037588,37.194208,127.074677
금오동물병원,경기도,의정부시,"경기도 의정부시 청사로 37 (금오동,신세계프라자 112호)",031-826-7582,37.751513,127.069865
전병준동물병원,경기도,수원시,"경기도 수원시 팔달구 인계로 126, 수원미디어시티 109호110호호 (인계동)",031-212-7582,37.267251,127.031302
쿨펫 동물병원,경기도,용인시,"경기도 용인시 기흥구 동백죽전대로 444 (중동, 쥬네브썬월드빌딩)",031-679-0551,37.278043,127.151703
호평동물병원,경기도,남양주시,경기도 남양주시 늘을1로16번길 29 (호평동),,37.654085,127.243341
더 샵 동물메디컬센터,서울특별시,송파구,"서울특별시 송파구 올림픽로35가길 9, 상가동 2층 207호 (신천동, 잠실 푸르지오 월드마크)",02-416-7512,37.517438,127.103577
나루동물병원,경기도,남양주시,경기도 남양주시 경춘로 404 (도농동),,37.606492,127.159072
우리동물병원,서울특별시,종로구,서울특별시 종로구 지봉로 96-3 (숭인동),36761190,37.578706,127.015644
로엘동물병원,서울특별시,광진구,서울특별시 광진구 뚝섬로 622-1 (자양동),,37.532051,127.078783
대한동물병원(산업동물 출장진료 전문 동물병원),경기도,파주시,"경기도 파주시 평화로 37, 대한가축약품 1층 (금촌동)",,37.760853,126.771182
우리동물병원,경기도,용인시,경기도 용인시 기흥구 한보라2로14번길 4-14 (보라동),,37.253778,127.110239
의왕동물병원,경기도,의왕시,경기도 의왕시 경수대로 372 (오전동),,37.358326,126.966534
세이브 동물병원,경기도,성남시,경기도 성남시 중원구 산성대로 336-3 (중앙동),,37.443056,127.153898
피닉스동물병원,서울특별시,동작구,"서울특별시 동작구 상도로 43, 1층 (대방동, 정원빌딩)",02-813-7579,37.500016,126.925465
다나동물병원,서울특별시,강서구,"서울특별시 강서구 강서로 254 (화곡동, 우장산아이파크이편한세상)",,37.548386,126.836814
자유로 동물병원,경기도,고양시,"경기도 고양시 일산서구 대화로 120, 자유로프라자 (대화동)",,37.669635,126.734132
굿모닝동물병원,서울특별시,강서구,"서울특별시 강서구 방화대로47가길 7 (방화동, 방화샤르망1오피스텔)",26658256,37.576499,126.813033
대한동물병원,경기도,포천시,경기도 포천시 영북면 영북로203번길 30,,38.092172,127.270723
그린펫동물병원,경기도,안산시,"경기도 안산시 단원구 광덕4로 180, 101호 (고잔동, 부원프라자)",,37.314641,126.832643
Dr.수동물병원,서울특별시,영등포구,"서울특별시 영등포구 국제금융로 79, 롯데슈퍼 2층 (여의도동, 한양아파트)",02-785-7582,37.521475,126.932503
금나래동물병원,서울특별시,금천구,"서울특별시 금천구 벚꽃로 30, 205동 B127호 (독산동, 금천 롯데캐슬 골드파크 2차)",,37.45824,126.894176
삼성동물병원,서울특별시,강북구,"서울특별시 강북구 삼양로19길 25, 110동 지층 1-2,1-3호 (미아동, 삼성래미안트리베라1차아파트)",,37.613942,127.020726
시온동물병원,서울특별시,강동구,서울특별시 강동구 천호대로 1057 (천호동),02-476-8275,37.537244,127.129502
프렌즈동물병원,서울특별시,서초구,"서울특별시 서초구 방배로 76, 머리재빌딩 1층 105호 (방배동)",,37.481194,126.998336
분당정자 동물병원,경기도,성남시,"경기도 성남시 분당구 정자일로 120, 119호 (정자동, 아데나루체 상가 )",,37.360852,127.106544
웰케어동물병원,서울특별시,마포구,"서울특별시 마포구 월드컵북로 27, 이화빌딩 (서교동)",02-337-7575,37.556887,126.9191
ZOO동물병원,서울특별시,성북구,"서울특별시 성북구 정릉로 328, 1층 (정릉동)",,37.602011,127.019543
보성통증동물병원,서울특별시,성북구,"서울특별시 성북구 보국문로 68-1, 정호빌딩 1층 (정릉동)",,37.610604,127.009378
24시센트럴동물메디컬센터,서울특별시,성동구,서울특별시 성동구 고산자로 207 (행당동),02-3395-7975,37.558679,127.033691
애플동물병원,서울특별시,광진구,서울특별시 광진구 천호대로 642-1 (능동),,37.55319,127.088305
비비펫 동물병원,서울특별시,성북구,서울특별시 성북구 화랑로 91 (하월곡동),,37.602989,127.042131
디오빌 동물병원,서울특별시,영등포구,"서울특별시 영등포구 당산로 222, 1층 103-3호 (당산동5가, 당산디오빌)",02-2671-0026,37.533234,126.902268
새은평동물의료센터,서울특별시,은평구,"서울특별시 은평구 서오릉로 80(대조동, 북한산 포레스트)",,37.607591,126.922186
푸른동물병원,서울특별시,구로구,서울특별시 구로구 구로동로 111-1 (구로동),,37.488591,126.884309
참사랑동물병원,경기도,수원시,경기도 수원시 영통구 영통로 118 (망포동),031-273-8875,37.238411,127.057083
서울허브동물병원,서울특별시,관악구,"서울특별시 관악구 남부순환로 1811, 신원메트로빌 (봉천동)",02-875-7579,37.481735,126.951446
로잔동물의료센터,서울특별시,관악구,"서울특별시 관악구 관악로29길 3, 1층 (봉천동)",02-872-7588,37.486407,126.956444
라임동물병원,경기도,파주시,경기도 파주시 순못길 21 (다율동),,37.726708,126.716029
레이크동물병원,경기도,용인시,경기도 용인시 기흥구 평촌1로8번길 11-4 (동백동),80057507,37.28538,127.152827
다나동물병원,서울특별시,동작구,서울특별시 동작구 동작대로 47 (사당동),02-3471-0375,37.480907,126.981467
쿨독동물병원,서울특별시,송파구,"서울특별시 송파구 중대로9길 48, MOXENHOUSE (가락동)",02-408-5400,37.497091,127.11917
맑은 동물병원,서울특별시,동대문구,"서울특별시 동대문구 청계천로 417, 108호 (신설동, 청계천 대성 스카이렉스1)",02-2234-1379,37.571998,127.023912
문산동물의료센터,경기도,파주시,"경기도 파주시 문산읍 문향로 52-1, 우리들빌딩 201호",031-953-7570,37.856747,126.785632
풍동동물병원,경기도,고양시,"경기도 고양시 일산동구 숲속마을로 48 (풍동, 신성프라자)",,37.667457,126.797944
유림동물병원,서울특별시,노원구,"서울특별시 노원구 월계로45길 28 (월계동, 월계아파트형공장)",,37.626941,127.051254
현대동물병원,경기도,부천시,"경기도 부천시 원미구 송내대로265번길 85, 뱅뱅프라자 204호 (상동)",,37.507354,126.753902
상암동물병원,서울특별시,마포구,서울특별시 마포구 월드컵북로 336 (상암동),02-375-7222,37.576043,126.894659
파랑새동물병원,서울특별시,금천구,서울특별시 금천구 시흥대로 276 (독산동),,37.458309,126.899543
금천동물병원,서울특별시,금천구,서울특별시 금천구 독산로 188 (독산동),,37.46392,126.903475
그린동물병원,서울특별시,금천구,서울특별시 금천구 독산로 272 (독산동),,37.470968,126.903236
조정연동물병원,서울특별시,금천구,서울특별시 금천구 금하로 679 (시흥동),,37.452602,126.905794
탑케어동물의료원,경기도,고양시,"경기도 고양시 덕양구 화신로272번길 5, 2,3층 (화정동)",1666-7501,37.631238,126.831012
중앙동물병원,서울특별시,성북구,서울특별시 성북구 돌곶이로 56 (석관동),,37.608869,127.05932
리더스 동물병원,서울특별시,양천구,"서울특별시 양천구 신목로 80, 신정동빌딩 (신정동)",02-2652-5475,37.521869,126.874415
와우종합동물병원,서울특별시,관악구,서울특별시 관악구 난곡로 247 (신림동),02-866-0880,37.476111,126.915757
잠실준25시동물병원,서울특별시,송파구,"서울특별시 송파구 석촌호수로 138, 유시에셋 105호 (삼전동)",02-415-7580,37.507107,127.09227
박창석종합동물병원,서울특별시,마포구,서울특별시 마포구 도화길 42 (도화동),02-6405-7582,37.541505,126.950366
도그플러스,경기도,김포시,"경기도 김포시 풍무로 167, 3층 (풍무동)",,37.609944,126.723688
현대동물병원,경기도,용인시,경기도 용인시 기흥구 상갈로 31 (상갈동),,37.269152,127.108237
24시 아프리카동물병원,경기도,안산시,"경기도 안산시 단원구 원포공원2로 35, 메가쇼핑타운1 105,106,107,110,111호,202호 (초지동)",,37.301745,126.813565
소담동물병원,경기도,수원시,경기도 수원시 장안구 하률로 9 (천천동),031-269-1121,37.303174,126.974304
백암동물병원,경기도,용인시,경기도 용인시 처인구 백암면 근창로 45,031-336-1245,37.163152,127.370092
라임동물병원,경기도,부천시,"경기도 부천시 오정구 소사로 722 (원종동, 제이디 스카이빌)",,37.520547,126.805193
동물사랑병원,경기도,부천시,경기도 부천시 원미구 도약로 39 (상동),,37.512529,126.753863
동백동물병원,경기도,용인시,"경기도 용인시 기흥구 동백5로 21-11, 107호 (중동, 동백훼미리프라자 1)",031-693-8627,37.277536,127.152774
팜펫동물병원,경기도,부천시,"경기도 부천시 원미구 길주로 219, 드림빌딩 (중동)",,37.504776,126.766798
서울동물병원,경기도,과천시,경기도 과천시 용마로 2 (과천동),02-503-7787,37.448036,126.994235
굿모닝동물병원,경기도,시흥시,경기도 시흥시 군자로 511 (거모동),031-508-0555,37.344476,126.785297
올리브동물병원,경기도,고양시,"경기도 고양시 일산동구 중앙로 1130, C동 1층 12호 (마두동, 강촌마을6단지아파트)",031-908-7582,37.64969,126.780271
프렌즈동물병원,경기도,의정부시,경기도 의정부시 호국로 1300 (의정부동),031-845-2500,37.743394,127.048613
큐피트동물병원,경기도,부천시,경기도 부천시 원미구 부일로 447-1 (심곡동),032-666-7975,37.486449,126.77999
아지동물병원,서울특별시,성동구,"서울특별시 성동구 독서당로 289 (금호동4가,지상1층)",02-6085-7750,37.548038,127.021045
펫피아 동물병원,경기도,고양시,경기도 고양시 덕양구 충경로 45 (행신동),,37.615671,126.834728
피그만클리닉,경기도,고양시,"경기도 고양시 덕양구 삼송로 222, 헤리엇오피스 310호 (삼송동)",,37.653008,126.899082
풍동 라파엘 동물병원,경기도,고양시,"경기도 고양시 일산동구 숲속마을로 50-76, 중앙프라자 204,205호 (풍동)",,37.667739,126.798886
서래동물병원,서울특별시,서초구,서울특별시 서초구 서래로 38 (반포동),02-6052-8275,37.498357,126.998524
죽전동물병원,경기도,용인시,"경기도 용인시 기흥구 죽전로 49, 101호 (보정동)",031-266-2993,37.320748,127.114266
토베스트 동물병원,경기도,고양시,경기도 고양시 일산동구 일산로441번길 15-19 (정발산동),,37.672435,126.778103
카우만 동물병원,경기도,포천시,경기도 포천시 왕방로 68 (신읍동),,37.890481,127.189577
소사프라임동물병원,경기도,부천시,경기도 부천시 소사구 소사로 184 (소사본동),,37.47462,126.795788
숲속동물병원,서울특별시,중랑구,"서울특별시 중랑구 겸재로 207, 1층 (면목동)",,37.589315,127.090562
미소동물병원,서울특별시,성북구,서울특별시 성북구 종암로 91(종암동),,37.59839,127.034351
파우동물병원,경기도,용인시,"경기도 용인시 수지구 현암로125번길 6, 105호 (죽전동, 그린프라자)",,37.332225,127.123544
24시동물병원,경기도,용인시,경기도 용인시 기흥구 구갈로 53 (구갈동),,37.279105,127.111013
광교산동물병원,경기도,수원시,경기도 수원시 장안구 팔달로 298 (영화동),031-241-2668,37.290743,127.016913
제일동물병원,경기도,안양시,"경기도 안양시 동안구 시민대로 187, 105호 (비산동, 안양건설타워)",031-388-1845,37.39177,126.951686
보람동물병원,서울특별시,광진구,서울특별시 광진구 군자로 84 (군자동),,37.550522,127.071161
미니주동물병원,서울특별시,양천구,서울특별시 양천구 목동중앙북로 37 (목동),26518575,37.548055,126.867838
화랑동물병원,서울특별시,노원구,서울특별시 노원구 화랑로 473 (공릉동),,37.619286,127.079645
가람동물병원,경기도,구리시,경기도 구리시 건원대로 41 (인창동),031-558-7582,37.604736,127.139686
산들동물병원,경기도,고양시,경기도 고양시 일산동구 고봉로 250 (중산동),,37.681852,126.778499
주현동물병원,경기도,안양시,경기도 안양시 만안구 병목안로 57 (안양동),031-443-9726,37.3963,126.915816
해맑은 동물병원,경기도,고양시,경기도 고양시 일산서구 탄현동 1573-5 현해프라자 203호,031-924-0075,37.691338,126.763311
안민 동물병원,경기도,양주시,경기도 양주시 은현면 은현로 73-8,031-859-0087,37.875441,127.023744
에버랜드 동물병원,경기도,용인시,경기도 용인시 처인구 포곡읍 에버랜드로 199,031-320-8708,37.289914,127.216621
수동물병원,경기도,부천시,"경기도 부천시 오정구 소사로 709, 그린메디칼프라자 (원종동)",032-675-8575,37.519283,126.804488
엘림동물병원,경기도,부천시,"경기도 부천시 원미구 삼작로 305 (도당동, 성진그린타운 102동)",,37.520303,126.795498
고려종합동물병원,서울특별시,강남구,"서울특별시 강남구 선릉로 225, 도곡렉슬상가 507-2호 (도곡동)",02-575-7999,37.495341,127.052652
현대동물병원,경기도,수원시,경기도 수원시 권선구 매송고색로 661-1 (고색동),031-293-0285,37.249971,126.976911
수락 동물병원,서울특별시,노원구,"서울특별시 노원구 동일로 1622 (상계동, 유성상가)",,37.673007,127.055973
올리브동물병원,서울특별시,종로구,서울특별시 종로구 자하문로 305 (홍지동),,37.599281,126.958982
행복한동물병원,서울특별시,양천구,서울특별시 양천구 공항대로 636 (목동),26552258,37.546697,126.875391
우리동물병원,경기도,오산시,"경기도 오산시 경기대로 174, 다모아프라자 101,102호 (원동)",031-373-8486,37.140277,127.073803
로뎀종합동물병원,경기도,부천시,"경기도 부천시 원미구 원미로 117 (원미동, 유림연립)",,37.493102,126.790788
다산동물병원「산업동물 출장진료 전문」,경기도,이천시,경기도 이천시 장호원읍 서동대로8809번길 22-5,,37.116139,127.614385
세인트동물병원,서울특별시,강서구,서울특별시 강서구 강서로 36 (화곡동),26950072,37.530504,126.843416
애드펫동물병원,서울특별시,영등포구,"서울특별시 영등포구 선유서로 67, 신동아하이팰리스상가 104동 131호 (양평동2가)",20682277,37.521885,126.884664
덕소동물의료센터,경기도,남양주시,경기도 남양주시 와부읍 덕소로 92,,37.586202,127.212058
세진동물병원,서울특별시,중랑구,서울특별시 중랑구 망우로 415(망우동),,37.599677,127.098324
진서동물병원,서울특별시,중랑구,서울특별시 중랑구 신내로10길 7 (신내동),,37.604699,127.095924
이플동물병원,경기도,성남시,경기도 성남시 수정구 복정로 35 (복정동),,37.456157,127.127147
교대동물병원,서울특별시,서초구,"서울특별시 서초구 서초대로 325 (서초동,지상1층)",,37.494975,127.017034
일오삼동물병원,서울특별시,양천구,서울특별시 양천구 지양로 52 (신월동),26061990,37.52052,126.834923
브라운동물병원,서울특별시,노원구,"서울특별시 노원구 동일로203가길 29 (중계동, 브라운스톤중계)",62243858,37.639936,127.064257
엘케이동물병원,서울특별시,노원구,"서울특별시 노원구 덕릉로 589, 두림빌딩 102호 (중계동)",,37.65097,127.07174
로얄동물병원,서울특별시,은평구,서울특별시 은평구 연서로 137 (구산동),,37.611152,126.916803
호수동물병원,서울특별시,송파구,"서울특별시 송파구 오금로 126, 105호 (송파동, 레이크 해모로)",02-413-7514,37.511361,127.108796
서수원동물병원,경기도,화성시,경기도 화성시 효행구 봉담읍 진등1길 72,031-297-7556,37.221328,126.950405
주연동물병원,서울특별시,중랑구,서울특별시 중랑구 면목로 273 (면목동),22079931,37.577295,127.085707
다니엘동물병원,서울특별시,서초구,"서울특별시 서초구 효령로 214, 삼양빌딩 2층 (서초동)",02-585-0087,37.483125,127.007713
정자프라임동물병원,경기도,성남시,"경기도 성남시 분당구 내정로 58, 스포라이프 스포츠센타 111호 (정자동)",,37.365387,127.115196
다솜동물병원,경기도,부천시,"경기도 부천시 원미구 지봉로 116, 역곡시장 (역곡동)",032-351-3031,37.488297,126.812301
강남종합동물병원,경기도,용인시,경기도 용인시 기흥구 신갈로 85 (신갈동),031-283-0775,37.274294,127.105491
가람동물병원,경기도,부천시,"경기도 부천시 소사구 경인로 494, 조양프라자 (괴안동)",,37.48342,126.810392
고려동물병원,경기도,화성시,경기도 화성시 효행구 봉담읍 효행로 293,031-225-0275,37.222109,126.974451
금릉동물의료센터,경기도,파주시,"경기도 파주시 금빛로 24-28, 우성메디피아 2층 201, 202호 (금촌동)",031-948-3375,37.751623,126.768277
베스트동물병원,경기도,화성시,"경기도 화성시 병점구 효행로 1036, 아시아빌딩 101호 (진안동)",031-226-0275,37.213224,127.0407
펫토이동물병원,서울특별시,용산구,서울특별시 용산구 대사관로 32 (한남동),,37.533509,127.001683
유현동물병원,서울특별시,도봉구,"서울특별시 도봉구 방학로 187, 105호 (방학동, 한화아파트 상가)",,37.661291,127.03171
사과나무 동물병원,경기도,고양시,"경기도 고양시 일산서구 일산로 539, 2층 (일산동)",,37.677328,126.76795
두리동물클리닉,경기도,수원시,경기도 수원시 팔달구 효원로 53 (매산로3가),031-221-2410,37.268818,127.009288
나래동물병원,서울특별시,광진구,서울특별시 광진구 능동로 283 (군자동),,37.55535,127.078154
평택축협동물병원,경기도,평택시,경기도 평택시 안중읍 서해로 1146-20,031-683-3003,36.99601,126.941358
우리동물병원,경기도,안성시,경기도 안성시 장기1길 5(인지동),,37.004183,127.268678
쥬쥬동물병원,경기도,안산시,"경기도 안산시 단원구 광덕대로 206, 103,104호 (고잔동,골든빌)",,37.314719,126.831205
강산동물병원(출장전문),경기도,안성시,"경기도 안성시 대덕면 차골길 17, 101호",031-656-6166,36.99853,127.225272
행복한동물병원,서울특별시,성북구,서울특별시 성북구 돌곶이로 91 (장위동),,37.611176,127.056351
한수24시동물병원,서울특별시,은평구,"서울특별시 은평구 증산로 267, 103호 (증산동)",,37.5818,126.907044
정동물병원,서울특별시,강동구,서울특별시 강동구 상암로 64 (천호동),02-474-7588,37.5488,127.130259
수 동물병원,서울특별시,노원구,"서울특별시 노원구 동일로 1689 (상계동, 하이베라스)",,37.681605,127.056591
동인동물병원,경기도,남양주시,경기도 남양주시 호평로 63 (호평동),,37.65625,127.24704
마사랑동물병원,경기도,과천시,경기도 과천시 경마공원대로 107 (주암동),,37.442887,127.017719
삼성안내견학교 부속동물병원,경기도,용인시,경기도 용인시 처인구 포곡읍 에버랜드로376번길 1-27,031-320-8936,37.3023,127.207096
박한준종합동물병원,경기도,시흥시,경기도 시흥시 복지로 47 (대야동),031-315-7582,37.443848,126.789088
튼튼동물치과병원,경기도,고양시,"경기도 고양시 일산동구 일산로 38, 우림오피스텔 1층 110호 (백석동)",031-811-9975,37.641857,126.787272
청화종합동물병원,서울특별시,용산구,"서울특별시 용산구 장문로 18, 2층 (동빙고동)",,37.528433,126.992356
안창선동물병원,경기도,평택시,경기도 평택시 탄현로 276 (지산동),031-665-6252,37.077066,127.055553
가나동물병원,경기도,부천시,경기도 부천시 소사구 경인로 72 (송내동),,37.483513,126.763176
이다종합동물병원,서울특별시,광진구,서울특별시 광진구 뚝섬로 504 (자양동),,37.535809,127.066076
래플즈 동물병원,경기도,구리시,경기도 구리시 동구릉로 120 (인창동),031-563-7582,37.609828,127.13697
은행나무종합동물병원,서울특별시,금천구,서울특별시 금천구 금하로 694 (시흥동),,37.451615,126.907133
다나동물병원,경기도,부천시,경기도 부천시 원미구 도약로 31 (상동),,37.512636,126.752956
백마동물병원,경기도,고양시,"경기도 고양시 일산동구 일산로 212, 장항A타운 1층 (마두동)",,37.65533,126.789956
마음을 나누는 동물병원,서울특별시,서대문구,"서울특별시 서대문구 신촌로35길 10, 지하1층 424호 (북아현동, e편한세상신촌 4단지)",02-365-7582,37.558259,126.955861
현화동물병원,경기도,평택시,경기도 평택시 안중읍 안현로서6길 38,,36.984822,126.925144
하나동물병원,경기도,의정부시,경기도 의정부시 부용로 187 (신곡동),031-853-7550,37.751462,127.077946
논현동물병원,서울특별시,강남구,"서울특별시 강남구 강남대로118길 47, 1층 (논현동)",02-3442-3785,37.507503,127.026808
아름동물병원,경기도,성남시,"경기도 성남시 분당구 성남대로779번길 52, 신흥코아 102호 (이매동)",,37.399502,127.122802
그랜드 동물병원,경기도,고양시,"경기도 고양시 일산서구 주엽로 134, 시대프라자 101호 (주엽동)",,37.670701,126.758155
김 S 동물병원,경기도,고양시,경기도 고양시 일산동구 무궁화로93번길 6-10 (정발산동),031-916-7509,37.666747,126.77366
우동물병원,경기도,화성시,경기도 화성시 만세구 우정읍 조암남로 22,,37.083051,126.818016
현대동물병원,경기도,포천시,경기도 포천시 소흘읍 송우로 87,,37.830243,127.139284
퍼피즌동물병원,서울특별시,강남구,"서울특별시 강남구 선릉로 636, 키스톤빌딩 1층 (삼성동)",02-541-2651,37.5132,127.043026
홍익동물병원,경기도,이천시,경기도 이천시 단월로 17-13 (단월동),,37.219844,127.449707
시마동물병원,서울특별시,노원구,"서울특별시 노원구 동일로 1356, 상가동 2층 201호 (상계동, 상계주공4단지아파트)",,37.650066,127.062217
그랜드24시동물병원,경기도,광주시,경기도 광주시 경안안길 5 (경안동),,37.414498,127.251875
일산동물의료원,경기도,고양시,"경기도 고양시 일산서구 대화로 407, 일산로 676 3층(추가) (대화동)",031-924-7582,37.682464,126.753843
삼성동물종합병원,서울특별시,도봉구,"서울특별시 도봉구 도봉로 499, 1층 (쌍문동)",,37.650229,127.03529
쥬라기동물병원,서울특별시,광진구,서울특별시 광진구 광나루로 601 (광장동),,37.542097,127.095213
Dr.JK 동물병원,경기도,고양시,"경기도 고양시 일산동구 무궁화로 17, 한라밀라트 A동 102호 (장항동)",,37.662202,126.76643
제이엠 동물병원,경기도,고양시,"경기도 고양시 일산동구 정발산로 43-20, 센트럴프라자 205호 (장항동)",031-924-1375,37.658365,126.773397
현대동물병원,경기도,동두천시,경기도 동두천시 큰시장로 42 (생연동),,37.900536,127.053103
강북동물병원,서울특별시,강북구,"서울특별시 강북구 오현로 194 (번동, 덕수빌딩 1층)",,37.628813,127.039899
정다운동물병원,경기도,안산시,"경기도 안산시 단원구 예술대학로 137, 덕성빌딩 201호 (고잔동)",,37.329344,126.838127
시화종합동물병원,경기도,시흥시,"경기도 시흥시 정왕대로 64 (정왕동,메가쇼핑몰(108,109호))",031-507-0082,37.354314,126.72333
빛가온동물병원,서울특별시,서대문구,서울특별시 서대문구 통일로 375 (홍제동),,37.583525,126.9493
한샘동물병원,서울특별시,구로구,"서울특별시 구로구 경인로40길 25, 상가동 211호 (개봉동, 청실아파트)",26817585,37.495483,126.859767
씨밀레동물병원,서울특별시,송파구,"서울특별시 송파구 올림픽로47길 20, 웅산빌딩 (풍납동)",02-470-7905,37.528607,127.116723
서울동물병원,경기도,화성시,경기도 화성시 병점구 병점2로 9 (병점동),,37.205459,127.037924
동물을사랑하는사람들,서울특별시,강북구,서울특별시 강북구 도봉로98길 56 (번동),,37.640847,127.03276
유수의과 동물병원(출장전문),경기도,안성시,경기도 안성시 죽산면 죽산초교길 15,,37.075443,127.420309
송이종합동물병원,서울특별시,송파구,"서울특별시 송파구 가락로 210, 1층 101호 (송파동)",02-415-7114,37.507006,127.116499
파란종합 동물병원,서울특별시,양천구,서울특별시 양천구 신월로 149 (신월동),26928255,37.517568,126.840279
펫필드동물병원,경기도,평택시,경기도 평택시 평택5로114번길 54 (비전동),031-656-8575,36.994909,127.112358
녹양동물병원,경기도,의정부시,경기도 의정부시 녹양로 66 (녹양동),,37.756828,127.033348
원 동물병원,경기도,수원시,"경기도 수원시 영통구 덕영대로 1535, 현대프라자 111호 (영통동)",031-205-7900,37.246278,127.058691
한빛동물병원,서울특별시,성동구,서울특별시 성동구 금호산길 58(금호동2가),02-2233-1848,37.553343,127.019551
트레벨동물병원,경기도,하남시,경기도 하남시 하남대로 763 (신장동),,37.538935,127.212009
강남동물병원,경기도,성남시,경기도 성남시 중원구 광명로 341 (금광동),,37.446049,127.16367
온유동물병원,경기도,부천시,경기도 부천시 원미구 길주로 342 (중동),,37.502151,126.780527
성복동물병원,경기도,용인시,"경기도 용인시 수지구 성복2로76번길 26-3, B101호 (성복동, 드림타워)",,37.315234,127.080918
아이펫동물병원,경기도,성남시,"경기도 성남시 분당구 장미로 78, 시그마3 105호 (야탑동)",,37.413508,127.129564
이솝동물병원,경기도,고양시,경기도 고양시 일산동구 일산로286번길 7-7 (마두동),031-903-3399,37.661718,126.786259
엔젤동물병원,경기도,성남시,"경기도 성남시 분당구 성남대로171번길 17, 씨티밸리 101호 (금곡동)",031-713-5004,37.351138,127.106806
메디펫동물병원,서울특별시,은평구,서울특별시 은평구 통일로 885 (갈현동),02-384-0075,37.621982,126.919523
우리동물병원,경기도,이천시,경기도 이천시 영창로 246 (창전동),,37.280435,127.449879
마리동물병원,서울특별시,마포구,서울특별시 마포구 신촌로 16 (동교동),02-323-7582,37.558009,126.928089
박형우동물병원,서울특별시,강동구,"서울특별시 강동구 올림픽로 568, EMK빌딩 2층 (성내동)",02-488-8275,37.532202,127.12151
한빛동물병원,경기도,화성시,경기도 화성시 만세구 남양읍 남양시장로 101,,37.210893,126.819968
바우동물병원,경기도,안양시,경기도 안양시 만안구 박달로 512 (박달동),031-443-1280,,
닥터원동물병원,경기도,시흥시,"경기도 시흥시 서울대학로278번길 19-13, 108동 B-134호 (배곧동, 시흥배곧 C1 호반 써밋플레이스)",031-432-6991,37.370739,126.727343
우리집동물병원,서울특별시,강남구,"서울특별시 강남구 남부순환로 2737, 1층 (도곡동)",02-572-9300,37.486479,127.045156
서울동물병원,서울특별시,영등포구,서울특별시 영등포구 영중로27길 10 (영등포동7가),26328687,37.524343,126.904246
굿모닝펫 동물병원,경기도,성남시,"경기도 성남시 분당구 정자일로 55, 108-110호 (금곡동, 분당두산위브아파트)",,37.355338,127.105205
경기중앙동물병원,경기도,안양시,"경기도 안양시 만안구 안양로 150 (안양동,신강빌딩 지상1층)",031-443-8875,,
꿈의동물병원,경기도,안산시,"경기도 안산시 단원구 광덕1로 159 (고잔동, 대림프라자 102호)",,37.308167,126.82732
우리동물병원,서울특별시,서대문구,서울특별시 서대문구 통일로 197 (영천동),,37.570925,126.961289
김인천동물병원,경기도,안양시,"경기도 안양시 동안구 경수대로 472 (호계동, 영풍주상복합아파트상가 114호)",031-477-7275,37.364964,126.959226
이상록동물병원,서울특별시,서초구,"서울특별시 서초구 잠원로8길 25, 신반포스퀘어 119호 (잠원동)",02-533-5505,37.514355,127.011634
강아지나라동물병원,경기도,남양주시,경기도 남양주시 진접읍 장현로 112-1,,37.719625,127.184206
열린24시동물병원,서울특별시,강동구,서울특별시 강동구 양재대로 1508(길동),02-487-7575,37.540203,127.141229
굿모닝 동물병원,서울특별시,구로구,서울특별시 구로구 개봉로 121 (개봉동),20608673,37.496658,126.856142
신흥동물병원,경기도,성남시,"경기도 성남시 수정구 수정로 226, 창진빌딩 (신흥동)",,37.445131,127.144731
수피아동물병원,서울특별시,노원구,"서울특별시 노원구 동일로192길 87, 1층 (공릉동)",,37.627703,127.077564
주주동물병원,서울특별시,동대문구,서울특별시 동대문구 사가정로 121 (전농동),02-2244-1081,37.577869,127.058478
행복나눔동물병원,경기도,군포시,"경기도 군포시 군포로476번길 2, 1층 (당동)",,37.34865,126.944374
우리동물병원,경기도,안양시,"경기도 안양시 동안구 비산로 18, 자이아이파크 상가동 205호 (비산동)",031-465-3375,,
호원종합동물병원,경기도,의정부시,경기도 의정부시  평화로  374 (호원동),031-826-8875,37.725302,127.048564
한 동물병원,서울특별시,서초구,서울특별시 서초구 동산로 66 (양재동),02-577-3690,37.471874,127.04598
사랑의동물병원,서울특별시,서초구,서울특별시 서초구 마방로6길 18 (양재동),02-577-7475,37.47483,127.042167
해피동물병원,서울특별시,구로구,서울특별시 구로구 중앙로 67 (고척동),26197533,37.503568,126.861698
김대일동물병원,경기도,평택시,"경기도 평택시 서정역로36번길 98, 1층 (이충동)",031-665-7585,37.057348,127.061246
현대 동물병원,경기도,의왕시,경기도 의왕시 모락로 16 (오전동),,37.359443,126.9671
의정부종합동물병원,경기도,의정부시,경기도 의정부시 시민로 154 (의정부동),031-846-9600,37.737248,127.052163
우면동물병원,서울특별시,서초구,"서울특별시 서초구 바우뫼로7길 8, 201호 (우면동,우면세신상가)",02-578-7572,37.470849,127.025376
24시아프리카동물메디컬센터,서울특별시,강서구,"서울특별시 강서구 공항대로 335 (등촌동, 경왕빌딩)",36657975,37.558203,126.84492
늘푸른동물병원,서울특별시,관악구,"서울특별시 관악구 난곡로 223-1, 1층 (신림동)",02-857-7572,37.474219,126.916895
행복한동물병원,서울특별시,관악구,서울특별시 관악구 은천로 121 (봉천동),02-887-7179,37.486892,126.948813
정수동물병원,경기도,안양시,"경기도 안양시 동안구 흥안대로456번길 11, 102호 (평촌동,본프라자)",031-425-7588,37.394822,126.976488
에버펫 동물병원,서울특별시,송파구,"서울특별시 송파구 오금로 422, 연암빌딩 1층 (가락동)",02-409-7533,37.496734,127.136768
행복한동물병원,경기도,파주시,"경기도 파주시 경의로 1813, 2층 201호 (아동동)",031-957-0075,37.768941,126.776236
이레동물병원,경기도,김포시,"경기도 김포시 김포대로 821, 2층 (사우동)",031-985-5075,37.618491,126.722035
참사랑동물병원,서울특별시,양천구,서울특별시 양천구 목동남로4길 6-11 (신정동),26437882,37.508222,126.865099
주주동물병원,경기도,용인시,"경기도 용인시 기흥구 구갈로 94 (구갈동, 주주동물병원)",031-284-8875,37.282692,127.111531
조은동물병원,경기도,성남시,"경기도 성남시 중원구 광명로142번길 3, 미래타운 B101호 (성남동)",,37.437503,127.144176
다우동물병원,경기도,김포시,"경기도 김포시 중봉로 9, 주연메디칼 102호 (감정동)",,37.623281,126.697161
동물사랑동물병원,경기도,수원시,경기도 수원시 팔달구 일월로22번길 15 (화서동),031-298-7502,37.285875,126.980586
연은동물병원,경기도,부천시,경기도 부천시 오정구 역곡로490번길 5 (고강동),,37.528615,126.816385
리즈동물병원,서울특별시,양천구,"서울특별시 양천구 목동중앙로 43, 1층 (목동, 목동 글로리파크)",20621110,37.533538,126.86949
동물사랑동물병원,서울특별시,마포구,서울특별시 마포구 월드컵로 73 (망원동),02-3142-0008,37.555391,126.910314
메디펫 동물병원,서울특별시,서초구,서울특별시 서초구 효령로 384 (서초동),02-586-7501,37.487572,127.025936
수제가축병원,경기도,동두천시,경기도 동두천시 중앙로217번길 8 (생연동),031-861-2328,37.901103,127.052299
안암동물병원,서울특별시,동대문구,"서울특별시 동대문구 안암로 40, 1층 (용두동)",02-925-3686,37.580548,127.026792
참누리동물병원,경기도,시흥시,"경기도 시흥시 대은로 81, 102호, 201호 (대야동, 모비딕빌딩)",031-318-3375,37.444694,126.797291
행복한동물병원,경기도,부천시,"경기도 부천시 원미구 소향로13번길 14-16, 대맥프라자 (상동)",,37.50404,126.749953
로얄동물병원,경기도,양주시,경기도 양주시 고암길 58 (고암동),031-857-7570,37.831653,127.069307
강남동물병원,경기도,군포시,"경기도 군포시 산본로343번길 23, 104호 (산본동)",,37.359872,126.930362
이솝동물병원,경기도,광주시,경기도 광주시 초월읍 경충대로 1264,031-768-8820,37.387468,127.287452
광진동물의료센터,서울특별시,광진구,서울특별시 광진구 광나루로 507 (구의동),,37.545244,127.085957
백산동물병원,경기도,여주시,경기도 여주시 청심로 99 (하동),031-883-3030,37.299556,127.631518
유동물병원,경기도,의왕시,"경기도 의왕시 부곡중앙로 22, 2층 (삼동)",,37.320818,126.951186
연희동물병원,서울특별시,서대문구,서울특별시 서대문구 연희로25길 101 (연희동),,37.56916,126.932085
더독,경기도,고양시,경기도 고양시 일산동구 고봉로278번길 16 (중산동),031-977-0154,37.68324,126.778486
가야동물병원,경기도,수원시,경기도 수원시 팔달구 효원로 49 (매산로3가),031-234-8318,37.269215,127.009363
신영통동물병원,경기도,수원시,경기도 수원시 영통구 영통로 103 (망포동),031-204-9006,37.237329,127.058238
한사랑동물병원,서울특별시,용산구,서울특별시 용산구 신흥로 36-1 (용산동2가),,37.541705,126.987398
푸른동물병원,경기도,광주시,경기도 광주시 고불로 54 (중대동),,37.393268,127.232044
아름다운동물병원,경기도,부천시,"경기도 부천시 원미구 상일로 100, 송내부건프라자 (상동)",,37.491298,126.753208
서경석동물병원,서울특별시,강남구,"서울특별시 강남구 일원로 35, 남경빌딩 1층 (일원동)",02-3412-0067,37.490641,127.081209
위즈동물병원,서울특별시,강북구,서울특별시 강북구 도봉로 202 (미아동),02-987-7959,37.626742,127.026306
제일종합동물병원,서울특별시,금천구,서울특별시 금천구 독산로 58 (시흥동),,37.452567,126.906239
분당에덴동물병원,경기도,광주시,경기도 광주시 능평로 168 (능평동),,,
이용철동물병원,경기도,고양시,"경기도 고양시 일산서구 고양대로 688, 201호 (일산동)",,37.683682,126.7724
러브펫종합동물병원,서울특별시,관악구,서울특별시 관악구 남부순환로 1429 (신림동),02-837-8875,37.481184,126.909568
창문동물병원,서울특별시,강북구,서울특별시 강북구 월계로 35 (미아동),02-988-0251,37.611117,127.033794
민락동물병원,경기도,의정부시,경기도 의정부시 용현로 130 (민락동),031-852-7542,37.741001,127.090405
Dr. dog 동물영상의료센터,경기도,고양시,경기도 고양시 일산동구 일산로394번길 5-11 (정발산동),,37.67069,126.781226
해태동물병원,서울특별시,강동구,서울특별시 강동구 동남로73길 26 (명일동),02-427-5685,37.553242,127.154778
둔촌동물병원,서울특별시,강동구,서울특별시 강동구 양재대로 1385 (성내동),02-474-5100,37.529905,127.136593
강동동물병원,서울특별시,강동구,"서울특별시 강동구 양재대로121길 13, 101동 102호 (천호동, 동인씨엘로)",02-472-7343,37.542367,127.140729
두루동물병원,서울특별시,강동구,서울특별시 강동구 구천면로 498-1 (명일동),02-442-7772,37.549028,127.153679
헤세드동물병원,경기도,이천시,"경기도 이천시 마장면 마장로 16, 마장타워 1층 109호",031-642-7582,37.253173,127.353963
서울우유협동조합유우진료소,서울특별시,중랑구,서울특별시 중랑구 중랑천로 71 (상봉동),02-2094-8344,37.591726,127.072369
반딧불 동물병원,경기도,고양시,"경기도 고양시 일산서구 중앙로 1443, 가람상가 208호 (주엽동)",,37.670411,126.759744
PET25시동물병원,경기도,평택시,경기도 평택시 평택로 69 (평택동),,36.993045,127.085232
길음동물병원,서울특별시,성북구,"서울특별시 성북구 동소문로 248 (길음동, 삼부상가 102동 6,7호)",,37.602773,127.023776
준동물병원,서울특별시,송파구,서울특별시 송파구 위례성대로 178 (오금동),,37.510218,127.13068
주주동물종합병원,서울특별시,강남구,"서울특별시 강남구 선릉로 412, 1층 (대치동)",02-556-0975,37.501718,127.050577
토론토 동물병원,서울특별시,양천구,"서울특별시 양천구 등촌로 172, 등촌빌딩 A동 102호 (목동)",26428653,37.54502,126.862611
신정 동물병원,서울특별시,양천구,"서울특별시 양천구 오목로 198-1, 1층 (신정동)",26977576,37.52527,126.859465
신성동물병원,경기도,포천시,경기도 포천시 내촌면 내촌로 73-8,,37.786732,127.227974
영중동물병원,경기도,포천시,경기도 포천시 영중면 양문로 82-1,,38.000034,127.242801
로얄펫동물병원,경기도,의정부시,경기도 의정부시 신흥로 171 (의정부동),,37.731368,127.043318
신촌동물병원,경기도,의정부시,경기도 의정부시 신흥로 357-1 (가능동),,37.748288,127.042485
대형동물병원,서울특별시,강북구,서울특별시 강북구 한천로 1135(수유동),,37.645882,127.018224
의양동물병원,경기도,양주시,"경기도 양주시 은현면 은현로 40, 1층",,37.872494,127.023541
김동물병원,경기도,양주시,경기도 양주시 광적면 광적로 119,031-879-4650,37.828961,126.979618
백석동물병원,경기도,양주시,경기도 양주시 백석읍 꿈나무로 163,031-879-7433,37.794905,126.9892
광적동물병원,경기도,양주시,경기도 양주시 광적면 가래비길 39,031-836-3507,37.822652,126.986419
이담동물병원,경기도,동두천시,"경기도 동두천시 중앙로 134-12 (지행동, 예일복합타워(104,105))",,37.8931,127.053226
신림종합동물병원,서울특별시,관악구,서울특별시 관악구 신림로 157-1 (신림동),02-877-5599,37.473068,126.932898
한빛 동물병원,경기도,수원시,경기도 수원시 장안구 만석로19번길 29 (천천동),031-252-2119,37.296618,126.983087
김동물병원,경기도,안산시,"경기도 안산시 상록구 화랑로 501, 1층동 103호 (성포동,예술프라자)",,37.320871,126.843865
CH동물병원,서울특별시,강동구,서울특별시 강동구 구천면로 322 (천호동),02-488-7510,37.54806,127.135634
동물은내친구,서울특별시,동작구,서울특별시 동작구 사당로 252 (사당동),02-582-7708,37.483124,126.975808
공원애견동물병원,경기도,안산시,"경기도 안산시 상록구 오목로 78 (본오동,1층)",,37.290013,126.866708
내방동물병원,서울특별시,서초구,"서울특별시 서초구 서초대로 108, 2층 (방배동)",34738274,37.487464,126.994128
한강동물병원,서울특별시,노원구,서울특별시 노원구 노원로34길 76 (상계동),,37.662468,127.066069
드림동물병원,서울특별시,성북구,서울특별시 성북구 동소문로 74 (동소문동5가),,37.591835,127.013698
오렌지동물병원,서울특별시,성동구,서울특별시 성동구 행당로8길 41-2 (행당동),02-2297-7582,37.556042,127.033968
평생피부과동물병원,서울특별시,성동구,"서울특별시 성동구 행당로 76, 110호 (행당동, 한진노변상가)",02-3395-0075,37.55588,127.029207
태성동물병원「산업동물 출장진료 전문」,경기도,이천시,경기도 이천시 구만리로 325 (갈산동),,37.280986,127.46662
중부동물병원 「산업동물 출장진료 전문」,경기도,이천시,경기도 이천시 남천로 63-1 (중리동),031-634-3030,37.277168,127.44446
경기동물전문병원「산업동물 출장진료 전문」,경기도,이천시,경기도 이천시 남천로 65 (중리동),,37.277161,127.444611
참사랑동물병원,경기도,남양주시,"경기도 남양주시 도농로 32, 306호 (도농동)",,37.609429,127.160077
고병기동물병원,경기도,수원시,"경기도 수원시 권선구 덕영대로1201번길 16, 세일프라자 101호 (권선동)",031-236-7582,37.249807,127.022734
신도림동물병원,서울특별시,구로구,"서울특별시 구로구 경인로 661, 신도림1차푸르지오 101동 139호 (신도림동)",26363992,37.509421,126.887744
해맑은동물병원,서울특별시,강서구,"서울특별시 강서구 양천로57길 10-20 (가양동, 이스타빌Ⅰ)",36637584,37.562622,126.853015
굿프렌즈동물병원,경기도,용인시,"경기도 용인시 수지구 용구대로 2794, 남곡빌딩 1층 102호 (죽전동)",,37.335194,127.109385
수동물병원,서울특별시,서초구,서울특별시 서초구 방배중앙로 149 (방배동),,37.492494,126.986453
참동물병원,서울특별시,노원구,"서울특별시 노원구 동일로 1530 (상계동, 다모아빌딩)",,37.665073,127.05806
원효종합동물병원,서울특별시,용산구,서울특별시 용산구 새창로 122-2(용문동),,37.53654,126.960732
열린동물종합병원,서울특별시,용산구,"서울특별시 용산구 원효로 171, 신영빌딩 (원효로2가)",32730075,37.535625,126.961753
배곧동물병원,경기도,시흥시,"경기도 시흥시 배곧3로 96, 131호 (정왕동, M-플러스)",031-503-6611,37.36993,126.730075
중곡동물병원,서울특별시,광진구,서울특별시 광진구 긴고랑로 47 (중곡동),,37.56275,127.081572
홍제동물병원,서울특별시,서대문구,서울특별시 서대문구 통일로 463 (홍제동),,37.589637,126.942742
한마음동물병원,서울특별시,은평구,서울특별시 은평구 갈현로 35 (신사동),,37.600993,126.910118
효창동물병원,서울특별시,용산구,서울특별시 용산구 백범로 293 (효창동),,37.539318,126.961887
남산동물병원,서울특별시,용산구,"서울특별시 용산구 후암로 51, 지상1층 (후암동)",,37.550499,126.977105
홈종합동물병원,경기도,김포시,"경기도 김포시 풍무로 85, 1동 4층 (풍무동)",031-986-9975,37.603257,126.721401
서울플러스종합동물병원,서울특별시,강서구,"서울특별시 강서구 등촌로 55, 신진통상빌딩 (화곡동)",26527515,37.534809,126.863272
연두 동물병원,경기도,수원시,"경기도 수원시 권선구 서수원로577번길 341, 상가동 1층 B127호 (금곡동, 수원모아미래도센트럴타운1단지)",031-294-8277,37.275616,126.938152
염창제일동물병원,서울특별시,강서구,"서울특별시 강서구 양천로 651, 1층 (염창동)",36657582,37.553077,126.869811
미래동물병원,서울특별시,강서구,"서울특별시 강서구 강서로 45 (화곡동, 미래동물병원)",26080234,37.530514,126.841168
강서동물병원,서울특별시,강서구,"서울특별시 강서구 곰달래로15길 46 (화곡동, 강서동물병원)",26915900,37.532219,126.839542
우장동물병원,서울특별시,강서구,"서울특별시 강서구 화곡로 143 (화곡동, 충효빌딩)",26027582,37.541147,126.837647
고득영동물병원,서울특별시,강서구,"서울특별시 강서구 곰달래로 199 (화곡동, 고득영동물병원)",26080973,37.531435,126.85505
박동물병원,서울특별시,강서구,"서울특별시 강서구 강서로 333, 104호 105호 (내발산동)",36655982,37.555472,126.83693
황하동물병원,서울특별시,강서구,"서울특별시 강서구 금낭화로 52 (방화동, 세성빌딩)",26647773,37.569869,126.811878
용봉동물병원,서울특별시,강서구,"서울특별시 강서구 강서로17길 20 (화곡동, 용봉동물병원)",26030781,37.533075,126.844604
금쪽같은내새끼 동물병원,서울특별시,은평구,서울특별시 은평구 연서로 185 (갈현동),,37.615359,126.917827
금란동물병원,서울특별시,중랑구,"서울특별시 중랑구 용마산로 532, 금란동물병원 (망우동)",,37.59845,127.100597
해피올동물병원,경기도,포천시,"경기도 포천시 소흘읍 호국로 571, 정우빌딩",,37.823036,127.140215
J&C 동물병원「산업동물 출장진료 전문」,경기도,이천시,경기도 이천시 설성면 신암로 91,031-643-5545,37.135641,127.548791
가나동물병원,서울특별시,도봉구,서울특별시 도봉구 방학로 162 (방학동),34914748,37.662714,127.034099
하나동물병원,경기도,김포시,"경기도 김포시 관순로 4 (사우동, 1층상가)",,37.621471,126.715862
수호천사동물병원,경기도,안양시,경기도 안양시 만안구 박달로 551 (안양동),031-451-7582,,
애견종합병원,경기도,용인시,경기도 용인시 처인구 금령로 26 (김량장동),,37.234662,127.198941
푸른동물종합병원,경기도,시흥시,"경기도 시흥시 은행로 130, 102호 (은행동)",031-404-7588,37.442582,126.799962
사랑이있는동물병원,서울특별시,강동구,서울특별시 강동구 구천면로 446 (명일동),02-428-7893,37.549269,127.14753
워리워리,경기도,고양시,경기도 고양시 일산서구 대산로223번길 8-26 (대화동),,37.679107,126.752392
북악동물병원,서울특별시,종로구,서울특별시 종로구 자하문로 293 (홍지동),,37.598887,126.96025
솔샘동물병원,서울특별시,강북구,"서울특별시 강북구 삼양로27길 19, 상가 204동 108호 (미아동, 삼성래미안트리베라아파트)",,37.617312,127.020402
잠실종합동물병원,서울특별시,송파구,"서울특별시 송파구 송파대로 388, 창영빌딩 (송파동)",02-415-7585,37.502389,127.110221
25시동물의료센터,서울특별시,송파구,"서울특별시 송파구 삼전로 80, 남관빌딩 (삼전동)",02-419-1351,37.505547,127.089403
디아크동물종합병원,서울특별시,동작구,서울특별시 동작구 장승배기로27길 18 (노량진동),02-816-7582,37.511705,126.939038
에덴동물병원,경기도,수원시,경기도 수원시 팔달구 정조로 685 (매교동),031-224-2470,37.269613,127.017263
현리동물병원,경기도,가평군,경기도 가평군 조종면 현창로 70 (현리동물병원),,37.820505,127.346491
참사랑동물병원,서울특별시,노원구,"서울특별시 노원구 한글비석로 272, 101호 (중계동, 중원코아빌딩)",02-938-1122,37.651736,127.077593
남산동물병원,서울특별시,중구,"서울특별시 중구 다산로 32, 5상가동 217호 (신당동, 남산타운)",22568275,37.549014,127.00928
당고개동물병원,서울특별시,노원구,서울특별시 노원구 덕릉로 810-1 (상계동),02-932-7582,37.67043,127.084239
원 종합동물병원,경기도,오산시,경기도 오산시 대원로 37-1 (원동),031-374-1175,37.146533,127.072632
펫콤동물병원,경기도,수원시,경기도 수원시 팔달구 월드컵로 363 (우만동),031-252-2501,37.289649,127.03082
상동물병원,경기도,부천시,경기도 부천시 원미구 조마루로97번길 34-9 (상동),032-328-0079,37.501834,126.75535
조규만외과동물병원,경기도,부천시,"경기도 부천시 원미구 부일로 226, 대명그린프라자 (상동)",032-656-7582,37.488202,126.755023
쥬라기동물병원,서울특별시,강동구,서울특별시 강동구 올림픽로 703 (천호동),02-488-7463,37.54426,127.125197
프란다스동물병원,서울특별시,서대문구,"서울특별시 서대문구 거북골로 120, 상가 205동 (남가좌동, DMC센트레빌)",,37.575974,126.915659
애니케어 동물병원 수유점,서울특별시,강북구,서울특별시 강북구 삼양로 499 (수유동),,37.647754,127.01426
혜인종합 동물병원,서울특별시,양천구,"서울특별시 양천구 등촌로 218, 혜인빌딩 (목동)",26451475,37.549151,126.863906
토평동물병원,경기도,구리시,"경기도 구리시 장자대로 80, 2층 (수택동)",031-566-5800,37.587295,127.139403
유수의과병원,경기도,이천시,경기도 이천시 모가면 대월로63번길 70,031-632-8853,37.171555,127.480976
해피동물병원,경기도,남양주시,경기도 남양주시 와부읍 덕소로 218,,37.579484,127.220397
동물사랑동물병원,경기도,안산시,"경기도 안산시 단원구 선부로 195 (선부동, 서울빌딩)",,37.341841,126.816695
하이펫동물병원,경기도,수원시,"경기도 수원시 영통구 덕영대로1556번길 16, 디지털엠파이어빌딩 E동 134호 (영통동)",031-205-0075,37.245127,127.059956
두리동물병원,경기도,수원시,경기도 수원시 권선구 정조로 596 (세류동),031-225-7533,37.261941,127.014174
필동물종합병원,서울특별시,양천구,서울특별시 양천구 등촌로 16 (목동),26490774,37.531441,126.864131
늘푸른동물병원,서울특별시,송파구,"서울특별시 송파구 마천로5길 16, 우일빌딩 (오금동)",02-449-0101,37.509519,127.127217
KRH동물병원,경기도,김포시,"경기도 김포시 봉화로181번길 36, 삼환아파트 상가동 지하층 8호 (감정동)",,37.627396,126.699668
남문동물병원,경기도,수원시,"경기도 수원시 팔달구 정조로 727, 1층 (중동)",031-248-0075,37.273058,127.016229
라파엘종합동물병원,서울특별시,서대문구,서울특별시 서대문구 연희로 132 (연희동),02-333-8632,37.569212,126.933053
우리동물병원,경기도,포천시,경기도 포천시 중앙로 50 (신읍동),031-536-0229,37.891641,127.19878
귀족동물병원,경기도,수원시,경기도 수원시 장안구 수성로350번길 4 (영화동),031-254-7518,37.292778,127.010247
현대종합동물병원,서울특별시,강북구,서울특별시 강북구 노해로 94 (수유동),,37.643767,127.023033
양지동물병원,서울특별시,관악구,"서울특별시 관악구 남부순환로191길 6, 제이에스빌딩 1층 (봉천동)",02-874-3535,37.485367,126.934402
신천동물병원,경기도,시흥시,경기도 시흥시 호현로22번길 27 (신천동),031-315-3727,37.440632,126.787098
방주종합동물병원,서울특별시,광진구,서울특별시 광진구 능동로 334 (중곡동),,37.559327,127.080943
동물은 내친구 동물병원,경기도,안산시,경기도 안산시 상록구 반석로 5 (본오동),,37.2976,126.861208
동물의왕국동물병원,서울특별시,송파구,"서울특별시 송파구 거마로 56, 121호 (거여동, 송파시그니처롯데캐슬)",02-406-4814,37.495462,127.149486
작은 친구 동물병원,경기도,고양시,"경기도 고양시 덕양구 토당로42번길 13-15, 능곡역프라자 103호 (토당동)",031-970-9204,37.620365,126.821112
우정동물병원,경기도,광주시,경기도 광주시 곤지암읍 대석동길 73,,37.352935,127.344556
미래지동물의료센터,서울특별시,중구,"서울특별시 중구 다산로 107, 2층 (신당동)",22337574,37.553653,127.009651
방배한강동물병원,서울특별시,서초구,"서울특별시 서초구 방배로 204 (방배동,지상1층)",,37.491709,126.9915
동수원동물종합병원(권선점),경기도,수원시,"경기도 수원시 권선구 동수원로242번길 6, 114호,206호 (권선동)",031-237-1212,37.250976,127.034878
해동물병원,서울특별시,종로구,서울특별시 종로구 지봉로 53-1 (창신동),02-744-9098,37.574902,127.015511
김성록동물병원,경기도,수원시,경기도 수원시 장안구 서부로 2132 (율전동),031-297-2975,37.298618,126.97217
C.T.종합동물병원,서울특별시,마포구,"서울특별시 마포구 만리재로 74, 2상가 117호 (신공덕동, 신공덕2차삼성래미안)",02-6375-0075,37.546379,126.958032
한성동물병원,경기도,수원시,"경기도 수원시 팔달구 세지로 279-1, 101호 (지동, 포레스트)",031-232-5831,37.275994,127.023246
피그벳동물병원「산업동물 출장진료 전문」,경기도,이천시,경기도 이천시 이섭대천로 914(율현동),,37.252102,127.443789
사랑동물병원,경기도,의정부시,경기도 의정부시 금신로 317 (신곡동),,37.744626,127.062478
제일동물병원,경기도,군포시,"경기도 군포시 산본로 394, 1동 108,109호 (산본동, 대림프라자)",,37.365251,126.929635
하나사랑동물병원,서울특별시,동작구,"서울특별시 동작구 상도로 171, 1층 (상도동)",02-822-7574,37.504504,126.937997
가나동물병원,경기도,성남시,"경기도 성남시 수정구 수정로 160 (신흥동, 신흥상가)",,37.442479,127.137816
더독동물병원,서울특별시,은평구,서울특별시 은평구 서오릉로 140 (대조동),,37.611362,126.917615
신영동물병원,서울특별시,서대문구,서울특별시 서대문구 통일로 489 (홍은동),32171081,37.591664,126.940931
송파동물의료센터,서울특별시,송파구,서울특별시 송파구 송파대로 378 (송파동),02-424-3662,37.501568,127.110986
우신종합동물병원,서울특별시,영등포구,서울특별시 영등포구 신길로 168 (신길동),,37.507208,126.911229
우리들동물종합병원,서울특별시,노원구,"서울특별시 노원구 동일로 1280, 116호 (중계동, 시영2단지상가)",,37.642721,127.066568
성지동물병원,서울특별시,중랑구,서울특별시 중랑구 면목로 311 (면목동),,37.579913,127.087773
미래동물병원,서울특별시,노원구,서울특별시 노원구 공릉로 168 (공릉동),,37.625006,127.080072
케이나인종합동물병원,서울특별시,구로구,"서울특별시 구로구 개봉로 38-1, 광훈빌딩 2층 (개봉동)",26863939,37.489088,126.856409
햇살동물병원,경기도,하남시,경기도 하남시 신장로 176 (덕풍동),,37.541137,127.200277
진정훈동물병원,서울특별시,중랑구,"서울특별시 중랑구 봉화산로 39-1, 유정빌딩 2층 (중화동)",22070073,37.601767,127.078772
대학동물병원,서울특별시,성북구,"서울특별시 성북구 화랑로 299, 2층 210호 (장위동, 석계역 한일노벨리아시티)",,37.613578,127.061112
장평25시동물종합병원,서울특별시,동대문구,서울특별시 동대문구 장한로 139 (장안동),02-2215-2022,37.572902,127.071392
서울종합동물병원,경기도,안양시,"경기도 안양시 동안구 흥안대로 492 (관양동,1층)",031-422-7565,37.397795,126.97753
성남동물병원,경기도,성남시,"경기도 성남시 중원구 둔촌대로 243, 3호 (하대원동)",,37.428711,127.145102
다래동물병원,서울특별시,강동구,서울특별시 강동구 구천면로 289 (천호동),02-474-0117,37.545854,127.133447
강북동물병원,서울특별시,성북구,서울특별시 성북구 종암로 65 (종암동),,37.596208,127.035165
아마존,경기도,고양시,경기도 고양시 덕양구 중앙로558번길 21 (행신동),031-972-7582,37.624672,126.83594
중앙동물병원,경기도,안양시,경기도 안양시 만안구 안양로 258 (안양동),031-444-0275,,
장암종합동물병원,경기도,의정부시,경기도 의정부시 동일로 468(신곡동),,37.730184,127.059426
러브펫,경기도,하남시,경기도 하남시 신평로 58 (신장동),,37.538665,127.205253
강남동물병원,경기도,고양시,"경기도 고양시 일산동구 위시티로 75, 풍산트윈시티 115호 (식사동)",031-906-7575,37.678846,126.811113
오산동물병원,경기도,오산시,경기도 오산시 성호대로 108 (원동),031-377-7582,37.148605,127.073272
마리동물병원,경기도,고양시,"경기도 고양시 일산서구 현중로 29, 탄현마을2단지 (탄현동)",,37.69354,126.767158
피카소동물병원,서울특별시,광진구,서울특별시 광진구 광나루로 392-1 (화양동),,37.547292,127.073277
해피동물병원,경기도,용인시,"경기도 용인시 기흥구 마북로 141, 104호 (마북동)",,37.303133,127.122129
강남25동물병원,서울특별시,강남구,"서울특별시 강남구 학동로 235, 로이빌딩 (논현동)",02-545-8575,37.515597,127.035016
순풍동물병원,경기도,수원시,"경기도 수원시 권선구 정조로514번길 1, 1층 (세류동)",031-239-3303,37.255255,127.011529
북문다솜동물병원,경기도,수원시,경기도 수원시 장안구 정조로921번길 3 (영화동),031-251-0082,37.289824,127.013159
아마존동물병원,경기도,구리시,경기도 구리시 경춘로 128 (교문동),031-564-0075,37.600622,127.12957
한국동물병원(산업동물에 대한 출장진료를 전문으로 함),경기도,파주시,경기도 파주시 월롱면 엘지로 245,,37.812119,126.762674
포천대신동물병원,경기도,포천시,경기도 포천시 중앙로 170 (신읍동),031-536-7589,37.90071,127.20672
망원동물종합병원,서울특별시,마포구,"서울특별시 마포구 월드컵로 65, 망원 양경회관 (망원동)",02-332-0175,37.554839,126.910822
좋은동물병원(출장전문),경기도,안성시,경기도 안성시 양성면 만세로 620,,37.058263,127.194701
서울종합동물병원,서울특별시,성북구,서울특별시 성북구 보문로 137 (보문동2가),,37.587104,127.018196
정동물병원,경기도,수원시,경기도 수원시 팔달구 권광로 120 (인계동),031-239-7585,37.258399,127.030845
신내동물병원,서울특별시,중랑구,"서울특별시 중랑구 봉화산로 103, 1층 (중화동, 삼일시티빌)",34220001,37.602716,127.085717
용마동물병원,서울특별시,광진구,서울특별시 광진구 용마산로 66 (중곡동),,37.559526,127.087884
라파엘동물병원,서울특별시,서초구,서울특별시 서초구 강남대로 525-3 (반포동),02-3444-7509,37.508778,127.021896
한마음동물병원,경기도,용인시,경기도 용인시 수지구 풍덕천로 113 (풍덕천동),,37.322577,127.094227
SKY동물병원,서울특별시,강서구,"서울특별시 강서구 양천로 72 (방화동, 해성빌딩)",26665667,37.573198,126.811822
가나동물병원,서울특별시,강동구,서울특별시 강동구 고덕로 101 (암사동),02-441-8588,37.55492,127.136721
금강동물병원,경기도,광주시,"경기도 광주시 초월읍 산수로 540, 호석빌딩 101호",031-763-0170,37.408793,127.307798
참 동물병원,서울특별시,영등포구,서울특별시 영등포구 영등포로76길 1 (신길동),,37.513647,126.919849
협동동물병원,경기도,광주시,경기도 광주시 중앙로 96 (역동),031-761-2259,37.408439,127.259085
뉴광명동물메디컬센터,경기도,광명시,"경기도 광명시 오리로 931, 1층 (광명동)",20607577,37.477762,126.859371
고려동물병원,서울특별시,노원구,"서울특별시 노원구 덕릉로 738 (상계동, 정진145빌딩)",33910075,37.66342,127.076251
미래동물병원,서울특별시,은평구,서울특별시 은평구 서오릉로 192 (갈현동),,37.613776,126.912334
LOVE MY PET 동물병원,서울특별시,은평구,서울특별시 은평구 은평로 208 (응암동),,37.601044,126.930737
24시 아이동물메디컬센터,경기도,부천시,"경기도 부천시 오정구 소사로 779, 뉴월드프라자 (원종동)",,37.525661,126.804518
나래종합동물병원,서울특별시,성북구,서울특별시 성북구 동소문로 66 (동소문동3가),,37.591397,127.012972
하스펫탈동물병원,서울특별시,중랑구,"서울특별시 중랑구 면목로 442-1, 1층 (면목동)",,37.591572,127.086958
레스펫동물병원,서울특별시,서초구,"서울특별시 서초구 논현로 173, 동리빌딩 1층 (양재동)",02-575-0855,37.48493,127.04127
신풍동물종합병원,서울특별시,영등포구,서울특별시 영등포구 신길로 70 (신길동),02-835-7572,37.498649,126.908566
홍익동물종합병원,서울특별시,마포구,서울특별시 마포구 독막로 45 (합정동),02-325-2026,37.548096,126.918385
일죽종합동물병원,경기도,안성시,경기도 안성시 일죽면 금일로 428,,37.08989,127.477273
미래동물병원,경기도,안성시,경기도 안성시 보개원삼로 157 (가사동),,37.017308,127.288128
24시 지구촌 동물메디컬 센터,서울특별시,구로구,"서울특별시 구로구 구로중앙로 107, 하이빌골드타워 A동 B101호 (구로동)",,37.498127,126.885742
믿음동물병원(출장진료 전문),경기도,평택시,경기도 평택시 문화촌로11번길 51-11 (비전동),,36.997671,127.112971
방학동물병원,서울특별시,도봉구,서울특별시 도봉구 도봉로 723 (방학동),34940075,37.669095,127.043201
협동동물병원,경기도,화성시,경기도 화성시 효행구 봉담읍 진등1길 66,,37.221089,126.949796
그린동물병원,서울특별시,노원구,"서울특별시 노원구 노원로 540 (상계동, 상계주공아파트 9단지상가)",02-936-0907,37.661457,127.059395
손수의과병원,경기도,화성시,경기도 화성시 만세구 향남읍 3.1만세로 1126,,37.133675,126.909946
이천축산업협동조합동물병원,경기도,이천시,경기도 이천시 구만리로 107 (진리동),031-634-6611,37.269299,127.447815
세종동물병원,서울특별시,강동구,서울특별시 강동구 구천면로 237 (천호동),02-484-8414,37.541747,127.130409
라라동물의료원,서울특별시,구로구,"서울특별시 구로구 도림로 72, 1,B1층 (구로동)",,37.489323,126.891673
푸른종합동물병원,서울특별시,동대문구,"서울특별시 동대문구 홍릉로 48-1, 1층 (청량리동)",02-963-7582,37.584585,127.044071
은마로동물병원,서울특별시,노원구,"서울특별시 노원구 한글비석로 363, 종로약국 (중계동)",,37.65791,127.074427
애니케어동물병원,서울특별시,동대문구,서울특별시 동대문구 이문로 80 (이문동),02-967-0877,37.59404,127.058868
드림동물병원,경기도,남양주시,경기도 남양주시 진접읍 장현로 134-2,,37.720806,127.186203
신장동물병원,경기도,하남시,경기도 하남시 신장로 74 (천현동),,37.536061,127.20939
하트동물메디컬센터,서울특별시,송파구,"서울특별시 송파구 삼학사로 75, 신일빌딩 (삼전동)",02-424-2955,37.503945,127.096837
길종합동물병원,서울특별시,강동구,"서울특별시 강동구 천호대로 1199, 1층 104호 (길동)",02-484-0075,37.535125,127.144142
민병철동물병원,서울특별시,양천구,서울특별시 양천구 남부순환로 347 (신월동),26951231,37.536192,126.828445
미르 동물병원,경기도,부천시,"경기도 부천시 원미구 신흥로 150, 위브더스테이트 701동 1층 104호 (중동)",,,
영통동물병원,경기도,수원시,"경기도 수원시 영통구 청명남로4번길 6, 1층 (영통동)",031-204-0075,37.250186,127.073649
필립동물병원,경기도,평택시,경기도 평택시 지산로 34 (지산동),,37.078946,127.058691
한빛동물병원,서울특별시,도봉구,서울특별시 도봉구 덕릉로 256 (창동),,37.64019,127.03979
건국동물병원,경기도,구리시,경기도 구리시 이문안로 27 (교문동),,37.592854,127.133722
은빛동물병원,서울특별시,노원구,"서울특별시 노원구 동일로 1649 (상계동, 윤일빌딩)",02-932-6658,37.677384,127.053148
포곡동물병원,경기도,용인시,경기도 용인시 처인구 포곡읍 전대로 29,031-334-3304,37.28189,127.221333
이지훈동물병원,경기도,수원시,경기도 수원시 권선구 금호로 261 (구운동),031-295-5975,37.276198,126.978572
오거리동물병원,서울특별시,은평구,"서울특별시 은평구 가좌로 239, 2층 (응암동, 스타이루)",02-306-0158,37.590797,126.915971
신반포종합동물병원,서울특별시,서초구,"서울특별시 서초구 서초중앙로 188, 지하에이층 132호 (서초동, 아크로비스타)",02-537-0075,37.498199,127.013314
현대종합동물병원,경기도,김포시,경기도 김포시 북변중로 72-10 (북변동),,37.627665,126.7093
자연동물병원,서울특별시,강남구,서울특별시 강남구 개포로 260 (개포동),02-576-8275,37.479263,127.050925
월드펫동물병원,서울특별시,종로구,"서울특별시 종로구 평창문화로 75, 글로리아타운 111호 (평창동)",,37.60682,126.969217
그랜드동물병원,서울특별시,동대문구,서울특별시 동대문구 전농로 77(답십리동),02-2214-6129,37.571804,127.057102
한빛동물병원,경기도,안양시,"경기도 안양시 동안구 흥안대로 110, 1층,지층 (호계동)",031-429-7575,37.369817,126.956914
가능동물병원,경기도,의정부시,경기도 의정부시 가능로 37 (가능동),,37.746759,127.03507
서이동물병원,서울특별시,서초구,"서울특별시 서초구 사임당로 139, 104호 (서초동)",34728275,37.49177,127.024858
대학동물병원,경기도,용인시,경기도 용인시 수지구 문인로39번길 3-1 (풍덕천동),,37.332908,127.098451
사당동물병원,서울특별시,동작구,서울특별시 동작구 남부순환로 2051 (사당동),02-586-8275,37.476829,126.976654
동서울동물병원,서울특별시,광진구,서울특별시 광진구 아차산로 493 (광장동),,37.541799,127.096197
가락종합동물병원,서울특별시,송파구,"서울특별시 송파구 오금로 247, 건양빌딩 (방이동)",02-413-0075,37.506335,127.121039
사랑동물병원,서울특별시,강북구,서울특별시 강북구 삼양로123길 6-12 (수유동),,37.645359,127.015332
한사랑동물병원,서울특별시,성북구,서울특별시 성북구 성북로 27 (성북동1가),,37.590354,127.003836
이모란동물병원,경기도,평택시,"경기도 평택시 평택로 17, 1층 104호 (평택동, 롯데인벤스 스카이)",,36.988587,127.088921
금강종합동물병원,서울특별시,구로구,서울특별시 구로구 경인로 196 (오류동),26868008,37.495369,126.842929
참사랑,경기도,고양시,경기도 고양시 일산동구 탄중로 324 (중산동),031-975-0187,37.693116,126.781034
큐동물병원,서울특별시,성북구,서울특별시 성북구 장위로 81 (장위동),,37.614004,127.045702
25시동물병원,서울특별시,노원구,"서울특별시 노원구 한글비석로8길 16, 102호 (중계동, 대림벽산상가)",,37.647276,127.077915
중앙애견종합병원,경기도,김포시,경기도 김포시 돌문로 83-2 (사우동),,37.62106,126.714224
맥동물병원,경기도,평택시,경기도 평택시 평택로 80 (평택동),,36.994075,127.084878
대학동물병원,경기도,안산시,"경기도 안산시 상록구 예술광장1로 16, 109호 (월피동)",,37.329038,126.844326
하노버,경기도,고양시,"경기도 고양시 일산서구 중앙로 1470, 문촌마을 복합상가 (주엽동)",,37.672437,126.757415
고려동물병원,경기도,수원시,경기도 수원시 장안구 정조로 987 (정자동),031-256-3369,37.295014,127.00927
고강동물병원,경기도,부천시,경기도 부천시 오정구 역곡로 473 (고강동),,37.526869,126.815819
뉴월드동물병원,서울특별시,동대문구,"서울특별시 동대문구 한천로 94, 1층 (장안동)",02-2212-5233,37.569603,127.064534
서초동물병원,서울특별시,서초구,서울특별시 서초구 효령로57길 4 (서초동),,37.485462,127.017042
정종합동물병원,경기도,부천시,경기도 부천시 오정구 소사로 706 (원종동),,37.518821,126.805192
그랜드동물병원,경기도,군포시,경기도 군포시 군포로 521-1 (당동),,37.352953,126.945234
프라임동물병원,서울특별시,광진구,서울특별시 광진구 아차산로 451 (구의동),,37.539304,127.091991
중동동물병원,경기도,부천시,경기도 부천시 원미구 중동로 157 (중동),,37.493953,126.766899
우리동물병원,경기도,화성시,경기도 화성시 만세구 남양읍 남양시장로 54,,37.208772,126.81543
발안종합동물병원,경기도,화성시,"경기도 화성시 만세구 향남읍 삼천병마로 216, 중앙빌딩",,37.132135,126.910935
디엔씨,경기도,고양시,"경기도 고양시 덕양구 중앙로 550, 106호 (행신동, 삼일프라자)",,37.623487,126.836227
동물병원 위드,서울특별시,강북구,서울특별시 강북구 덕릉로 79 (수유동),,37.634803,127.022613
25시 한사랑동물병원,경기도,남양주시,경기도 남양주시 화도읍 폭포로 4,,37.650528,127.307366
박철환동물병원,서울특별시,동대문구,서울특별시 동대문구 사가정로 221 (장안동),02-2244-7479,37.578916,127.069693
나라동물병원,경기도,이천시,경기도 이천시 설봉로 46 (관고동),,37.280496,127.438145
형제동물병원,경기도,안양시,"경기도 안양시 만안구 안양로 212, 101호 (안양동, 태신주상복합)",031-446-7575,,
푸른동물병원,경기도,여주시,"경기도 여주시 세종로 27-1, 푸른동물병원 (홍문동)",,37.295328,127.63684
양천종합동물병원,서울특별시,양천구,서울특별시 양천구 오목로 45 (신월동),26070022,37.522291,126.842638
홍상희동물병원,서울특별시,중랑구,"서울특별시 중랑구 동일로 899, 1층 (묵동)",,37.610665,127.07739
위드펫종합동물병원,서울특별시,송파구,"서울특별시 송파구 백제고분로 161, 성선빌딩 (잠실동)",02-2202-0075,37.505494,127.084854
북아현동물병원,서울특별시,서대문구,서울특별시 서대문구 신촌로 289-1 (북아현동),,37.557546,126.958278
시티종합동물병원,경기도,구리시,경기도 구리시 이문안로 15 (교문동),031-555-7588,37.592107,127.132989
남서울동물병원,서울특별시,서초구,"서울특별시 서초구 서초대로25길 99, 101호 (방배동)",02-582-2186,37.49195,126.991696
한솔동물병원,서울특별시,서대문구,"서울특별시 서대문구 통일로 397, B428호 (홍제동, 인왕산 한신휴플러스)",,37.58521,126.947365
그린축산동물병원,경기도,여주시,경기도 여주시 여흥로33번길 5 (하동),,37.298918,127.627994
김정태동물병원,경기도,안산시,"경기도 안산시 상록구 본오로 133, 116호 (본오동, 우성상가)",,37.297699,126.865077
안양축협동물병원,경기도,안양시,"경기도 안양시 만안구 안양로 374-1, 3층, 지하층 (안양동)",031-443-3841,37.404696,126.916877
평촌동물병원,경기도,안양시,"경기도 안양시 동안구 평촌대로 142, 평촌트윈마트 106, 지하1층24호 (평촌동)",031-384-9505,37.384996,126.95989
가람동물병원,경기도,고양시,"경기도 고양시 일산동구 강석로 156, 강촌마을7단지 (마두동)",031-906-0976,37.654466,126.77901
샐리동물병원,경기도,부천시,경기도 부천시 소사구 경인로138번길 9 (송내동),,37.483736,126.77136
장안동물병원,경기도,수원시,경기도 수원시 장안구 송원로 83 (조원동),031-245-8961,37.30246,127.009519
백년동물병원,서울특별시,서대문구,서울특별시 서대문구 가좌로 104 (홍은동),,37.582045,126.926708
청안동물병원,경기도,시흥시,경기도 시흥시 삼미시장1길 19 (신천동),031-311-4148,37.440594,126.783906
노아동물병원,경기도,수원시,경기도 수원시 장안구 장안로 67 (영화동),031-246-1254,37.290393,127.003227
푸른동물병원,경기도,파주시,"경기도 파주시 중앙로 280, 17호 (아동동, 장안초원아파트)",,37.761199,126.777163
GD동물병원,서울특별시,강동구,"서울특별시 강동구 상일로 13, 1,2층 (상일동)",02-429-8822,37.548256,127.173104
녹번동물병원,서울특별시,은평구,서울특별시 은평구 통일로 697 (녹번동),,37.60809,126.931741
늘푸른동물병원,서울특별시,은평구,서울특별시 은평구 은평로 29 (신사동),,37.598262,126.911008
우성동물병원,경기도,성남시,"경기도 성남시 분당구 돌마로 481, 분당우성프라자 (서현동)",,37.377737,127.132872
화정동물병원,경기도,고양시,경기도 고양시 덕양구 은빛로29번길 46 (화정동),,37.640034,126.832086
세종가축병원,경기도,여주시,"경기도 여주시 오학동 강변북로 42, 1동",,37.301796,127.645876
엔젤동물병원,서울특별시,중랑구,서울특별시 중랑구 겸재로 187 (면목동),,37.588797,127.088371
진선동물병원,경기도,오산시,경기도 오산시 성호대로 36 (오산동),031-374-4644,37.149088,127.0652
용강동물병원,서울특별시,마포구,서울특별시 마포구 대흥로 48 (대흥동),02-707-2340,37.544844,126.939512
행신동물병원,경기도,고양시,경기도 고양시 덕양구 행신로 147 (행신동),031-971-5534,37.619367,126.831656
중앙동물병원,서울특별시,강북구,서울특별시 강북구 도봉로 88 (미아동),,37.617027,127.030396
대학로동물병원,서울특별시,종로구,서울특별시 종로구 창경궁로 261 (명륜2가),36728441,37.584648,127.00019
상록 동물병원,경기도,성남시,경기도 성남시 분당구 정자로 78 (정자동),,37.363153,127.11351
홍익동물병원,경기도,화성시,"경기도 화성시 만세구 우정읍 조암북로57번길 1, 2층",,,
보람동물병원,서울특별시,중랑구,서울특별시 중랑구 면목로 269 (면목동),,37.577025,127.085752
대한동물병원,서울특별시,중구,서울특별시 중구 퇴계로 227 (충무로4가),22636134,37.562061,126.996892
인방동물의료센터,경기도,안양시,"경기도 안양시 동안구 귀인로 194, 1,2층 (평촌동)",031-388-0075,37.385251,126.960746
화신종합동물병원,서울특별시,도봉구,서울특별시 도봉구 도당로 63 (방학동),34917060,37.663794,127.034653
뉴욕종합동물병원,서울특별시,마포구,서울특별시 마포구 양화로 68 (서교동),02-333-9558,37.550753,126.916066
유림동물안과병원,서울특별시,서초구,"서울특별시 서초구 강남대로 631, 1층 (잠원동, 크레신타워)",,37.518086,127.018502
고대영동물병원,경기도,안산시,"경기도 안산시 상록구 예술광장1로 94, 1층동 102호 (성포동,정인프라자)",,37.326464,126.847045
시민종합동물병원,경기도,고양시,경기도 고양시 일산서구 대산로 126 (주엽동),,37.674761,126.763761
한얼동물병원,서울특별시,은평구,서울특별시 은평구 응암로 226 (응암동),,37.592044,126.917916
DS동물병원,서울특별시,관악구,"서울특별시 관악구 조원중앙로 3, 1층 (신림동)",02-837-0837,37.480343,126.904048
노아동물병원,서울특별시,양천구,서울특별시 양천구 목동동로10길 6 (신정동),02-2654-6183,37.518449,126.870692
시온동물병원,서울특별시,강서구,서울특별시 강서구 까치산로 74 (화곡동),26929290,37.545232,126.847308
황동물병원,서울특별시,중구,서울특별시 중구 퇴계로 254-1 (묵정동),22780075,37.562371,127.000005
양동진동물병원(출장전문),경기도,양평군,경기도 양평군 용문면 용문로 331,,37.482633,127.591147
명동물병원,경기도,군포시,경기도 군포시 번영로 602 (금정동),,37.362795,126.942337
한마음동물병원,경기도,김포시,경기도 김포시 통진읍 김포대로 2025,031-987-7582,37.682641,126.618549
한강동물메디컬센터,경기도,남양주시,경기도 남양주시 퇴계원읍 경춘북로 516,,37.646901,127.141081
신창동물병원,서울특별시,도봉구,서울특별시 도봉구 덕릉로 230 (창동),,37.641441,127.034034
한국동물병원,경기도,성남시,경기도 성남시 중원구 둔촌대로 155 (성남동),,37.429569,127.135893
보람동물병원,경기도,평택시,경기도 평택시 고덕면 동청1길 35,031-668-9935,37.055005,127.006475
남양동물병원(출장전문),경기도,안성시,"경기도 안성시 공도읍 마정강변길 25, 상가동 103호 (임광그대가아파트 1단지)",,37.01169,127.210207
롯데동물병원,서울특별시,노원구,"서울특별시 노원구 동일로207길 17, 118호 (중계동, 시영1단지B상가 )",,37.642026,127.064108
중앙동물병원,경기도,포천시,경기도 포천시 관인면 창동로 1841,,38.156936,127.252026
신일산동물병원,경기도,고양시,"경기도 고양시 일산동구 강송로 180, 백마프라자 (마두동)",,37.654837,126.783684
김민재동물병원,서울특별시,송파구,서울특별시 송파구 동남로 318 (오금동),02-443-8973,37.503691,127.138689
서울종합동물병원,경기도,성남시,경기도 성남시 분당구 불정로 381 (서현동),,37.374582,127.136712
하나동물병원,경기도,이천시,경기도 이천시 중리천로 99 (창전동),,37.278161,127.448066
안산동물병원,경기도,안산시,경기도 안산시 단원구 화랑로 47 (원곡동),,37.330263,126.796544
서부동물병원(출장전문),경기도,안성시,경기도 안성시 강변남로 52 (도기동),,37.000684,127.273189
제갈동물병원 (출장진료 전문),경기도,평택시,경기도 평택시 청북면 율북로 13,,37.05194,126.982336
가좌동물병원,서울특별시,서대문구,서울특별시 서대문구 응암로 77 (북가좌동),,37.580031,126.911148
해성동물병원,서울특별시,양천구,서울특별시 양천구 은행정로 10 (신정동),02-2651-9953,37.520627,126.860136
산본동물병원,경기도,군포시,경기도 군포시 산본천로 212 (산본동),,37.370879,126.941049
백두산동물병원,경기도,포천시,경기도 포천시 소흘읍 솔모루로 110,,37.830801,127.149315
분당헤르쯔 동물병원,경기도,성남시,"경기도 성남시 분당구 돌마로 364, 현대제일상가 1층 17,18,19호 (수내동)",031-712-2795,37.369966,127.123645
사랑동물병원,서울특별시,구로구,서울특별시 구로구 도림로 98 (구로동),,37.490836,126.893911
오주동물병원,서울특별시,송파구,"서울특별시 송파구 마천로 264, 흥일빌딩 (거여동)",02-443-8083,37.498035,127.146133
대한동물병원(출장전문),경기도,안성시,경기도 안성시 죽산면 죽주로 300,,37.076509,127.428161
이창훈 동물병원,경기도,고양시,경기도 고양시 일산동구 무궁화로141번길 7-9 (정발산동),,37.669466,126.776392
가람동물병원,경기도,김포시,경기도 김포시 양촌읍 양곡로390번길 97,,37.666584,126.637103
개명동물병원,서울특별시,구로구,서울특별시 구로구 개봉로 50 (개봉동),26190888,37.490186,126.856302
한호동물병원,경기도,평택시,"경기도 평택시 송탄로 200, 1층 (서정동)",031-611-5736,37.061643,127.058623
태성진동물병원,경기도,여주시,"경기도 여주시 청심로 121-7, 태성진동물병원 (하동)",,37.299031,127.633755
삼양동물병원,서울특별시,강북구,"서울특별시 강북구 삼양로 190, 백운M빌딩 1층 (미아동)",,37.620842,127.020956
바우미우동물병원,서울특별시,중구,"서울특별시 중구 다산로 175, 명덕빌딩 (신당동)",22373366,37.559293,127.012841
건국동물병원 (출장진료 전문),경기도,평택시,경기도 평택시 청북읍 율북로 13,,37.05194,126.982336
민동물병원,경기도,고양시,경기도 고양시 덕양구 호국로 778-6 (성사동),,37.6556,126.835647
태능동물병원,서울특별시,중랑구,"서울특별시 중랑구 동일로 920, 3층 (묵동)",02-973-1953,37.612596,127.077579
우석동물병원(출장전문),경기도,안성시,경기도 안성시 보개원삼로 104 (가사동),,37.012634,127.286631
하남동물병원,경기도,하남시,경기도 하남시 신평로 37 (덕풍동),,37.537155,127.204048
암사동물병원,서울특별시,강동구,"서울특별시 강동구 올림픽로 793, 내호빌딩 1층 (암사동)",02-3426-5079,37.552011,127.12791
형제동물의료센터,서울특별시,관악구,서울특별시 관악구 남부순환로 1747-1 (봉천동),02-889-0575,37.482375,126.944181
심재훈동물병원,경기도,평택시,경기도 평택시 탄현로 310-1 (지산동),,37.080057,127.055261
노아동물병원,서울특별시,송파구,서울특별시 송파구 오금로 498 (거여동),02-401-0075,37.492994,127.143899
성심동물병원,경기도,남양주시,"경기도 남양주시 다산중앙로82번길 49-3, 103호 (다산동)",,37.620707,127.160122
희망종합동물병원,서울특별시,송파구,"서울특별시 송파구 올림픽로 88, 올림픽타워 101호 (잠실동)",02-414-7588,37.511428,127.080513
우람동물병원,경기도,양평군,경기도 양평군 양평읍 남북로 97,031-772-8275,37.491428,127.502346
제일동물병원,경기도,이천시,경기도 이천시 영창로 181 (창전동),031-633-9883,37.281654,127.442741
서교동물병원,서울특별시,마포구,"서울특별시 마포구 포은로 107, 2층 (망원동)",02-332-7984,37.556582,126.904548
영국동물병원,서울특별시,송파구,"서울특별시 송파구 동남로18길 23, 무영빌딩 (가락동)",02-402-5746,37.494233,127.133072
청담동물병원,서울특별시,강남구,"서울특별시 강남구 도산대로50길 13, 논현빌딩 3층 (논현동)",02-543-4037,37.521602,127.037691
금광동물병원,경기도,성남시,경기도 성남시 수정구 산성대로 431 (단대동),,37.450482,127.158975
윤신근박사동물병원,서울특별시,중구,서울특별시 중구 퇴계로 226 (필동2가),22748558,37.561628,126.996856
퓨리나동물병원,서울특별시,도봉구,서울특별시 도봉구 도봉로 469 (쌍문동),,37.647638,127.03366
한성동물병원,서울특별시,관악구,서울특별시 관악구 신림로 265 (신림동),02-872-7609,37.478241,126.931856
이재풍동물병원,서울특별시,송파구,서울특별시 송파구 오금로35길 44 (오금동),02-404-6123,37.506468,127.129274
심재웅동물병원,서울특별시,동대문구,서울특별시 동대문구 망우로 120 (휘경동),02-2244-7755,37.591103,127.066515
불광동물병원,서울특별시,은평구,"서울특별시 은평구 통일로 767, 401동 B층 117호 (대조동, 베르디움STAY1)",,,
경기동물병원,경기도,가평군,"경기도 가평군 청평면 청평중앙로 8, 경기동물병원",,37.73584,127.415937
용인동물병원,경기도,용인시,"경기도 용인시 처인구 명지로 17, 2층 202호 (역북동)",,37.234449,127.189079
강현림 종합동물병원,서울특별시,양천구,서울특별시 양천구 등촌로 160 (목동),26429159,37.544072,126.862445
성심동물병원,경기도,연천군,경기도 연천군 전곡읍 전곡역로 47,,38.02363,127.06817
우신동물병원,서울특별시,양천구,서울특별시 양천구 중앙로 295 (신월동),26938883,37.522568,126.851408
관양동물병원,경기도,안양시,"경기도 안양시 동안구 관악대로 327-1, 1층 (관양동)",031-384-3920,37.403827,126.959209
주영동물병원「산업동물 출장진료 전문」,경기도,이천시,경기도 이천시 장호원읍 서동대로8809번길 22-29,,37.116179,127.615571
대방동물병원,서울특별시,영등포구,"서울특별시 영등포구 신풍로25길 13, 그레이트 빌 1층 (신길동)",,37.501181,126.91998
김정복동물병원,서울특별시,은평구,서울특별시 은평구 통일로 879 (갈현동),,37.62138,126.919568
보라매동물병원,서울특별시,관악구,"서울특별시 관악구 봉천로 239, 1층 (봉천동)",02-885-2130,37.489568,126.928366
서진동물병원,서울특별시,마포구,서울특별시 마포구 신촌로16길 34(노고산동),02-336-3929,37.554233,126.934214
통일동물병원,경기도,동두천시,경기도 동두천시 중앙로 226 (생연동),,37.901678,127.053121
현대동물병원,경기도,화성시,"경기도 화성시 만세구 남양읍  남양시장로 38-4, 103호",,37.208545,126.813351
대관령동물병원,경기도,남양주시,"경기도 남양주시 금곡로 44, 성원빌딩 (금곡동)",,37.633895,127.207923
정동물병원,경기도,평택시,"경기도 평택시 안중읍 안중로 94, 105동 (평창빌딩)",031-681-2406,36.988509,126.92705
오암동물병원,경기도,평택시,경기도 평택시 안중읍 안중로99번길 13-1,031-682-2470,36.989914,126.927413
청산동물병원,경기도,화성시,경기도 화성시 만세구 우정읍 3.1만세로 29,,37.082245,126.817251
오류동물병원,서울특별시,구로구,"서울특별시 구로구 경인로 236, 예성라온팰리스 103동 101호 (오류동)",26123232,37.497083,126.846901
조암동물병원,경기도,화성시,"경기도 화성시 만세구 우정읍 3.1만세로 69-5, 201호 (조암프라자)",,37.084186,126.820853
소망동물병원,경기도,화성시,경기도 화성시 만세구 남양읍 남양시장로55번길 37-3,031-356-1595,37.210355,126.819078
제일종합동물병원,경기도,김포시,경기도 김포시 양촌읍 양곡1로 13,,37.651951,126.623899
유일동물병원,경기도,양평군,경기도 양평군 양평읍 미리내길 96,,37.481092,127.534798
이천동물병원「산업동물 출장진료 전문」,경기도,이천시,경기도 이천시 어재연로 24-0 (중리동),031-635-2371,37.278899,127.444475
현대가축병원,경기도,가평군,"경기도 가평군 가평읍 연인2길 19, 현대동물병원",,37.829655,127.511264
파주유우진료소(산업동물에 대한 출장진료를 전문으로 함),경기도,파주시,경기도 파주시 조리읍 봉천로 11,031-941-3030,37.742379,126.809976
중앙동물병원,경기도,여주시,"경기도 여주시 여흥로 97, 중앙동물병원 (창동)",,37.295817,127.634179
금촌종합동물병원,경기도,파주시,경기도 파주시 아동로 11-1 (금촌동),031-941-7777,37.764432,126.775821
고려동물병원,경기도,파주시,"경기도 파주시 새꽃로 62, 베스트프라자 1층 112호 (금촌동)",031-941-2422,37.755481,126.768951
제일동물병원,경기도,남양주시,경기도 남양주시 퇴계원면 경춘북로 513,,,
경기동물병원,경기도,동두천시,경기도 동두천시 중앙로 229 (생연동),,37.902165,127.05287
용문동물병원,경기도,양평군,경기도 양평군 용문면 용문로 353,031-773-3176,37.484342,127.593145
일동동물병원,경기도,포천시,경기도 포천시 일동면 화동로 1044-1,,37.95655,127.317389
