name,type,sido,city,area,lat,lon
기산근린공원,근린공원,경기도,포천시,11973.0,37.95389695,127.3183645
어린이공원,어린이공원,경기도,포천시,2246.0,37.85477443,127.1639341
선단동문화공원,문화공원,경기도,포천시,18001.0,37.85478377,127.1563885
근린공원2,근린공원,경기도,포천시,13673.6,37.87960872,127.19996
이동어린이공원1,어린이공원,경기도,포천시,1501.0,38.03474185,127.3681846
어린이공원,어린이공원,경기도,포천시,1665.0,37.88911103,127.193813
어린이공원,어린이공원,경기도,포천시,1509.0,37.88799858,127.1968866
어린이공원,어린이공원,경기도,포천시,4868.0,37.83651426,127.1494266
어린이공원,어린이공원,경기도,포천시,1546.0,37.8359279,127.1516838
어린이공원,어린이공원,경기도,포천시,2044.0,37.90023495,127.2104246
어린이공원,어린이공원,경기도,포천시,1976.0,37.89978338,127.2116956
화봉공원,근린공원,경기도,포천시,115940.0,37.841649,127.175685
청성역사공원,역사공원,경기도,포천시,1060350.0,37.892594,127.2100974
어린이공원,어린이공원,경기도,포천시,1500.0,37.88976034,127.2055442
근린공원(39),근린공원,경기도,포천시,10006.0,37.88934351,127.190562
근린공원3,근린공원,경기도,포천시,17530.3,37.87541431,127.2056992
선단공원,근린공원,경기도,포천시,36728.0,37.85622036,127.159816
포천체육공원,체육공원,경기도,포천시,21514.0,37.89390637,127.1977855
기산공원,근린공원,경기도,포천시,12000.0,37.95390182,127.317013
영중공원,근린공원,경기도,포천시,110772.0,38.00747365,127.250307
장암공원,근린공원,경기도,포천시,38000.0,38.03145462,127.361943
운천공원,근린공원,경기도,포천시,50000.0,38.089037,127.276013
초과공원,근린공원,경기도,포천시,36245.0,38.156661,127.247443
신읍공원,어린이공원,경기도,포천시,3190.0,37.903962,127.202954
소흘 제6공원,어린이공원,경기도,포천시,1189.0,37.82534826,127.144643
소흘 제5공원,어린이공원,경기도,포천시,1179.0,37.828965,127.1488018
신북 제3공원,어린이공원,경기도,포천시,2775.0,37.943244,127.1890246
신북 제2공원,어린이공원,경기도,포천시,3445.0,37.945522,127.188897
신북 제1공원,어린이공원,경기도,포천시,1820.0,37.94650259,127.187985
운천 제1공원,어린이공원,경기도,포천시,7818.0,38.09313818,127.2708474
방축공원,어린이공원,경기도,포천시,1705.0,37.8406116,127.1781444
마산공원,어린이공원,경기도,포천시,1878.0,37.84715755,127.182715
선단 제5공원,어린이공원,경기도,포천시,2540.0,37.849509,127.1658009
태봉근린공원,근린공원,경기도,포천시,159835.0,37.83309387,127.1436888
선단제4공원,어린이공원,경기도,포천시,1693.0,37.854638,127.163716
선단 제3공원,어린이공원,경기도,포천시,3955.0,37.857594,127.1723679
소흘체육공원,체육공원,경기도,포천시,54000.0,37.82426366,127.1255178
선단 제1공원,어린이공원,경기도,포천시,2973.0,37.85914275,127.1504285
소흘 제7공원(아우라지공원),어린이공원,경기도,포천시,1500.0,37.824269,127.1391257
소흘 제4공원(은행나무공원),어린이공원,경기도,포천시,2350.0,37.82892365,127.1414475
소흘 제3공원(물방울공원),어린이공원,경기도,포천시,1500.0,37.832803,127.149662
소흘 제2공원(노을공원),어린이공원,경기도,포천시,5860.0,37.8328124,127.141855
소흘 제1공원(솔방울공원),어린이공원,경기도,포천시,2920.0,37.833845,127.1459902
선단 제2공원,어린이공원,경기도,포천시,1724.0,37.85833809,127.1551334
일동 제1공원,어린이공원,경기도,포천시,2126.0,37.95917021,127.3139974
운천 제3공원,어린이공원,경기도,포천시,2938.0,38.08797516,127.2706517
운천 제2공원,어린이공원,경기도,포천시,2787.0,38.089037,127.276013
솔모루공원,근린공원,경기도,포천시,12109.0,37.827697,127.1386545
공흥3 어린이공원1,어린이공원,경기도,양평군,2051.9,37.48884091,127.5028631
한강아트로드공원,소공원,경기도,양평군,3300.0,37.4960553,127.4082161896
다문공원,근린공원,경기도,양평군,30062.0,37.48900176,127.59693
물안개공원,근린공원,경기도,양평군,19322.0,37.49901438,127.4778722
갈산공원,근린공원,경기도,양평군,117049.0,37.48602014,127.4930432
어린이공원 20,어린이공원,경기도,양평군,3311.0,37.4818789,127.4985354
다문 어린이공원6,어린이공원,경기도,양평군,1717.0,37.47847502,127.5948738
다문 어린이공원,어린이공원,경기도,양평군,2933.0,37.48774079,127.59053
공흥 어린이공원,어린이공원,경기도,양평군,2324.0,37.492399,127.507728
용문4호 어린이공원,어린이공원,경기도,양평군,3854.0,37.49256049,127.5999707
삼산1 공원5,소공원,경기도,양평군,6522.0,37.42088691,127.7882412
삼산1 공원4,소공원,경기도,양평군,1934.0,37.42316696,127.7870114
삼산1 공원3,소공원,경기도,양평군,1027.0,37.42316696,127.7870114
강하 체육공원,체육공원,경기도,양평군,35912.0,37.497212,127.4131433
청운체육공원,체육공원,경기도,양평군,24650.0,37.552732,127.7031341
6호 체육공원,체육공원,경기도,양평군,37900.0,37.54161411,127.3232377
개군레포츠공원,체육공원,경기도,양평군,61290.0,37.434561,127.530986
소공원2,소공원,경기도,양평군,2467.7,37.48556827,127.4999578
소공원1,소공원,경기도,양평군,2751.6,37.48685989,127.5011469
다문 소공원 5,소공원,경기도,양평군,1594.3,37.48071134,127.5950429
공흥 양근공원,소공원,경기도,양평군,768.0,37.4875185204,127.4986762
양서 소공원 7,소공원,경기도,양평군,2271.0,37.52498145,127.3720793
양근소공원(19호),소공원,경기도,양평군,746.0,37.49291124,127.4894425
병산4호 소공원,소공원,경기도,양평군,430.6,37.48828955,127.4795629
양근소공원(17호),소공원,경기도,양평군,1931.3,37.49950085,127.4922225
공흥 소공원,소공원,경기도,양평군,1217.0,37.493844,127.5093259
광탄3호 소공원,소공원,경기도,양평군,847.0,37.508443,127.627414
광탄2호 소공원,소공원,경기도,양평군,1410.0,37.509628,127.628406
광탄1호 소공원,소공원,경기도,양평군,1378.0,37.50986583,127.626083
문화공원7,문화공원,경기도,양평군,3018.0,37.47734702,127.591909
양근문화공원(18호),문화공원,경기도,양평군,4437.0,37.49863017,127.4941032
양근문화공원(16호),문화공원,경기도,양평군,4400.0,37.49816408,127.4935846
쉬자(백운테마)파크,근린공원,경기도,양평군,186504.0,37.51301313,127.5324295
삼산1 공원2,소공원,경기도,양평군,7662.0,37.42088691,127.7882412
삼산1 공원1,소공원,경기도,양평군,5576.0,37.42316696,127.7870114
양평 소공원21,소공원,경기도,양평군,2813.4,37.48267172,127.4996815
안골어린이공원,어린이공원,경기도,용인시,2089.0,37.32222262,127.124556
완장어린이공원,어린이공원,경기도,용인시,2125.0,37.33032846,127.1332567
안터어린이공원,어린이공원,경기도,용인시,4397.0,37.33081636,127.1302587
죽전어린이공원,어린이공원,경기도,용인시,3809.0,37.32973049,127.1168463
새말공원,어린이공원,경기도,용인시,2855.0,37.32252082,127.0896848
무진이,어린이공원,경기도,용인시,2010.0,37.3176541,127.0859569
별빛공원,어린이공원,경기도,용인시,1885.0,37.32048432,127.0878211
햇빛공원,어린이공원,경기도,용인시,1449.0,37.31633826,127.0883859
임진,어린이공원,경기도,용인시,3065.0,37.31800062,127.0938102
삼풍동공원,어린이공원,경기도,용인시,4162.0,37.33103309,127.095357
독골공원,어린이공원,경기도,용인시,3558.0,37.33226573,127.1006463
도장골공원,어린이공원,경기도,용인시,5633.0,37.32702396,127.0928494
빛가람어린이공원,어린이공원,경기도,용인시,1506.0,37.33408757,127.0907194
손초어린이공원,어린이공원,경기도,용인시,5740.0,37.33881269,127.0842762
어린이공원,어린이공원,경기도,용인시,3820.0,37.30135828,127.076264
거북이어린이공원,어린이공원,경기도,용인시,2041.0,37.29724499,127.0659549
기차놀이어린이공원,어린이공원,경기도,용인시,2159.0,37.29989407,127.07339
보물선어린이공원,어린이공원,경기도,용인시,1522.0,37.3002739,127.0815408
심곡 어린이공원,어린이공원,경기도,용인시,9098.0,37.30500263,127.0717838
제21호 어린이공원(별다올어린이공원),어린이공원,경기도,용인시,2744.4,37.32136741,127.0608357
제104호 어린이공원(성서어린이공원),어린이공원,경기도,용인시,3782.0,37.31584106,127.0690596
제22호 어린이공원,어린이공원,경기도,용인시,1970.0,37.31890862,127.0665555
제90호 어린이공원,어린이공원,경기도,용인시,634.0,37.31601735,127.0607586
효자어린이공원,어린이공원,경기도,용인시,3853.5,37.31486483,127.0711523
중말어린이공원,어린이공원,경기도,용인시,1808.0,37.3282169,127.0744288
신리어린이공원,어린이공원,경기도,용인시,1500.0,37.32278053,127.0815119
홍천어린이공원,어린이공원,경기도,용인시,1684.0,37.32561629,127.0763629
바지산어린이공원,어린이공원,경기도,용인시,1500.0,37.32022512,127.0775121
신일어린이공원,어린이공원,경기도,용인시,3068.0,37.32827138,127.0773125
신봉어린이공원,어린이공원,경기도,용인시,2114.0,37.32926433,127.0723013
품목골 어린이공원,어린이공원,경기도,용인시,1743.0,37.33176736,127.0650965
양지말어린이공원,어린이공원,경기도,용인시,1664.0,37.32923778,127.0699471
상보골어린이공원,어린이공원,경기도,용인시,1534.0,37.32897765,127.0635819
도마치어린이공원,어린이공원,경기도,용인시,1753.0,37.32708712,127.065109
작은막어린이공원,어린이공원,경기도,용인시,1604.0,37.333591,127.1228917
새터어린이공원,어린이공원,경기도,용인시,5100.0,37.33375754,127.1190452
대덕어린이공원,어린이공원,경기도,용인시,1500.0,37.33441353,127.1246123
무등치어린이공원,어린이공원,경기도,용인시,1526.0,37.33122358,127.1258884
죽전 제13 어린이공원,어린이공원,경기도,용인시,1524.0,37.33110471,127.1236056
방아어린이공원,어린이공원,경기도,용인시,3281.0,37.32994085,127.1255687
은행골어린이공원,어린이공원,경기도,용인시,1547.0,37.32792161,127.1237621
내대지어린이공원,어린이공원,경기도,용인시,3576.0,37.32445013,127.1186669
나비어린이공원,어린이공원,경기도,용인시,1500.0,37.32536949,127.1148241
숫내어린이공원,어린이공원,경기도,용인시,1600.0,37.32355497,127.1217166
수지체육공원(62호),체육공원,경기도,용인시,67667.0,37.32925181,127.0972735
나곡체육공원,체육공원,경기도,용인시,5232.0,37.25528897,127.1172631
삼가체육공원,체육공원,경기도,용인시,17748.0,37.23823531,127.1693019
체육공원(78호),체육공원,경기도,용인시,12588.0,37.27709181,127.248353
둔천체육공원(73호),체육공원,경기도,용인시,9877.0,37.26587757,127.2147921
성심묘지공원,묘지공원,경기도,용인시,94191.0,37.34932658,127.0627334
천주교묘지공원,묘지공원,경기도,용인시,847474.0,37.3211043,127.1465269
용인묘지공원,묘지공원,경기도,용인시,1342301.0,37.29542684,127.2560058
서울묘지공원,묘지공원,경기도,용인시,202150.0,37.2201686,127.1743465
신정문화공원,문화공원,경기도,용인시,15539.0,37.32027656,127.0946856
뜨락문화공원,문화공원,경기도,용인시,19417.0,37.29142687,127.1456969
신대 문화공원,문화공원,경기도,용인시,7091.0,37.23963089,127.1894643
역북문화공원(역북도시개발사업),문화공원,경기도,용인시,21590.0,37.2300682,127.1856861
역사공원,역사공원,경기도,용인시,8611.0,37.29946291,127.0647442
꿈마중 어린이공원(풍덕천3지구),어린이공원,경기도,용인시,5728.3,37.32736874,127.0990622
손곡어린이공원,어린이공원,경기도,용인시,2773.0,37.33746586,127.0954561
한빛어린이공원,어린이공원,경기도,용인시,1680.0,37.3351647,127.0886676
숲마루 근린공원 2,근린공원,경기도,용인시,28934.6,37.34651,127.2614
바람숲 근린공원 1,근린공원,경기도,용인시,18398.3,37.33362,127.25006
별울림(성복1) 근린공원,근린공원,경기도,용인시,23353.0,37.31442,127.07218
보평 근린공원,근린공원,경기도,용인시,18774.3,37.26477,127.2178
구름마루 어린이공원 4,어린이공원,경기도,용인시,2065.7,37.34545,127.2578
꿈마루 어린이공원 3,어린이공원,경기도,용인시,2863.9,37.34375,127.254
흙놀이 어린이공원 2,어린이공원,경기도,용인시,4048.6,37.34628,127.2546
물잔디 어린이공원 1,어린이공원,경기도,용인시,3638.3,37.34631,127.2521
중앙물빛 어린이공원,어린이공원,경기도,용인시,3924.0,37.23384,127.2044
고림무지개구름소공원,소공원,경기도,용인시,6539.9,37.24481,127.2242
고림푸른물결소공원,소공원,경기도,용인시,1292.0,37.24685,127.2213
한컴산단 소공원,소공원,경기도,용인시,909.1,37.22313,127.26217
물빛하늘 소공원,소공원,경기도,용인시,5750.7,37.26535,127.2211
언남3 체육공원,체육공원,경기도,용인시,9998.0,37.29868,127.1214
토월체육공원,체육공원,경기도,용인시,19474.0,37.32823032,127.0837278
동천체육공원(60호),체육공원,경기도,용인시,19512.0,37.33434752,127.0962632
신봉체육공원,체육공원,경기도,용인시,15560.0,37.32893441,127.0671418
죽전체육공원(61호),체육공원,경기도,용인시,12654.0,37.33001542,127.1133709
제80호 별학어린이공원,어린이공원,경기도,용인시,1653.0,37.23201947,127.2009722
제84호 아리랑어린이공원,어린이공원,경기도,용인시,1636.2,37.23247099,127.1969343
남사아곡 제3호 어린이공원(한숲 물내음),어린이공원,경기도,용인시,3515.0,37.15256329,127.1693456
남사아곡 제2호 어린이공원(한숲 무지개),어린이공원,경기도,용인시,4595.0,37.15717207,127.1725576
남사아곡 제1호 어린이공원(한숲꽃내음),어린이공원,경기도,용인시,3076.0,37.16022317,127.17538
제85호 마평어린이공원,어린이공원,경기도,용인시,3670.0,37.23486122,127.2163746
제107호 모현어린이공원,어린이공원,경기도,용인시,5816.7,37.33393818,127.2538619
물방울어린이공원,어린이공원,경기도,용인시,1679.0,37.24085798,127.1673156
언덕어린이공원,어린이공원,경기도,용인시,1924.5,37.24047571,127.1695371
숲속어린이공원,어린이공원,경기도,용인시,4878.3,37.23872386,127.1637377
제76호 새터말어린이공원,어린이공원,경기도,용인시,1649.0,37.23930818,127.1919734
제75호 미르어린이공원,어린이공원,경기도,용인시,1650.0,37.23724658,127.1877529
제77호 샛별어린이공원,어린이공원,경기도,용인시,1653.0,37.23649667,127.1916545
늘품어린이공원(역북도시개발사업),어린이공원,경기도,용인시,3736.7,37.23412027,127.1872598
제83호 벌터어린이공원,어린이공원,경기도,용인시,1809.0,37.23407485,127.1900753
역북1 어린이공원,어린이공원,경기도,용인시,1346.3,37.2412896,127.1970999
제67호 유방어린이공원,어린이공원,경기도,용인시,2465.0,37.2593318,127.2167613
노루(제87호) 어린이공원,어린이공원,경기도,용인시,1225.0,37.20525957,127.2065086
제3호 송전어린이공원,어린이공원,경기도,용인시,5208.0,37.13870496,127.2001665
꿈빛(제39호)어린이공원,어린이공원,경기도,용인시,1417.5,37.28165195,127.2202197
늘봄 어린이공원(제56호 어린이공원),어린이공원,경기도,용인시,1555.0,37.2692232,127.2188945
제105호 포곡어린이공원,어린이공원,경기도,용인시,2558.0,37.27292155,127.2217992
경안천벚길 어린이공원(제99호),어린이공원,경기도,용인시,1875.0,37.28797374,127.2332122
풍덕소공원,소공원,경기도,용인시,1004.0,37.32270597,127.1012713
수풍소공원,소공원,경기도,용인시,1247.0,37.32413961,127.0969866
풍덕천소공원,소공원,경기도,용인시,419.0,37.32448746,127.1006168
초록빛 소공원,소공원,경기도,용인시,700.0,37.31381857,127.0854738
노량소공원,소공원,경기도,용인시,1311.0,37.32863518,127.1015344
두리소공원,소공원,경기도,용인시,8575.2,37.32708332,127.0997294
죽전디지털밸리 제2호 소공원,소공원,경기도,용인시,644.0,37.33192402,127.133051
죽전디지털밸리 제3호 소공원,소공원,경기도,용인시,665.0,37.33193907,127.1337895
흥덕3어린이공원(양별자리),어린이공원,경기도,용인시,3424.0,37.27207995,127.0828794
흥덕2어린이공원(페가수스자리),어린이공원,경기도,용인시,1501.0,37.2731734,127.0888918
흥덕1어린이공원(물병자리),어린이공원,경기도,용인시,1502.0,37.27245381,127.0933594
흥덕6어린이공원(작은곰별자리),어린이공원,경기도,용인시,3319.0,37.28050875,127.0792675
함박웃음 어린이공원(하갈지구),어린이공원,경기도,용인시,4248.0,37.26628175,127.0948179
제58호 어린이공원(개나리),어린이공원,경기도,용인시,1500.0,37.26780398,127.0774768
제59호 어린이공원(진달래),어린이공원,경기도,용인시,5937.0,37.26931732,127.0755211
흥덕5어린이공원(쌍둥이별자리),어린이공원,경기도,용인시,1503.0,37.27309177,127.0716314
동백제11호 어린이공원(아띠),어린이공원,경기도,용인시,3595.0,37.26371311,127.1604012
동백제12호 어린이공원(해울),어린이공원,경기도,용인시,4548.0,37.26185461,127.1610014
동백제10호 어린이공원(다솜),어린이공원,경기도,용인시,4053.0,37.2658892,127.1565947
제91호 어린이공원(어정),어린이공원,경기도,용인시,1500.0,37.27722468,127.145632
제90호 어린이공원(풀향기),어린이공원,경기도,용인시,1500.0,37.27793989,127.144758
동진원제1호어린이공원,어린이공원,경기도,용인시,2076.0,37.28505075,127.1423936
오르막내리막(동진원제2호)어린이공원,어린이공원,경기도,용인시,1865.0,37.28279847,127.1475996
거인발자국(동진원제3호)어린이공원,어린이공원,경기도,용인시,1631.0,37.28044942,127.1443113
중동어린이공원,어린이공원,경기도,용인시,4278.0,37.2777852,127.1466099
동백제6호 어린이공원(마루),어린이공원,경기도,용인시,3838.0,37.27699686,127.1562897
동백제13호 어린이공원(꽃내),어린이공원,경기도,용인시,1625.0,37.27670773,127.1601619
동백제7호 어린이공원(나래),어린이공원,경기도,용인시,1676.0,37.27213554,127.1591357
동백제8호 어린이공원(해거름),어린이공원,경기도,용인시,4049.0,37.27058334,127.1570857
동백제9호 어린이공원(해음),어린이공원,경기도,용인시,2144.0,37.26704233,127.1584114
구성3어린이공원(땅마을),어린이공원,경기도,용인시,2449.0,37.29781744,127.1509958
구성4어린이공원(숲속마을),어린이공원,경기도,용인시,3071.0,37.2961572,127.1523997
구성2어린이공원(바람마을),어린이공원,경기도,용인시,1507.0,37.29430479,127.1464414
구성1어린이공원(하늘마을),어린이공원,경기도,용인시,1500.0,37.29082581,127.1434466
구성5어린이공원(산마을),어린이공원,경기도,용인시,2879.0,37.29323481,127.1528585
꽃구름 어린이공원(제100호),어린이공원,경기도,용인시,3326.0,37.25145552,127.226013
제78호 반디어린이공원,어린이공원,경기도,용인시,1819.9,37.23552717,127.1953665
제79호 수여어린이공원,어린이공원,경기도,용인시,1653.6,37.23595682,127.198824
제81호 처인어린이공원,어린이공원,경기도,용인시,1556.0,37.23419894,127.2026555
제62호 어린이공원(금화5),어린이공원,경기도,용인시,3145.0,37.26696976,127.1101624
제64호 어린이공원(금화1),어린이공원,경기도,용인시,1515.0,37.26360991,127.1092521
제65호 어린이공원(농골),어린이공원,경기도,용인시,2645.0,37.26141073,127.1088685
제66호 어린이공원(동아리),어린이공원,경기도,용인시,1552.0,37.26510209,127.1059677
제63호 어린이공원(금화3),어린이공원,경기도,용인시,1546.0,37.26195094,127.1066298
제86호 어린이공원(한아름),어린이공원,경기도,용인시,1592.0,37.27365466,127.1367754
제96호 어린이공원(지석2),어린이공원,경기도,용인시,3055.0,37.26817703,127.1381999
제95호 어린이공원(지석1),어린이공원,경기도,용인시,1766.0,37.26938313,127.1372066
서천1어린이공원(소리내음),어린이공원,경기도,용인시,1507.0,37.23989746,127.0740516
서천2어린이공원(희망내음),어린이공원,경기도,용인시,4251.0,37.2387687,127.069965
서천3어린이공원(풀내음),어린이공원,경기도,용인시,2007.0,37.23703829,127.0690586
서천4어린이공원(물내음),어린이공원,경기도,용인시,2128.0,37.23730085,127.0773485
서천5어린이공원(꽃내음),어린이공원,경기도,용인시,1600.0,37.23930779,127.0751148
서그내내음어린이공원,어린이공원,경기도,용인시,2430.0,37.24502836,127.0745696
제35호 어린이공원(갈현),어린이공원,경기도,용인시,2599.0,37.28152646,127.107443
상미숲속 어린이공원(상미마을 113호),어린이공원,경기도,용인시,7785.0,37.27172155,127.0993307
제32호 어린이공원(도현),어린이공원,경기도,용인시,3093.0,37.28565407,127.1081922
제33호 어린이공원(새릉골),어린이공원,경기도,용인시,1436.0,37.286062,127.1121498
제43호 어린이공원(동오),어린이공원,경기도,용인시,1699.1,37.27929153,127.1074711
제45호 어린이공원(신갈중앙),어린이공원,경기도,용인시,1882.0,37.27622109,127.1086092
제41호 어린이공원(양지마을),어린이공원,경기도,용인시,1898.0,37.27665908,127.10176
제46호 어린이공원(신갈),어린이공원,경기도,용인시,1727.0,37.2742375,127.1077211
해늘 어린이공원(상미마을 112호),어린이공원,경기도,용인시,3370.0,37.27591391,127.0990906
제31호 어린이공원(달빛),어린이공원,경기도,용인시,1485.0,37.28911459,127.1172802
제30호 어린이공원(새천년),어린이공원,경기도,용인시,5535.9,37.2888855,127.1143105
제29호 어린이공원(녹원),어린이공원,경기도,용인시,1500.0,37.28908945,127.1106634
꿈날개 어린이공원,어린이공원,경기도,용인시,3880.0,37.29358107,127.1255448
하마비마을 어린이공원(제106호),어린이공원,경기도,용인시,2580.0,37.29440243,127.1251503
흥덕4어린이공원(황소별자리),어린이공원,경기도,용인시,2428.0,37.27105005,127.0802704
동백제4호 어린이공원(들샘),어린이공원,경기도,용인시,5523.0,37.28249059,127.1560349
동백제2호 어린이공원(누리),어린이공원,경기도,용인시,4280.3,37.28317192,127.1527632
움찬 어린이공원(마북 제2호),어린이공원,경기도,용인시,1505.0,37.30165397,127.119711
보라1어린이공원(색동저고리),어린이공원,경기도,용인시,2210.0,37.25289635,127.1126782
보라2어린이공원(민속놀이),어린이공원,경기도,용인시,2479.0,37.25004124,127.1098079
보라3어린이공원(구슬치기),어린이공원,경기도,용인시,2239.0,37.24941778,127.1072157
보정제1호 어린이공원(신촌),어린이공원,경기도,용인시,1528.0,37.32179999,127.1125141
보정제2호 어린이공원(꽃메),어린이공원,경기도,용인시,3324.0,37.32078513,127.1162285
보정제3호 어린이공원(독정),어린이공원,경기도,용인시,3363.0,37.31944163,127.1209739
보정제4호 어린이공원(죽현),어린이공원,경기도,용인시,2706.0,37.31895551,127.1119257
보정제5호 어린이공원(포솔),어린이공원,경기도,용인시,1672.0,37.31181472,127.1104082
보정제6호 어린이공원(은솔),어린이공원,경기도,용인시,2166.0,37.30831743,127.1078708
보정제7호 어린이공원(해솔),어린이공원,경기도,용인시,1771.0,37.30665039,127.1122681
제101호 어린이공원(상갈),어린이공원,경기도,용인시,1650.0,37.26763322,127.1058181
제49호 어린이공원(한성),어린이공원,경기도,용인시,3720.0,37.27790162,127.1142422
제44호 어린이공원(관아),어린이공원,경기도,용인시,2589.0,37.27797535,127.1106917
제47호 어린이공원(관곡),어린이공원,경기도,용인시,1696.0,37.27474613,127.1110766
제51호 어린이공원(하늘채),어린이공원,경기도,용인시,1615.0,37.27800797,127.1294644
제52호 어린이공원(갈곡),어린이공원,경기도,용인시,1501.0,37.2718928,127.1296066
제53호 어린이공원(강남),어린이공원,경기도,용인시,1500.0,37.26990964,127.1303828
제54호 어린이공원(은하수),어린이공원,경기도,용인시,1500.0,37.27023022,127.1340681
동백제5호 어린이공원(푸른내),어린이공원,경기도,용인시,2958.9,37.28279185,127.1633003
동백제1호 어린이공원(가람),어린이공원,경기도,용인시,1893.0,37.28469867,127.1525426
동백제3호 어린이공원(아라),어린이공원,경기도,용인시,1557.0,37.28040504,127.1530301
방죽골공원,어린이공원,경기도,용인시,3344.0,37.32528666,127.0897424
중앙공원,어린이공원,경기도,용인시,3016.0,37.32633581,127.0961596
토월공원,어린이공원,경기도,용인시,2880.6,37.32311784,127.0972933
풍덕천공원,어린이공원,경기도,용인시,1575.0,37.3239504,127.0993477
달빛공원,어린이공원,경기도,용인시,2278.0,37.32647645,127.0997944
보라지구 어린이 공원(그루터기),어린이공원,경기도,용인시,1697.0,37.25456977,127.1130308
공세제1호 어린이공원(탑실),어린이공원,경기도,용인시,5812.0,37.24540615,127.1207862
보라4어린이공원(자작너울),어린이공원,경기도,용인시,3886.0,37.243998,127.1098123
보라5어린이공원(하늘마루),어린이공원,경기도,용인시,3300.0,37.24239879,127.1071025
공세제3호 어린이공원(버들),어린이공원,경기도,용인시,4500.8,37.24027341,127.1106946
공세제2호 어린이공원(자봉),어린이공원,경기도,용인시,9148.0,37.24365623,127.1114359
도담도담어린이공원(기흥역세권),어린이공원,경기도,용인시,6459.0,37.27333429,127.1171579
제36호 어린이공원(내기),어린이공원,경기도,용인시,1901.9,37.28133463,127.1203325
제48호 어린이공원(캐슬),어린이공원,경기도,용인시,1546.8,37.27719669,127.1185095
제34호 어린이공원(가현),어린이공원,경기도,용인시,2496.6,37.28323909,127.112493
제50호 어린이공원(안마을),어린이공원,경기도,용인시,2195.9,37.27770845,127.1167415
죽전소공원,소공원,경기도,용인시,4628.0,37.32424438,127.1169534
죽전디지털밸리 제4호 소공원,소공원,경기도,용인시,3561.0,37.332264,127.1366747
죽전디지털밸리 제1호 소공원,소공원,경기도,용인시,1660.0,37.33127223,127.1321346
성복 소공원,소공원,경기도,용인시,1500.0,37.31858203,127.0672096
성서 소공원,소공원,경기도,용인시,1811.0,37.3155818,127.0637613
상현 소공원,소공원,경기도,용인시,1408.0,37.30908312,127.0855694
냇가 소공원,소공원,경기도,용인시,3247.0,37.3141813,127.0906249
새빛 소공원,소공원,경기도,용인시,835.0,37.3017811,127.0749818
제28호소공원(신갈주공),소공원,경기도,용인시,1580.0,37.28240602,127.1095945
소공원(신미주앞),소공원,경기도,용인시,916.0,37.27913779,127.1066371
소공원(서그내마을 삼거리),소공원,경기도,용인시,1847.0,37.2448381,127.0697696
서천소공원,소공원,경기도,용인시,3242.0,37.24556942,127.0715875
상하소공원,소공원,경기도,용인시,1540.0,37.26815522,127.1378112
소공원1(보정동),소공원,경기도,용인시,3700.0,37.31173215,127.0948133
보정동 소공원,소공원,경기도,용인시,883.0,37.30634909,127.1087622
(마북지구)제5호 소공원,소공원,경기도,용인시,1450.0,37.30122867,127.122573
(마북지구) 제4호 소공원,소공원,경기도,용인시,970.0,37.30314417,127.1238266
(마북지구) 제1호 소공원,소공원,경기도,용인시,3757.0,37.30551437,127.1273195
소공원2(태영데시앙앞),소공원,경기도,용인시,1806.0,37.29336979,127.1143483
소공원(우림앞),소공원,경기도,용인시,658.0,37.27659672,127.1108401
국은 소공원,소공원,경기도,용인시,8447.0,37.16825431,127.2100338
두루봉소공원,소공원,경기도,용인시,277.0,37.17450977,127.2045467
달집소공원,소공원,경기도,용인시,819.0,37.17713352,127.2054016
유곡 소공원,소공원,경기도,용인시,1216.7,37.25895338,127.1957154
마중뜰소공원,소공원,경기도,용인시,2120.1,37.2365455,127.1854329
소공원(용인역북신원아침도시아파트 옆),소공원,경기도,용인시,926.7,37.23993176,127.1974964
소공원(우남1차옆),소공원,경기도,용인시,1828.7,37.24255578,127.1944717
소공원(제83호 벌터공원 옆),소공원,경기도,용인시,887.0,37.23430875,127.1904651
역북소공원 30호,소공원,경기도,용인시,7123.0,37.2374639,127.1946314
제55호 성복근린공원,근린공원,경기도,용인시,10556.6,37.31681598,127.0634835
제63호(매봉) 근린공원(성서63),근린공원,경기도,용인시,11251.0,37.31532965,127.0634084
동천2(동막)근린공원,근린공원,경기도,용인시,19660.0,37.33169853,127.0912338
수진근린공원,근린공원,경기도,용인시,19064.0,37.33409662,127.0862523
절골근린공원,근린공원,경기도,용인시,9755.0,37.31014855,127.0746268
정암수목공원,근린공원,경기도,용인시,123194.2,37.29763597,127.0774432
서봉숲속공원,근린공원,경기도,용인시,80257.7,37.29803997,127.0824677
만현근린공원,근린공원,경기도,용인시,10116.0,37.31064549,127.0899222
상현근린공원,근린공원,경기도,용인시,11591.0,37.31186204,127.0871219
소실봉근린공원,근린공원,경기도,용인시,19941.5,37.30765137,127.092408
신봉근린공원,근린공원,경기도,용인시,58620.0,37.3184368,127.081607
토끼구름 근린공원(제76호),근린공원,경기도,용인시,8558.0,37.31515706,127.0702089
제80호 근린공원(신봉 힐링 공원),근린공원,경기도,용인시,22982.0,37.33136502,127.0677977
도마치(신봉)공원,근린공원,경기도,용인시,16909.0,37.32709966,127.0623948
수지생태공원,근린공원,경기도,용인시,97839.0,37.32414401,127.0858969
홍천말근린공원,근린공원,경기도,용인시,9407.0,37.32192043,127.0782464
무지개근린공원,근린공원,경기도,용인시,21855.0,37.33272621,127.1238583
역북소공원29호,소공원,경기도,용인시,3573.0,37.23745663,127.194019
소공원(굿모닝빌 옆),소공원,경기도,용인시,406.0,37.23871671,127.1926468
소공원(제63호 새터말공원 옆),소공원,경기도,용인시,399.5,37.23892805,127.1915507
백암소공원,소공원,경기도,용인시,1317.0,37.16344789,127.3692366
제일바이오 2호 소공원,소공원,경기도,용인시,1449.8,37.17821692,127.36941
제일바이오 1호 소공원,소공원,경기도,용인시,551.3,37.17864482,127.3691492
소공원(외대공원 옆),소공원,경기도,용인시,911.0,37.33709866,127.2521688
소공원(천일빌리지 앞),소공원,경기도,용인시,279.0,37.23440257,127.2114638
제36호 소공원(마평소공원),소공원,경기도,용인시,401.0,37.23626792,127.2126291
동막소공원,소공원,경기도,용인시,498.2,37.13713928,127.1292736
소공언(금호어울림아파트 옆),소공원,경기도,용인시,306.0,37.23681156,127.1978445
소공원(삼환아파트 앞),소공원,경기도,용인시,887.0,37.23280856,127.1970494
용인중앙공원 1차,근린공원,경기도,용인시,325543.0,37.23170555,127.2083756
별다올 근린공원(제54호),근린공원,경기도,용인시,13533.0,37.31394627,127.0749006
다올(1)근린공원,근린공원,경기도,용인시,43678.5,37.28611421,127.1577228
산오름(4)근린공원,근린공원,경기도,용인시,40383.0,37.27926372,127.1645326
내꽃(3)근린공원,근린공원,경기도,용인시,10397.0,37.28228497,127.1624172
가람(2)근린공원,근린공원,경기도,용인시,10037.0,37.28405956,127.1560393
새물(5-1)근린공원,근린공원,경기도,용인시,23177.0,37.28128998,127.1559389
석교(5-2)근린공원,근린공원,경기도,용인시,10456.0,37.27998756,127.1583442
구교동근린공원,근린공원,경기도,용인시,6407.0,37.30308842,127.117913
마북근린공원,근린공원,경기도,용인시,37648.0,37.29777752,127.1145296
건강마당근린공원,근린공원,경기도,용인시,45621.2,37.250922,127.113169
생태마당근린공원,근린공원,경기도,용인시,87722.0,37.24841567,127.1090237
소담근린공원,근린공원,경기도,용인시,31650.0,37.31829652,127.1235683
큰솔근린공원,근린공원,경기도,용인시,40792.0,37.31666958,127.1122078
은솔근린공원,근린공원,경기도,용인시,17643.0,37.30997236,127.1070788
해솔근린공원,근린공원,경기도,용인시,11065.0,37.30843116,127.1124712
통삼근린공원,근린공원,경기도,용인시,107190.0,37.26154349,127.1111467
용뫼근린공원,근린공원,경기도,용인시,11999.0,37.26397806,127.1083241
대지산근린공원,근린공원,경기도,용인시,80977.0,37.33043386,127.1186264
푸르내공원,근린공원,경기도,용인시,46339.0,37.32347685,127.112554
죽전중앙공원,근린공원,경기도,용인시,79092.0,37.32164475,127.1210527
비발디근린공원,근린공원,경기도,용인시,41949.0,37.32544816,127.1264739
정평근린공원,근린공원,경기도,용인시,33455.4,37.31717279,127.0839499
새마을근린공원,근린공원,경기도,용인시,15214.0,37.32877627,127.0949135
수지근린공원,근린공원,경기도,용인시,15741.0,37.32415318,127.0912003
서원근린공원,근린공원,경기도,용인시,19815.3,37.30113642,127.0794962
공세근린공원,근린공원,경기도,용인시,18696.0,37.24568857,127.11518
관곡근린공원,근린공원,경기도,용인시,11060.0,37.28174279,127.1132592
김혁근린공원,근린공원,경기도,용인시,21920.0,37.27591933,127.1278028
강남근린공원,근린공원,경기도,용인시,189796.0,37.27274411,127.1295592
농서근린공원,근린공원,경기도,용인시,112661.0,37.23229772,127.0730898
동백꽃담 근린공원(동백지구 지구단위),근린공원,경기도,용인시,18219.0,37.28371816,127.1487838
신릉근린공원,근린공원,경기도,용인시,36835.6,37.29013472,127.1134642
새천년근린공원,근린공원,경기도,용인시,23081.0,37.28733865,127.1193516
만골근린공원,근린공원,경기도,용인시,81927.0,37.28617851,127.1135998
숲자람터 근린공원(영덕1근린공원),근린공원,경기도,용인시,85621.4,37.26755638,127.0969496
샘골근린공원,근린공원,경기도,용인시,271068.0,37.27257814,127.0771559
덕골근린공원,근린공원,경기도,용인시,21480.0,37.27703074,127.0753082
자은근린공원,근린공원,경기도,용인시,199836.0,37.27441383,127.0860219
한길찬(9)근린공원,근린공원,경기도,용인시,14131.0,37.26105926,127.1601699
토리(8)근린공원,근린공원,경기도,용인시,11074.0,37.26511891,127.1559112
늘찬(7-3)근린공원,근린공원,경기도,용인시,14908.0,37.27196334,127.1500935
보담(7-3)근린공원,근린공원,경기도,용인시,9164.0,37.26915085,127.1527597
동진원2공원,근린공원,경기도,용인시,12185.4,37.28107184,127.1442402
동진원1공원,근린공원,경기도,용인시,34372.0,37.28617383,127.1452561
튼싹(7-1)근린공원,근린공원,경기도,용인시,9764.0,37.2776957,127.1522687
상갈근린공원,근린공원,경기도,용인시,146389.2,37.26914663,127.1104379
상하근린공원,근린공원,경기도,용인시,18537.0,37.25947775,127.1373763
서천근린공원,근린공원,경기도,용인시,27901.6,37.23715224,127.0703077
남산근린공원,근린공원,경기도,용인시,23110.0,37.23532362,127.0728929
서그네근린공원,근린공원,경기도,용인시,51385.0,37.23441987,127.0794192
갈천근린공원,근린공원,경기도,용인시,26037.0,37.28423587,127.1102244
제72호 근린공원(신갈공원),근린공원,경기도,용인시,31267.0,37.27745327,127.0967086
호수(7-2)근린공원,근린공원,경기도,용인시,55008.0,37.27670429,127.150849
한숲(6-3)근린공원,근린공원,경기도,용인시,127568.0,37.27389677,127.1571253
한들(5-3)근린공원,근린공원,경기도,용인시,118446.0,37.27784837,127.159087
해놀(6-2)근린공원,근린공원,경기도,용인시,41333.0,37.27414594,127.1580486
아람근린공원,근린공원,경기도,용인시,51940.0,37.29427188,127.1533356
풀벌레근린공원,근린공원,경기도,용인시,49283.0,37.29784722,127.1490009
꽃내음근린공원,근린공원,경기도,용인시,81950.0,37.29966594,127.1534983
도담근린공원,근린공원,경기도,용인시,30534.0,37.2941962,127.1454048
제31호 근린공원(양지공원),근린공원,경기도,용인시,67087.0,37.23578482,127.2873273
능말근린공원,근린공원,경기도,용인시,11603.8,37.23815449,127.198833
남사아곡 제3호 근린공원(한숲 물빛공원),근린공원,경기도,용인시,20322.2,37.15437919,127.1698962
남사아곡 제5호 근린공원(한숲하늘공원),근린공원,경기도,용인시,20637.1,37.15593879,127.1676607
남사아곡 제4호 근린공원(한숲물방울공원),근린공원,경기도,용인시,11086.6,37.14987257,127.171328
남사아곡 제1호 근린공원(한숲산내음 공원),근린공원,경기도,용인시,24568.8,37.15896686,127.1705878
남사아곡 제2호 근린공원(한숲 햇빛공원),근린공원,경기도,용인시,31775.2,37.1563139,127.1747863
역북지구 근린공원(역북1지구),근린공원,경기도,용인시,26492.0,37.24417614,127.1954468
역동근린공원(역북도시개발사업 근린공원 1호),근린공원,경기도,용인시,14405.4,37.23262946,127.1831391
번암근린공원,근린공원,경기도,용인시,59215.3,37.23913972,127.1949872
동산근린공원(역북도시개발사업 근린공원 2호),근린공원,경기도,용인시,30000.8,37.23196827,127.1852694
지식정보타운 소공원,소공원,경기도,과천시,249.0,37.415458,126.979258
별양2 소공원,소공원,경기도,과천시,740.0,37.4256341,126.9977462
청계마을 소공원,소공원,경기도,과천시,975.0,37.4246086,127.0092999
문원2단지 소공원,소공원,경기도,과천시,1931.0,37.4246458,127.0088319
남태령9 소공원,소공원,경기도,과천시,450.0,37.4492305,126.9964804
상삼포 어린이공원17,어린이공원,경기도,과천시,1834.0,37.4470572,127.0234001
뒷골 어린이공원21,어린이공원,경기도,과천시,2038.0,37.4537963,127.0005221
찬우물 어린이공원21,어린이공원,경기도,과천시,1570.0,37.4160553,126.9822618
한내 어린이공원16,어린이공원,경기도,과천시,2505.0,37.4468354,126.9974587
지식정보타운 어린이공원,어린이공원,경기도,과천시,2132.0,37.411333,126.984089
상삼포2 어린이공원,어린이공원,경기도,과천시,1592.0,37.4458695,127.0232682
별양 어린이공원,어린이공원,경기도,과천시,1783.0,37.4246938,126.996424
근린공원 5호,근린공원,경기도,과천시,7754.0,37.4066382,126.9805002
근린공원 4호,근린공원,경기도,과천시,31643.0,37.4128695,126.9895242
2단지 소공원,소공원,경기도,과천시,3802.0,37.4236094,126.9922976
광창1어린이공원,어린이공원,경기도,과천시,1529.0,37.4476561,127.0102624
남태령3소공원,소공원,경기도,과천시,670.0,37.4519988,126.9930527
1단지 소공원,소공원,경기도,과천시,1049.0,37.43220762,126.989539
7-2단지 소공원,소공원,경기도,과천시,1086.0,37.4330799,126.9978258
관문어린이문화공원,문화공원,경기도,과천시,3665.0,37.4413646,126.9963478
문원체육공원,체육공원,경기도,과천시,35676.0,37.4279215,127.0036606
관문체육공원,체육공원,경기도,과천시,176471.0,37.4413646,126.9963478
죽바위2역사공원,역사공원,경기도,과천시,4299.0,37.45300477,127.0287473
사기막골1 어린이공원,어린이공원,경기도,과천시,1540.0,37.41954475,126.999142
죽바위1 어린이공원,어린이공원,경기도,과천시,1590.0,37.45869339,127.033938
문원어린이공원,어린이공원,경기도,과천시,1737.0,37.4219709,127.0087757
뒷골1어린이공원,어린이공원,경기도,과천시,1501.0,37.458211,127.001033
용마골삼거리소공원,소공원,경기도,과천시,1276.0,37.4468679,126.993337
뒷골4소공원,소공원,경기도,과천시,377.0,37.4551193,127.0016153
남태령2소공원,소공원,경기도,과천시,370.0,37.45212629,126.9941408
청사앞소공원,근린공원,경기도,과천시,6321.0,37.42493813,126.9898527
중앙공원,근린공원,경기도,과천시,47627.0,37.4323292,126.9966058
에어드리공원,근린공원,경기도,과천시,24080.0,37.4187451,126.9897155
푸른,어린이공원,경기도,부천시,6528.9,37.49619693,126.7726105
편한,어린이공원,경기도,부천시,558.0,37.47895273,126.7665136
펄벅,근린공원,경기도,부천시,79299.0,37.47406905,126.7786682
태양,어린이공원,경기도,부천시,3246.6,37.48972966,126.7594041
최희섭,근린공원,경기도,부천시,177526.4,37.5039738,126.8035195
청포도,어린이공원,경기도,부천시,1508.0,37.50966154,126.8082809
청실,어린이공원,경기도,부천시,1505.7,37.49400295,126.7694372
찬들,근린공원,경기도,부천시,13291.0,37.53098876,126.7663133
진말,어린이공원,경기도,부천시,1603.6,37.49099867,126.7798906
진달래,근린공원,경기도,부천시,10767.2,37.51004985,126.7558496
지석,근린공원,경기도,부천시,12242.7,37.46610168,126.8156301
중흥,어린이공원,경기도,부천시,3601.7,37.50690932,126.7722814
중앙,근린공원,경기도,부천시,123019.2,37.5006043,126.7637161
종점,어린이공원,경기도,부천시,1509.2,37.51808708,126.8196658
정명,어린이공원,경기도,부천시,1520.1,37.47611493,126.774793
점말,어린이공원,경기도,부천시,4168.1,37.51105326,126.7995059
전원4단지,어린이공원,경기도,부천시,2455.7,37.50749562,126.8110247
전원3단지,어린이공원,경기도,부천시,1531.3,37.50767072,126.8124199
전원2단지,어린이공원,경기도,부천시,3660.9,37.51074933,126.8098951
전원1단지,어린이공원,경기도,부천시,1575.7,37.51136,126.8133078
전원,어린이공원,경기도,부천시,2639.5,37.49359134,126.7431171
장승백이,소공원,경기도,부천시,1208.0,37.46063786,126.8174657
장말,어린이공원,경기도,부천시,3468.7,37.4943548,126.7650916
작동,어린이공원,경기도,부천시,1675.7,37.51936599,126.8152776
은혜,어린이공원,경기도,부천시,2280.4,37.49258722,126.7755416
은행,어린이공원,경기도,부천시,3403.5,37.49618326,126.7908677
은하수,어린이공원,경기도,부천시,3306.2,37.47765816,126.7967783
은하,어린이공원,경기도,부천시,5704.0,37.50737104,126.7654099
은빛,어린이공원,경기도,부천시,2974.6,37.48407297,126.8022151
은데미,근린공원,경기도,부천시,129525.0,37.52052725,126.8116148
율곡,어린이공원,경기도,부천시,2128.2,37.48042485,126.7788935
윗소사,어린이공원,경기도,부천시,2800.2,37.47405996,126.7945736
원천,근린공원,경기도,부천시,13099.8,37.48990424,126.7456056
원종,어린이공원,경기도,부천시,3193.3,37.51822156,126.8080743
원미별빛,어린이공원,경기도,부천시,2638.6,37.49226693,126.7876698
원미,문화공원,경기도,부천시,230485.3,37.4979854,126.7990398
원골,어린이공원,경기도,부천시,3400.0,37.51079829,126.7721797
웃고얀,근린공원,경기도,부천시,27695.3,37.47591785,126.8099646
용못내,근린공원,경기도,부천시,19764.9,37.46798953,126.8261054
옥산,어린이공원,경기도,부천시,2023.8,37.50400066,126.7783727
오정대,근린공원,경기도,부천시,119392.0,37.52978294,126.7961418
연꽃,어린이공원,경기도,부천시,7958.1,37.49702766,126.7819354
역곡,문화공원,경기도,부천시,39063.2,37.48828598,126.8034296
여월체육,체육공원,경기도,부천시,10927.9,37.51433963,126.8045264
여월근린,근린공원,경기도,부천시,84431.3,37.51364095,126.8017452
억새,어린이공원,경기도,부천시,2543.5,37.51537136,126.7693176
어울마당,어린이공원,경기도,부천시,1514.0,37.52814621,126.8044156
어울림,근린공원,경기도,부천시,3460.2,37.49986753,126.7782659
양지,어린이공원,경기도,부천시,1848.9,37.47656281,126.8135362
양은리,어린이공원,경기도,부천시,2163.1,37.48047075,126.7738681
양안,어린이공원,경기도,부천시,3462.1,37.48436362,126.7676647
약수,어린이공원,경기도,부천시,1500.0,37.51706267,126.7663362
약대,근린공원,경기도,부천시,10398.8,37.51108609,126.7677408
앞들수변공원,수변공원,경기도,부천시,7024.0,37.45950281,126.8120605
안중근,근린공원,경기도,부천시,17591.8,37.5044416,126.7590373
안곡,어린이공원,경기도,부천시,2573.0,37.49068423,126.8161954
심곡천,문화공원,경기도,부천시,1158.8,37.49369103,126.7799284
수주,근린공원,경기도,부천시,22130.0,37.53004693,126.8125369
송내,근린공원,경기도,부천시,45186.1,37.47780823,126.7644203
솔안말,어린이공원,경기도,부천시,3303.4,37.48580572,126.7587106
솔안,근린공원,경기도,부천시,18801.0,37.48807829,126.7572853
소향,근린공원,경기도,부천시,17273.8,37.497595,126.7728867
소중,어린이공원,경기도,부천시,2325.1,37.46978744,126.7945122
소일,어린이공원,경기도,부천시,2002.4,37.46881271,126.8037243
소원,어린이공원,경기도,부천시,2311.7,37.48490447,126.7969642
소안,어린이공원,경기도,부천시,1980.2,37.47566377,126.8003564
소새울,근린공원,경기도,부천시,13341.8,37.47665529,126.7986998
소사대공원,근린공원,경기도,부천시,39071.0,37.46794208,126.7966443
소망,어린이공원,경기도,부천시,3300.4,37.49205017,126.7629374
소담 소공원,소공원,경기도,부천시,1189.7,37.48500939,126.7550131
세치,어린이공원,경기도,부천시,2283.6,37.47290785,126.80526
성주산아이숲터,어린이공원,경기도,부천시,2316.0,37.47889767,126.7842737
성주,어린이공원,경기도,부천시,1986.9,37.47817386,126.7699064
성무정공원,근린공원,경기도,부천시,137719.2,37.47837495,126.7856866
성곡,어린이공원,경기도,부천시,1650.5,37.51772214,126.8162976
설악,어린이공원,경기도,부천시,1520.2,37.50870038,126.7706825
석천,근린공원,경기도,부천시,23547.7,37.49573044,126.7598453
서촌말,어린이공원,경기도,부천시,1571.9,37.48700751,126.7437418
서촌,근린공원,경기도,부천시,16565.8,37.48824957,126.751048
샛별,어린이공원,경기도,부천시,4370.0,37.50716881,126.7760795
새터,어린이공원,경기도,부천시,1423.9,37.52656071,126.7838364
새싹,어린이공원,경기도,부천시,3369.9,37.49289837,126.7705263
상산,어린이공원,경기도,부천시,3216.0,37.51875938,126.7678798
상동호수,근린공원,경기도,부천시,180130.3,37.50612373,126.7441496
상동,어린이공원,경기도,부천시,3248.4,37.49041087,126.7610281
살말,어린이공원,경기도,부천시,4230.0,37.51178353,126.7674321
산우물,어린이공원,경기도,부천시,3013.9,37.48620645,126.7725923
산새체육,체육공원,경기도,부천시,54396.7,37.47390562,126.7894458
산들역사,문화공원,경기도,부천시,52761.5,37.46266239,126.8138408
산끝,어린이공원,경기도,부천시,5309.5,37.48241547,126.756526
산골,어린이공원,경기도,부천시,5965.0,37.4816639,126.7598262
사태말별빛,소공원,경기도,부천시,4921.8,37.46758816,126.8197004
사루개,어린이공원,경기도,부천시,2572.7,37.51079624,126.8068061
사래울,어린이공원,경기도,부천시,2640.6,37.48617581,126.8082479
비둘기,어린이공원,경기도,부천시,3260.9,37.48825963,126.7750246
봄비,어린이공원,경기도,부천시,1590.6,37.49213703,126.7828788
복사골,근린공원,경기도,부천시,25783.1,37.49314025,126.7759044
보배,어린이공원,경기도,부천시,3766.7,37.50183378,126.7810488
보람,어린이공원,경기도,부천시,4622.9,37.49755703,126.75958
벌말,어린이공원,경기도,부천시,1641.9,37.47302371,126.8022154
벌막,근린공원,경기도,부천시,12659.0,37.49539834,126.7802607
버들,근린공원,경기도,부천시,93233.7,37.46105888,126.8255451
백송마을,어린이공원,경기도,부천시,2578.7,37.4977531,126.7483605
백동단지,소공원,경기도,부천시,1070.0,37.47560403,126.7999202
반달,어린이공원,경기도,부천시,4555.1,37.49035314,126.7483671
바람모퉁이,어린이공원,경기도,부천시,1888.7,37.51204113,126.8076781
오로라,소공원,경기도,부천시,1148.0,37.4671225102,126.8091037966
미소,소공원,경기도,부천시,4368.4,37.46682033,126.8131485
미리내,어린이공원,경기도,부천시,6710.2,37.4995776,126.7722067
물모퉁이,소공원,경기도,부천시,885.0,37.46954724,126.8190659
무지개,어린이공원,경기도,부천시,4364.7,37.49759475,126.7642492
목일신,근린공원,경기도,부천시,18899.0,37.48138339,126.8182852
먼마루,어린이공원,경기도,부천시,3156.4,37.52659869,126.8076181
먹적골,어린이공원,경기도,부천시,3285.2,37.49087096,126.7732007
라일락,어린이공원,경기도,부천시,2395.6,37.51020081,126.7513637
뜰안,어린이공원,경기도,부천시,2596.1,37.47042339,126.8013098
뒷골취락,소공원,경기도,부천시,500.0,37.53452871,126.8187498
둥지,어린이공원,경기도,부천시,2644.3,37.51035555,126.8025253
두리,어린이공원,경기도,부천시,1859.3,37.48494846,126.7513285
동화,어린이공원,경기도,부천시,3203.8,37.52057124,126.7896871
동산,어린이공원,경기도,부천시,1529.0,37.53040096,126.7845231
도원,어린이공원,경기도,부천시,1502.7,37.47644535,126.7734359
도요새,어린이공원,경기도,부천시,2649.6,37.48855054,126.8148803
도당,근린공원,경기도,부천시,344606.9,37.51704947,126.7931946
도담,어린이공원,경기도,부천시,1463.0,37.48925488,126.769689
덕유,어린이공원,경기도,부천시,6921.1,37.50845545,126.7672912
덕산,어린이공원,경기도,부천시,6100.0,37.52892218,126.7921401
달빛,근린공원,경기도,부천시,3788.6,37.49634185,126.7792216
다정한,어린이공원,경기도,부천시,2500.1,37.51195992,126.7591652
다솜,어린이공원,경기도,부천시,1500.0,37.46734747,126.8001232
다산,어린이공원,경기도,부천시,1559.8,37.4858079,126.7657029
다복한,어린이공원,경기도,부천시,2770.0,37.50095098,126.7541505
누른말,근린공원,경기도,부천시,11885.9,37.53082695,126.781213
넘말,어린이공원,경기도,부천시,3124.0,37.49516118,126.7622004
내촌,어린이공원,경기도,부천시,5105.3,37.52251493,126.784963
내동,어린이공원,경기도,부천시,4864.5,37.52041091,126.7848622
낙타,어린이공원,경기도,부천시,2784.2,37.51482251,126.7671984
꿈자람,어린이공원,경기도,부천시,1720.7,37.5331252,126.7866327
꿈빛,소공원,경기도,부천시,1700.4,37.50848516,126.7752198
꿈마을,어린이공원,경기도,부천시,6837.5,37.49874118,126.7819755
꽃별,어린이공원,경기도,부천시,4897.6,37.46663698,126.8020315
꽃마을,어린이공원,경기도,부천시,2518.4,37.48670561,126.767188
꽃구지,어린이공원,경기도,부천시,1700.0,37.50980096,126.7746541
깊은샘,어린이공원,경기도,부천시,1504.1,37.50945881,126.8113446
길주,근린공원,경기도,부천시,15365.4,37.50811884,126.7726873
금강,어린이공원,경기도,부천시,5165.8,37.5066649,126.7630642
구지,근린공원,경기도,부천시,14490.8,37.49186556,126.7538802
괴안체육,체육공원,경기도,부천시,10143.2,37.47622631,126.8110247
고리울,어린이공원,경기도,부천시,3101.8,37.52669874,126.8208159
고라개,어린이공원,경기도,부천시,1883.4,37.52696573,126.7720155
고강취락,소공원,경기도,부천시,900.0,37.53177034,126.8227869
고강선사유적,근린공원,경기도,부천시,79965.0,37.52437653,126.81865
계남,근린공원,경기도,부천시,15143.6,37.50657956,126.7592023
가마골,어린이공원,경기도,부천시,6993.3,37.51590027,126.8004156
시민공원,근린공원,경기도,부천시,11738.0,37.48863335,126.7706577
압구지,어린이공원,경기도,부천시,628.2,37.52055686,126.776273
아카시아쉼터,어린이공원,경기도,부천시,604.7,37.52226008,126.7894539
안마을,어린이공원,경기도,부천시,847.5,37.5163915,126.7746023
고리울모퉁이,어린이공원,경기도,부천시,628.4,37.52245643,126.8122875
서촌섬,어린이공원,경기도,부천시,499.0,37.48569595,126.7469322
송내철길,어린이공원,경기도,부천시,1257.1,37.48505211,126.7736312
송내연못,어린이공원,경기도,부천시,830.0,37.48161758,126.7728995
으뜸,어린이공원,경기도,부천시,499.0,37.51448452,126.7748681
역곡쉼터,어린이공원,경기도,부천시,572.6,37.48473659,126.8063972
여우,어린이공원,경기도,부천시,501.8,37.47151701,126.7927479
유일한,어린이공원,경기도,부천시,1274.5,37.48228881,126.8018687
아롱별,어린이공원,경기도,부천시,416.2,37.48991315,126.7876817
범박양지,체육공원,경기도,부천시,8970.0,37.47315454,126.8155002
원미숲,소공원,경기도,부천시,1798.4,37.50046531,126.7905179
심일작은공원,소공원,경기도,부천시,1085.0,37.47779151,126.7740213
노을,소공원,경기도,부천시,2000.3,37.4949573,126.7788737
남산골,소공원,경기도,부천시,800.0,37.51013546,126.770524
바람개비,어린이공원,경기도,부천시,1741.0,37.473317,126.8119916
세모,소공원,경기도,부천시,1789.0,37.49101917,126.770658
범마루,근린공원,경기도,부천시,21196.0,37.46991964,126.8114711
장안,근린공원,경기도,부천시,9886.0,37.52245301,126.8195973
깊은구지,어린이공원,경기도,부천시,8021.0,37.47409334,126.7744102
돌내,어린이공원,경기도,부천시,4307.0,37.48223073,126.763356
한별,어린이공원,경기도,부천시,2892.5,37.4883506288,126.8200856646
강남,어린이공원,경기도,부천시,3103.8,37.50885143,126.7816837
은행나무,소공원,경기도,부천시,504.0,37.50732667,126.8048875
새텃말,소공원,경기도,부천시,1044.0,37.51856321,126.7986224
흥천,어린이공원,경기도,부천시,3166.6,37.48918807,126.7847181
활터,어린이공원,경기도,부천시,5022.3,37.47946223,126.7850631
화목한,어린이공원,경기도,부천시,1502.8,37.46956561,126.8129017
행운,어린이공원,경기도,부천시,3293.0,37.48771934,126.7616778
행복한,어린이공원,경기도,부천시,2489.7,37.50127997,126.7495194
행복,어린이공원,경기도,부천시,1883.9,37.49173384,126.7598388
햇살,어린이공원,경기도,부천시,3618.2,37.46807765,126.814545
함박,근린공원,경기도,부천시,104914.1,37.46365069,126.823002
한아름,어린이공원,경기도,부천시,5176.5,37.49626175,126.7511739
한마음,어린이공원,경기도,부천시,6181.4,37.49413234,126.7775203
한림,어린이공원,경기도,부천시,2645.1,37.48314014,126.8145669
하얀마을,어린이공원,경기도,부천시,2843.0,37.49766935,126.7552214
푸른솔,어린이공원,경기도,부천시,2212.1,37.5135949,126.7518591
초록어린이공원,어린이공원,경기도,의정부시,1971.4,37.748231,127.0964034
민락교통어린이공원,어린이공원,경기도,의정부시,3668.0,37.7433132,127.0967431
너나들이어린이공원,어린이공원,경기도,의정부시,1572.3,37.7439161,127.094504
한터어린이공원,어린이공원,경기도,의정부시,1525.6,37.7452201,127.0904094
활기체육공원,체육공원,경기도,의정부시,30333.3,37.74921166,127.1093239
송산1호수변공원,수변공원,경기도,의정부시,6487.5,37.7445007,127.0856606
광역행정타운 문화공원,문화공원,경기도,의정부시,3886.0,37.7546091,127.070548
금빛어린이공원,어린이공원,경기도,의정부시,4549.4,37.7129836,127.0331721
탑돌어린이공원,어린이공원,경기도,의정부시,1500.0,37.7326578,127.0864085
공고개어린이공원,어린이공원,경기도,의정부시,1537.0,37.73513068,127.07961
마골어린이공원,어린이공원,경기도,의정부시,1553.0,37.7392824,127.0838922
장암어린이공원,어린이공원,경기도,의정부시,1500.0,37.72537009,127.0572262
호동어린이공원,어린이공원,경기도,의정부시,1509.0,37.7289424,127.044967
공룡어린이공원,어린이공원,경기도,의정부시,1500.0,37.753618,127.0332996
새싹어린이공원,어린이공원,경기도,의정부시,2324.4,37.7387661,127.0159233
느티나무어린이공원,어린이공원,경기도,의정부시,1757.0,37.75735861,127.0351743
백합어린이공원,어린이공원,경기도,의정부시,2316.0,37.74802198,127.0415085
토끼어린이공원,어린이공원,경기도,의정부시,1786.2,37.74525104,127.0299766
동심어린이공원,어린이공원,경기도,의정부시,2317.0,37.75258177,127.0405235
오동어린이공원,어린이공원,경기도,의정부시,1788.0,37.7405795,127.0911125
승지문화공원,문화공원,경기도,의정부시,1500.0,37.73940195,127.0941041
점말문화공원,문화공원,경기도,의정부시,2508.0,37.7404471,127.0967046
평화어린이공원,어린이공원,경기도,의정부시,4132.0,37.74080296,127.0947716
민락문화공원,문화공원,경기도,의정부시,2451.0,37.74125282,127.0916256
청룡어린이공원,어린이공원,경기도,의정부시,2031.0,37.7285405,127.0570458
하늘빛어린이공원,어린이공원,경기도,의정부시,2262.0,37.7326045,127.0561978
바리소리어린이공원,어린이공원,경기도,의정부시,1897.0,37.7282576,127.0621395
능골문화공원,문화공원,경기도,의정부시,2066.0,37.7430489,127.0610315
꿈문화공원,문화공원,경기도,의정부시,3213.0,37.7447545,127.0576344
행복어린이공원,어린이공원,경기도,의정부시,2075.0,37.7430305,127.0585015
바랑골어린이공원,어린이공원,경기도,의정부시,1644.0,37.7402182,127.0591453
동오리어린이공원,어린이공원,경기도,의정부시,1893.0,37.741516,127.0549081
범골어린이공원,어린이공원,경기도,의정부시,1500.0,37.7319157,127.039523
한길문화공원,문화공원,경기도,의정부시,1501.0,37.7355459,127.0412962
소망어린이공원,어린이공원,경기도,의정부시,1500.0,37.7378512,127.0945748
문예문화공원,문화공원,경기도,의정부시,1500.0,37.7341501,127.0373068
홍익문화공원,문화공원,경기도,의정부시,1500.0,37.7216484,127.1014362
우정어린이공원,어린이공원,경기도,의정부시,1951.0,37.7462154,127.0278416
선행문화공원,문화공원,경기도,의정부시,1500.0,37.7380778,127.0911275
달님문화공원,문화공원,경기도,의정부시,1500.0,37.7365036,127.0406233
만남문화공원,문화공원,경기도,의정부시,1500.0,37.7355459,127.0412962
의서어린이공원,어린이공원,경기도,의정부시,1500.1,37.7355459,127.0412962
중랑천어린이공원,어린이공원,경기도,의정부시,3593.9,37.7018623,127.048094
장수원어린이공원,어린이공원,경기도,의정부시,1530.1,37.7129836,127.0331721
민락2수변공원,수변공원,경기도,의정부시,6072.0,37.746433,127.0898407
중앙문화공원,문화공원,경기도,의정부시,1650.0,37.7299234,127.0827268
안말2지구2소공원,소공원,경기도,의정부시,382.0,37.71086792,127.0441951
안말2지구1소공원,소공원,경기도,의정부시,1074.0,37.71398578,127.0428305
금오소공원,소공원,경기도,의정부시,1290.0,37.74853359,127.0597694
무궁화소공원,소공원,경기도,의정부시,1383.0,37.75763883,127.0380115
문화어린이공원,어린이공원,경기도,의정부시,3035.0,37.73545162,127.0359431
수락어린이공원,어린이공원,경기도,의정부시,1500.0,37.6893693,127.0521801
방아어린이공원,어린이공원,경기도,의정부시,1892.0,37.76018161,127.0369631
상금오어린이공원,어린이공원,경기도,의정부시,1504.0,37.75610809,127.0774808
효자어린이공원,어린이공원,경기도,의정부시,1493.0,37.7351108,127.0630256
샛별문화공원,문화공원,경기도,의정부시,2012.0,37.7514505,127.081332
상록어린이공원,어린이공원,경기도,의정부시,2598.0,37.7510436,127.0773381
열린문화공원,문화공원,경기도,의정부시,1501.0,37.7495437,127.0686771
새말소공원,소공원,경기도,의정부시,800.0,37.7474225,127.0685301
부용문화공원,문화공원,경기도,의정부시,3002.0,37.734875,127.0914371
사계어린이공원,어린이공원,경기도,의정부시,2573.0,37.73673283,127.0901573
중보뜰어린이공원,어린이공원,경기도,의정부시,2620.0,37.7437445,127.0887161
어룡문화공원,문화공원,경기도,의정부시,3016.0,37.7480354,127.0833333
무지개문화공원,문화공원,경기도,의정부시,1757.0,37.75930209,127.0334413
장미어린이공원,어린이공원,경기도,의정부시,1509.0,37.75793498,127.0316068
푸른마당근린공원,근린공원,경기도,의정부시,16957.3,37.74777177,127.1075216
민락문화근린공원,근린공원,경기도,의정부시,25509.4,37.7505773,127.1206704
푸른물빛근린공원,근린공원,경기도,의정부시,15773.0,37.75279931,127.1186476
초록누리근린공원,근린공원,경기도,의정부시,45730.7,37.75372543,127.1056221
송산사지근린공원,근린공원,경기도,의정부시,75925.7,37.74757496,127.109907
하늘능선근린공원,근린공원,경기도,의정부시,33457.9,37.74514581,127.1061274
곤제근린공원,근린공원,경기도,의정부시,30798.1,37.7467415,127.0849074
청사초롱근린공원,근린공원,경기도,의정부시,88957.0,37.7351108,127.0630256
열린맘근린공원,근린공원,경기도,의정부시,23470.9,37.7351108,127.0630256
상록근린공원,근린공원,경기도,의정부시,11194.0,37.75391277,127.0749162
천보문화공원,근린공원,경기도,의정부시,9533.5,37.75107491,127.0643941
용현근린공원,근린공원,경기도,의정부시,9488.9,37.7439283,127.0812741
하금오어린이공원,어린이공원,경기도,의정부시,1500.0,37.75440258,127.0598947
꽃동네어린이공원,어린이공원,경기도,의정부시,2168.0,37.7520362,127.0596368
희망어린이공원,어린이공원,경기도,의정부시,3700.0,37.74537481,127.0480262
옥수당근린공원,근린공원,경기도,의정부시,29804.5,37.688101,127.0534503
군마근린공원,근린공원,경기도,의정부시,13437.9,37.76255448,127.0421271
해오름근린공원,근린공원,경기도,의정부시,26970.5,37.76244377,127.0348045
다리목근린공원,근린공원,경기도,의정부시,10000.9,37.73975019,127.0892671
오목문화근린공원,근린공원,경기도,의정부시,20063.5,37.7386003,127.0944644
장암발곡근린공원,근린공원,경기도,의정부시,10368.2,37.7276918,127.0535716
백석천근린공원,근린공원,경기도,의정부시,12248.3,37.7355459,127.0412962
중랑천근린공원,근린공원,경기도,의정부시,14900.0,37.74448638,127.0536318
추동근린공원,근린공원,경기도,의정부시,729605.9,37.7419198,127.0704451
직동근린공원,근린공원,경기도,의정부시,759627.0,37.7632536,127.0888515
독바위어린이공원,어린이공원,경기도,의정부시,1616.27,37.72284496,127.1106279
숲향기어린이공원,어린이공원,경기도,의정부시,2443.7,37.72282741,127.1118872
물빛어린이공원,어린이공원,경기도,의정부시,3510.5,37.72249693,127.1110744
두루봉어린이공원,어린이공원,경기도,의정부시,9876.9,37.72163051,127.1096895
능안말어린이공원,어린이공원,경기도,의정부시,2254.1,37.72221527,127.1095691
동막어린이공원,어린이공원,경기도,의정부시,2085.2,37.7215474,127.1082272
광쟁이천수변공원,수변공원,경기도,의정부시,8649.1,37.72009089,127.1026979
호원행복주택소공원,소공원,경기도,의정부시,890.0,37.72785131,127.0477965007
캠프라과디아소공원2호,소공원,경기도,의정부시,1177.0,37.74500441,127.0430652
안골소공원,소공원,경기도,의정부시,333.8,37.74242901,127.0278148
어울림소공원,소공원,경기도,의정부시,8859.0,37.7232689,127.1059152
솔잎소공원,소공원,경기도,의정부시,700.0,37.73004533,127.0483739
햇빛소공원,소공원,경기도,의정부시,1344.2,37.73286235,127.049098
반올림소공원,소공원,경기도,의정부시,1278.9,37.7421416261,127.0325713
동암소공원,소공원,경기도,의정부시,396.6,37.7236942155,127.0562705
안산골소공원,소공원,경기도,의정부시,2174.7,37.7418484957,127.1172665
보한재소공원,소공원,경기도,의정부시,4165.1,37.73659766,127.1109513896
볕고개소공원,소공원,경기도,의정부시,501.1,37.7340516,127.0797827
솔뫼소공원,소공원,경기도,의정부시,759.7,37.73253078,127.0823428
탑석소공원,소공원,경기도,의정부시,3599.4,37.7355113724,127.0850862
독바위문화공원,문화공원,경기도,의정부시,9556.0,37.72408539,127.1090363
빛뜰문화공원,문화공원,경기도,의정부시,14818.0,37.72115605,127.1065191
세빛문화공원,문화공원,경기도,의정부시,6902.0,37.71651805,127.1044423
가금철교문화공원,문화공원,경기도,의정부시,2903.0,37.75318086,127.0446963
달맞이문화공원,문화공원,경기도,의정부시,1778.0,37.74952535,127.0698439
잔돌문화공원,문화공원,경기도,의정부시,13618.9,37.72815209,127.111835
별빛문화공원,문화공원,경기도,의정부시,2358.7,37.73053137,127.052792
회룡문화공원,문화공원,경기도,의정부시,1608.0,37.7238464865,127.044931972
산꽃근린공원,근린공원,경기도,의정부시,59398.1,37.73910606,127.0659803
발곡근린공원,근린공원,경기도,의정부시,44573.2,37.73233381,127.0618677
왕바우근린공원,근린공원,경기도,의정부시,15199.5,37.73848928,127.1136354257
배꽃근린공원,근린공원,경기도,의정부시,32816.2,37.7455592927,127.1197113715
역전근린공원,근린공원,경기도,의정부시,42541.0,37.73978221,127.0468652
귀락문화공원,문화공원,경기도,의정부시,8659.0,37.77046737,127.1194797
광역행정타운1호소공원,소공원,경기도,의정부시,2231.0,37.757511,127.0693707
광역행정타운1호소공원,소공원,경기도,의정부시,3187.0,37.75555902,127.0684079
송산지구1호소공원,소공원,경기도,의정부시,1759.4,37.74078106,127.0862705
솔향어린이공원,어린이공원,경기도,의정부시,1736.2,37.7459225,127.1080918
넘실어린이공원,어린이공원,경기도,의정부시,1912.1,37.751427,127.1146979
물향기어린이공원,어린이공원,경기도,의정부시,3004.0,37.75333397,127.1129611
오색어린이공원,어린이공원,경기도,의정부시,1658.6,37.75930374,127.1161873
잎새어린이공원,어린이공원,경기도,의정부시,1508.6,37.74702407,127.0976313
늘품어린이공원,어린이공원,경기도,의정부시,1774.2,37.7467442,127.0959479
서초종합체육공원,체육공원,서울특별시,서초구,20923.0,37.45895458,127.0423061
청  계,수변공원,서울특별시,서초구,98587.0,37.45164901,127.0529397
신원천,수변공원,서울특별시,서초구,11854.0,37.4835872,127.0326987
우  면,수변공원,서울특별시,서초구,21609.0,37.45613057,127.0109898
원베일리,소공원,서울특별시,서초구,3939.0,37.50750565,126.9996531
방배경남,소공원,서울특별시,서초구,1662.0,37.47734707,126.9996235
잠원흥동,소공원,서울특별시,서초구,2000.0,37.50774296,127.0004471
잠원성심,소공원,서울특별시,서초구,2000.0,37.51782658,127.0135614
벌  말,소공원,서울특별시,서초구,1033.0,37.44915846,127.0578674
산  새,소공원,서울특별시,서초구,1166.0,37.44596958,127.0576452
햇  살,소공원,서울특별시,서초구,1095.0,37.45477224,127.0648718
새  봄,소공원,서울특별시,서초구,1472.0,37.47923779,127.0023586
누  에,소공원,서울특별시,서초구,1720.0,37.50917125,127.00843
서릿개,소공원,서울특별시,서초구,3912.0,37.51320071,127.0057007
잠  원,소공원,서울특별시,서초구,1500.0,37.51579619,127.0118739
달  님,소공원,서울특별시,서초구,260.0,37.4835872,126.9864631
솔  말,소공원,서울특별시,서초구,2720.0,37.45972983,127.0259861
꽃마을2,소공원,서울특별시,서초구,381.0,37.49094168,127.0056374
꽃마을1,소공원,서울특별시,서초구,2441.0,37.490488,127.0071046
큰마을,소공원,서울특별시,서초구,1964.0,37.46694913,127.0212331
오솔길,소공원,서울특별시,서초구,2803.0,37.50335164,127.014708
느티나무,소공원,서울특별시,서초구,396.0,37.46397071,127.0545626
언  남,소공원,서울특별시,서초구,306.0,37.46387163,127.0547305
서초무지개,어린이공원,서울특별시,서초구,4395.0,37.4835872,127.0326987
으  뜸,어린이공원,서울특별시,서초구,1749.0,37.48893044,127.0284191
가  온,어린이공원,서울특별시,서초구,1554.0,37.45385057,127.0590231
아  람,어린이공원,서울특별시,서초구,1534.0,37.45141951,127.0650828
햇  님,어린이공원,서울특별시,서초구,2119.0,37.48297335,126.9851406
누리숲,어린이공원,서울특별시,서초구,2233.0,37.50201456,127.0210886
샛  말,어린이공원,서울특별시,서초구,1645.0,37.46193754,127.0245635
섶다리,어린이공원,서울특별시,서초구,1730.0,37.46369005,127.0275358
새  싹,어린이공원,서울특별시,서초구,840.0,37.49750742,127.0182664
효  령,어린이공원,서울특별시,서초구,1433.0,37.48365972,126.9883999
능  안,어린이공원,서울특별시,서초구,1156.0,37.4545086,127.0657519
효  자,어린이공원,서울특별시,서초구,2481.0,37.47351988,127.0244307
동  문,어린이공원,서울특별시,서초구,1515.0,37.47257227,127.0266908
바우뫼,어린이공원,서울특별시,서초구,2024.0,37.47065236,127.0234499
아  름,어린이공원,서울특별시,서초구,1100.0,37.50743057,127.0047589
늘푸른,어린이공원,서울특별시,서초구,1600.0,37.50830371,127.0055352
새  터,어린이공원,서울특별시,서초구,1100.0,37.5080907,127.0068092
용  말,어린이공원,서울특별시,서초구,1995.0,37.46283492,127.0346811
횃  불,어린이공원,서울특별시,서초구,1497.0,37.47830294,127.0375087
두둑재,어린이공원,서울특별시,서초구,1704.0,37.4679422,127.0440433
샛  별,어린이공원,서울특별시,서초구,1500.0,37.47031056,127.0446122
버  들,어린이공원,서울특별시,서초구,1487.0,37.47378665,127.0457123
개  뜰,어린이공원,서울특별시,서초구,1530.0,37.47399067,127.0411988
미  도,어린이공원,서울특별시,서초구,988.0,37.50179061,127.0107365
코  아,어린이공원,서울특별시,서초구,1717.0,37.5089194,127.0040224
교  대,어린이공원,서울특별시,서초구,993.0,37.49430244,127.0115431
구  룡,어린이공원,서울특별시,서초구,1651.0,37.47163961,127.0485047
비  석,어린이공원,서울특별시,서초구,1501.0,37.47876656,127.0410897
장  미,어린이공원,서울특별시,서초구,4083.0,37.50528152,126.9890691
반  원,어린이공원,서울특별시,서초구,6021.0,37.50917278,127.0036765
파랑새,어린이공원,서울특별시,서초구,4188.0,37.50511775,126.9948227
한  수,어린이공원,서울특별시,서초구,4400.0,37.50159119,126.9857678
초  롱,어린이공원,서울특별시,서초구,2575.0,37.50071099,126.9912369
푸  른,어린이공원,서울특별시,서초구,1851.0,37.50071099,126.9912369
만  남,어린이공원,서울특별시,서초구,2965.0,37.50159119,126.9857678
나  리,어린이공원,서울특별시,서초구,4155.0,37.50528152,126.9890691
계  리,어린이공원,서울특별시,서초구,1058.0,37.46966548,127.0405693
잔  디,어린이공원,서울특별시,서초구,1664.0,37.46624367,127.0354769
동  산,어린이공원,서울특별시,서초구,1890.0,37.47136085,127.0450508
양  재,어린이공원,서울특별시,서초구,990.0,37.48335965,127.0392923
남태령,어린이공원,서울특별시,서초구,1328.0,37.46642554,126.9883749
윗  샘,어린이공원,서울특별시,서초구,1084.0,37.45848859,127.0716789
아랫샘,어린이공원,서울특별시,서초구,1059.0,37.46071017,127.0720756
홍씨마을,어린이공원,서울특별시,서초구,1461.0,37.4531672,127.0656582
안  골,어린이공원,서울특별시,서초구,1192.0,37.45619493,127.063186
염  곡,어린이공원,서울특별시,서초구,1318.0,37.4631546,127.0543869
새쟁이,어린이공원,서울특별시,서초구,1586.0,37.4355855,127.068648
청계숲,어린이공원,서울특별시,서초구,1470.0,37.44744861,127.0580069
원  터,어린이공원,서울특별시,서초구,553.0,37.44358901,127.0552647
본마을,어린이공원,서울특별시,서초구,1234.0,37.45454188,127.0531677
세  원,어린이공원,서울특별시,서초구,1369.0,37.45594398,127.0499506
송  동,어린이공원,서울특별시,서초구,1042.0,37.46111166,127.0155507
식유촌,어린이공원,서울특별시,서초구,1009.0,37.45788781,127.013385
성형촌,어린이공원,서울특별시,서초구,2167.0,37.46632965,127.0199789
암  산,어린이공원,서울특별시,서초구,1506.0,37.47327477,127.0256786
종  열,어린이공원,서울특별시,서초구,848.0,37.47404511,127.0337157
서  래,어린이공원,서울특별시,서초구,997.0,37.49827251,127.0003099
청  룡,어린이공원,서울특별시,서초구,945.0,37.49587178,126.9997213
언구비,어린이공원,서울특별시,서초구,1032.0,37.50893407,127.0201712
주  흥,어린이공원,서울특별시,서초구,959.0,37.51213309,127.0166762
싸리재,어린이공원,서울특별시,서초구,992.0,37.51342232,127.0182498
고무래,어린이공원,서울특별시,서초구,5507.0,37.50354045,127.0154238
당  골,어린이공원,서울특별시,서초구,1616.0,37.48545764,127.022509
하명달,어린이공원,서울특별시,서초구,992.0,37.48583499,127.0054546
궁  현,어린이공원,서울특별시,서초구,986.0,37.48834283,127.0103823
상명달,어린이공원,서울특별시,서초구,992.0,37.48215525,127.0056396
분토골,어린이공원,서울특별시,서초구,999.0,37.48837886,127.017457
마산말,어린이공원,서울특별시,서초구,985.0,37.48719478,127.0267204
장  안,어린이공원,서울특별시,서초구,969.0,37.49169948,127.011444
신  중,어린이공원,서울특별시,서초구,975.0,37.48237076,127.010693
예  술,어린이공원,서울특별시,서초구,1006.0,37.48330429,127.0146705
사도감,어린이공원,서울특별시,서초구,947.0,37.4857832,127.0312471
동  덕,어린이공원,서울특별시,서초구,936.0,37.47556272,126.9937092
방  현,어린이공원,서울특별시,서초구,1782.0,37.47849967,126.9916733
안  산,어린이공원,서울특별시,서초구,1616.0,37.480099,126.9924823
정  문,어린이공원,서울특별시,서초구,993.0,37.48115675,126.9996186
너른골,어린이공원,서울특별시,서초구,1216.0,37.48755334,126.9947018
새  말,어린이공원,서울특별시,서초구,985.0,37.49331535,126.9886123
가  꿀,어린이공원,서울특별시,서초구,994.0,37.48797031,126.9875858
청  두,어린이공원,서울특별시,서초구,1658.0,37.48062644,126.9850072
뒷  벌,어린이공원,서울특별시,서초구,5795.0,37.49090764,126.9869296
도구머리,근린공원,서울특별시,서초구,69578.0,37.47955763,126.9881614
서리풀,근린공원,서울특별시,서초구,465938.0,37.48465445,127.0004196
세  빛,근린공원,서울특별시,서초구,3452.0,37.50490907,126.9921285
송  동,근린공원,서울특별시,서초구,27473.0,37.45879452,127.0203373
망  루,근린공원,서울특별시,서초구,56497.0,37.46410507,127.0203438
섬  들,근린공원,서울특별시,서초구,15590.0,37.46274966,127.0264455
태  봉,근린공원,서울특별시,서초구,26556.0,37.46382044,127.0227555
원  촌,근린공원,서울특별시,서초구,9942.0,37.50591734,127.0102449
신반포,근린공원,서울특별시,서초구,13607.0,37.50164463,126.998977
명  주,근린공원,서울특별시,서초구,4953.0,37.51717497,127.0151419
서래골,근린공원,서울특별시,서초구,4691.0,37.50162963,127.0030008
바우뫼,근린공원,서울특별시,서초구,16386.0,37.47456671,127.0344603
고인돌,근린공원,서울특별시,서초구,4579.0,37.4712537,127.0467744
신  동,근린공원,서울특별시,서초구,6648.0,37.51436201,127.0145571
잠  원,근린공원,서울특별시,서초구,2374.0,37.51292423,127.010142
사평리,근린공원,서울특별시,서초구,1914.0,37.51987691,127.0147323
명  달,근린공원,서울특별시,서초구,5466.0,37.49905292,127.0211215
용허리,근린공원,서울특별시,서초구,4642.0,37.49428074,127.0230154
양  재,근린공원,서울특별시,서초구,32523.0,37.47189342,127.0424301
마  방,근린공원,서울특별시,서초구,6547.0,37.47230907,127.0382419
양재천,근린공원,서울특별시,서초구,19258.0,37.47661941,127.0422083
방아다리2,근린공원,서울특별시,서초구,2934.0,37.47804736,127.0352143
방아다리1,근린공원,서울특별시,서초구,2871.0,37.47833589,127.0355876
반  포,근린공원,서울특별시,서초구,26092.0,37.49885315,126.9905157
송록,어린이공원,서울특별시,금천구,947.1,37.46134022,126.906169
효봉,어린이공원,서울특별시,금천구,503.0,37.46069907,126.910507
신흥,어린이공원,서울특별시,금천구,312.0,37.45990738,126.907849
장미,어린이공원,서울특별시,금천구,1207.0,37.46163335,126.912238
산장,어린이공원,서울특별시,금천구,678.0,37.46089265,126.9124998
단군,어린이공원,서울특별시,금천구,250.0,37.45569721,126.9086585
진달래,어린이공원,서울특별시,금천구,992.2,37.434878,126.904883
까치,어린이공원,서울특별시,금천구,925.3,37.439645,126.904994
비둘기,어린이공원,서울특별시,금천구,985.2,37.441597,126.906264
꾸러기,어린이공원,서울특별시,금천구,359.4,37.44316993,126.905877
중앙,어린이공원,서울특별시,금천구,1515.0,37.44641126,126.9016027
풍림,어린이공원,서울특별시,금천구,2195.0,37.44783408,126.9017969
독산,문화공원,서울특별시,금천구,1011.1,37.46391741,126.8926887
박미사랑,소공원,서울특별시,금천구,2162.6,37.43762998,126.904519
도하,소공원,서울특별시,금천구,3057.7,37.458753,126.8953896
금나래중앙,문화공원,서울특별시,금천구,16331.3,37.45807525,126.8949359
별장길,어린이공원,서울특별시,금천구,971.4,37.448147,126.908596
은행,어린이공원,서울특별시,금천구,865.0,37.45204371,126.9071079
느티나무,어린이공원,서울특별시,금천구,939.2,37.45613382,126.906735
부장천,어린이공원,서울특별시,금천구,944.0,37.45266794,126.9044062
해태,어린이공원,서울특별시,금천구,962.6,37.457773,126.901866
새재미,어린이공원,서울특별시,금천구,1185.2,37.45884579,126.904239
남서울,어린이공원,서울특별시,금천구,1155.7,37.448336,126.902123
소망,어린이공원,서울특별시,금천구,998.0,37.46936829,126.9016706
쌈지,어린이공원,서울특별시,금천구,982.8,37.47090493,126.9039831
한사랑,어린이공원,서울특별시,금천구,585.9,37.467716,126.904573
반수,어린이공원,서울특별시,금천구,990.6,37.4740151,126.902233
구룡,어린이공원,서울특별시,금천구,934.9,37.477891,126.9027669
남문,어린이공원,서울특별시,금천구,883.6,37.472321,126.900396
동산,어린이공원,서울특별시,금천구,1017.2,37.47292006,126.9059645
목화,어린이공원,서울특별시,금천구,985.8,37.477455,126.907262
꿈나무,어린이공원,서울특별시,금천구,567.0,37.46346975,126.9049179
정훈,어린이공원,서울특별시,금천구,1094.0,37.46567731,126.9063221
무궁화,어린이공원,서울특별시,금천구,1336.0,37.46442655,126.9044106
옥계,어린이공원,서울특별시,금천구,1058.6,37.460149,126.900302
무지개,어린이공원,서울특별시,금천구,972.1,37.46282267,126.9009392
푸른골,어린이공원,서울특별시,금천구,977.3,37.466546,126.9032037
다람쥐,어린이공원,서울특별시,금천구,1019.6,37.46824515,126.8908193
두산,어린이공원,서울특별시,금천구,974.9,37.47303262,126.8942618
철쭉,어린이공원,서울특별시,금천구,1501.6,37.45288913,126.8896337
파랑새,어린이공원,서울특별시,금천구,1500.0,37.454889,126.8888743
참새,어린이공원,서울특별시,금천구,1500.1,37.45695474,126.8871937
골말,어린이공원,서울특별시,금천구,1485.0,37.482876,126.884528
무아래,어린이공원,서울특별시,금천구,1162.6,37.473337,126.893278
조마,어린이공원,서울특별시,금천구,1003.0,37.47561479,126.8955477
금천폭포공원,근린공원,서울특별시,금천구,4835.2,37.44639673,126.9044447
독산근린공원,근린공원,서울특별시,금천구,18005.5,37.46327361,126.8849344
독산자연공원,근린공원,서울특별시,금천구,7650.0,37.47348901,126.9072777
삼성산시민휴식공원,근린공원,서울특별시,금천구,10118.0,37.454747,126.9100496
금천체육공원,근린공원,서울특별시,금천구,18083.0,37.468313,126.908522
산기슭공원,근린공원,서울특별시,금천구,8412.0,37.46364031,126.9076165
감로천생태공원,근린공원,서울특별시,금천구,15000.0,37.46964774,126.9078499
신양소공원(가칭),소공원,서울특별시,광진구,310.2,37.53699,127.068941
중곡역소공원(가칭),소공원,서울특별시,광진구,1276.7,37.56587772,127.0849114
뚝섬유원지역쉼터소공원,소공원,서울특별시,광진구,802.3,37.53189643,127.0673192
홍련산의소공원,소공원,서울특별시,광진구,1291.1,37.54613706,127.0886173
능동소공원,소공원,서울특별시,광진구,1062.0,37.55243686,127.082877
세모꼴소공원,소공원,서울특별시,광진구,862.0,37.53839854,127.0815488
약초원소공원,소공원,서울특별시,광진구,1337.0,37.53498194,127.0679085
구의가로휴식소공원,소공원,서울특별시,광진구,95.2,37.53641296,127.0933277
능동정자마당소공원,소공원,서울특별시,광진구,1518.0,37.55343589,127.0793355
화양동정자마당소공원,소공원,서울특별시,광진구,2382.0,37.54652182,127.0718116
노유산공원,어린이공원,서울특별시,광진구,993.1,37.5391102,127.0685096
동자공원,어린이공원,서울특별시,광진구,985.9,37.5318659,127.0742753
금모래공원,어린이공원,서울특별시,광진구,1022.5,37.53030963,127.0825402
언덕배기공원,어린이공원,서울특별시,광진구,800.4,37.53214981,127.0879487
장독골공원,어린이공원,서울특별시,광진구,997.4,37.5356422,127.0778292
자마장공원,어린이공원,서울특별시,광진구,998.8,37.53444854,127.0821916
정말공원,어린이공원,서울특별시,광진구,989.4,37.53316616,127.0781758
약초원공원,어린이공원,서울특별시,광진구,826.0,37.532914,127.0664003
평강공원,어린이공원,서울특별시,광진구,325.0,37.54811752,127.1005781
온달공원,어린이공원,서울특별시,광진구,1012.0,37.54598669,127.1040763
명성공원,어린이공원,서울특별시,광진구,548.4,37.541424,127.0867221
구의공원,어린이공원,서울특별시,광진구,10464.0,37.53650324,127.0947414
산마루공원,어린이공원,서울특별시,광진구,917.0,37.55507,127.095143
구둘공원,어린이공원,서울특별시,광진구,788.1,37.5481208,127.0921708
푸른동산공원,어린이공원,서울특별시,광진구,933.2,37.5429034,127.0911933
장미공원,어린이공원,서울특별시,광진구,986.5,37.5362728,127.0901418
무궁화공원,어린이공원,서울특별시,광진구,1041.7,37.5412468,127.0945509
목련공원,어린이공원,서울특별시,광진구,989.8,37.54064005,127.0906545
개나리공원,어린이공원,서울특별시,광진구,988.8,37.538013,127.0923645
긴고랑공원,어린이공원,서울특별시,광진구,633.0,37.55888021,127.0910186
한마음공원,어린이공원,서울특별시,광진구,897.8,37.5595627,127.083993
해오름공원,어린이공원,서울특별시,광진구,840.0,37.55678467,127.0921845
배나무터공원,어린이공원,서울특별시,광진구,971.9,37.56834108,127.0802695
중곡공원,어린이공원,서울특별시,광진구,995.7,37.5645362,127.079141
군자공원,어린이공원,서울특별시,광진구,642.0,37.55456506,127.0728509
남일공원,어린이공원,서울특별시,광진구,238.0,37.5559474,127.0736903
화양공원,어린이공원,서울특별시,광진구,996.4,37.54160778,127.0696005
햇님공원,어린이공원,서울특별시,광진구,1002.3,37.5426933,127.0670227
한아름공원,어린이공원,서울특별시,광진구,936.2,37.5443368,127.0704685
가중나무공원,어린이공원,서울특별시,광진구,971.6,37.54651869,127.0677034
자양공원,어린이공원,서울특별시,광진구,494.8,37.5335548,127.0698629
양마장공원,어린이공원,서울특별시,광진구,1113.0,37.5308707,127.0887271
성화공원,어린이공원,서울특별시,광진구,253.0,37.53620746,127.061859
옥산근린공원,근린공원,경기도,연천군,13200.0,38.09628893,127.0782339
전곡근린공원,근린공원,경기도,연천군,53700.0,38.02962375,127.0739306
현가근린공원,근린공원,경기도,연천군,11452.0,38.10909932,127.0789878
전곡어린이공원(전곡5호),어린이공원,경기도,연천군,1601.0,38.02171542,127.0754043
명정어린이공원,어린이공원,경기도,연천군,1500.0,38.03227566,127.0728127
조흥어린이공원(전곡6호),어린이공원,경기도,연천군,1523.0,38.01981881,127.0698103
휴먼시아 어린이공원,어린이공원,경기도,연천군,2230.0,38.01804816,127.0703264
연천어린이공원,어린이공원,경기도,연천군,4534.0,38.10060873,127.0772496
석미3차 아파트 소공원,소공원,경기도,연천군,860.0,38.018969,127.075143
코아루 아파트 소공원,소공원,경기도,연천군,1436.0,38.033266,127.054587
24호 소공원(로하스파크),소공원,경기도,연천군,22865.0,38.12852638,127.0456059
23호 소공원(로하스파크),소공원,경기도,연천군,19443.0,38.12852638,127.0456059
1호 소공원(고문리),소공원,경기도,연천군,3820.0,38.06237861,127.1289215
신서수변공원,수변공원,경기도,연천군,8090.0,38.18767638,127.1062843
은대근린공원,근린공원,경기도,연천군,92960.0,38.02808666,127.0649738
망곡근린공원,근린공원,경기도,연천군,346124.0,38.10312064,127.0674795
백학근린공원,근린공원,경기도,연천군,20342.0,38.01519005,126.922946
마장근린공원,근린공원,경기도,파주시,265450.0,37.77306529,126.9277758
가재울공원 1호,근린공원,경기도,파주시,14865.4,37.73068856,126.7420452
메아리공원,문화공원,경기도,파주시,18942.1,37.70830411,126.7374512
라온공원,문화공원,경기도,파주시,47515.5,37.7269979,126.757788
통일동산 갈대광장,문화공원,경기도,파주시,9527.1,37.78817463,126.6992404
통일동산묘지공원,묘지공원,경기도,파주시,779925.0,37.79427961,126.6973378
성혼선생의묘(선유지구),묘지공원,경기도,파주시,68837.6,37.85644972,126.8060077
천주교묘지공원,묘지공원,경기도,파주시,235999.0,37.78820479,126.8470582
운정호수공원 12호,근린공원,경기도,파주시,56919.8,37.72338983,126.7563252
근린공원 11호,근린공원,경기도,파주시,10216.8,37.73443064,126.7532826
산내공원 10호,근린공원,경기도,파주시,42838.4,37.72067308,126.7326852
한솔공원 9호,근린공원,경기도,파주시,61603.7,37.72524807,126.7372276
한울공원 8호,근린공원,경기도,파주시,32581.5,37.71338685,126.736915
한빛공원 7호,근린공원,경기도,파주시,50679.4,37.7130296,126.7483957
산내공원 6호,근린공원,경기도,파주시,44682.7,37.71994461,126.7394132
해솔공원 5호,근린공원,경기도,파주시,14038.0,37.72262876,126.7459062
해솔공원 4호,근린공원,경기도,파주시,21938.3,37.725689,126.7475371
가재울공원 3호,근린공원,경기도,파주시,48265.7,37.72674427,126.7412488
가람공원 2호,근린공원,경기도,파주시,21253.8,37.73046095,126.7579085
여울공원,문화공원,경기도,파주시,1637.3,37.72534415,126.7621495
세모뜰공원,문화공원,경기도,파주시,2358.7,37.72836199,126.7623742
짚풀공원,문화공원,경기도,파주시,18167.7,37.73158993,126.732801
오름공원,문화공원,경기도,파주시,13448.8,37.71423988,126.7558322
축현2산업단지 소공원1,소공원,경기도,파주시,1165.6,37.82045165,126.7334469
문발산업단지 소공원,소공원,경기도,파주시,7170.2,37.73073574,126.7141837
적성산업단지 소공원,소공원,경기도,파주시,3580.1,37.9692759,126.9098603
무건리 소공원 3,소공원,경기도,파주시,3580.1,37.84842823,126.8672839
무건리 소공원 2,소공원,경기도,파주시,132.5,37.84861269,126.8649749
무건리 소공원 1,소공원,경기도,파주시,146.0,37.84986929,126.8681668
축현산업단지 소공원,소공원,경기도,파주시,1086.8,37.80547173,126.7433712
문산산업단지 당동지구,소공원,경기도,파주시,8013.7,37.86980887,126.7818891
월롱산업단지 소공원,소공원,경기도,파주시,5317.3,37.82961941,126.7801165
통일동산(6) 근린공원,소공원,경기도,파주시,8629.0,37.78661071,126.6990285
통일동산(5) 근린공원,소공원,경기도,파주시,2623.0,37.78696435,126.6968243
통일동산(계절화원),소공원,경기도,파주시,7274.0,37.7810872,126.6879476
신촌산업단지 소공원 2호,소공원,경기도,파주시,4541.0,37.73062334,126.6947535
신촌산업단지 소공원 1호,소공원,경기도,파주시,2520.0,37.72837465,126.6947691
당동지구,문화공원,경기도,파주시,11525.7,37.86320058,126.7808004
설마공원,문화공원,경기도,파주시,45765.4,37.93593136,126.9464049
파주출판단지 문화공원1,문화공원,경기도,파주시,3757.0,37.70636484,126.6855339
율곡문화공원,문화공원,경기도,파주시,97140.0,37.8964844,126.8269677
운정3지구 문화공원4,문화공원,경기도,파주시,289678.1,37.71404932,126.7101052
운정지구 문화공원7,문화공원,경기도,파주시,270.4,37.71079547,126.7600107
소공원 17호,소공원,경기도,파주시,531.3,37.71966143,126.7383253
소공원 16호,소공원,경기도,파주시,557.3,37.72009129,126.7384102
소공원 15호,소공원,경기도,파주시,605.8,37.72254628,126.7397238
소공원 14호,소공원,경기도,파주시,1039.4,37.72380182,126.7375001
소공원 13호,소공원,경기도,파주시,287.3,37.73211327,126.7366862
소공원 12호,소공원,경기도,파주시,205.9,37.73243075,126.7368476
소공원 11호,소공원,경기도,파주시,594.6,37.72978979,126.7384537
소공원 10호,소공원,경기도,파주시,514.7,37.73032666,126.7404763
소공원 9호,소공원,경기도,파주시,220.9,37.73089312,126.7438032
소공원 8호,소공원,경기도,파주시,432.5,37.73126639,126.7452781
소공원 7호,소공원,경기도,파주시,724.6,37.73026947,126.7468264
소공원 6호,소공원,경기도,파주시,860.5,37.73131991,126.7471199
소공원 5호,소공원,경기도,파주시,525.7,37.73232536,126.7459273
소공원 4호,소공원,경기도,파주시,1122.3,37.73472572,126.7512613
소공원 2호,소공원,경기도,파주시,1094.9,37.73561401,126.7564418
금파지방산업단지 금파공원,소공원,경기도,파주시,1125.0,37.92474819,126.8429259
조리소공원,소공원,경기도,파주시,816.5,37.74753973,126.8062601
오산공원,소공원,경기도,파주시,816.0,37.7727872,126.8372058
연풍리공동주택 소공원,소공원,경기도,파주시,1658.7,37.828064,126.8458088
법원2일반산업단지 소공원2,소공원,경기도,파주시,919.0,37.83640563,126.8517642
법원2일반산업단지 소공원1,소공원,경기도,파주시,4530.2,37.84220866,126.859737
축현2산업단지 소공원2,소공원,경기도,파주시,2499.0,37.819834,126.7317711
소공원 21호,소공원,경기도,파주시,701.4,37.71281352,126.7360824
소공원 20호,소공원,경기도,파주시,690.2,37.7147642,126.7374542
소공원 19호,소공원,경기도,파주시,177.2,37.7151361,126.7380577
소공원 18호,소공원,경기도,파주시,361.3,37.7151175,126.7416658
향교어린이공원,어린이공원,경기도,파주시,1500.0,37.74881872,126.7752073
쇠재어린이공원,어린이공원,경기도,파주시,1500.0,37.75198895,126.7740564
서원어린이공원,어린이공원,경기도,파주시,1500.0,37.74947509,126.7711235
후곡어린이공원,어린이공원,경기도,파주시,1500.0,37.75197851,126.7690476
새꽃어린이공원,어린이공원,경기도,파주시,1500.0,37.75382255,126.7679869
금화어린이공원,어린이공원,경기도,파주시,3802.0,37.75551119,126.7680179
숲속길어린이공원,어린이공원,경기도,파주시,1500.2,37.72194182,126.7049978
청석어린이공원,어린이공원,경기도,파주시,9467.2,37.72785339,126.7156389
석곶어린이공원,어린이공원,경기도,파주시,1572.3,37.72289852,126.7200014
책향기어린이공원,어린이공원,경기도,파주시,1654.2,37.72134884,126.7203435
두일어린이공원,어린이공원,경기도,파주시,1530.4,37.71892935,126.70988
문발어린이공원,어린이공원,경기도,파주시,5204.5,37.72553114,126.7062021
노을빛어린이공원,어린이공원,경기도,파주시,1661.3,37.72814473,126.7085215
당동어린이공원,어린이공원,경기도,파주시,8527.6,37.86674157,126.7723364
선유산업단지4호 어린이공원,어린이공원,경기도,파주시,1764.5,37.86083873,126.8061698
당동산업단지 3호,어린이공원,경기도,파주시,4421.9,37.86604827,126.7836137
운정지구 수변공원6,수변공원,경기도,파주시,1599.6,37.73349897,126.7673844
운정지구 수변공원5,수변공원,경기도,파주시,2754.6,37.70997344,126.7603699
운정지구 수변공원3,수변공원,경기도,파주시,859.6,37.7152785,126.7611886
운정지구 수변공원2,수변공원,경기도,파주시,154279.2,37.72022302,126.7638089
안골공원,소공원,경기도,파주시,1583.2,37.71068706,126.7111044
소공원 30호,소공원,경기도,파주시,1104.5,37.70936971,126.7311209
소공원 29호,소공원,경기도,파주시,489.1,37.70822023,126.7345419
소공원 28호,소공원,경기도,파주시,803.5,37.70956289,126.7329659
소공원 27호,소공원,경기도,파주시,897.8,37.70969483,126.7336391
소공원 26호,소공원,경기도,파주시,882.4,37.71079017,126.732217
소공원 25호,소공원,경기도,파주시,1098.3,37.71032703,126.7364054
소공원 24호,소공원,경기도,파주시,336.7,37.7126314,126.7356549
소공원 23호,소공원,경기도,파주시,303.5,37.7095097,126.737433
소공원 22호,소공원,경기도,파주시,529.6,37.71029606,126.7380223
해솔어린이공원,어린이공원,경기도,파주시,2049.4,37.72633682,126.746305
금잔디어린이공원,어린이공원,경기도,파주시,6541.7,37.73263114,126.7558793
통일동산 어린이공원,어린이공원,경기도,파주시,1625.8,37.77615469,126.7043096
선유산업단지5호 어린이공원,어린이공원,경기도,파주시,4974.1,37.85335197,126.8086446
동광어린이공원,어린이공원,경기도,파주시,1509.0,37.83103146,126.8327089
선유5-1어린이공원,어린이공원,경기도,파주시,1969.1,37.86758262,126.8039846
선유제3호어린이공원,어린이공원,경기도,파주시,7301.0,37.86490558,126.7991824
양우공원,어린이공원,경기도,파주시,3175.0,37.86000659,126.7945986
선유어린이공원,어린이공원,경기도,파주시,2975.0,37.86398143,126.8009023
당동리어린이집,어린이공원,경기도,파주시,4763.2,37.8627359,126.7717539
당동산업단지1호,어린이공원,경기도,파주시,1517.4,37.8384294,126.7797727
덕은 어린이공원,어린이공원,경기도,파주시,2131.0,37.8120101,126.7739729
탄현지방산업단지 어린이공원,어린이공원,경기도,파주시,1504.0,37.79301584,126.6931507
소금쟁이공원,어린이공원,경기도,파주시,2574.4,37.76949746,126.7012271
여치공원,어린이공원,경기도,파주시,1589.9,37.7707815,126.7037493
약산공원,어린이공원,경기도,파주시,1769.2,37.77246607,126.7052696
풍뎅이공원,어린이공원,경기도,파주시,1586.2,37.77319991,126.701242
새말어린이공원,어린이공원,경기도,파주시,1500.0,37.76994609,126.771878
한마음공원,어린이공원,경기도,파주시,1500.0,37.75709478,126.7725004
새꽃공원,어린이공원,경기도,파주시,1500.0,37.75847792,126.7697372
신화공원,어린이공원,경기도,파주시,1500.0,37.76009502,126.7697972
금화공원,어린이공원,경기도,파주시,1503.0,37.75568462,126.7754988
금정공원,어린이공원,경기도,파주시,1502.0,37.75761235,126.7769838
명동공원,어린이공원,경기도,파주시,1503.0,37.75987233,126.7755592
동현공원,어린이공원,경기도,파주시,1500.0,37.75654477,126.7811596
문화공원,어린이공원,경기도,파주시,1500.0,37.75881384,126.7796133
천수공원,어린이공원,경기도,파주시,1500.0,37.76619347,126.7785955
미우공원,어린이공원,경기도,파주시,1500.0,37.76143649,126.7781388
금능어린이공원,어린이공원,경기도,파주시,1500.0,37.7518722,126.7798038
법원 체육공원,체육공원,경기도,파주시,23077.0,37.84820713,126.8837155
도래공원,역사공원,경기도,파주시,61221.3,37.73408092,126.7392879
미래내공원,역사공원,경기도,파주시,56866.4,37.73051234,126.7633962
새암공원,역사공원,경기도,파주시,84957.8,37.70973588,126.7472066
남두레공원,역사공원,경기도,파주시,38536.4,37.72866628,126.7466704
북두레공원,역사공원,경기도,파주시,48257.4,37.73106026,126.7487584
도라산평화공원,역사공원,경기도,파주시,99545.0,37.8984762,126.7142024
운정지구 역사공원6,역사공원,경기도,파주시,2582.2,37.73120203,126.7680534
조리어린이공원,어린이공원,경기도,파주시,1757.2,37.74661367,126.8093686
봉일천어린이공원,어린이공원,경기도,파주시,4586.9,37.74446105,126.8136993
법원어린이공원,어린이공원,경기도,파주시,1579.0,37.84891068,126.8668529
꿈누리어린이공원,어린이공원,경기도,파주시,3108.8,37.73694113,126.7289851
가람어린이공원,어린이공원,경기도,파주시,3465.4,37.73421524,126.76416
한울어린이공원,어린이공원,경기도,파주시,1808.3,37.70866857,126.7413721
운정건강공원 1,체육공원,경기도,파주시,142201.0,37.71548133,126.7419858
다율공원,근린공원,경기도,파주시,41633.3,37.72993878,126.7212278
노을빛공원,근린공원,경기도,파주시,30059.9,37.72942463,126.7152103
교하중앙공원,근린공원,경기도,파주시,78216.0,37.72393394,126.7170032
송골공원,근린공원,경기도,파주시,38621.6,37.722412,126.7095564
통일공원,근린공원,경기도,파주시,29711.0,37.8490944,126.7898894
월롱일반산업단지 근린공원,근린공원,경기도,파주시,22497.4,37.83853279,126.780977
선유산업단지2호 근린공원,근린공원,경기도,파주시,16328.2,37.85852185,126.8066117
선유산업단지1호 근린공원,근린공원,경기도,파주시,21818.0,37.86166586,126.8142849
북부근린공원,근린공원,경기도,파주시,54221.5,37.86822472,126.7876555
당동산업단지4호 근린공원,근린공원,경기도,파주시,10663.8,37.86147476,126.7747549
당동3근린공원,근린공원,경기도,파주시,11525.7,37.86320058,126.7808004
당동공원,근린공원,경기도,파주시,15991.3,37.86763382,126.7785382
통일동산(759),근린공원,경기도,파주시,9991.1,37.787089,126.7016279
통일동산 노을동산,근린공원,경기도,파주시,56189.7,37.79017653,126.7024019
통일동산 달맞이동산공원,근린공원,경기도,파주시,10121.3,37.78971246,126.6974761
통일동산 고산원공원,근린공원,경기도,파주시,10593.6,37.77764826,126.6908794
통일동산 락가든공원,근린공원,경기도,파주시,12986.5,37.77856459,126.691645
통일동산 근린공원,근린공원,경기도,파주시,42835.0,37.77615469,126.7043096
금신공원,근린공원,경기도,파주시,15439.0,37.77172927,126.7740602
금릉공원,근린공원,경기도,파주시,10034.7,37.7538401,126.7798134
쇠재공원,근린공원,경기도,파주시,45703.0,37.75055313,126.776491
후곡공원,근린공원,경기도,파주시,30997.1,37.75001951,126.7707148
파주출판단지 근린공원,근린공원,경기도,파주시,10620.0,37.71984639,126.6884094
물푸레공원,근린공원,경기도,파주시,13051.4,37.73404116,126.7202412
해돋이공원,근린공원,경기도,파주시,17326.9,37.72595253,126.7192743
양지말공원,근린공원,경기도,파주시,23230.6,37.71875364,126.721379
솔내음공원,근린공원,경기도,파주시,16097.9,37.7252196,126.714667
달맞이공원,근린공원,경기도,파주시,24264.3,37.72041348,126.7070656
문발공원,근린공원,경기도,파주시,14599.0,37.71953698,126.7045477
운정건강공원 2,체육공원,경기도,파주시,137958.3,37.72025231,126.7462959
궁말어린이공원,어린이공원,서울특별시,은평구,1190.0,37.608641,126.916513
응암행복어린이공원,어린이공원,서울특별시,은평구,3090.1,37.629366,126.927014
매바위어린이공원,어린이공원,서울특별시,은평구,4144.8,37.618784,126.930834
응암새싹어린이공원,어린이공원,서울특별시,은평구,1602.0,37.637976,126.913577
양천리누리터 어린이공원,어린이공원,서울특별시,은평구,5153.3,37.640075,126.932882
연신어린이공원,어린이공원,서울특별시,은평구,1236.0,37.600268,126.906472
다래어린이공원,어린이공원,서울특별시,은평구,584.9,37.59242,126.910584
백련아름어린이공원,어린이공원,서울특별시,은평구,2244.3,37.603459,126.932237
불광어린이공원,어린이공원,서울특별시,은평구,496.0,37.603157,126.929288
오래뜰어린이공원,어린이공원,서울특별시,은평구,1526.0,37.605483,126.930922
개나리어린이공원,근린공원,서울특별시,은평구,2896.0,37.590721,126.905813
신흥어린이공원,어린이공원,서울특별시,은평구,937.9,37.60631,126.9342
가람어린이공원,어린이공원,서울특별시,은평구,249.0,37.586711,126.911699
관동어린이공원,어린이공원,서울특별시,은평구,331.0,37.623992,126.916508
시내어린이공원,어린이공원,서울특별시,은평구,659.0,37.607188,126.907777
새장골어린이공원,어린이공원,서울특별시,은평구,992.0,37.611011,126.908075
서갈현어린이공원,어린이공원,서울특별시,은평구,1532.2,37.583268,126.916127
분토골어린이공원,어린이공원,서울특별시,은평구,996.0,37.621482,126.915707
호연어린이공원,어린이공원,서울특별시,은평구,528.0,37.604098,126.916651
새락골어린이공원,어린이공원,서울특별시,은평구,994.0,37.582994,126.906559
갈곡리어린이공원,어린이공원,서울특별시,은평구,1738.7,37.595946,126.911954
좌월어린이공원,어린이공원,서울특별시,은평구,1398.3,37.598914,126.911312
박석어린이공원,어린이공원,서울특별시,은평구,856.9,37.616846,126.908951
아미산자락소공원,소공원,서울특별시,은평구,3120.0,37.646145,126.927556
북한산풀입소공원,소공원,서울특별시,은평구,1919.0,37.648497,126.929826
불광3구역소공원,소공원,서울특별시,은평구,7274.1,37.648497,126.929826
백련산숲속소공원,소공원,서울특별시,은평구,880.8,37.609041,126.929362
요 산소공원,소공원,서울특별시,은평구,805.0,37.591827,126.918252
거북이소공원,소공원,서울특별시,은평구,250.0,37.614886,126.907774
역촌동소공원,소공원,서울특별시,은평구,318.0,37.611442,126.910162
마실길,근린공원,서울특별시,은평구,45170.5,37.626791,126.928717
신도,근린공원,서울특별시,은평구,12020.0,37.594288,126.919595
우물골,근린공원,서울특별시,은평구,7203.1,37.58887,126.919615
박석고개,근린공원,서울특별시,은평구,4551.6,37.611787,126.909981
덕수천,근린공원,서울특별시,은평구,5569.1,37.609251,126.90656
못자리골,근린공원,서울특별시,은평구,16176.1,37.586731,126.923094
상림,근린공원,서울특별시,은평구,4749.8,37.614762,126.907901
구 산,근린공원,서울특별시,은평구,12445.7,37.587111,126.919033
거 북 골,근린공원,서울특별시,은평구,43812.6,37.599915,126.925992
녹번동,근린공원,서울특별시,은평구,25854.7,37.624534,126.923743
녹번서,근린공원,서울특별시,은평구,29945.0,37.614034,126.920502
기 자 촌,근린공원,서울특별시,은평구,128953.7,37.621404,126.928596
물 푸 레,근린공원,서울특별시,은평구,147441.6,37.610307,126.931945
신 사,근린공원,서울특별시,은평구,71848.1,37.604686,126.915235
향  림,근린공원,서울특별시,은평구,202993.0,37.61897,126.920861
진 관,근린공원,서울특별시,은평구,585480.1,37.61634,126.931455
백 련,근린공원,서울특별시,은평구,205090.9,37.60836,126.919486
불 광,근린공원,서울특별시,은평구,118314.2,37.614968,126.910327
서오능,근린공원,서울특별시,은평구,58509.5,37.618709,126.927067
봉산,근린공원,서울특별시,은평구,173394.2,37.585195,126.891941
북한산,근린공원,서울특별시,은평구,60789.0,37.605799,126.940903
하랑어린이공원,어린이공원,서울특별시,은평구,4485.9,38.30011,126.555211
연천초교앞마을마당,기타,서울특별시,은평구,347.0,37.605192,126.923387
대조동청사옆마을마당,기타,서울특별시,은평구,130.3,37.644332,126.918009
불광3동마을숲마을마당,기타,서울특별시,은평구,807.0,37.587015,126.923141
응암1동마을마당,기타,서울특별시,은평구,635.3,37.630017,126.930244
역촌2동마을마당,기타,서울특별시,은평구,395.7,37.616903,126.928972
신사2동마을마당,기타,서울특별시,은평구,175.0,37.61227,126.939287
갈현동마을마당,기타,서울특별시,은평구,249.9,37.619234,126.936128
역촌동마을마당,기타,서울특별시,은평구,230.1,37.619234,126.936128
불광동마을마당,기타,서울특별시,은평구,324.0,37.618267,126.932812
자투리(신사)마을마당,기타,서울특별시,은평구,236.0,37.618267,126.932812
자투리(녹번)마을마당,기타,서울특별시,은평구,165.0,37.599552,126.915551
대조마을마당,기타,서울특별시,은평구,183.5,37.641342,126.942228
신사마을마당,기타,서울특별시,은평구,203.0,37.594385,126.908643
구산마을마당,기타,서울특별시,은평구,387.0,37.595561,126.904347
불광위령탑마을마당,기타,서울특별시,은평구,940.0,37.61362,126.929777
제각말문화공원 (은평뉴타운제2호 문화공원),문화공원,서울특별시,은평구,55721.8,37.626369,126.925398
금암문화공원 (은평뉴타운제1호문화공원),문화공원,서울특별시,은평구,6857.1,37.624806,126.92741
은평마루소공원,소공원,서울특별시,은평구,1059.1,38.30015,126.5556
해바람소공원,소공원,서울특별시,은평구,3230.3,38.29058,126.5515
수색9구역,소공원,서울특별시,은평구,956.0,38.29007,126.5402
수색4구역,소공원,서울특별시,은평구,3571.5,38.29013,126.5337
녹번산들바람소공원,소공원,서울특별시,은평구,5804.2,37.632016,126.93076
풋나무골소공원,소공원,서울특별시,은평구,782.6,37.635399,126.934794
한옥마을소공원,소공원,서울특별시,은평구,58.7,37.632016,126.93076
잿말소공원,소공원,서울특별시,은평구,245.1,37.634196,126.925428
폭포동소공원,소공원,서울특별시,은평구,1087.8,37.637075,126.916493
놀뫼소공원,소공원,서울특별시,은평구,1641.6,37.633198,126.919096
구산동청사앞소공원,기타,서울특별시,은평구,335.9,37.599395,126.932051
연신초교옆마을마당,기타,서울특별시,은평구,711.0,37.610501,126.918888
녹번동마을마당,기타,서울특별시,은평구,754.0,37.608536,126.907223
구현초교 앞마을마당,기타,서울특별시,은평구,541.0,37.616116,126.930421
응암3동마을마당,기타,서울특별시,은평구,518.0,37.605954,126.927616
도원극장옆마을마당,기타,서울특별시,은평구,48.8,37.605848,126.926897
구산동마을공원,기타,서울특별시,은평구,2811.0,37.601518,126.929762
물빛공원,기타,서울특별시,은평구,2051.0,37.619103,126.9208
평화공원,기타,서울특별시,은평구,5700.1,37.605834,126.923011
오손길마을마당,기타,서울특별시,은평구,139.0,37.591562,126.902567
신사2동 공공공지,기타,서울특별시,은평구,1848.0,37.593894,126.908112
팜스퀘어 소공원,기타,서울특별시,은평구,268.8,37.597018,126.906734
구산초교앞마을마당,기타,서울특별시,은평구,135.0,37.595602,126.919066
구산동마을공원확대,기타,서울특별시,은평구,157.0,37.61512,126.90778
대조어린이공원,어린이공원,서울특별시,은평구,4176.9,37.601073,126.918478
인조유기비어린이공원,어린이공원,서울특별시,은평구,1256.9,37.595367,126.917374
역말어린이공원,어린이공원,서울특별시,은평구,966.3,37.598043,126.919446
역마을어린이공원,어린이공원,서울특별시,은평구,949.1,37.601679,126.923517
연서어린이공원,어린이공원,서울특별시,은평구,956.0,37.605114,126.938126
시루메어린이공원,어린이공원,서울특별시,은평구,999.6,37.603973,126.923728
포수동어린이공원,어린이공원,서울특별시,은평구,987.8,37.625135,126.918535
참다래어린이공원,어린이공원,서울특별시,은평구,954.4,37.617265,126.913295
신록어린이공원,어린이공원,서울특별시,은평구,469.0,37.614689,126.915685
응암어린이공원,어린이공원,서울특별시,은평구,992.1,37.615323,126.919745
새록어린이공원,어린이공원,서울특별시,은평구,956.0,37.625092,126.926178
길마어린이공원,어린이공원,서울특별시,은평구,1596.7,37.606876,126.914238
인창체육공원,체육공원,경기도,구리시,10228.0,37.6047586909,127.129950655
사노동체육공원,체육공원,경기도,구리시,57479.0,37.6355742,127.1471388346
교문동 체육공원,체육공원,경기도,구리시,26998.0,37.5955755924,127.1362717819
별하공원,역사공원,경기도,구리시,31887.0,37.6241436523,127.114929022
도당공원,역사공원,경기도,구리시,26625.0,37.626192427,127.1185572277
섬말공원,역사공원,경기도,구리시,16046.0,37.6275370312,127.1163106549
건영공원,어린이공원,경기도,구리시,1500.0,37.612989895,127.1363682695
아름공원,어린이공원,경기도,구리시,1637.0,37.6114015848,127.1328296247
주공6단지공원,어린이공원,경기도,구리시,1956.0,37.6053731211,127.1451176361
안말공원,어린이공원,경기도,구리시,1500.0,37.6308086512,127.1154681066
아름마을어린이공원,어린이공원,경기도,구리시,5407.0,37.6104474766,127.1303643456
부양공원,어린이공원,경기도,구리시,13430.0,37.5907874559,127.1415169051
새마을공원,어린이공원,경기도,구리시,1500.0,37.59217729,127.1480914408
새말공원,어린이공원,경기도,구리시,1656.0,37.5926054011,127.1410975261
옥천공원,어린이공원,경기도,구리시,1653.0,37.5946932802,127.1395384683
서가산공원,어린이공원,경기도,구리시,1657.0,37.5949543808,127.1453936766
옥밭굴공원,어린이공원,경기도,구리시,1653.0,37.5956518727,127.1405760107
샛다리공원,어린이공원,경기도,구리시,4995.0,37.5916425948,127.1281272492
금호어울림공원,어린이공원,경기도,구리시,3907.0,37.5974760406,127.1279615104
호수공원,어린이공원,경기도,구리시,1483.0,37.5913267921,127.1322486368
가능골공원,어린이공원,경기도,구리시,1557.0,37.5957015386,127.1332806029
덕고개공원,어린이공원,경기도,구리시,1651.0,37.5989551405,127.133196664
포스코공원,어린이공원,경기도,구리시,2358.0,37.6033427087,127.1312033906
왕산내뜰어린이공원,어린이공원,경기도,구리시,1903.0,37.602222432,127.1464580838
공원(아치울2),어린이공원,경기도,구리시,1523.0,37.5746541691,127.1186373371
공원(백교2),어린이공원,경기도,구리시,1210.0,37.5816196396,127.1277120968
돌섬공원,어린이공원,경기도,구리시,1587.0,37.5797549696,127.1556647443
도담도담공원,어린이공원,경기도,구리시,1507.0,37.6379817039,127.1232629451
삼환공원,어린이공원,경기도,구리시,1530.0,37.6050542765,127.1439975479
금호공원,어린이공원,경기도,구리시,2321.0,37.5857037772,127.134051663
오성공원,어린이공원,경기도,구리시,2111.0,37.589221162,127.1471642544
개맥이공원,어린이공원,경기도,구리시,3128.0,37.5925907474,127.1515355158
민벌공원,어린이공원,경기도,구리시,1553.0,37.593143861,127.1560523176
주공4단지2공원,어린이공원,경기도,구리시,1506.0,37.6075383935,127.1443058974
주공4단지1공원,어린이공원,경기도,구리시,1585.0,37.6079621462,127.1431156159
삼보2공원,어린이공원,경기도,구리시,1730.0,37.6072973412,127.1405992884
주공2단지2공원,어린이공원,경기도,구리시,1845.0,37.6092210375,127.143775201
주공2단지1공원,어린이공원,경기도,구리시,1741.0,37.6099127348,127.1417067865
삼보1공원,어린이공원,경기도,구리시,1592.0,37.60789731,127.1410334441
주공1단지,어린이공원,경기도,구리시,2905.0,37.6089637359,127.1402400427
새싹공원,어린이공원,경기도,구리시,2392.0,37.5871281733,127.1468534606
삼호공원,어린이공원,경기도,구리시,1500.0,37.6028141713,127.1365197663
원일공원,어린이공원,경기도,구리시,1821.0,37.6118362588,127.138610304
수누피공원,어린이공원,경기도,구리시,2857.0,37.5940248115,127.1448195809
안골공원,어린이공원,경기도,구리시,1524.0,37.5982101004,127.1315868345
갈매천공원,수변공원,경기도,구리시,50338.0,37.6370720823,127.1181083092
소공원(인창3),소공원,경기도,구리시,1069.0,37.6026275203,127.1304593584
소공원(교문3),소공원,경기도,구리시,1335.0,37.5970676412,127.1304636668
소공원(돌섬),소공원,경기도,구리시,302.0,37.5799345207,127.1550741264
장자못공원,근린공원,경기도,구리시,237255.0,37.581063135,127.1360931613
늘푸른공원,근린공원,경기도,구리시,10000.0,37.6045068868,127.1448045326
동구하늘공원,근린공원,경기도,구리시,949.8,37.6076904324,127.1454011992
새우개공원,근린공원,경기도,구리시,21177.8,37.6233332496,127.1111026671
산마루공원,근린공원,경기도,구리시,33070.5,37.6282928514,127.1204931493
갈매중앙공원,근린공원,경기도,구리시,20722.5,37.6311047688,127.1185661212
협동공원,근린공원,경기도,구리시,71426.8,37.6372998519,127.1250856264
토평공원,근린공원,경기도,구리시,15747.9,37.5894158806,127.1500186977
검배공원,근린공원,경기도,구리시,39861.0,37.598520259,127.1481822299
장자호수공원,근린공원,경기도,구리시,45180.0,37.5860575663,127.1410732136
체육관근린공원,근린공원,경기도,구리시,26094.0,37.5948007943,127.1363888308
인창중앙공원,근린공원,경기도,구리시,78093.0,37.6059045897,127.136130857
현화,소공원,서울특별시,구로구,720.0,37.50432419,126.8600969
구로동(다울),소공원,서울특별시,구로구,243.39,37.49253575,126.888217
무궁화,소공원,서울특별시,구로구,1166.0,37.50495918,126.8650559
개봉동과장미,소공원,서울특별시,구로구,657.2,37.48810124,126.854735
갈매,소공원,서울특별시,구로구,3200.1,37.49669974,126.8228085
와룡,소공원,서울특별시,구로구,2500.1,37.4979921,126.8214922
이펜시아,어린이공원,서울특별시,구로구,1506.0,37.483092,126.8473137
버들,어린이공원,서울특별시,구로구,6167.0,37.48155019,126.8406417
오동나무,어린이공원,서울특별시,구로구,1815.0,37.485594,126.838383
솔길,어린이공원,서울특별시,구로구,1999.0,37.48918401,126.8804792
푸른수목원,근린공원,서울특별시,구로구,100809.0,37.48196844,126.8236695
개봉5주택,소공원,서울특별시,구로구,564.0,37.499788,126.846678
천왕동,소공원,서울특별시,구로구,994.9,37.482531,126.836426
연지마을,소공원,서울특별시,구로구,431.0,37.482231,126.843715
오류동(대체공원),소공원,서울특별시,구로구,895.0,37.4934436,126.842953
개명,소공원,서울특별시,구로구,5415.0,37.48292941,126.8481689
천왕역,소공원,서울특별시,구로구,1711.6,37.48530509,126.8400322
개봉,소공원,서울특별시,구로구,3023.0,37.49958755,126.849609
애경,어린이공원,서울특별시,구로구,2996.0,37.500156,126.8846598
구로리,어린이공원,서울특별시,구로구,7782.0,37.4904165,126.891578
신도림,어린이공원,서울특별시,구로구,2292.0,37.51070916,126.8883753
화원,어린이공원,서울특별시,구로구,4544.0,37.49791653,126.8804405
온수,어린이공원,서울특별시,구로구,475.0,37.494631,126.8177077
수른,어린이공원,서울특별시,구로구,332.0,37.49794413,126.829601
삭새,어린이공원,서울특별시,구로구,2077.0,37.496337,126.825012
삼각,어린이공원,서울특별시,구로구,2633.5,37.50135772,126.8920128
희망,어린이공원,서울특별시,구로구,669.0,37.48703809,126.886243
환경,어린이공원,서울특별시,구로구,528.0,37.48502191,126.888408
꿈마을,어린이공원,서울특별시,구로구,909.0,37.487173,126.8901545
도레미,어린이공원,서울특별시,구로구,326.3,37.508017,126.852322
골목,어린이공원,서울특별시,구로구,266.0,37.507017,126.853545
능골,어린이공원,서울특별시,구로구,357.0,37.506852,126.854254
오금,어린이공원,서울특별시,구로구,348.0,37.505038,126.866221
가린열,어린이공원,서울특별시,구로구,332.9,37.500611,126.8542042
절골,어린이공원,서울특별시,구로구,369.0,37.482821,126.851652
소막골,어린이공원,서울특별시,구로구,516.0,37.48853123,126.852386
개웅,어린이공원,서울특별시,구로구,1797.4,37.489928,126.852866
항동,체육공원,서울특별시,구로구,12813.0,37.47613508,126.8220008
고척,문화공원,서울특별시,구로구,3733.0,37.49813087,126.8585712
오류역,문화공원,서울특별시,구로구,7510.0,37.49463217,126.8455221
대성디큐브시티,문화공원,서울특별시,구로구,3322.0,37.50923794,126.8902377
항동,근린공원,서울특별시,구로구,10701.0,37.48925322,126.8273745
항동 4호,근린공원,서울특별시,구로구,14084.4,37.47418114,126.8176643
항동 3호,근린공원,서울특별시,구로구,12549.5,37.4751259,126.8154416
항동 2호,근린공원,서울특별시,구로구,14425.6,37.48192505,126.826833
덕의,근린공원,서울특별시,구로구,5565.0,37.50702571,126.8558381
신도림테크노,근린공원,서울특별시,구로구,10482.0,37.50811753,126.8908707
구로,근린공원,서울특별시,구로구,7901.0,37.49748278,126.8896027
봉화대,근린공원,서울특별시,구로구,60975.0,37.48469858,126.8424192
연지,근린공원,서울특별시,구로구,44478.0,37.47965771,126.8379653
천왕(구),근린공원,서울특별시,구로구,33677.0,37.4764232,126.8417584
천왕(시)(항골),근린공원,서울특별시,구로구,52032.4,37.47854975,126.8290997
천왕(시)(천왕골),근린공원,서울특별시,구로구,9908.0,37.48261513,126.8337054
개웅산,근린공원,서울특별시,구로구,411972.0,37.48690364,126.8471261
계남,근린공원,서울특별시,구로구,158814.0,37.509285,126.850122
고척,근린공원,서울특별시,구로구,108120.0,37.50658242,126.8532783
온수(텃골지구),근린공원,서울특별시,구로구,6026.0,37.498422,126.835249
온수(문학지구),근린공원,서울특별시,구로구,26767.0,37.498782,126.836865
온수(온수체육지구),근린공원,서울특별시,구로구,17413.2,37.49330391,126.8193736
온수(온수골지구),근린공원,서울특별시,구로구,7985.3,37.4940823,126.821833
온수(벽산지구),근린공원,서울특별시,구로구,26074.7,37.49459859,126.8244691
온수(궁동지구),근린공원,서울특별시,구로구,868.0,37.49780089,126.8375987
온수(반달지구),근린공원,서울특별시,구로구,1529.2,37.49947855,126.8418368
온수(잣절지구),근린공원,서울특별시,구로구,77320.6,37.50199617,126.8397231
미래사랑,어린이공원,서울특별시,구로구,5870.0,37.50984705,126.8890762
나들이,어린이공원,서울특별시,강서구,1500.0,37.571854,126.844243
더부리,어린이공원,서울특별시,강서구,1263.7,37.534902,126.846751
모태,어린이공원,서울특별시,강서구,1003.4,37.529543,126.849512
대무,어린이공원,서울특별시,강서구,946.0,37.538002,126.847506
안골,어린이공원,서울특별시,강서구,2381.8,37.535964,126.850746
곰돌이,어린이공원,서울특별시,강서구,1612.3,37.562311,126.857433
풀피리,어린이공원,서울특별시,강서구,1562.0,37.563578,126.8545999
무지개,어린이공원,서울특별시,강서구,1500.0,37.565086,126.851657
엄지,어린이공원,서울특별시,강서구,1511.6,37.56580995,126.854721
가양,어린이공원,서울특별시,강서구,1500.0,37.569758,126.844804
꽃동네,어린이공원,서울특별시,강서구,1510.0,37.570095,126.847132
아름,어린이공원,서울특별시,강서구,1956.0,37.568594,126.848864
비둘기,어린이공원,서울특별시,강서구,1622.8,37.559504,126.862944
진달래,어린이공원,서울특별시,강서구,1500.0,37.562375,126.860979
능말,어린이공원,서울특별시,강서구,1520.7,37.577955,126.810607
은하수,어린이공원,서울특별시,강서구,3825.8,37.570507,126.806548
새싹교통,어린이공원,서울특별시,강서구,4939.0,37.569485,126.809344
샛별,어린이공원,서울특별시,강서구,294.0,37.572732,126.809505
목련,어린이공원,서울특별시,강서구,251.0,37.564958,126.807825
신대부석,어린이공원,서울특별시,강서구,1132.0,37.583724,126.816494
내촌,어린이공원,서울특별시,강서구,1149.0,37.570073,126.808687
민들레,어린이공원,서울특별시,강서구,589.0,37.567221,126.806731
봉선화,어린이공원,서울특별시,강서구,552.0,37.566522,126.806987
들꽃,어린이공원,서울특별시,강서구,705.0,37.570615,126.821227
도레미,어린이공원,서울특별시,강서구,6649.0,37.571792,126.819136
새싹,어린이공원,서울특별시,강서구,334.0,37.574806,126.812748
문성,어린이공원,서울특별시,강서구,254.0,37.564839,126.815435
긴등,어린이공원,서울특별시,강서구,253.0,37.56801965,126.816194
개나리,어린이공원,서울특별시,강서구,252.0,37.573113,126.812217
쌈지,어린이공원,서울특별시,강서구,3973.0,37.571268,126.814976
송정,어린이공원,서울특별시,강서구,397.0,37.560635,126.811276
장미,어린이공원,서울특별시,강서구,1661.5,37.556809,126.8139434
다솔,어린이공원,서울특별시,강서구,2492.7,37.554428,126.818292
활주로,어린이공원,서울특별시,강서구,2116.4,37.554212,126.815978
꿈빛,어린이공원,서울특별시,강서구,1500.0,37.556117,126.840003
가곡,어린이공원,서울특별시,강서구,2747.9,37.555964,126.837765
원당,어린이공원,서울특별시,강서구,992.0,37.557413,126.842084
신광명,어린이공원,서울특별시,강서구,8596.6,37.547313,126.823007
은행나무,어린이공원,서울특별시,강서구,1764.4,37.552158,126.823201
수정,어린이공원,서울특별시,강서구,4000.3,37.554043,126.828743
광명,어린이공원,서울특별시,강서구,1739.0,37.546857,126.822944
발음,어린이공원,서울특별시,강서구,913.6,37.552042,126.833204
지정보호수마을마당,소공원,서울특별시,강서구,613.8,37.534046,126.85149
가로공원1호,기타,서울특별시,강서구,2618.5,37.559061,126.837242
한다리,문화공원,서울특별시,강서구,8298.0,37.56106,126.830369
선두암,문화공원,서울특별시,강서구,2581.3,37.56729616,126.8382088
똘고랑,문화공원,서울특별시,강서구,3089.9,37.57072504,126.8279071
놋다리,문화공원,서울특별시,강서구,2574.7,37.562055,126.8363266
새개,문화공원,서울특별시,강서구,3836.6,37.558287,126.8301253
탑산(가양동),문화공원,서울특별시,강서구,3783.8,37.566194,126.846336
염창2,소공원,서울특별시,강서구,272.5,37.551722,126.873857
염창,소공원,서울특별시,강서구,1229.2,37.549839,126.8706462
마곡,소공원,서울특별시,강서구,1085.2,37.56758598,126.8219651
푸른수명산,소공원,서울특별시,강서구,822.9,37.544175,126.830269
마곡지구4호,근린공원,서울특별시,강서구,35884.0,37.568317,126.826463
햇빛,어린이공원,서울특별시,강서구,2066.0,37.555822,126.826886
솔,어린이공원,서울특별시,강서구,2000.0,37.555856,126.825767
예솔,어린이공원,서울특별시,강서구,864.0,37.563629,126.822694
푸르미,어린이공원,서울특별시,강서구,1494.0,37.570478,126.825219
풀잎,어린이공원,서울특별시,강서구,1945.0,37.556989,126.816565
다솜,어린이공원,서울특별시,강서구,511.0,37.563003,126.818161
꿈자람,어린이공원,서울특별시,강서구,2014.0,37.564793,126.819154
긴등마을,어린이공원,서울특별시,강서구,1645.3,37.563075,126.818681
개화,어린이공원,서울특별시,강서구,1512.2,37.580248,126.812534
꿈나무,어린이공원,서울특별시,강서구,1500.2,37.575194,126.818941
돌샘,어린이공원,서울특별시,강서구,1500.3,37.576054,126.818966
느티,어린이공원,서울특별시,강서구,1512.9,37.579421,126.810313
메아리,어린이공원,서울특별시,강서구,1511.6,37.578615,126.814351
배다리,어린이공원,서울특별시,강서구,1630.1,37.532144,126.848303
까치산,어린이공원,서울특별시,강서구,1163.6,37.533488,126.841904
은행,어린이공원,서울특별시,강서구,1123.6,37.535821,126.840511
초롱,어린이공원,서울특별시,강서구,946.0,37.53810022,126.836229
월정,어린이공원,서울특별시,강서구,1181.5,37.535153,126.836008
솔뫼,어린이공원,서울특별시,강서구,1981.5,37.538112,126.838674
백연,어린이공원,서울특별시,강서구,1107.4,37.550667,126.851903
연지,어린이공원,서울특별시,강서구,629.1,37.554707,126.853537
새말,어린이공원,서울특별시,강서구,969.6,37.552035,126.846474
역말,어린이공원,서울특별시,강서구,982.1,37.549726,126.848944
화곡3주구2,어린이공원,서울특별시,강서구,3466.8,37.545177,126.840547
화곡3주구1,어린이공원,서울특별시,강서구,4504.2,37.54613953,126.836964
개나리,어린이공원,서울특별시,강서구,285.0,37.548372,126.844024
범바위,어린이공원,서울특별시,강서구,973.6,37.543234,126.841377
화곡2주구2,어린이공원,서울특별시,강서구,2438.2,37.548723,126.8387004
화곡2주구1,어린이공원,서울특별시,강서구,2438.3,37.550201,126.838658
종달새,어린이공원,서울특별시,강서구,991.4,37.535302,126.858021
능골,어린이공원,서울특별시,강서구,997.2,37.536752,126.855316
무지개,어린이공원,서울특별시,강서구,976.2,37.533937,126.861301
달빛,어린이공원,서울특별시,강서구,976.2,37.531248,126.862932
두레,어린이공원,서울특별시,강서구,986.1,37.531104,126.859414
천사,어린이공원,서울특별시,강서구,2395.2,37.54682985,126.833001
대원,어린이공원,서울특별시,강서구,276.9,37.544928,126.835911
수명산,어린이공원,서울특별시,강서구,984.9,37.540958,126.834336
미리내,어린이공원,서울특별시,강서구,967.5,37.547649,126.834751
바탕골,어린이공원,서울특별시,강서구,976.6,37.54470044,126.834711
하마터,어린이공원,서울특별시,강서구,1026.8,37.530115,126.853739
뜸부기,어린이공원,서울특별시,강서구,998.4,37.530115,126.856902
골말,어린이공원,서울특별시,강서구,977.9,37.533313,126.8560517
곰돌이,어린이공원,서울특별시,강서구,1006.9,37.529614,126.845017
호돌이,어린이공원,서울특별시,강서구,811.6,37.528191,126.846009
다운,어린이공원,서울특별시,강서구,1290.6,37.532101,126.844653
필마,어린이공원,서울특별시,강서구,1615.5,37.531491,126.8388196
버들,어린이공원,서울특별시,강서구,1087.2,37.531101,126.841222
효심,어린이공원,서울특별시,강서구,1056.5,37.529495,126.840632
한글,어린이공원,서울특별시,강서구,965.0,37.538536,126.850451
참새,어린이공원,서울특별시,강서구,256.0,37.539725,126.847003
박장,어린이공원,서울특별시,강서구,929.0,37.540768,126.849087
산새,어린이공원,서울특별시,강서구,539.0,37.546268,126.850385
소나무,어린이공원,서울특별시,강서구,942.0,37.547058,126.847807
꿈돌이,어린이공원,서울특별시,강서구,1507.0,37.546097,126.845352
큰별,어린이공원,서울특별시,강서구,1067.0,37.544454,126.848941
비둘기,어린이공원,서울특별시,강서구,1086.0,37.541392,126.846938
까치산,어린이공원,서울특별시,강서구,1805.0,37.53828021,126.844436
노을,어린이공원,서울특별시,강서구,1031.0,37.539837,126.843928
볏골,어린이공원,서울특별시,강서구,4219.0,37.541815,126.844354
구름,어린이공원,서울특별시,강서구,833.0,37.543303,126.844116
코끼리,어린이공원,서울특별시,강서구,1594.5,37.563238,126.848535
새벗,어린이공원,서울특별시,강서구,1565.8,37.560711,126.840304
푸르매,어린이공원,서울특별시,강서구,1538.3,37.559023,126.847504
채송화,어린이공원,서울특별시,강서구,1544.9,37.562841,126.846117
백합,어린이공원,서울특별시,강서구,1547.4,37.559219,126.844996
새나라,어린이공원,서울특별시,강서구,1563.4,37.561557,126.852004
한마음,어린이공원,서울특별시,강서구,1791.8,37.560521,126.843248
능안,어린이공원,서울특별시,강서구,853.9,37.546638,126.859908
도림,어린이공원,서울특별시,강서구,1033.8,37.555596,126.862861
등마루,어린이공원,서울특별시,강서구,970.9,37.556036,126.857412
백석,어린이공원,서울특별시,강서구,993.6,37.55261147,126.863328
등서,어린이공원,서울특별시,강서구,879.7,37.559235,126.854759
아리수,어린이공원,서울특별시,강서구,862.5,37.551693,126.875286
백합,어린이공원,서울특별시,강서구,939.3,37.551163,126.869438
이수,어린이공원,서울특별시,강서구,1805.1,37.548299,126.874234
마곡하늬,근린공원,서울특별시,강서구,24597.0,37.556699,126.812659
마곡나루,근린공원,서울특별시,강서구,17283.0,37.566183,126.813091
서울식물원,근린공원,서울특별시,강서구,503875.0,37.569824,126.83183
발산,근린공원,서울특별시,강서구,17825.5,37.55454108,126.825837
수명산,근린공원,서울특별시,강서구,83807.1,37.550967,126.829893
까치산,근린공원,서울특별시,강서구,27658.0,37.536938,126.843936
매화,근린공원,서울특별시,강서구,1980.4,37.557535,126.852151
옹기골,근린공원,서울특별시,강서구,9723.6,37.573562,126.821695
방화,근린공원,서울특별시,강서구,72132.0,37.580907,126.8141207
서낭당,근린공원,서울특별시,강서구,10248.8,37.558865,126.849984
등촌,근린공원,서울특별시,강서구,10051.6,37.563683,126.841391
원당,근린공원,서울특별시,강서구,10096.4,37.559782,126.842567
황금내,근린공원,서울특별시,강서구,22002.9,37.561783,126.864104
허준,근린공원,서울특별시,강서구,29843.8,37.567599,126.853729
공암나루,근린공원,서울특별시,강서구,25680.4,37.570635,126.849087
등마루,근린공원,서울특별시,강서구,27090.0,37.552521,126.855152
개화,근린공원,서울특별시,강서구,386500.0,37.588011,126.805798
봉제산,근린공원,서울특별시,강서구,917190.0,37.540731,126.858825
꿩고개,근린공원,서울특별시,강서구,180000.0,37.578139,126.816895
염창,근린공원,서울특별시,강서구,112070.0,37.557765,126.868792
궁산,근린공원,서울특별시,강서구,135002.7,37.574254,126.841332
우장,근린공원,서울특별시,강서구,359435.2,37.55065104,126.8456037
이문1구역 소공원(2),소공원,서울특별시,동대문구,1479.0,37.6027040364,127.0617079404
이문1구역 소공원(1),소공원,서울특별시,동대문구,6000.0,37.60059807,127.057949
이문1구역 어린이공원,어린이공원,서울특별시,동대문구,1749.0,37.6007284721,127.0573078058
답십리제17구역,소공원,서울특별시,동대문구,674.0,37.56678294,127.0595004
한별,어린이공원,서울특별시,동대문구,1857.2,37.571552,127.0281015
푸르미르,기타,서울특별시,동대문구,3303.9,37.57786417,127.0431956
간데메,근린공원,서울특별시,동대문구,15179.7,37.57278098,127.0490643
중산,소공원,서울특별시,동대문구,142.0,37.57234275,127.0583286
하늘구름,소공원,서울특별시,동대문구,1865.0,37.5789782,127.026565
미르,어린이공원,서울특별시,동대문구,4063.0,37.57114658,127.0285473
휘경마당,소공원,서울특별시,동대문구,654.0,37.59108223,127.0611301
휘경,어린이공원,서울특별시,동대문구,3426.3,37.59351092,127.0678028
새움,어린이공원,서울특별시,동대문구,2107.0,37.57076016,127.0486741
샛말,어린이공원,서울특별시,동대문구,2545.0,37.57749,127.0501308
솔바람,소공원,서울특별시,동대문구,1763.2,37.57991757,127.030411
진달래,어린이공원,서울특별시,동대문구,2345.0,37.58449851,127.0686626
내길,소공원,서울특별시,동대문구,514.9,37.59029026,127.0650995
선농단,역사공원,서울특별시,동대문구,3933.0,37.58118377,127.0318885
아름드리,어린이공원,서울특별시,동대문구,2626.5,37.57902483,127.0596823
작은언덕,소공원,서울특별시,동대문구,400.0,37.5893275,127.0540547
꿈동산,어린이공원,서울특별시,동대문구,1570.7,37.57329025,127.0458182
휘봉,어린이공원,서울특별시,동대문구,1398.0,37.58689393,127.069321
장령당,소공원,서울특별시,동대문구,1424.1,37.5697319,127.0534939
새샘,근린공원,서울특별시,동대문구,8910.1,37.5689696,127.0549292
텃골,근린공원,서울특별시,동대문구,5282.7,37.5775463,127.051609
용두,근린공원,서울특별시,동대문구,17182.0,37.57324573,127.0401114
방아다리,어린이공원,서울특별시,동대문구,1537.0,37.5851297,127.034885
용두희망,어린이공원,서울특별시,동대문구,1291.0,37.58018269,127.0267395
동산,어린이공원,서울특별시,동대문구,1359.2,37.5668782,127.0575108
아름,어린이공원,서울특별시,동대문구,1116.0,37.5868279,127.0693157
장일,어린이공원,서울특별시,동대문구,992.0,37.5698546,127.0651081
용머리,어린이공원,서울특별시,동대문구,738.5,37.57276909,127.0365661
이슬,어린이공원,서울특별시,동대문구,336.0,37.5678099,127.0635673
미리내,어린이공원,서울특별시,동대문구,833.0,37.5806911,127.0717358
배봉산,근린공원,서울특별시,동대문구,232813.7,37.58121225,127.0675943
답십리,근린공원,서울특별시,동대문구,160857.6,37.57332011,127.0638172
홍릉,근린공원,서울특별시,동대문구,102920.0,37.58958379,127.0435376
천장,어린이공원,서울특별시,동대문구,1656.0,37.59889444,127.0538436
샛별,어린이공원,서울특별시,동대문구,1652.9,37.5678428,127.0674928
장미,어린이공원,서울특별시,동대문구,1652.8,37.5716162,127.0691872
미나리,어린이공원,서울특별시,동대문구,1636.3,37.5638584,127.067902
장평,근린공원,서울특별시,동대문구,15698.4,37.56748813,127.0737398
장안,근린공원,서울특별시,동대문구,14744.8,37.57716529,127.0709026
쉼터,어린이공원,서울특별시,동대문구,1695.0,37.56484697,127.0593171
이삭,어린이공원,서울특별시,동대문구,354.2,37.57874969,127.0495026
한내,어린이공원,서울특별시,동대문구,1617.2,37.56789456,127.0711623
늘봄,어린이공원,서울특별시,동대문구,1659.2,37.5713224,127.0725893
늘푸른,어린이공원,서울특별시,동대문구,1653.1,37.57618959,127.0715754
마로니에,어린이공원,서울특별시,동대문구,1656.2,37.5749393,127.0737198
안골,어린이공원,서울특별시,동대문구,1652.3,37.56526436,127.0643819
느티나무,어린이공원,서울특별시,동대문구,1719.0,37.57898555,127.032565
우산각,어린이공원,서울특별시,동대문구,5294.2,37.57385655,127.0241852
청량,근린공원,서울특별시,동대문구,119871.0,37.59573175,127.0448296
장이,소공원,서울특별시,동대문구,1403.6,37.57441814,127.0705664
초안산<시공원>,근린공원,서울특별시,노원구,950643.0,37.64354845,127.0514587
영축산<시공원>,근린공원,서울특별시,노원구,260500.0,37.62834719,127.057541
불암산<시공원>,기타,서울특별시,노원구,5332422.0,37.65484418,127.0811812
수락산<시공원>,기타,서울특별시,노원구,6691885.3,37.691731,127.0660338
진건물놀이장,어린이공원,경기도,남양주시,1905.0,37.6551243,127.1800891
영락공원,묘지공원,경기도,남양주시,281785.0,37.6642595,127.2048522
호만5지구 어린이공원,어린이공원,경기도,남양주시,3357.0,37.65748855,127.2488667
창현제4호어린이공원,어린이공원,경기도,남양주시,2204.0,37.64900798,127.3013676
창현제5호어린이공원,어린이공원,경기도,남양주시,2038.0,37.64598147,127.2989328
창현제3호어린이공원,어린이공원,경기도,남양주시,2000.0,37.6474158,127.3045481
중앙공원,근린공원,경기도,남양주시,57710.0,37.6588764,127.2422816
평내1호근린공원,근린공원,경기도,남양주시,29356.0,37.6443214,127.2309081
진접물놀이장,어린이공원,경기도,남양주시,1509.0,37.7151558,127.1816603
금곡물놀이장,어린이공원,경기도,남양주시,1762.0,37.6256228,127.2021588
도곡1공원,근린공원,경기도,남양주시,11898.0,37.5765337,127.220081
퇴계3호공원,어린이공원,경기도,남양주시,1414.0,37.6513146,127.142909
도농 제3호공원,어린이공원,경기도,남양주시,1500.0,37.61101957,127.1562291
진접1호해밀공원,어린이공원,경기도,남양주시,5742.0,37.71199895,127.1895491
진접6호한빛공원,어린이공원,경기도,남양주시,4237.0,37.7221182,127.2017407
진접2호도담공원,어린이공원,경기도,남양주시,3702.0,37.7192162,127.1915425
진접3호늘찬공원,어린이공원,경기도,남양주시,2877.0,37.71490907,127.1962489
진접7호숲속공원,어린이공원,경기도,남양주시,2498.0,37.7239485,127.2104548
진접5호아쿠아키즈파크,어린이공원,경기도,남양주시,2157.0,37.719012,127.2016274
진접4호솔빛공원,어린이공원,경기도,남양주시,1538.0,37.7164475,127.2028681
장현4어린이공원,어린이공원,경기도,남양주시,1560.0,37.73077783,127.1924898
바람근린공원,근린공원,경기도,남양주시,54416.0,37.60380641,127.1540006
가운택지 어린이공원,어린이공원,경기도,남양주시,3299.0,37.59727068,127.1587666
묵현2리어린이공원(물놀이장),어린이공원,경기도,남양주시,1587.0,37.65770572,127.2739943
오남2지구 어린이공원,어린이공원,경기도,남양주시,4000.0,37.69504965,127.2069476
묵현2지구도시공사어린이공원,어린이공원,경기도,남양주시,1585.0,37.6628496,127.2967637
양지근린공원,근린공원,경기도,남양주시,11257.0,37.69879296,127.1945427
도곡2호공원,어린이공원,경기도,남양주시,1503.0,37.5762227,127.2245209
마석제2호어린이공원,어린이공원,경기도,남양주시,1687.0,37.6592161,127.3041157
마석제3호어린이공원(물놀이장),어린이공원,경기도,남양주시,1610.0,37.6557032,127.2995458
마석제1호어린이공원,어린이공원,경기도,남양주시,1530.0,37.6596308,127.3027924
평내2호공원,근린공원,경기도,남양주시,14447.0,37.64219204,127.2306887
호평4호공원,어린이공원,경기도,남양주시,2667.0,37.6552573,127.2461546
호평제2호어린이공원,어린이공원,경기도,남양주시,1968.0,37.6566311,127.2493145
호평제3호어린이공원,어린이공원,경기도,남양주시,1955.0,37.65547409,127.2416723
호평1호공원,어린이공원,경기도,남양주시,1730.0,37.6611005,127.2438936
평내4호공원,어린이공원,경기도,남양주시,2698.0,37.6417717,127.2353984
평내5호공원,어린이공원,경기도,남양주시,1510.0,37.6400366,127.2361973
평내3호공원,어린이공원,경기도,남양주시,1500.0,37.643211,127.234748
평내택지소공원,소공원,경기도,남양주시,1116.0,37.6464488,127.2393903
별내택지 근린공원4,근린공원,경기도,남양주시,65676.0,37.65657399,127.1215905
별내택지 근린공원7,근린공원,경기도,남양주시,54318.0,37.64392211,127.1283003
별내택지 근린공원3,근린공원,경기도,남양주시,31560.0,37.65493394,127.1270364
별내택지 근린공원2,근린공원,경기도,남양주시,29162.0,37.6595533,127.1278149
별내택지 근린공원1,근린공원,경기도,남양주시,28459.0,37.67007379,127.116929
별내택지어린이공원5,어린이공원,경기도,남양주시,6981.0,37.66061894,127.1268115
별내택지어린이공원1,어린이공원,경기도,남양주시,4299.0,37.66493242,127.1102843
별내택지어린이공원7,어린이공원,경기도,남양주시,4290.0,37.6460333,127.1154635
별내택지어린이공원4,어린이공원,경기도,남양주시,3040.0,37.6577684,127.1147836
별내택지어린이공원3,어린이공원,경기도,남양주시,2743.0,37.66321442,127.1179109
별내택지어린이공원6,어린이공원,경기도,남양주시,1989.0,37.6510798,127.1144787
별내택지어린이공원2,어린이공원,경기도,남양주시,1694.0,37.6660172,127.1153041
별내택지소공원2,소공원,경기도,남양주시,3196.0,37.65518368,127.128043
별내택지 소공원1,소공원,경기도,남양주시,2027.0,37.67491691,127.1336222
이안어린이공원,어린이공원,경기도,남양주시,1675.0,37.64221861,127.3039419
신도어린이공원,어린이공원,경기도,남양주시,1552.0,37.6604736,127.3055972
부평1지구근린공원,근린공원,경기도,남양주시,10026.0,37.7393691,127.2023225
부평1어린이공원,어린이공원,경기도,남양주시,1586.0,37.74150278,127.199637
다산센트레빌 APT 어린이공원,어린이공원,경기도,남양주시,1500.0,37.60735593,127.154575
임광그대가 어린이공원,어린이공원,경기도,남양주시,1811.0,37.6628369,127.2493213
퇴계원 2지구 어린이공원,어린이공원,경기도,남양주시,2354.0,37.65835592,127.1468125
오남1지구 오남아이파크어린이공원,어린이공원,경기도,남양주시,1524.0,37.6966072,127.2012855
덕소4호공원,어린이공원,경기도,남양주시,1750.0,37.5859681,127.2166206
양지어린이공원,어린이공원,경기도,남양주시,1507.0,37.6987771,127.1989011
힐스테이트황금산 APT 소공원,소공원,경기도,남양주시,2681.0,37.6074695,127.1663634
장현3어린이공원,어린이공원,경기도,남양주시,2021.0,37.7232914,127.1927287
장현3어린이공원,어린이공원,경기도,남양주시,1900.0,37.726114,127.1937654
별내택지 근린공원6,근린공원,경기도,남양주시,76348.0,37.6472205,127.1246392
황금산 문화공원,문화공원,경기도,남양주시,49812.0,37.60533594,127.1681642
중앙근린공원,근린공원,경기도,남양주시,55334.0,37.60388452,127.1575713
소공원,소공원,경기도,남양주시,1289.0,37.63716861,127.1564086
가운택지 문화공원,문화공원,경기도,남양주시,5580.0,37.60239551,127.1587777
진접1호하늘아리공원,근린공원,경기도,남양주시,11750.0,37.7123112,127.1845458
진접2호에버그린파크,근린공원,경기도,남양주시,150387.0,37.71568861,127.1929223
진접4호해참공원,근린공원,경기도,남양주시,108852.0,37.7189556,127.2050662
진접6호은빛공원,근린공원,경기도,남양주시,56179.0,37.7142154,127.1951621
진접5호청솔공원,근린공원,경기도,남양주시,49943.0,37.7114666,127.2016379
진접3호두리공원,근린공원,경기도,남양주시,11027.0,37.722121,127.1965461
호평제6호공원,어린이공원,경기도,남양주시,6388.0,37.6604797,127.2441656
소공원,소공원,경기도,남양주시,1481.0,37.75091044,127.2333075
소공원,소공원,경기도,남양주시,3481.0,37.7504642,127.232058
오남근린공원,근린공원,경기도,남양주시,13823.0,37.6979608,127.1978694
소공원,소공원,경기도,남양주시,1203.0,37.7059876,127.1844277
부영7단지 어린이공원,어린이공원,경기도,남양주시,2437.0,37.61011255,127.1549769
오남2소공원,소공원,경기도,남양주시,950.0,37.6950591,127.2024424
오남1소공원,소공원,경기도,남양주시,201.0,37.69634712,127.1981943
녹촌제1호근린공원,근린공원,경기도,남양주시,10495.0,37.65188659,127.2943501
녹촌제3호어린이공원,어린이공원,경기도,남양주시,3055.0,37.6511093,127.292118
녹촌제2호어린이공원,어린이공원,경기도,남양주시,1500.0,37.64986138,127.2978853
마석신도2차2호소공원,소공원,경기도,남양주시,335.0,37.6620664,127.3000791
마석신도2차1호소공원,소공원,경기도,남양주시,295.0,37.6629166,127.2986365
별내택지 체육공원4,체육공원,경기도,남양주시,21946.0,37.66009632,127.1234243
별내택지 체육공원3,체육공원,경기도,남양주시,12367.0,37.65972854,127.1213588
별내택지체육공원1,체육공원,경기도,남양주시,7759.0,37.664986,127.118584
별내택지 체육공원,체육공원,경기도,남양주시,47845.0,37.66427015,127.1201524
별내택지 근린공원5,근린공원,경기도,남양주시,144582.0,37.6540409,127.1157796
오남체육 근린공원,근린공원,경기도,남양주시,13146.0,37.6939541,127.1973734
사용종료매립장근린공원,근린공원,경기도,남양주시,11074.0,37.63484215,127.3105237
별내택지소공원3,소공원,경기도,남양주시,4564.0,37.6467404,127.1109594
체육공원 1호,체육공원,경기도,남양주시,38371.0,37.61670715,127.1487383
수변공원 2호,수변공원,경기도,남양주시,84994.0,37.6232428,127.1442049
수변공원 1호,수변공원,경기도,남양주시,15950.0,37.62935399,127.1468621
다산지금 근린공원 4호,근린공원,경기도,남양주시,21723.0,37.59592761,127.1681365
다산지금 근린공원 3호,근린공원,경기도,남양주시,77478.0,37.59769657,127.1756825
다산지금 근린공원 2호,근린공원,경기도,남양주시,76794.0,37.60332648,127.1734784
다산지금 근린공원 1호,근린공원,경기도,남양주시,15659.0,37.62205671,127.1635975
다산진건 근린공원 2호,근린공원,경기도,남양주시,118844.0,37.60360777,127.172401
다산진건 근린공원 6호,근린공원,경기도,남양주시,12033.0,37.6222488,127.149464
다산진건 근린공원 3호,근린공원,경기도,남양주시,28506.0,37.62468258,127.154401
다산진건 근린공원 1호,근린공원,경기도,남양주시,13210.0,37.62955509,127.1493838
다산진건 어린이공원 4호,어린이공원,경기도,남양주시,2409.0,37.62663218,127.1600322
도제원지구 수변공원,수변공원,경기도,남양주시,12618.0,37.64445412,127.1470021
퇴계원 물놀이장 어린이공원,어린이공원,경기도,남양주시,2208.0,37.65899185,127.1450118
청학2호공원,어린이공원,경기도,남양주시,1503.0,37.7095123,127.1157888
청학4호공원,어린이공원,경기도,남양주시,2750.0,37.7081852,127.1202594
도농 제1호공원,어린이공원,경기도,남양주시,1500.0,37.61102092,127.1562274
청학5호공원,어린이공원,경기도,남양주시,1545.0,37.7112326,127.1145394
창현제1호어린이공원,어린이공원,경기도,남양주시,3174.0,37.6513568,127.3024202
창현제6호어린이공원,어린이공원,경기도,남양주시,2001.0,37.64433776,127.3006787
창현제2호어린이공원,어린이공원,경기도,남양주시,1503.0,37.6495911,127.303723
덕소5호공원,어린이공원,경기도,남양주시,2050.0,37.58496715,127.2129819
청학1호공원,어린이공원,경기도,남양주시,1501.0,37.70974568,127.1130988
소공원/3,소공원,경기도,남양주시,1123.0,37.60619025,127.1510797
문화공원/367,문화공원,경기도,남양주시,7721.0,37.65351626,127.3376956
근린공원/366,근린공원,경기도,남양주시,17631.0,37.653182,127.3416641
금곡산업단지소공원2,소공원,경기도,남양주시,1351.0,37.7092353,127.2133635
금곡산업단지소공원1,소공원,경기도,남양주시,545.0,37.7104379,127.2143691
동양파라곤근린공원,근린공원,경기도,남양주시,14025.0,37.6685608,127.2502428
일패근린공원,근린공원,경기도,남양주시,54947.0,37.62471533,127.1695773
소공원050,소공원,경기도,남양주시,495.0,37.6679485,127.3016151
체육공원,체육공원,경기도,남양주시,12000.0,37.66392027,127.1932982
체육공원,체육공원,경기도,남양주시,9942.0,37.5893857,127.2256748
에코랜드 체육공원,체육공원,경기도,남양주시,65715.0,37.702665,127.128951
체육공원,체육공원,경기도,남양주시,4189.0,37.6976067,127.128038
모란공원,묘지공원,경기도,남양주시,740245.0,37.64612379,127.322341
광암저수지,수변공원,경기도,남양주시,11061.0,37.63723456,127.303008
구석기역사공원,역사공원,경기도,남양주시,7697.0,37.6581514,127.2545505
사능역사공원,역사공원,경기도,남양주시,156629.0,37.64653875,127.1970835
체육공원,체육공원,경기도,남양주시,10010.0,37.6467584,127.2430898
소공원/1,소공원,경기도,남양주시,3240.0,37.70974559,127.1130858
홍유릉역사공원,역사공원,경기도,남양주시,1233657.0,37.6319105,127.2110939
경성큰마을소공원,소공원,경기도,남양주시,4004.0,37.65352885,127.2678908
문화공원/1,문화공원,경기도,남양주시,21501.0,37.6123567,127.167554
도뮤토아파트어린이공원,어린이공원,경기도,남양주시,2810.0,37.64463773,127.3043904
다산진건 어린이공원 7호,어린이공원,경기도,남양주시,2907.0,37.61587015,127.1573076
다산지금 소공원 4호,소공원,경기도,남양주시,9164.0,37.60195436,127.1670758
월산리4지구소공원,소공원,경기도,남양주시,190.0,37.651867,127.336242
능내공원,문화공원,경기도,남양주시,9344.0,37.52355832,127.2961297
녹촌제1호어린이공원,어린이공원,경기도,남양주시,3125.0,37.65112724,127.2984992
녹촌제1호소공원,소공원,경기도,남양주시,1228.0,37.65062377,127.2973286
장승다담공원,역사공원,경기도,남양주시,13422.0,37.72960183,127.194169
체육공원 2호,체육공원,경기도,남양주시,13044.0,37.627789,127.160123
다산진건 어린이공원 6호,어린이공원,경기도,남양주시,2363.0,37.62191683,127.158012
다산지금 어린이공원 5호,어린이공원,경기도,남양주시,4768.0,37.59926958,127.173109
다산지금 어린이공원 4호,어린이공원,경기도,남양주시,3196.0,37.60056682,127.1716826
다산지금 어린이공원 2호,어린이공원,경기도,남양주시,2921.0,37.61284364,127.165571
다산지금 어린이공원 1호,어린이공원,경기도,남양주시,1573.0,37.619353,127.163451
어린이공원/3,어린이공원,경기도,남양주시,2544.0,37.60901773,127.1683223
다산지금 소공원 3호,소공원,경기도,남양주시,2867.0,37.61094363,127.170485
다산지금 소공원 2호,소공원,경기도,남양주시,865.0,37.61005079,127.1663165
다산지금 소공원 1호,소공원,경기도,남양주시,7042.0,37.62065994,127.1631337
소공원/393,소공원,경기도,남양주시,822.0,37.6449393,127.3066532
도농 제4호공원,어린이공원,경기도,남양주시,1500.0,37.61101957,127.1562291
진영공원,근린공원,경기도,남양주시,59924.0,37.65815984,127.2995319
호평lh1단지어린이공원,어린이공원,경기도,남양주시,1503.0,37.6617375,127.2405414
덕소3호공원,어린이공원,경기도,남양주시,1500.0,37.588254,127.2097691
평내1호어린이공원,어린이공원,경기도,남양주시,1866.0,37.6470343,127.2367724
도농 제2호공원,어린이공원,경기도,남양주시,1500.0,37.61101957,127.1562291
청학6호공원,어린이공원,경기도,남양주시,1463.0,37.7090457,127.1138874
청학공원,근린공원,경기도,남양주시,10071.0,37.7108087,127.1204179
청학3호공원,어린이공원,경기도,남양주시,1741.0,37.71018669,127.1176621
덕소2호공원,어린이공원,경기도,남양주시,1501.0,37.585772,127.2074266
호수공원,근린공원,경기도,안산시,640572.9,37.3021088,126.8300727
해란공원,근린공원,경기도,안산시,10017.6,37.2848404,126.8648816
하늬울공원,근린공원,경기도,안산시,20000.0,37.2821086,126.8322652
점섬공원,근린공원,경기도,안산시,204522.0,37.3181629,126.8584017
일동공원,근린공원,경기도,안산시,33083.0,37.3140228,126.8683017
이동공원,근린공원,경기도,안산시,26442.9,37.3095616,126.8485707
은하수공원,근린공원,경기도,안산시,13004.4,37.3022098,126.8542435
용하공원,근린공원,경기도,안산시,18262.5,37.3054923,126.8554459
오목골공원,근린공원,경기도,안산시,47210.0,37.2882237,126.8606355
어울림공원,근린공원,경기도,안산시,77255.0,37.2977591,126.8589692
시랑공원,근린공원,경기도,안산시,21994.3,37.3354485,126.8577907
방아머리공원,문화공원,경기도,안산시,81099.8,37.2894217,126.5809994
신길역사공원,역사공원,경기도,안산시,15101.0,37.3356771,126.7856668
샘물,어린이공원,경기도,안산시,1513.3,37.3472131,126.8161689
복지,어린이공원,경기도,안산시,722.7,37.3397974,126.8279429
기쁨,어린이공원,경기도,안산시,2686.7,37.3326171,126.8207986
샘터,어린이공원,경기도,안산시,2239.3,37.3449934,126.8221853
여울,어린이공원,경기도,안산시,1706.2,37.3442291,126.8205269
와동,어린이공원,경기도,안산시,1564.5,37.3330753,126.8252036
달미,어린이공원,경기도,안산시,1511.1,37.3440675,126.8160715
정지막골,어린이공원,경기도,안산시,1503.1,37.3403479,126.8081624
경일,어린이공원,경기도,안산시,1537.1,37.345534,126.8068729
안식,어린이공원,경기도,안산시,1523.8,37.3288957,126.8189949
해송,어린이공원,경기도,안산시,1593.9,37.3295289,126.8392958
황금,어린이공원,경기도,안산시,1720.4,37.3320751,126.8297554
석수,어린이공원,경기도,안산시,1904.6,37.3433348,126.8050229
화랑,어린이공원,경기도,안산시,2039.1,37.3259851,126.8207893
거미울,어린이공원,경기도,안산시,1494.9,37.3425004,126.8018084
보배,어린이공원,경기도,안산시,1041.9,37.3309233,126.8289946
꿈동산,어린이공원,경기도,안산시,1597.2,37.3419931,126.8231124
만남,어린이공원,경기도,안산시,689.8,37.3397106,126.8300998
못골,어린이공원,경기도,안산시,1985.7,37.3380578,126.8035604
정동,어린이공원,경기도,안산시,1500.0,37.2975169,126.8875088
꿈동산,어린이공원,경기도,안산시,1586.8,37.3026608,126.8394715
천문,어린이공원,경기도,안산시,1534.6,37.305885,126.8457615
소나무,어린이공원,경기도,안산시,1639.2,37.3084825,126.8460151
무지개,어린이공원,경기도,안산시,2157.0,37.3104336,126.8492794
갯벌,어린이공원,경기도,안산시,1809.9,37.3127683,126.8475291
뗏골,어린이공원,경기도,안산시,839.3,37.3390324,126.7957018
광덕산밑,어린이공원,경기도,안산시,1532.7,37.3375497,126.8293546
와개,어린이공원,경기도,안산시,1363.2,37.3424689,126.8293009
바람,어린이공원,경기도,안산시,2157.9,37.3242662,126.8075022
군자샛별,어린이공원,경기도,안산시,783.1,37.3281919,126.7929747
관산꿈동산,어린이공원,경기도,안산시,1225.5,37.3306761,126.7971327
주택희망,어린이공원,경기도,안산시,702.0,37.3320052,126.7922706
방죽,어린이공원,경기도,안산시,1806.0,37.3327471,126.8175693
슬기나,어린이공원,경기도,안산시,2115.1,37.3470317,126.8196593
선삼로,어린이공원,경기도,안산시,1597.5,37.3467047,126.8112899
원곡,어린이공원,경기도,안산시,1385.9,37.323895,126.8028595
양지,어린이공원,경기도,안산시,1401.7,37.3264037,126.797889
나무,어린이공원,경기도,안산시,726.4,37.3272436,126.7945244
초지상소공원2,소공원,경기도,안산시,1218.0,37.3249021,126.8080112
파도,어린이공원,경기도,안산시,1971.5,37.314347,126.8175413
소리,어린이공원,경기도,안산시,1755.0,37.3143474,126.8139764
잠자리,어린이공원,경기도,안산시,2398.4,37.3334705,126.7857587
어울림,어린이공원,경기도,안산시,1530.1,37.3330402,126.7886205
동화,어린이공원,경기도,안산시,2275.2,37.3376587,126.7891107
해솔,어린이공원,경기도,안산시,2825.5,37.3380565,126.7874793
연꽃,어린이공원,경기도,안산시,3369.4,37.3349783,126.7807918
공룡,어린이공원,경기도,안산시,1617.0,37.3366316,126.7794674
능길해맞이,어린이공원,경기도,안산시,2593.3,37.3363346,126.764723
신길달맞이,어린이공원,경기도,안산시,1947.4,37.3382306,126.7616338
지곡,어린이공원,경기도,안산시,2196.0,37.3361821,126.8034095
이삭길,어린이공원,경기도,안산시,1958.4,37.3132073,126.8398849
중앙역,어린이공원,경기도,안산시,1837.3,37.3133237,126.8379653
햇살,어린이공원,경기도,안산시,1893.9,37.3135606,126.823623
행복,어린이공원,경기도,안산시,863.0,37.3320562,126.8314822
강서,어린이공원,경기도,안산시,286.3,37.3413132,126.8272422
늘봄,어린이공원,경기도,안산시,1430.0,37.3383024,126.8180465
왜둘기,어린이공원,경기도,안산시,1823.0,37.3425676,126.8192663
큰고개,어린이공원,경기도,안산시,1455.1,37.3387103,126.8219109
76호 소공원,소공원,경기도,안산시,720.4,37.3059047,126.7322147
군자주공6소공원2,소공원,경기도,안산시,5605.5,37.3311965,126.8067158
군자주공6소공원1,소공원,경기도,안산시,3206.3,37.3313668,126.803057
유통업무지구 소공원2,소공원,경기도,안산시,2101.1,37.3245108,126.7925033
고잔소공원,소공원,경기도,안산시,1770.6,37.3231714,126.8269034
힐스중앙소공원,소공원,경기도,안산시,4051.0,37.3200108,126.8353352
군자주공5소공원,소공원,경기도,안산시,580.0,37.3275612,126.8045278
원선소공원,소공원,경기도,안산시,1190.8,37.3295786,126.8062223
중앙주공2-2소공원,소공원,경기도,안산시,1252.5,37.3192023,126.8411016
중앙주공2-1소공원,소공원,경기도,안산시,4069.8,37.3199186,126.838789
초지 솔밭소공원,소공원,경기도,안산시,809.0,37.3271626,126.8043197
초지상소공원,소공원,경기도,안산시,3968.0,37.3237501,126.8081422
초지1소공원,소공원,경기도,안산시,4864.0,37.320956,126.8080622
원곡3소공원,소공원,경기도,안산시,5507.0,37.3230201,126.8036632
도토리공원,소공원,경기도,안산시,4731.0,37.3073251,126.8318081
63호 근린공원,근린공원,경기도,안산시,24269.1,37.3155466,126.8294473
22호근린공원,근린공원,경기도,안산시,125258.0,37.3234959,126.7366696
신길공원,근린공원,경기도,안산시,189076.4,37.3304307,126.7542128
선부제2공원,근린공원,경기도,안산시,45595.0,37.3309389,126.8106692
선부제1공원,근린공원,경기도,안산시,65476.0,37.3300381,126.8071064
석수골공원,근린공원,경기도,안산시,24245.6,37.3465676,126.8039334
샛터공원,근린공원,경기도,안산시,136717.0,37.3377469,126.80668
사세충열문,근린공원,경기도,안산시,14459.0,37.3374449,126.8306088
별빛공원,근린공원,경기도,안산시,24536.4,37.3482858,126.8234432
백운공원,근린공원,경기도,안산시,507763.1,37.3195244,126.8045985
민속공원,근린공원,경기도,안산시,36464.2,37.3077571,126.8363362
둔배미공원,근린공원,경기도,안산시,44535.7,37.3107304,126.8163006
달미공원,근린공원,경기도,안산시,35218.0,37.3486662,126.8173086
단비공원,근린공원,경기도,안산시,12702.6,37.3095265,126.7246185
늘봄공원,근린공원,경기도,안산시,10089.3,37.2958793,126.7684181
구봉공원,근린공원,경기도,안산시,401010.4,37.28267,126.5451091
관산공원,근린공원,경기도,안산시,99009.9,37.3331156,126.7995651
공원,근린공원,경기도,안산시,3093.1,37.2719422,126.5675944
고잔공원,근린공원,경기도,안산시,22130.8,37.3091328,126.8232633
64호근린공원,근린공원,경기도,안산시,34590.5,37.3156337,126.8337104
선부소공원1,소공원,경기도,안산시,2304.2,37.3394058,126.8014174
원곡1소공원,소공원,경기도,안산시,6731.9,37.3256672,126.7963436
소담소공원,소공원,경기도,안산시,866.8,37.3294381,126.8364649
선부소공원3,소공원,경기도,안산시,1985.5,37.3425004,126.8018084
원곡2소공원,소공원,경기도,안산시,943.5,37.3249894,126.7988141
산성공원,소공원,경기도,안산시,6747.1,37.3110862,126.7979409
원시가로공원,소공원,경기도,안산시,4000.7,37.3167165,126.7828126
군자주공7소공원2,소공원,경기도,안산시,646.8,37.3335275,126.806442
군자주공7소공원1,소공원,경기도,안산시,1265.0,37.3342292,126.8063293
적금공원,소공원,경기도,안산시,2018.9,37.323028,126.8260707
원곡공원,문화공원,경기도,안산시,34406.4,37.3330658,126.7955486
해봉공원(엠티브이 79),문화공원,경기도,안산시,6753.1,37.3039018,126.7463707
53호문화공원,문화공원,경기도,안산시,6594.3,37.2975832,126.7598635
성호,어린이공원,경기도,안산시,1065.2,37.3169859,126.8615672
팔곡소,소공원,경기도,안산시,535.0,37.2952357,126.8854333
용담뿌리,소공원,경기도,안산시,702.0,37.3013,126.8999059
수암소,소공원,경기도,안산시,395.7,37.3656198,126.878919
성포주공3-3,소공원,경기도,안산시,1523.1,37.3200831,126.8482637
성포주공3-1,소공원,경기도,안산시,2993.2,37.3194858,126.8461405
새마을,소공원,경기도,안산시,1032.0,37.345795,126.867408
건건소1,소공원,경기도,안산시,1171.5,37.3073013,126.9038119
건건,소공원,경기도,안산시,469.0,37.3074782,126.9053999
달미역,기타,경기도,안산시,13295.5,37.3488712,126.8098901
단원,기타,경기도,안산시,2235.0,37.3219034,126.8271487
초지상,기타,경기도,안산시,2957.5,37.323469,126.8070748
초지1,기타,경기도,안산시,3101.0,37.3234684,126.8061157
원곡3,기타,경기도,안산시,3644.5,37.324644,126.8038631
원곡1,기타,경기도,안산시,1916.7,37.3276504,126.7982076
원곡2,기타,경기도,안산시,3993.4,37.3258889,126.8013273
86호 체육공원,체육공원,경기도,안산시,17866.2,37.2548201,126.6021186
온누리공원,체육공원,경기도,안산시,19593.2,37.3007515,126.7578151
와동묘지공원,묘지공원,경기도,안산시,159232.0,37.342593,126.8336552
사동제7호공원,수변공원,경기도,안산시,110271.0,37.2965564,126.8162856
83호 수변공원,수변공원,경기도,안산시,3957.0,37.2927037,126.7793646
68호 수변공원(반달섬 옆),수변공원,경기도,안산시,5052.0,37.299918,126.7394662
51호 수변공원(물빛공원),수변공원,경기도,안산시,4712.0,37.3033274,126.7482865
49호수변(샘물공원),수변공원,경기도,안산시,6548.0,37.3078271,126.7325096
성호공원,문화공원,경기도,안산시,468075.6,37.3150745,126.8595765
상록수공원,문화공원,경기도,안산시,12325.8,37.2996157,126.8627649
89호문화공원,문화공원,경기도,안산시,18254.2,37.3062483,126.730641
상록수,어린이공원,경기도,안산시,1633.2,37.3131087,126.8482459
매화,어린이공원,경기도,안산시,1522.0,37.3058915,126.8594669
석삼말,어린이공원,경기도,안산시,2633.6,37.3105622,126.8626002
이동,어린이공원,경기도,안산시,1500.4,37.3117792,126.8589156
웃말,어린이공원,경기도,안산시,1571.7,37.3080067,126.8705125
안골,어린이공원,경기도,안산시,1613.0,37.3098093,126.8715009
첨성,어린이공원,경기도,안산시,973.6,37.3184126,126.8618841
감골,어린이공원,경기도,안산시,1501.3,37.2832455,126.8527152
푸른,어린이공원,경기도,안산시,992.0,37.3025258,126.8515091
서암,어린이공원,경기도,안산시,992.0,37.3021319,126.8489884
용신,어린이공원,경기도,안산시,796.6,37.3003157,126.856844
상수리,어린이공원,경기도,안산시,1493.1,37.2981459,126.8579708
문학,어린이공원,경기도,안산시,1716.0,37.2946161,126.8516856
산구비,어린이공원,경기도,안산시,1430.2,37.2968854,126.8459778
한양나래,어린이공원,경기도,안산시,1012.5,37.3003877,126.8419879
학사,어린이공원,경기도,안산시,880.4,37.299951,126.8388025
후곡,어린이공원,경기도,안산시,1521.8,37.29649,126.8497961
시곡,어린이공원,경기도,안산시,1716.8,37.2944228,126.8559292
수리실,어린이공원,경기도,안산시,1579.0,37.3149972,126.8703178
호동,어린이공원,경기도,안산시,1036.1,37.314747,126.8658202
식물원,어린이공원,경기도,안산시,1009.0,37.3152482,126.8635902
성태산,어린이공원,경기도,안산시,630.5,37.3153343,126.872603
성모,어린이공원,경기도,안산시,1584.2,37.3345209,126.8522527
월광,어린이공원,경기도,안산시,1631.6,37.3356188,126.8437725
양지,어린이공원,경기도,안산시,1646.7,37.2977705,126.8695601
장수,어린이공원,경기도,안산시,2085.1,37.3008356,126.8744434
놀애별,어린이공원,경기도,안산시,1529.6,37.2956241,126.8684192
각골,어린이공원,경기도,안산시,1501.0,37.2955407,126.8710145
패랭이,어린이공원,경기도,안산시,1575.8,37.2937892,126.8744468
약수,어린이공원,경기도,안산시,1585.4,37.2958735,126.8747429
신성,어린이공원,경기도,안산시,1579.3,37.287934,126.8670681
신선,어린이공원,경기도,안산시,1890.8,37.2894273,126.8649255
산우물,어린이공원,경기도,안산시,1520.0,37.2881751,126.858392
이호,어린이공원,경기도,안산시,2359.5,37.2830797,126.8579389
샘골,어린이공원,경기도,안산시,1463.3,37.2864258,126.8629519
백두령,어린이공원,경기도,안산시,1568.8,37.2906819,126.8708051
해란,어린이공원,경기도,안산시,928.6,37.2863479,126.8651635
소반월,어린이공원,경기도,안산시,901.1,37.2876178,126.8650993
기양죽,어린이공원,경기도,안산시,1003.0,37.2862205,126.8678607
선암,어린이공원,경기도,안산시,1990.9,37.2893597,126.8625695
본오,어린이공원,경기도,안산시,1519.7,37.2908974,126.8641253
산정,어린이공원,경기도,안산시,1525.7,37.2927952,126.8609502
장곡,어린이공원,경기도,안산시,1500.3,37.2907878,126.8677359
배기,어린이공원,경기도,안산시,1499.4,37.2923919,126.8705879
고산,어린이공원,경기도,안산시,1847.0,37.2925276,126.8649918
항가울,어린이공원,경기도,안산시,1582.0,37.2867171,126.8455465
장화,어린이공원,경기도,안산시,1500.0,37.2833577,126.8494206
항호,어린이공원,경기도,안산시,1507.6,37.283783,126.8468205
성포공원,근린공원,경기도,안산시,19416.2,37.3222793,126.8424648
성어공원,근린공원,경기도,안산시,26250.3,37.3184767,126.8443056
석호공원,근린공원,경기도,안산시,37239.2,37.3023533,126.8439655
사동제8호공원,근린공원,경기도,안산시,13397.3,37.2942408,126.8217243
부곡공원,근린공원,경기도,안산시,34849.8,37.3317402,126.8685441
본오공원,근린공원,경기도,안산시,123747.2,37.3009599,126.8685762
반월공원,근린공원,경기도,안산시,42095.4,37.289868,126.8695541
반달공원,근린공원,경기도,안산시,100225.8,37.3070399,126.9018529
마로니에공원,근린공원,경기도,안산시,13340.1,37.3035038,126.8381501
독주골공원,근린공원,경기도,안산시,8922.5,37.3162322,126.8600216
노적봉공원,근린공원,경기도,안산시,607734.8,37.3194591,126.8526733
구룡공원,근린공원,경기도,안산시,120455.0,37.3074185,126.8645878
광덕공원,근린공원,경기도,안산시,79487.0,37.3336493,126.8423131
감골공원,근린공원,경기도,안산시,86800.0,37.2928071,126.8528409
각골공원,근린공원,경기도,안산시,46077.0,37.291416,126.8740874
해오라기공원,근린공원,경기도,안산시,81675.2,37.3342748,126.7842336
한마음공원,근린공원,경기도,안산시,43340.0,37.3338024,126.8322112
풍경공원,근린공원,경기도,안산시,17831.6,37.3059587,126.8158
중앙공원,근린공원,경기도,안산시,406422.6,37.3255139,126.8323393
정지제2공원,근린공원,경기도,안산시,63445.0,37.3428859,126.8114516
정지제1공원,근린공원,경기도,안산시,57491.0,37.3406107,126.8101106
전망대공원,근린공원,경기도,안산시,201711.5,37.3030421,126.7910979
원포공원,근린공원,경기도,안산시,103355.4,37.3016073,126.8086831
원고잔공원,근린공원,경기도,안산시,120646.0,37.3231904,126.8233603
와동제2공원,근린공원,경기도,안산시,63314.6,37.3436046,126.8348133
와동공원,근린공원,경기도,안산시,56895.9,37.3412419,126.8209686
예당공원,근린공원,경기도,안산시,23111.9,37.3195045,126.8242187
아람,어린이공원,경기도,안산시,1626.4,37.324912,126.8584126
부남,어린이공원,경기도,안산시,1677.1,37.3266924,126.8608342
시랑,어린이공원,경기도,안산시,1868.0,37.3323329,126.8645745
태마당,어린이공원,경기도,안산시,1501.7,37.3318397,126.8619978
정재1,어린이공원,경기도,안산시,1492.4,37.3368312,126.8657143
정재2,어린이공원,경기도,안산시,1491.5,37.3346265,126.8631971
점섬,어린이공원,경기도,안산시,1497.9,37.3217805,126.8588548
부곡,어린이공원,경기도,안산시,1501.7,37.3230213,126.8604495
새말,어린이공원,경기도,안산시,1563.7,37.3337866,126.8658278
부루지,어린이공원,경기도,안산시,1596.8,37.3303447,126.8518084
한빛,어린이공원,경기도,안산시,1513.5,37.3342945,126.8465687
월성,어린이공원,경기도,안산시,1698.1,37.3370296,126.8526321
행운,어린이공원,경기도,안산시,1891.6,37.3369209,126.8544393
원앙,어린이공원,경기도,안산시,1605.2,37.3338532,126.8502994
달집,어린이공원,경기도,안산시,1802.0,37.3127908,126.8433659
장상,어린이공원,경기도,안산시,1504.0,37.3601495,126.8721934
안산큰,어린이공원,경기도,안산시,4366.1,37.3621615,126.8772093
원당,어린이공원,경기도,안산시,2343.2,37.3628134,126.8813426
월피,어린이공원,경기도,안산시,1554.2,37.3343993,126.8583143
상동6,어린이공원,경기도,안산시,1858.0,37.2398813,126.5832126
노루어린이공원,어린이공원,경기도,평택시,2395.0,37.047925,127.056432
이충 어린이공원,어린이공원,경기도,평택시,3159.4,37.06345758,127.0666533
유통단지 어린이공원(동부 83호),어린이공원,경기도,평택시,6523.1,37.040157,127.1001038
원장당 어린이공원(장당 1호),어린이공원,경기도,평택시,2147.6,37.048934,127.057736
원이충 어린이공원,어린이공원,경기도,평택시,1592.2,37.06473,127.064543
옹기 어린이공원,어린이공원,경기도,평택시,1654.7,37.0653834,127.05756
오좌 어린이공원,어린이공원,경기도,평택시,1782.8,37.084521,127.0635929
신촌 장자울 어린이공원(신촌지구 동부 104호),어린이공원,경기도,평택시,4029.0,37.02745729,127.104663
신촌 새마답 어린이공원(신촌지구 동부 103호),어린이공원,경기도,평택시,3627.0,37.02741272,127.1039046
신서 어린이공원,어린이공원,경기도,평택시,1654.1,37.06130682,127.057443
수촌2 어린이공원(수촌지구),어린이공원,경기도,평택시,1984.0,37.021009,127.1102924
수촌1 어린이공원(수촌지구),어린이공원,경기도,평택시,2071.0,37.02215445,127.1084653
송천 어린이공원,어린이공원,경기도,평택시,2110.6,37.08106127,127.059896
송북 어린이공원,어린이공원,경기도,평택시,2211.8,37.08172734,127.064462
서정 어린이공원,어린이공원,경기도,평택시,1652.2,37.069903,127.055693
서재초 어린이공원(동삭2지구),어린이공원,경기도,평택시,3408.9,37.01769422,127.1042825
방아다리 어린이공원(장당 2호),어린이공원,경기도,평택시,2500.1,37.051373,127.061853
둥실봉 어린이공원,어린이공원,경기도,평택시,4205.0,37.08288382,127.0688145
두릉이주 어린이공원,어린이공원,경기도,평택시,1872.8,37.0635104,127.0277015
동부 106호 어린이공원(신촌지구),어린이공원,경기도,평택시,5143.0,37.024643,127.109529
충혼 어린이공원,어린이공원,경기도,평택시,1608.8,37.06439462,127.0597827
지장 어린이공원,어린이공원,경기도,평택시,1657.3,37.070013,127.059013
지산이주단지 어린이공원,어린이공원,경기도,평택시,975.0,37.08046102,127.077329
지산 어린이공원,어린이공원,경기도,평택시,1847.9,37.07534346,127.063361
좌울 어린이공원(동부 78호),어린이공원,경기도,평택시,390.0,37.077063,127.059261
좌동 어린이공원,어린이공원,경기도,평택시,2444.2,37.079122,127.061846
제4호 어린이공원(브레인시티),어린이공원,경기도,평택시,2226.0,37.05427253,127.0977594
제4호 어린이공원(봉남리),어린이공원,경기도,평택시,1687.0,37.098858,127.088341
제3호 어린이공원(브레인시티),어린이공원,경기도,평택시,1535.0,37.051702,127.0928648
제3호 어린이공원(가곡리),어린이공원,경기도,평택시,2202.0,37.112042,127.0884128
제3호 어린이공원 제132호(가재지구),어린이공원,경기도,평택시,3240.0,37.04113928,127.078272
제2호 어린이공원(브레인시티),어린이공원,경기도,평택시,1510.0,37.05083963,127.0889392
제2호 어린이공원(견산리),어린이공원,경기도,평택시,2526.0,37.108089,127.072214
제2호 어린이공원 제131호(가재지구),어린이공원,경기도,평택시,2590.0,37.042838,127.0741421
제1호 어린이공원(하북리),어린이공원,경기도,평택시,1542.0,37.112162,127.0636302
제1호 어린이공원(브레인시티),어린이공원,경기도,평택시,1515.0,37.05746771,127.0921615
제1호 어린이공원 제130호(가재지구),어린이공원,경기도,평택시,1730.0,37.04380965,127.0765597
점촌 어린이공원,어린이공원,경기도,평택시,1654.9,37.063619,127.054832
장안하늘채 어린이공원(동부 18호),어린이공원,경기도,평택시,3373.0,37.06101774,127.0807
만호 근린공원(포승2산단),근린공원,경기도,평택시,29869.8,36.967071,126.861402
뚝넘어 근린공원(청북지구 택지개발),근린공원,경기도,평택시,40508.4,37.024696,126.913794
도곡 근린공원(포승공단),근린공원,경기도,평택시,15000.1,36.98936154,126.847404
능안 근린공원,근린공원,경기도,평택시,26600.0,37.043283,126.928905
금곡 근린공원,근린공원,경기도,평택시,52500.0,36.99431635,126.9408873
근린공원 3호(황해자유구역 현덕지구),근린공원,경기도,평택시,30498.0,36.92473,126.9120888
근린공원 2호(황해자유구역 현덕지구),근린공원,경기도,평택시,31877.0,36.929521,126.907927
근린공원 1호(황해자유구역 현덕지구),근린공원,경기도,평택시,58462.0,36.93667042,126.914174
개나리 근린공원(청북 어연한산공단),근린공원,경기도,평택시,13995.2,37.051436,126.977508
가사 근린공원(청북지구 택지개발),근린공원,경기도,평택시,23286.8,37.019934,126.909408
7호 갈매빛뜰 근린공원 (화양지구),근린공원,경기도,평택시,46588.0,36.96752933,126.900795
6호 늘솔길뜰 근린공원 (화양지구),근린공원,경기도,평택시,58544.0,36.97196,126.898366
5호 흰여울뜰 근린공원(화양지구),근린공원,경기도,평택시,29593.0,36.975961,126.899459
4호 개랑뜰 근린공원(화양지구),근린공원,경기도,평택시,177252.0,36.97913216,126.9037793
3호 뜸이기뜰 근린공원(화양지구),근린공원,경기도,평택시,23523.0,36.982419,126.901233
2호 근린공원 (화양지구),근린공원,경기도,평택시,14126.0,36.9860971,126.899903
1호 도란뜰 근린공원(화양지구),근린공원,경기도,평택시,11082.0,36.987556,126.90609
제2호 체육공원(브레인시티),체육공원,경기도,평택시,15574.0,37.038626,127.087233
제1호 체육공원(브레인시티),체육공원,경기도,평택시,10110.0,37.049115,127.106627
신촌 쇠물뿌리 체육공원(신촌지구  동부 102호),체육공원,경기도,평택시,10873.3,37.02432426,127.1040212
역사공원 1호(고덕국제화지구  두릉리),역사공원,경기도,평택시,88595.0,37.057106,127.018941
햇살 어린이공원(롯테캐슬),어린이공원,경기도,평택시,3700.0,37.058838,127.0602534
포스코더샵 어린이공원,어린이공원,경기도,평택시,2285.0,37.07193146,127.062913
안중 근린공원(안중지구 택지개발),근린공원,경기도,평택시,11016.2,36.98523438,126.9206115
안송 근린공원(안중송담지구),근린공원,경기도,평택시,11642.0,36.983437,126.929102
신당 근린공원(포승공단),근린공원,경기도,평택시,143996.8,36.97005051,126.8474896
수촌 근린공원(청북지구 택지개발),근린공원,경기도,평택시,35492.6,37.024696,126.913794
송담 근린공원(안중송담지구),근린공원,경기도,평택시,22458.0,36.972729,126.936473
새터 근린공원(청북지구 택지개발),근린공원,경기도,평택시,75770.5,37.024696,126.913794
살박 근린공원(청북지구 택지개발),근린공원,경기도,평택시,14980.4,37.024696,126.913794
비둘기 근린공원(청북 어연한산공단),근린공원,경기도,평택시,14693.1,37.049486,126.972925
번제 근린공원(포승공단),근린공원,경기도,평택시,118326.7,36.984383,126.833052
무릉 근린공원,근린공원,경기도,평택시,61106.0,37.040094,126.94137
당거2리 마을쉼터,기타,경기도,평택시,2000.0,36.99461408,126.980216
당거1리 마을쉼터,기타,경기도,평택시,987.0,36.987609,126.975933
길음1리 마을쉼터,기타,경기도,평택시,1147.0,36.98906634,126.9637369
금곡5리 쉼터,기타,경기도,평택시,4860.0,36.995006,126.952739
교포3리 마을쉼터,기타,경기도,평택시,1200.0,36.998716,126.998317
교포2리 마을쉼터,기타,경기도,평택시,1650.0,37.008951,126.998124
교포1리 마을쉼터,기타,경기도,평택시,1000.0,37.005897,127.002129
고잔7리 쉼터 마을쉼터,기타,경기도,평택시,800.0,37.038304,126.888793
평택 도시농업공원,도시농업공원,경기도,평택시,34525.0,37.01438733,126.9855816
현화 근린공원(안중지구 택지개발),근린공원,경기도,평택시,20534.7,36.980542,126.9204024
현곡 근린공원(현곡산단),근린공원,경기도,평택시,19600.0,37.044898,126.931852
현곡 근린공원(현곡산단),근린공원,경기도,평택시,18928.1,37.036974,126.941669
학현 근린공원,근린공원,경기도,평택시,41993.0,36.9897621,126.9175031
테미 근린공원(청북지구 택지개발),근린공원,경기도,평택시,39750.0,37.024696,126.913794
인광 근린공원(안중송담지구),근린공원,경기도,평택시,13895.0,36.975632,126.923791
율리 근린공원,근린공원,경기도,평택시,0.0,36.99125984,126.9278111
용성 근린공원,근린공원,경기도,평택시,88320.0,37.001685,126.93512
오성 근린공원(오성산단),근린공원,경기도,평택시,10019.4,37.02465,126.948927
여술 근린공원(포승공단),근린공원,경기도,평택시,40559.3,36.99070004,126.8413611
동부 105호 어린이공원(신촌지구),어린이공원,경기도,평택시,4053.0,37.02656257,127.1096324
동구재 어린이공원,어린이공원,경기도,평택시,1600.1,37.066265,127.061203
동령 어린이공원,어린이공원,경기도,평택시,1997.2,37.060955,127.069178
돌우물 어린이공원,어린이공원,경기도,평택시,4039.3,37.058548,127.069157
노루댕이 어린이공원(장당 3호),어린이공원,경기도,평택시,1500.0,37.051757,127.064859
광말 어린이공원,어린이공원,경기도,평택시,1536.2,37.05781649,127.0630106
건지 어린이공원,어린이공원,경기도,평택시,1616.7,37.07712693,127.0662472
9호 어린이공원(서정동),어린이공원,경기도,평택시,5638.0,37.061306,127.043194
8호 어린이공원(서정동),어린이공원,경기도,평택시,2542.0,37.071243,127.059738
늘솔길어린이공원(50호),어린이공원,경기도,평택시,6614.0,37.03608769,127.023278
49호 어린이공원(율포리),어린이공원,경기도,평택시,9077.0,37.042946,127.042342
48호 어린이공원(고덕국제화지구 율포리),어린이공원,경기도,평택시,8114.0,37.049688,127.025091
글당이어린이공원(47호),어린이공원,경기도,평택시,9166.0,37.05600554,127.0400802
삼정1리 마을쉼터,기타,경기도,평택시,2569.0,36.96662153,126.959255
따비쉼터,기타,경기도,평택시,530.0,36.988505,126.929101
덕목5리 마을쉼터,기타,경기도,평택시,2629.0,36.95506237,126.9654355
덕목4리 마을쉼터,기타,경기도,평택시,2365.0,36.95041336,126.95604
덕목3리 마을쉼터,기타,경기도,평택시,1047.0,36.95236,126.956901
대반6리 마을쉼터,기타,경기도,평택시,899.0,36.976822,126.943202
대반3리 마을쉼터,기타,경기도,평택시,1105.0,36.98449,126.952146
대반2리 마을쉼터,기타,경기도,평택시,1000.0,36.988675,126.95257
대반1리 마을쉼터,기타,경기도,평택시,1000.0,36.992125,126.949942
당거3리 마을쉼터,기타,경기도,평택시,1140.0,36.989333,127.0065789
수변공원 8호(고덕국제화지구 율포리),수변공원,경기도,평택시,11150.0,37.041322,127.042695
수변공원 7호(고덕국제화지구 여염리),수변공원,경기도,평택시,35231.0,37.036833,127.041657
수변공원 6호(고덕국제화지구 여염리),수변공원,경기도,평택시,7599.0,37.035169,127.042966
수변공원 5호(고덕국제화지구 좌교리),수변공원,경기도,평택시,8662.0,37.033702,127.036699
수변공원 4호(고덕국제화지구 궁리),수변공원,경기도,평택시,15746.0,37.030414,127.033791
수변공원 3호(고덕국제화지구 해창리),수변공원,경기도,평택시,56051.0,37.030342,127.031781
수변공원 2호(고덕국제화지구 궁리),수변공원,경기도,평택시,67862.0,37.027408,127.0333
수변공원 1호(고덕국제화지구 해창리),수변공원,경기도,평택시,4809.0,37.027325,127.029194
수변공원 15호(고덕국제화지구  장당동),수변공원,경기도,평택시,30638.0,37.04907,127.052502
수변공원 14호(고덕국제화지구  율포리),수변공원,경기도,평택시,8284.2,37.05011946,127.0483794
수변공원 13호(고덕국제화지구  장당동),수변공원,경기도,평택시,13470.7,37.04613079,127.0488318
수변공원 12호(고덕국제화지구 율포리),수변공원,경기도,평택시,25307.6,37.0464096,127.0475877
수변공원 11호(고덕국제화지구 여염리),수변공원,경기도,평택시,10405.7,37.042913,127.0474583
수변공원 10호(고덕국제화지구 율포리),수변공원,경기도,평택시,11793.0,37.04350861,127.0468975
소풍정원,수변공원,경기도,평택시,112245.0,37.011844,127.020575
상서재 2호 수변공원(동삭2지구),수변공원,경기도,평택시,9470.0,37.0170215,127.1062564
풍진 소공원(신설),소공원,경기도,평택시,850.0,37.067101,127.055243
칠원 소공원,소공원,경기도,평택시,3863.0,37.03197228,127.1008363
제2호 수변공원(가재지구 129호),수변공원,경기도,평택시,6560.0,37.042328,127.077653
제1호 수변공원(가재지구 128호),수변공원,경기도,평택시,1100.0,37.042328,127.077653
수촌1 수변공원(수촌지구),수변공원,경기도,평택시,21187.0,37.01993193,127.1138949
수변공원(브레인시티),수변공원,경기도,평택시,61615.0,37.04838129,127.0988531
수변공원 9호(고덕국제화지구 여염리),수변공원,경기도,평택시,11782.0,37.040832,127.045428
해찬솔어린이공원(46호),어린이공원,경기도,평택시,1857.0,37.03134386,127.031844
45호 어린이공원(고덕국제화지구 율포리),어린이공원,경기도,평택시,1868.0,37.0503,127.034107
굼틀어린이공원(44호),어린이공원,경기도,평택시,2369.0,37.04730893,127.030221
43호 어린이공원(고덕국제화지구 해창리),어린이공원,경기도,평택시,1511.0,37.042464,127.014761
백로어린이공원(42호),어린이공원,경기도,평택시,2345.0,37.05551378,127.0228926
당산어린이공원(41호),어린이공원,경기도,평택시,2182.0,37.05554307,127.0250628
두렁이어린이공원(40호),어린이공원,경기도,평택시,1522.0,37.05861414,127.0292164
별밭어린이공원(39호),어린이공원,경기도,평택시,1509.0,37.06376927,127.0489053
배우미어린이공원(38호),어린이공원,경기도,평택시,1625.0,37.05239934,127.0458439
누리봄어린이공원(37),어린이공원,경기도,평택시,2134.0,37.04668574,127.0504669
임주어린이공원(36호),어린이공원,경기도,평택시,1864.0,37.041939,127.048848
성머리어린이공원(35호),어린이공원,경기도,평택시,1712.0,37.03593061,127.0435836
꽃구름어린이공원(34호),어린이공원,경기도,평택시,1585.0,37.036401,127.044059
33호 어린이공원(고덕국제화지구  해창리),어린이공원,경기도,평택시,2258.0,37.026212,127.016897
별솔어린이공원(32호),어린이공원,경기도,평택시,2280.0,37.03208166,127.026291
혜윰어린이공원(31호),어린이공원,경기도,평택시,4674.0,37.04051766,127.0294403
물방개어린이공원(30호),어린이공원,경기도,평택시,2098.0,37.045928,127.0314656
마루어린이공원(2호),어린이공원,경기도,평택시,2072.0,37.039568,127.045056
28호 어린이공원(서정동),어린이공원,경기도,평택시,2049.0,37.065532,127.043825
27호 어린이공원(율포리),어린이공원,경기도,평택시,3898.0,37.051333,127.041019
26호 어린이공원(서정동),어린이공원,경기도,평택시,1853.0,37.071496,127.065145
25호 어린이공원(여염리),어린이공원,경기도,평택시,3378.0,37.037592,127.046179
20호 어린이공원(고덕국제화지구  해창리),어린이공원,경기도,평택시,1520.0,37.036903,127.017934
18호 어린이공원(고덕국제화지구 해창리),어린이공원,경기도,평택시,3888.0,37.041406,127.01406
17호 어린이공원(고덕국제화지구 좌교리),어린이공원,경기도,평택시,4449.0,37.044118,127.013642
14호 어린이공원(고덕국제화지구  두릉리),어린이공원,경기도,평택시,1770.0,37.055543,127.017238
통복2 수변공원(수촌지구),수변공원,경기도,평택시,13256.0,37.02080218,127.113503
하북3리 마을쉼터,기타,경기도,평택시,999.0,37.104372,127.058457
적봉 마을쉼터,기타,경기도,평택시,1002.0,37.07771363,127.0421127
신흥 마을쉼터,기타,경기도,평택시,738.0,37.08666,127.05754
송담4로 어린이공원(안중송담지구),어린이공원,경기도,평택시,1540.0,36.98682,126.935346
서당제 어린이공원(안중지구 택지개발),어린이공원,경기도,평택시,4652.4,36.982991,126.918873
비파 어린이공원(청북지구 택지개발),어린이공원,경기도,평택시,2340.9,37.028514,126.911493
백로 어린이공원(청북지구 택지개발),어린이공원,경기도,평택시,1732.5,37.016615,126.925231
배당지 어린이공원(청북지구 택지개발),어린이공원,경기도,평택시,3942.0,37.024696,126.913794
방죽골 어린이공원(안중지구 택지개발),어린이공원,경기도,평택시,6014.9,36.98111142,126.9242138
둔터 어린이공원(청북지구 택지개발),어린이공원,경기도,평택시,1594.1,37.024696,126.913794
돌패기 어린이공원(청북지구 택지개발),어린이공원,경기도,평택시,3832.1,37.024696,126.913794
도화동 어린이공원(안중지구 택지개발),어린이공원,경기도,평택시,2220.0,36.986918,126.919066
도곡 어린이공원(포승공단),어린이공원,경기도,평택시,1500.1,36.987462,126.8463206
대장골 어린이공원(청북지구 택지개발),어린이공원,경기도,평택시,1551.7,37.024696,126.913794
신리 마을쉼터,기타,경기도,평택시,793.0,37.09739684,127.071037
수월암2리 마을쉼터,기타,경기도,평택시,991.0,37.118986,127.034179
문곡1리 마을쉼터,기타,경기도,평택시,1000.0,37.066241,127.011993
목천 마을쉼터,기타,경기도,평택시,451.0,37.083503,127.054172
송담6길 어린이공원(안중 송담지구),어린이공원,경기도,평택시,1525.0,36.981261,126.9292127
송담5길 어린이공원(안중 송담지구),어린이공원,경기도,평택시,1518.0,36.978327,126.931769
숙성2리 마을쉼터,기타,경기도,평택시,1243.0,37.002628,126.976534
숙성1리 마을쉼터,기타,경기도,평택시,582.0,37.009159,126.981871
대반리 소공원(대반지구),소공원,경기도,평택시,888.0,36.980019,126.953661
대반5리 소공원(대반지구),소공원,경기도,평택시,1189.0,36.979213,126.9580152
길음3리 소공원(길음지구),소공원,경기도,평택시,1450.0,36.984836,126.969215
길음2리 소공원(길음지구),소공원,경기도,평택시,2554.0,36.984956,126.970081
고렴산단 소공원(고렴산단),소공원,경기도,평택시,3720.1,37.055594,126.93266
2호 소공원(화양지구),소공원,경기도,평택시,1398.0,36.966395,126.902177
1호 소공원(화양지구),소공원,경기도,평택시,1266.0,36.977742,126.898161
문화공원 2호(황해경제구역 현덕지구),문화공원,경기도,평택시,27298.0,36.93390714,126.903334
문화공원 1호(황해경제구역 현덕지구),문화공원,경기도,평택시,29103.0,36.93662309,126.9059034
율북 묘지공원,묘지공원,경기도,평택시,41090.0,37.071975,126.969708
창내4리 마을쉼터,기타,경기도,평택시,2353.0,36.98879497,127.02797
창내3리 마을쉼터,기타,경기도,평택시,1979.0,36.996567,127.012236
창내2리 마을쉼터,기타,경기도,평택시,1200.0,36.987835,127.019992
창내1리 마을쉼터,기타,경기도,평택시,906.0,36.995303,127.023224
죽5리 마을쉼터,기타,경기도,평택시,826.0,37.009495,126.977831
율북5리 마을쉼터,기타,경기도,평택시,2244.0,37.070018,126.978566
율북3리 마을쉼터,기타,경기도,평택시,2681.0,37.068742,126.984326
신왕2리 마을쉼터,기타,경기도,평택시,1138.0,36.937995,126.9693264
신4리 마을쉼터,기타,경기도,평택시,1652.0,37.001443,127.019652
신3리 마을쉼터,기타,경기도,평택시,1000.0,37.00329,127.015501
신2리 마을쉼터,기타,경기도,평택시,1320.0,37.004945,127.008693
숙성5리 마을쉼터,기타,경기도,평택시,769.0,37.00818562,126.982325
숙성3리 마을쉼터,기타,경기도,평택시,1200.0,36.994573,126.973234
길마 어린이공원(청북지구 택지개발),어린이공원,경기도,평택시,2159.8,37.024696,126.913794
긴둥골 어린이공원(안중지구 택지개발),어린이공원,경기도,평택시,3239.7,36.98312935,126.9267678
8호 어린이공원(화양지구),어린이공원,경기도,평택시,2451.0,36.968345,126.9041725
7호 어린이공원(화양지구),어린이공원,경기도,평택시,2155.0,36.964889,126.902212
6호 어린이공원(화양지구),어린이공원,경기도,평택시,1890.0,36.964858,126.9052
5호 어린이공원(화양지구),어린이공원,경기도,평택시,3190.0,36.968075,126.904438
4호 어린이공원(화양지구),어린이공원,경기도,평택시,1504.0,36.970085,126.899159
3호 어린이공원(화양지구),어린이공원,경기도,평택시,1547.0,36.974026,126.89823
2호 어린이공원(화양지구),어린이공원,경기도,평택시,3734.0,36.982224,126.9034732
1호 어린이공원(화양지구),어린이공원,경기도,평택시,3159.0,36.983801,126.906289
지영희 소공원,소공원,경기도,평택시,29869.8,36.96985,126.8604848
소공원 9호(후사지구),소공원,경기도,평택시,1002.0,37.033994,126.928548
소공원 8호(후사지구),소공원,경기도,평택시,2975.0,37.034892,126.92913
소공원 7호(후사지구),소공원,경기도,평택시,1168.0,37.034706,126.931324
소공원 2호(황해경제자유구역청 현덕지구),소공원,경기도,평택시,6047.0,36.924402,126.906681
소공원 1호(황해경제자유구역 현덕지구),소공원,경기도,평택시,7009.0,36.93879332,126.896325
소공원 1호(양교지구),소공원,경기도,평택시,9308.0,37.02134845,126.9498325
노양1리 마을쉼터,기타,경기도,평택시,999.0,36.936252,126.9996021
노성2리 마을쉼터,기타,경기도,평택시,999.0,36.935208,127.021417
노성1리 마을쉼터,기타,경기도,평택시,999.0,36.9298,127.0315
현촌 근린공원(현촌지구),근린공원,경기도,평택시,45228.6,36.997396,127.130501
현신 근린공원(용이지구 1호),근린공원,경기도,평택시,12538.0,36.99844646,127.1512393
하날 근린공원(소사벌택지 2호),근린공원,경기도,평택시,36864.0,37.004393,127.110811
풀내음 근린공원(소사2지구),근린공원,경기도,평택시,15667.5,36.9869108,127.1260515
평택공단 근린공원,근린공원,경기도,평택시,12300.0,37.01051491,127.079436
통복(원평) 근린공원,근린공원,경기도,평택시,11781.0,36.990316,127.08003
추팔 근린공원(송화택지),근린공원,경기도,평택시,11053.0,36.95194392,127.0751624
지제 근린공원(지제 세교지구),근린공원,경기도,평택시,45954.0,37.017364,127.077589
평궁리 마을쉼터,기타,경기도,평택시,3986.0,36.971743,127.088742
자란쌈지 마을쉼터,기타,경기도,평택시,447.9,36.99745,127.09446
유천동 마을쉼터,기타,경기도,평택시,1680.0,36.97324065,127.1029477
안정4리 마을쉼터,기타,경기도,평택시,999.0,36.96173,127.0405022
신대2리 마을쉼터,기타,경기도,평택시,1668.0,36.946419,126.999132
신대1리 마을쉼터,기타,경기도,평택시,999.0,36.947249,127.000419
석봉리 마을쉼터,기타,경기도,평택시,1109.0,36.983403,127.043641
석근1리 마을쉼터,기타,경기도,평택시,423.0,36.93990778,127.054346
비전쌈지,기타,경기도,평택시,0.0,37.000544,127.0929642
본정1리 마을쉼터,기타,경기도,평택시,999.0,36.94618229,127.0070228
두정3리 마을쉼터,기타,경기도,평택시,668.0,36.9445,127.032089
두정2리 마을쉼터,기타,경기도,평택시,760.0,36.945054,127.026243
두2리 마을쉼터,기타,경기도,평택시,570.0,36.97021356,127.063551
두1리 마을쉼터,기타,경기도,평택시,897.0,36.977043,127.06472
동창리 마을쉼터,기타,경기도,평택시,1114.0,36.97213001,127.03442
대사1리 마을쉼터,기타,경기도,평택시,851.0,36.944426,127.062246
노와4리 마을쉼터,기타,경기도,평택시,694.0,36.951728,127.081941
노와2리 마을쉼터,기타,경기도,평택시,668.0,36.949849,127.096921
노와1리 마을쉼터,기타,경기도,평택시,1394.0,36.9585094,127.0877949
노양2리 마을쉼터,기타,경기도,평택시,999.0,36.94107437,127.0068154
원정리 소공원,소공원,경기도,평택시,1084.0,36.974819,127.04034
원정22호 소공원(쌍용지구),소공원,경기도,평택시,1367.0,36.996347,126.8400593
원정(포승)소공원(쌍용지구),소공원,경기도,평택시,782.0,36.99984711,126.8388049
어울림 소공원(소사2지구),소공원,경기도,평택시,696.4,36.989273,127.124384
통복2 소공원(통복지구),소공원,경기도,평택시,630.1,36.9986412,127.0831596
송화 소공원,소공원,경기도,평택시,635.0,36.96132139,127.0536087
소공원3호(두정지구),소공원,경기도,평택시,839.0,36.946666,127.023092
소공원2호(두정지구),소공원,경기도,평택시,908.0,36.945744,127.023017
소공원1호(두정지구),소공원,경기도,평택시,2268.0,36.945392,127.021142
잔다리소공원 1호(세교지구),소공원,경기도,평택시,1286.5,37.010682,127.0912221
바람 소공원 1호(동삭 세교지구),소공원,경기도,평택시,1040.5,37.004417,127.091063
상서재3호 소공원(동삭2지구),소공원,경기도,평택시,1164.0,37.01737858,127.0970802
본정리 소공원,소공원,경기도,평택시,4293.0,36.94881961,127.0100414
롯데캐슬 소공원,소공원,경기도,평택시,1361.7,36.99979,127.096026
등꽃향기 소공원,소공원,경기도,평택시,931.0,36.99402,127.1114656
두정1리 소공원,소공원,경기도,평택시,1203.0,36.940061,127.038337
노와이주2호 소공원(노와지구14호),소공원,경기도,평택시,678.0,36.946282,127.093677
노와이주1호 소공원(노와지구13호),소공원,경기도,평택시,697.2,36.946808,127.092641
남산2호 소공원(팽성7호),소공원,경기도,평택시,997.0,36.95386219,127.064383
남산1호 소공원(팽성6호),소공원,경기도,평택시,634.0,36.954545,127.063028
고잔 소공원,소공원,경기도,평택시,996.0,36.996702,127.0681613
현촌한마음 문화공원(현촌지구),문화공원,경기도,평택시,6694.9,36.998927,127.133623
신흥 문화공원(신흥지구),문화공원,경기도,평택시,8010.0,37.00097,127.1454312
마을마당 문화공원(소사2지구),문화공원,경기도,평택시,7127.2,36.99049478,127.1316071
1호 수변공원(포승지구 BIX),수변공원,경기도,평택시,0.0,36.950117,126.870537
통복 소공원1호(통복지구),소공원,경기도,평택시,1579.3,36.9970948,127.0825681
1호 소공원(포승지구 BIX),소공원,경기도,평택시,0.0,36.949401,126.870515
1호 소공원(진위3지구),소공원,경기도,평택시,0.0,37.10739845,127.0749944
1호 소공원(지제지구),소공원,경기도,평택시,0.0,37.011929,127.0722265
1호 소공원(장당지구),소공원,경기도,평택시,0.0,37.031648,127.069598
10호 은실 소공원(세교 지구단위),소공원,경기도,평택시,600.0,37.001779,127.0769071
1호 높은들 근린공원(고평지구),근린공원,경기도,평택시,18261.8,36.99596538,127.0787709
1호 근린공원(포승지구 BIX),근린공원,경기도,평택시,0.0,36.954857,126.862459
12호 근린공원(고덕국제화지구),근린공원,경기도,평택시,0.0,37.041582,127.020765
으뜸 체육공원(청북지구 택지개발),체육공원,경기도,평택시,11023.0,37.019934,126.909408
드림테크 2호 체육공원(드림테크 일반산업단지),체육공원,경기도,평택시,15224.0,37.062376,126.970077
드림테크 1호 체육공원(드림테크 일반산업단지),체육공원,경기도,평택시,16082.0,37.05742,126.979386
해모 어린이공원(청북지구 택지개발),어린이공원,경기도,평택시,1510.3,37.014168,126.907382
장터골 어린이공원(안중지구 택지개발),어린이공원,경기도,평택시,4875.4,36.98310162,126.923314
작골 어린이공원(청북지구 택지개발),어린이공원,경기도,평택시,2930.3,37.024696,126.913794
자미 어린이공원(청북지구 택지개발),어린이공원,경기도,평택시,4185.1,37.019934,126.909408
원정 어린이공원(포승공단),어린이공원,경기도,평택시,1500.2,36.98999,126.844522
어린이공원 1호(황해경제자유구역 현덕지구),어린이공원,경기도,평택시,1500.0,36.926889,126.906183
안중 22호 어린이공원(인광지구),어린이공원,경기도,평택시,4600.0,36.961983,126.9188158
송담9길 어린이공원(안중 송담지구),어린이공원,경기도,평택시,1513.0,36.981114,126.933441
송담8길 어린이공원(안중 송담지구),어린이공원,경기도,평택시,1506.0,36.982318,126.939276
함정리 마을쉼터,기타,경기도,평택시,6686.0,36.95317148,127.0142097
2호 은실 어린이공원(세교지구),어린이공원,경기도,평택시,6758.2,37.00769437,127.0879464
세아 어린이공원(동삭 세교지구),어린이공원,경기도,평택시,2343.1,37.00410699,127.0898587
1호 잔다리 어린이공원(세교지구),어린이공원,경기도,평택시,1644.9,37.01177568,127.091001
동삭세교 어린이공원(동삭 세교지구),어린이공원,경기도,평택시,1917.9,37.006472,127.0932428
상서재 1호 수변공원(동삭2지구),수변공원,경기도,평택시,11688.2,37.01470701,127.1037841
군문 수변공원,수변공원,경기도,평택시,9955.0,36.9821123,127.0916791
7호 너울 수변공원(소사벌택지),수변공원,경기도,평택시,23421.0,37.003257,127.090635
6호 물빛4 수변공원(소사벌택지 이곡수변),수변공원,경기도,평택시,24015.0,37.001798,127.111412
5호 물빛3 수변공원(소사벌택지 이곡수변),수변공원,경기도,평택시,19099.0,37.00246,127.107881
4호 소리 수변공원(소사벌택지),수변공원,경기도,평택시,19823.0,37.004339,127.107357
3호 소리 수변공원(소사벌택지),수변공원,경기도,평택시,11408.5,37.007098,127.111214
2호 물빛2 수변공원(소사벌택지 이곡수변),수변공원,경기도,평택시,11228.0,37.003573,127.103911
1호 물빛1 수변공원(소사벌택지  이곡수변),수변공원,경기도,평택시,39061.0,37.005251,127.10066
화촌2 소공원,소공원,경기도,평택시,757.0,36.99228399,127.072444
화촌1 소공원,소공원,경기도,평택시,1176.0,36.992578,127.0724285
추팔 소공원,소공원,경기도,평택시,1541.0,36.96384,127.075481
늘푸른 어린이공원,어린이공원,경기도,평택시,2001.4,36.986733,127.082337
농성 어린이공원(안정2호 근린공원),어린이공원,경기도,평택시,1581.0,36.96358009,127.045791
놀이 어린이공원(서재지구 80호),어린이공원,경기도,평택시,1527.0,37.008536,127.092566
노와이주 어린이공원(노와이주단지 12호),어린이공원,경기도,평택시,1505.0,36.9467478,127.0923481
노래비 1호 어린이공원(모산영신지구),어린이공원,경기도,평택시,2140.0,37.02040636,127.087155
내일 4호 어린이공원(모산영신지구),어린이공원,경기도,평택시,2568.0,37.014959,127.091348
낙촌 어린이공원,어린이공원,경기도,평택시,2012.0,37.00148301,127.0924271
나비 어린이공원(소사벌택지 2호),어린이공원,경기도,평택시,1510.4,37.006453,127.101332
꿈동산 어린이공원(소사벌택지 3호),어린이공원,경기도,평택시,1933.8,37.003243,127.096344
꽃잎소리 어린이공원(소사벌택지 9호),어린이공원,경기도,평택시,1525.9,37.002226,127.107017
거울 어린이공원(지제세교지구),어린이공원,경기도,평택시,1743.0,37.01278277,127.0744617
그린 어린이공원(소사벌택지 11호),어린이공원,경기도,평택시,1644.3,37.002339,127.124685
골목길 어린이공원(용죽지구),어린이공원,경기도,평택시,1815.4,36.993175,127.124286
경남아너스빌 어린이공원,어린이공원,경기도,평택시,1625.0,36.99511438,127.109641
미르 어린이공원(지제세교지구),어린이공원,경기도,평택시,2938.0,37.022168,127.077426
개나리 어린이공원,어린이공원,경기도,평택시,1999.0,37.00029604,127.0833428
과학(제2호) 어린이공원(영신지구),어린이공원,경기도,평택시,4108.4,37.020321,127.081163
가족 어린이공원,어린이공원,경기도,평택시,2050.0,36.98772759,127.0845378
JC 어린이공원,어린이공원,경기도,평택시,1555.7,36.99341693,127.0878836
3호  세교 어린이공원(세교지구),어린이공원,경기도,평택시,2001.3,37.00638048,127.0876289
사랑방 어린이공원(용죽지구),어린이공원,경기도,평택시,2781.0,36.994217,127.12794
비전 어린이공원,어린이공원,경기도,평택시,2067.0,36.99584571,127.0889077
배미 어린이공원,어린이공원,경기도,평택시,5195.0,36.98861022,127.1129574
배꽃 어린이공원(소사2지구),어린이공원,경기도,평택시,1507.0,36.9924,127.1293838
바다 어린이공원(현촌지구),어린이공원,경기도,평택시,1934.9,37.00204,127.133739
은하수 어린이공원(지제세교지구),어린이공원,경기도,평택시,3110.0,37.015581,127.073583
미로 어린이공원(서재지구 79호),어린이공원,경기도,평택시,1547.0,37.010922,127.093456
물장구 어린이공원(소사벌택지 10호),어린이공원,경기도,평택시,2155.0,37.001007,127.110353
물방울(동부84호) 어린이공원(세교지구단위),어린이공원,경기도,평택시,1526.0,37.003291,127.077025
물결 어린이공원(소사벌택지 6호),어린이공원,경기도,평택시,1906.4,37.007835,127.114714
문화촌 어린이공원,어린이공원,경기도,평택시,1713.0,36.997892,127.113339
무지개 어린이공원,어린이공원,경기도,평택시,1696.0,36.99220722,127.111111
무동 어린이공원(소사2지구),어린이공원,경기도,평택시,2319.9,36.98877874,127.126921
모험 어린이공원(소사벌택지 4호),어린이공원,경기도,평택시,1514.6,37.00305,127.103288
모산골 어린이공원(동삭2지구),어린이공원,경기도,평택시,2221.8,37.01553461,127.0997543
롯데인벤스 어린이공원,어린이공원,경기도,평택시,1547.0,36.989339,127.087918
뒷동산 어린이공원(소사벌택지 5호),어린이공원,경기도,평택시,1874.0,37.008997,127.111722
동일 어린이공원,어린이공원,경기도,평택시,2411.0,36.992456,127.1183016
동삭 어린이공원(동삭지구),어린이공원,경기도,평택시,3923.1,37.02054398,127.0963585
대동 어린이공원(소사3지구),어린이공원,경기도,평택시,2680.0,36.987296,127.118765
늘푸른안정 어린이공원,어린이공원,경기도,평택시,1500.0,36.960841,127.0414748
어울림 어린이공원(현촌지구),어린이공원,경기도,평택시,3951.0,36.99960583,127.1315582
앞마당 어린이공원(용죽지구),어린이공원,경기도,평택시,3613.0,36.99432278,127.1205239
암석 제3호 어린이공원(영신지구),어린이공원,경기도,평택시,2268.7,37.020082,127.083718
안정 어린이공원(안정지구 6호),어린이공원,경기도,평택시,4858.3,36.964653,127.045679
신흥 어린이공원(신흥지구),어린이공원,경기도,평택시,2359.0,37.001736,127.148257
신작 어린이공원,어린이공원,경기도,평택시,2031.0,36.98986,127.102063
신대쌈지 어린이공원,어린이공원,경기도,평택시,2113.0,36.99526,127.066754
숲속 어린이공원(소사벌택지 1호),어린이공원,경기도,평택시,3344.6,37.007471,127.10402
송화 어린이공원,어린이공원,경기도,평택시,1558.0,36.963975,127.059345
소사벌 어린이공원,어린이공원,경기도,평택시,2638.6,36.994734,127.115778
소사들 어린이공원(소사2지구),어린이공원,경기도,평택시,2757.8,36.98883835,127.130491
소사1 어린이공원(소사지구),어린이공원,경기도,평택시,1480.0,36.989393,127.124254
성동 어린이공원,어린이공원,경기도,평택시,2210.0,36.99588943,127.0937116
샛별 어린이공원(서재지구 78호),어린이공원,경기도,평택시,2322.0,37.008235,127.095028
색동(제1호) 어린이공원(영신지구),어린이공원,경기도,평택시,2680.6,37.020748,127.0799106
새한 어린이공원,어린이공원,경기도,평택시,2257.0,36.99242049,127.116668
새터말 어린이공원,어린이공원,경기도,평택시,1694.0,36.9655686,127.0648532
상서재 어린이공원(서재지구 75호),어린이공원,경기도,평택시,2102.0,37.01181046,127.099547
상가 어린이공원,어린이공원,경기도,평택시,1483.0,36.99999001,127.0816089
삼각 어린이공원,어린이공원,경기도,평택시,1723.0,36.9604782,127.058004
통미 어린이공원,어린이공원,경기도,평택시,1990.0,36.991862,127.096174
추팔 어린이공원,어린이공원,경기도,평택시,8329.0,36.957551,127.0780106
청솔 어린이공원,어린이공원,경기도,평택시,1604.3,37.003313,127.083109
조개터2호 어린이공원,어린이공원,경기도,평택시,1997.0,36.987735,127.103446
조개터 1호 어린이공원,어린이공원,경기도,평택시,1632.8,36.989147,127.09984
정원 어린이공원,어린이공원,경기도,평택시,5322.0,36.9964612,127.1082294
정글 어린이공원(소사벌택지 12호),어린이공원,경기도,평택시,1562.3,37.005663,127.120216
장미 어린이공원,어린이공원,경기도,평택시,1819.0,37.00657137,127.0766266
이곡 어린이공원,어린이공원,경기도,평택시,2436.0,37.000145,127.097266
은행 어린이공원,어린이공원,경기도,평택시,5081.0,36.99869782,127.1012995
원평14통(삽다리) 어린이공원,어린이공원,경기도,평택시,1500.0,37.000529,127.058007
원앙 어린이공원,어린이공원,경기도,평택시,1597.4,37.001829,127.0860165
우주별 어린이공원(소사벌택지 8호),어린이공원,경기도,평택시,1683.4,37.002497,127.111008
용이4호 어린이공원(용이지구),어린이공원,경기도,평택시,2589.0,36.995507,127.136516
용이3호 어린이공원(용이지구),어린이공원,경기도,평택시,1914.0,36.996513,127.140007
용이2호 어린이공원(용이지구),어린이공원,경기도,평택시,1849.0,36.998348,127.139361
용이1호 어린이공원(용이지구),어린이공원,경기도,평택시,1805.0,37.00002296,127.14821
어제 3호 어린이공원(모산영신지구),어린이공원,경기도,평택시,1887.0,37.02063576,127.092978
어인남 어린이공원,어린이공원,경기도,평택시,985.0,36.994051,127.10067
5호 근린공원(고덕국제화지구 율포리),근린공원,경기도,평택시,38267.0,37.051142,127.019873
4호 근린공원(두릉근린공원),근린공원,경기도,평택시,23246.0,37.05911837,127.0213808
3호 근린공원(아홉거리근린공원),근린공원,경기도,평택시,70920.0,37.06003828,127.0317745
2호 근린공원(신창근린공원),근린공원,경기도,평택시,186797.0,37.072141,127.042956
14호 근린공원(해창근린공원),근린공원,경기도,평택시,19999.0,37.032926,127.019145
13호 근린공원(함박산중앙공원),근린공원,경기도,평택시,673747.0,37.044113,127.032301
11호 근린공원(마분근린공원),근린공원,경기도,평택시,61914.0,37.038837,127.016067
노와이주단지 체육공원(노와지구),체육공원,경기도,평택시,18000.6,36.947202,127.090014
원효대사 역사공원,역사공원,경기도,평택시,7131.0,37.00472657,126.8224828
용죽 역사공원(용죽지구),역사공원,경기도,평택시,36140.4,36.99796089,127.1273484
화경 어린이공원,어린이공원,경기도,평택시,1500.0,36.98992047,127.116372
향촌 어린이공원,어린이공원,경기도,평택시,1525.0,37.00199268,127.07931
합정새롬 어린이공원,어린이공원,경기도,평택시,1500.0,36.989137,127.091306
합정 어린이공원,어린이공원,경기도,평택시,1516.0,36.988787,127.105013
한방 어린이공원,어린이공원,경기도,평택시,1483.0,36.990793,127.119713
하서재 어린이공원(서재지구 76호),어린이공원,경기도,평택시,2294.0,37.009731,127.1009231
하늘 어린이공원(소사벌택지 7호),어린이공원,경기도,평택시,1776.1,37.004445,127.113983
풍물 제2호 어린이공원(모산영신지구),어린이공원,경기도,평택시,2320.0,37.017869,127.0871897
평일 어린이공원,어린이공원,경기도,평택시,1985.0,36.990515,127.1056052
팽송 어린이공원,어린이공원,경기도,평택시,1616.0,36.96350247,127.054582
팽성 어린이공원,어린이공원,경기도,평택시,6173.0,36.95950475,127.047945
통복 어린이공원,어린이공원,경기도,평택시,2821.0,36.9984234,127.0855522
신장 근린공원,근린공원,경기도,평택시,89174.0,37.0858936,127.0511979
수촌 근린공원(수촌지구),근린공원,경기도,평택시,12249.0,37.0194398,127.1093426
송탄 근린공원,근린공원,경기도,평택시,182249.0,37.078655,127.0599249
석정 근린공원,근린공원,경기도,평택시,321558.0,37.05479217,127.061922
서정 근린공원,근린공원,경기도,평택시,18910.0,37.063181,127.060854
상서재서초 근린공원(동삭2지구),근린공원,경기도,평택시,13010.2,37.01882938,127.1044897
상서재 근린공원(동삭2지구),근린공원,경기도,평택시,16318.1,37.02067751,127.101443
부락산분수 근린공원,근린공원,경기도,평택시,161070.0,37.06512082,127.067652
봉남 근린공원,근린공원,경기도,평택시,0.0,37.10550741,127.0928513
봉골 근린공원(고덕일반산업단지),근린공원,경기도,평택시,115620.2,37.02623132,127.0630945
반지산(돌산) 근린공원,근린공원,경기도,평택시,25136.2,37.05884434,127.0647324
모곡 근린공원,근린공원,경기도,평택시,27546.6,37.03540446,127.075836
궁2리 근린공원(궁리2지구),근린공원,경기도,평택시,19409.0,37.02133962,127.0366162
견산 근린공원,근린공원,경기도,평택시,53243.0,37.107238,127.077771
갈곶 근린공원(진위제2산업단지),근린공원,경기도,평택시,12781.0,37.12396,127.079289
가곡 근린공원,근린공원,경기도,평택시,18268.0,37.1125796,127.0871795
LG Digital Park일반산업단지 근린공원,근린공원,경기도,평택시,19939.5,37.1289461,127.091568
9호 근린공원(고덕국제화지구 율포리),근린공원,경기도,평택시,22200.0,37.047085,127.014586
8호 근린공원(고덕국제화지구 두룡리),근린공원,경기도,평택시,36470.0,37.050157,127.015155
7호 근린공원(고덕국제화지구 두릉리),근린공원,경기도,평택시,26170.0,37.053903,127.017266
6호 근린공원(고덕국제화지구 좌교리),근린공원,경기도,평택시,59444.0,37.046797,127.018503
19호 어린이공원(고덕국제화지구),어린이공원,경기도,평택시,0.0,37.03856,127.018765
1호 어린이공원(포승지구 BIX),어린이공원,경기도,평택시,0.0,36.950203,126.873969
1호 높은들 어린이공원(고평지구),어린이공원,경기도,평택시,1498.4,36.995064,127.073554
23호 현덕 어린이공원(인광2지구),어린이공원,경기도,평택시,0.0,36.96321,126.921585
어린이공원(주공2단지재개발),어린이공원,경기도,평택시,4740.0,36.98987884,127.0986125
신대리문화공원,문화공원,경기도,평택시,28707.0,36.94420359,126.9975226
가곡5리 마을쉼터,기타,경기도,평택시,536.0,37.115643,127.072373
칠괴 근린공원,근린공원,경기도,평택시,9895.7,37.032169,127.088287
충의 근린공원,근린공원,경기도,평택시,14181.6,37.059477,127.071108
진위산업단지 근린공원,근린공원,경기도,평택시,12100.1,37.12282497,127.0820018
학현지구어린이공원,어린이공원,경기도,평택시,7112.0,36.9939316634,126.9270734977
늘언소공원,소공원,경기도,평택시,3128.0,37.06104879,126.9109685
1호 높은들 소공원(고평지구),소공원,경기도,평택시,1302.1,36.99537555,127.072459
솔꽃 소공원(송화지구),소공원,경기도,평택시,704.0,36.95508861,127.0516278
솔꽃 어린이공원(송화지구),어린이공원,경기도,평택시,3368.0,36.95448492,127.053778
송당소공원(송화지구),소공원,경기도,평택시,704.0,36.95509758,127.0516037
용우물 소공원(고덕일반산업단지 소공원3),소공원,경기도,평택시,2099.3,37.038943,127.050892
신장소공원,소공원,경기도,평택시,2925.0,37.0859951,127.054661
수촌1 소공원(수촌지구),소공원,경기도,평택시,1704.0,37.021725,127.1053378
소공원 1호 (송원 현대재건축),소공원,경기도,평택시,990.0,37.084785,127.0608121
성두 소공원(고덕일반산업단지 소공원1),소공원,경기도,평택시,2280.1,37.03449875,127.0412993
서연소공원,소공원,경기도,평택시,4434.8,37.06973887,127.0619136
상서재2호 소공원(동삭2지구),소공원,경기도,평택시,1358.7,37.01890415,127.105745
상서재1호 소공원(동삭2지구),소공원,경기도,평택시,915.8,37.018353,127.106952
동부19호 소공원,소공원,경기도,평택시,303.0,37.05301193,127.106322
금암2리 소공원,소공원,경기도,평택시,1009.0,37.110578,127.036043
고덕문화마을1 소공원,소공원,경기도,평택시,1230.4,37.040265,127.014809
부락산 문화공원(동부 130호),문화공원,경기도,평택시,101095.0,37.07128662,127.0738449
고덕 1호 문화공원 (고덕국제화지구),문화공원,경기도,평택시,148156.0,37.054885,127.034647
회화리 마을쉼터,기타,경기도,평택시,960.0,37.09506,127.022973
하북2리 마을쉼터,기타,경기도,평택시,999.0,37.099001,127.049593
마산1리 마을쉼터,기타,경기도,평택시,999.0,37.084656,127.0844337
마두1리 마을쉼터,기타,경기도,평택시,576.0,37.109829,127.0234052
고덕문화마을2 마을쉼터,기타,경기도,평택시,987.2,37.03807832,127.0144548
고덕당현1리 마을쉼터,기타,경기도,평택시,1033.0,37.065287,127.033445
견산5리 마을쉼터,기타,경기도,평택시,631.0,37.107212,127.072677
견산3리 마을쉼터,기타,경기도,평택시,1035.0,37.109004,127.072384
견산2리 마을쉼터,기타,경기도,평택시,234.0,37.107169,127.080433
견산1리 마을쉼터,기타,경기도,평택시,264.0,37.108159,127.073751
진위3일반산단2호 소공원(진위3일반산업단지),소공원,경기도,평택시,1500.0,37.08307309,127.098124
진위3일반산단1호 소공원(진위3일반산업단지),소공원,경기도,평택시,8731.0,37.08922,127.094889
제6호 소공원(진위역),소공원,경기도,평택시,2257.0,37.11042849,127.062125
진위역소공원,소공원,경기도,평택시,1900.0,37.110518,127.0627119
장등2리 소공원,소공원,경기도,평택시,1000.0,37.073978,127.025434
장등1리 소공원,소공원,경기도,평택시,1084.0,37.074458,127.023535
임주 소공원(고덕일반산업단지 소공원2),소공원,경기도,평택시,2238.5,37.037126,127.048316
동부 근린공원(비전3지구),근린공원,경기도,평택시,29821.0,36.99398779,127.118683
덕동산 근린공원(비전지구),근린공원,경기도,평택시,145023.0,36.99772682,127.1000579
당산 근린공원(소사벌택지 3호),근린공원,경기도,평택시,42417.7,37.009141,127.116307
다솜 근린공원(소사벌택지 1호),근린공원,경기도,평택시,59205.0,37.002667,127.093562
농성 근린공원,근린공원,경기도,평택시,29511.0,36.96456292,127.0449915
남산공원,근린공원,경기도,평택시,15253.8,36.96161211,127.0608092
남산 근린공원,근린공원,경기도,평택시,43411.0,36.95455613,127.0548927
잔다리 근린공원(세교지구),근린공원,경기도,평택시,11152.7,37.00512389,127.0872075
진위 근린공원,근린공원,경기도,평택시,36636.0,37.10927283,127.074837
제3호 근린공원(브레인시티 일반산업단지),근린공원,경기도,평택시,15005.0,37.05057913,127.0927866
제2호 근린공원(브레인시티 일반산업단지),근린공원,경기도,평택시,13757.0,37.05655681,127.0928517
제2호 근린공원(가재지구),근린공원,경기도,평택시,16340.0,37.04164592,127.0845378
제1호 근린공원(브레인시티 일반산업단지),근린공원,경기도,평택시,29646.0,37.05290244,127.0879923
제1호 근린공원(가재중앙공원),근린공원,경기도,평택시,25600.0,37.04477643,127.0761655
장안하늘채 근린공원(동부 25호),근린공원,경기도,평택시,10088.5,37.05762099,127.0776265
장당택지 근린공원,근린공원,경기도,평택시,10254.6,37.05077551,127.057345
장당(석정) 근린공원,근린공원,경기도,평택시,1958.0,37.052747,127.063266
여염 근린공원(고덕일반산업단지),근린공원,경기도,평택시,56087.7,37.03082,127.055173
신촌 새말 근린공원(신촌지구 동부 101호),근린공원,경기도,평택시,12317.0,37.024067,127.104973
생기자리 근린공원(용죽지구),근린공원,경기도,평택시,21262.6,36.99611315,127.1238893
상서재마당 근린공원(동삭2지구 근린2호),근린공원,경기도,평택시,13992.7,37.0142378,127.1025346
상서재동초 근린공원(동삭2지구),근린공원,경기도,평택시,11005.6,37.01809286,127.0984683
삼각산(평택) 근린공원,근린공원,경기도,평택시,4861.0,37.001172,127.090938
사색 근린공원(서재지구),근린공원,경기도,평택시,11659.0,37.0128715,127.0988708
사군자 근린공원(서재지구),근린공원,경기도,평택시,10702.1,37.007972,127.097251
비전 근린공원(매봉산),근린공원,경기도,평택시,68385.6,36.99505826,127.1033948
부용산 근린공원,근린공원,경기도,평택시,49092.2,36.96763,127.0603481
배다리 근린공원(소사벌택지 5호),근린공원,경기도,평택시,277072.9,37.001031,127.11924
배나무 근린공원(소사벌택지 4호),근린공원,경기도,평택시,44947.1,37.006145,127.116709
모산 근린공원,근린공원,경기도,평택시,277794.0,37.014183,127.093286
동삭 근린공원(동삭지구 1호),근린공원,경기도,평택시,11039.0,37.02063576,127.092978
동부그린 근린공원(비전3지구),근린공원,경기도,평택시,10578.0,36.99678572,127.117584
죽백 근린공원(용죽지구),근린공원,경기도,평택시,49638.6,36.99818163,127.1213308
이화 근린공원(용이지구 2호),근린공원,경기도,평택시,16742.0,36.99985485,127.1451065
은실 근린공원,근린공원,경기도,평택시,276422.0,37.00656794,127.081995
원동 근린공원 (모산영신지구),근린공원,경기도,평택시,10907.9,37.02063576,127.092978
용이 근린공원(용이지구 3호),근린공원,경기도,평택시,21590.0,36.99631351,127.1362866
영신이들 근린공원(지제 세교지구),근린공원,경기도,평택시,13847.0,37.01125,127.073562
영신 제1호 근린공원(영신지구),근린공원,경기도,평택시,13218.9,37.01820702,127.0852149
역사유적 근린공원(소사지구),근린공원,경기도,평택시,13057.0,36.98759943,127.120279
안정 근린공원,근린공원,경기도,평택시,34468.0,36.96069723,127.0531282
신흥 근린공원(신흥지구),근린공원,경기도,평택시,17889.6,37.003764,127.148865
송화 근린공원,근린공원,경기도,평택시,41950.0,36.95861635,127.0576768
솔숲 근린공원(소사2지구),근린공원,경기도,평택시,19488.3,36.99080461,127.1303008
세교 근린공원(세교지구),근린공원,경기도,평택시,10133.9,37.002585,127.0837576
내리 문화공원,문화공원,경기도,평택시,98851.4,36.9747089,127.0305923
비둘기,어린이공원,서울특별시,동작구,2114.7,37.505903,126.9517486
까막골,소공원,서울특별시,동작구,1420.1,37.5045058,126.9605347
새빛,소공원,서울특별시,동작구,1680.0,37.48733571,126.9744112
꿈나래,어린이공원,서울특별시,동작구,1720.2,37.5052677,126.9481801
칸나,소공원,서울특별시,동작구,241.0,37.48562691,126.9043083
흑석,소공원,서울특별시,동작구,442.0,37.50916104,126.957863
꽃담길,소공원,서울특별시,동작구,206.0,37.505644,126.942102
나비,소공원,서울특별시,동작구,564.1,37.50334639,126.943593
영도,소공원,서울특별시,동작구,1737.0,37.50338581,126.9411913
해밀,어린이공원,서울특별시,동작구,2392.0,37.48852684,126.9744312
까망돌,어린이공원,서울특별시,동작구,1904.5,37.506578,126.964102
흐리목,소공원,서울특별시,동작구,1869.7,37.49448602,126.9530398
국화원,소공원,서울특별시,동작구,757.0,37.50479617,126.942298
빙수골,소공원,서울특별시,동작구,822.0,37.49668291,126.932279
꿈나무,어린이공원,서울특별시,동작구,1500.0,37.50329035,126.9427329
충효,소공원,서울특별시,동작구,1081.8,37.51401526,126.950109
남성,소공원,서울특별시,동작구,924.1,37.48499215,126.9721592
희망,어린이공원,서울특별시,동작구,2654.3,37.49388882,126.9801298
서달,소공원,서울특별시,동작구,254.8,37.50115916,126.9599134
태양,어린이공원,서울특별시,동작구,1514.5,37.506795,126.944663
비계,소공원,서울특별시,동작구,298.4,37.505468,126.966378
해당화,어린이공원,서울특별시,동작구,374.0,37.48687458,126.905905
청명,어린이공원,서울특별시,동작구,1024.0,37.487572,126.9080022
개나리,어린이공원,서울특별시,동작구,454.0,37.48622359,126.965684
본동,어린이공원,서울특별시,동작구,2195.5,37.51062857,126.9544535
늘푸른,어린이공원,서울특별시,동작구,1503.0,37.48244858,126.9690493
반달,어린이공원,서울특별시,동작구,182.0,37.48355007,126.967932
샛별,어린이공원,서울특별시,동작구,344.7,37.48740186,126.965401
동작주차,근린공원,서울특별시,동작구,42220.0,37.503828,126.977294
옹달샘,어린이공원,서울특별시,동작구,445.0,37.49518283,126.929617
새벽,어린이공원,서울특별시,동작구,496.0,37.50092249,126.930155
양지,어린이공원,서울특별시,동작구,568.0,37.4798868,126.974021
참새,어린이공원,서울특별시,동작구,2982.7,37.498336,126.921885
토끼,어린이공원,서울특별시,동작구,821.7,37.47817735,126.970241
동산,어린이공원,서울특별시,동작구,466.1,37.47945513,126.9697982
꿈돌이,어린이공원,서울특별시,동작구,761.0,37.48033513,126.9699916
새싹,어린이공원,서울특별시,동작구,780.0,37.479905,126.973124
노루,어린이공원,서울특별시,동작구,337.0,37.48182555,126.974225
장미,어린이공원,서울특별시,동작구,410.5,37.49366825,126.936031
은하수,어린이공원,서울특별시,동작구,4726.0,37.494528,126.912513
까치산,근린공원,서울특별시,동작구,384026.0,37.51066813,126.9627656
까치,어린이공원,서울특별시,동작구,1604.3,37.48053895,126.979537
삼일,근린공원,서울특별시,동작구,36660.0,37.483419,126.966736
별님,어린이공원,서울특별시,동작구,259.0,37.498885,126.944953
해님,어린이공원,서울특별시,동작구,876.0,37.5015852,126.951273
꿈동산,어린이공원,서울특별시,동작구,613.8,37.50336478,126.9543235
사육신,역사공원,서울특별시,동작구,47832.0,37.51345628,126.9494127
현충,근린공원,서울특별시,동작구,1106402.2,37.48538566,126.9757312
용봉정,근린공원,서울특별시,동작구,80804.2,37.511663,126.958792
노량진,근린공원,서울특별시,동작구,413203.0,37.509371,126.943688
상도,근린공원,서울특별시,동작구,359342.8,37.49321807,126.9384079
제비,어린이공원,서울특별시,동작구,1813.9,37.506438,126.925844
신  현,어린이공원,서울특별시,중랑구,1492.3,37.60347172,127.0897486
꽃피울,어린이공원,서울특별시,중랑구,1500.1,37.60842712,127.0940364
한아름,어린이공원,서울특별시,중랑구,2005.7,37.61328191,127.0941169
안  골,어린이공원,서울특별시,중랑구,184.0,37.60453182,127.0978631
먹  골,어린이공원,서울특별시,중랑구,1006.3,37.61153715,127.0790717
소  망,어린이공원,서울특별시,중랑구,1224.5,37.61114293,127.0748852
본  동,어린이공원,서울특별시,중랑구,248.0,37.60113637,127.0857752
세  화,어린이공원,서울특별시,중랑구,1147.8,37.59920895,127.0738061
배  꽃,어린이공원,서울특별시,중랑구,1396.0,37.6041874,127.0749772
초  롱,어린이공원,서울특별시,중랑구,1433.4,37.5957492,127.0727829
꿈마루,어린이공원,서울특별시,중랑구,1578.6,37.58031623,127.093536
이  화,어린이공원,서울특별시,중랑구,215.0,37.58701827,127.1003895
한  신,어린이공원,서울특별시,중랑구,995.4,37.58816879,127.0769075
섬  들,어린이공원,서울특별시,중랑구,1005.0,37.59148188,127.0925459
소  파,어린이공원,서울특별시,중랑구,1015.5,37.58921984,127.0956963
면목어울소공원,소공원,서울특별시,중랑구,446.7,37.586168,127.096224
소담소공원,소공원,서울특별시,중랑구,500.2,37.572832,127.085867
꽃가람소공원,소공원,서울특별시,중랑구,1261.8,37.581647,127.078936
빛길소공원,소공원,서울특별시,중랑구,1221.8,37.57193391,127.086431
마중소공원,소공원,서울특별시,중랑구,854.6,37.614773,127.0824509
푸름소공원,소공원,서울특별시,중랑구,165.9,37.61531263,127.078096
묵  동,어린이공원,서울특별시,중랑구,1686.9,37.61712154,127.0813554
새  싹,어린이공원,서울특별시,중랑구,6793.5,37.58228867,127.083337
방  죽,어린이공원,서울특별시,중랑구,1002.3,37.60240392,127.1026933
갓바위,어린이공원,서울특별시,중랑구,996.0,37.59914936,127.1035307
등나무,어린이공원,서울특별시,중랑구,988.1,37.59773924,127.0966044
망우동,어린이공원,서울특별시,중랑구,2908.8,37.60215539,127.1038444
중화리,어린이공원,서울특별시,중랑구,941.8,37.60403621,127.0805855
봉  화,어린이공원,서울특별시,중랑구,824.8,37.59827363,127.0773921
상  리,어린이공원,서울특별시,중랑구,1005.3,37.59193672,127.0739354
상  봉,어린이공원,서울특별시,중랑구,1057.5,37.5931312,127.0824887
봉  황,어린이공원,서울특별시,중랑구,1013.6,37.59505385,127.0844896
구릉공원,근린공원,서울특별시,중랑구,25600.7,37.61873149,127.1123335
능산공원,근린공원,서울특별시,중랑구,12350.6,37.611635,127.0973915
신내어울공원,근린공원,서울특별시,중랑구,12915.6,37.61398523,127.0986292
봉화산근린공원,근린공원,서울특별시,중랑구,556451.3,37.60899267,127.0868214
용마산근린공원,근린공원,서울특별시,중랑구,588871.2,37.59614533,127.1049026
송  계,어린이공원,서울특별시,중랑구,1019.5,37.58453565,127.0779651
샘  터,어린이공원,서울특별시,중랑구,1591.7,37.57303751,127.0834002
까  치,어린이공원,서울특별시,중랑구,3231.7,37.58350827,127.086969
햇  살,어린이공원,서울특별시,중랑구,867.4,37.5899334,127.0832088
남  촌,어린이공원,서울특별시,중랑구,1010.6,37.58548947,127.0912564
사  랑,어린이공원,서울특별시,중랑구,1009.9,37.58564763,127.0818678
열  매,어린이공원,서울특별시,중랑구,1192.7,37.58857132,127.0809543
오거리,어린이공원,서울특별시,중랑구,1357.0,37.57710827,127.0844469
겸  재,어린이공원,서울특별시,중랑구,975.9,37.58797605,127.093223
양  지,어린이공원,서울특별시,중랑구,979.8,37.59020491,127.088887
면  목,어린이공원,서울특별시,중랑구,993.0,37.58956391,127.0859226
햇  님,어린이공원,서울특별시,중랑구,593.0,37.59360721,127.0952679
샛  별,어린이공원,서울특별시,중랑구,950.1,37.59339462,127.1008446
달동산,어린이공원,서울특별시,중랑구,984.5,37.59221339,127.095187
꽃동산,어린이공원,서울특별시,중랑구,1004.0,37.59124873,127.0991535
은하수,어린이공원,서울특별시,중랑구,1999.7,37.6156627,127.0912651
서  당,어린이공원,서울특별시,중랑구,2000.1,37.61706409,127.0881222
원  묵,어린이공원,서울특별시,중랑구,1500.9,37.616747,127.084772
청남공원,근린공원,서울특별시,중랑구,223100.0,37.62011974,127.1104604
배말공원,근린공원,서울특별시,중랑구,19887.9,37.61415177,127.1119491
능말공원,근린공원,서울특별시,중랑구,19098.6,37.6160163,127.1080257
9호,기타,경기도,화성시,367.1,37.20770938,127.1090049
48호,기타,경기도,화성시,553.0,37.1956464,127.1018446
47호,기타,경기도,화성시,5350.8,37.1956464,127.1018446
47호,기타,경기도,화성시,6034.2,37.2006656,127.0998117
47호,기타,경기도,화성시,4539.5,37.20305631,127.0992003
46호,기타,경기도,화성시,7007.6,37.20156456,127.1152247
46호,기타,경기도,화성시,10978.1,37.19722877,127.1079552
46호,기타,경기도,화성시,7280.1,37.1956464,127.1018446
10호,기타,경기도,화성시,1532.3,37.20928869,127.1140167
13호(K),기타,경기도,화성시,1241.2,37.19694674,127.1175939
13호(J),기타,경기도,화성시,3714.3,37.19694674,127.1175939
13호(I),기타,경기도,화성시,1877.7,37.19799179,127.1175534
13호(H),기타,경기도,화성시,4031.4,37.19799179,127.1175534
13호(D),기타,경기도,화성시,2578.2,37.20508708,127.1117252
13호(C),기타,경기도,화성시,3491.5,37.20534352,127.1122755
13호(B),기타,경기도,화성시,1401.6,37.20879772,127.1091357
13호(A),기타,경기도,화성시,4436.8,37.20820451,127.0992058
11호,기타,경기도,화성시,1295.5,37.20928869,127.1140167
은행 어린이공원,어린이공원,경기도,화성시,1655.0,37.21724057,127.0399039
느티 어린이공원,어린이공원,경기도,화성시,1506.0,37.21902633,127.0361218
물빛 어린이공원,어린이공원,경기도,화성시,2155.0,37.21176007,127.0419386
숨바꼭질 어린이공원,어린이공원,경기도,화성시,1595.0,37.21482653,127.0395526
색종이 어린이공원,어린이공원,경기도,화성시,1484.0,37.21450998,127.0365677
종이비행기 어린이공원,어린이공원,경기도,화성시,1535.0,37.21689638,127.0376869
새봄공원(1호근린공원),근린공원,경기도,화성시,19263.0,37.20133369,127.0290817
다람산공원,근린공원,경기도,화성시,70881.0,37.2173702,127.0336058
행복 근린공원,근린공원,경기도,화성시,14215.0,37.22178835,127.0517644
반월 중앙공원,근린공원,경기도,화성시,10289.0,37.23607672,127.0661367
병점 근린공원,근린공원,경기도,화성시,49171.0,37.21234435,127.0461085
구봉산 근린공원,근린공원,경기도,화성시,99366.0,37.20476123,127.0455665
98호,기타,경기도,화성시,3349.0,37.17351841,127.0955758
97호,기타,경기도,화성시,181.0,37.19271894,127.0878588
95호,기타,경기도,화성시,383.0,37.15949514,127.1197712
94호,기타,경기도,화성시,12318.0,37.15616898,127.1089291
93호,기타,경기도,화성시,2829.0,37.16168152,127.111088
92호,기타,경기도,화성시,8064.0,37.15532056,127.1133319
91호,기타,경기도,화성시,992.0,37.15594811,127.1137909
90호,기타,경기도,화성시,64773.0,37.15680943,127.1077129
88호,기타,경기도,화성시,467.0,37.16962575,127.095264
87호,기타,경기도,화성시,96.0,37.16962575,127.095264
85호,기타,경기도,화성시,95.0,37.16962452,127.0952107
84호,기타,경기도,화성시,10063.0,37.16464797,127.098537
81호,기타,경기도,화성시,5963.0,37.17234817,127.1169231
81호,기타,경기도,화성시,13370.0,37.17271888,127.1015652
반월4지구 어린이공원(반다리공원),어린이공원,경기도,화성시,1758.0,37.22394768,127.0602277
크로바어린이공원 (울트라2호),어린이공원,경기도,화성시,2693.0,37.2196635,127.0525818
참누리어린이공원 (울트라1호),어린이공원,경기도,화성시,2223.0,37.2200107,127.0504046
푸른꿈어린이공원 (틀뫼2호),어린이공원,경기도,화성시,1671.0,37.22773786,127.0459511
노을어린이공원 (틀뫼1호),어린이공원,경기도,화성시,4859.0,37.22596502,127.0442622
행림 어린이공원,어린이공원,경기도,화성시,1500.0,37.22395387,127.0511074
푸르지오 어린이공원(당굴공원),어린이공원,경기도,화성시,9415.0,37.23404177,127.0674358
반달 어린이공원 (두산2호),어린이공원,경기도,화성시,6947.0,37.23568108,127.0652413
반달 어린이공원 (두산1호),어린이공원,경기도,화성시,5061.0,37.23514081,127.0669638
해오른 어린이공원 (반월5호),어린이공원,경기도,화성시,1471.0,37.23291043,127.062729
자연 어린이공원 (반월4호),어린이공원,경기도,화성시,1405.0,37.23362796,127.0578278
꿈나라 어린이공원 (반월3호),어린이공원,경기도,화성시,1735.0,37.23558191,127.0602722
사랑 어린이공원 (반월2호),어린이공원,경기도,화성시,3270.0,37.23120689,127.0588902
햇빛 어린이공원 (반월1호),어린이공원,경기도,화성시,6768.0,37.23287214,127.0566915
느치미 어린이공원,어린이공원,경기도,화성시,1506.0,37.20962291,127.0421226
해당화 어린이공원,어린이공원,경기도,화성시,1524.0,37.20989982,127.0444665
안화 어린이공원,어린이공원,경기도,화성시,1552.0,37.21326132,127.0430465
철쭉(무궁화) 어린이공원,어린이공원,경기도,화성시,2044.0,37.21523998,127.0415623
살구꽃 어린이공원,어린이공원,경기도,화성시,1500.0,37.20600831,127.0443645
목련 어린이공원,어린이공원,경기도,화성시,1646.0,37.20579821,127.0459928
정든 어린이공원,어린이공원,경기도,화성시,1500.0,37.20969877,127.0480854
매화 어린이공원,어린이공원,경기도,화성시,2181.0,37.21374599,127.0511359
장미 어린이공원,어린이공원,경기도,화성시,3231.0,37.21278125,127.0478815
회화 어린이공원,어린이공원,경기도,화성시,1501.0,37.21560433,127.0455844
산수유 어린이공원,어린이공원,경기도,화성시,1513.0,37.21720185,127.0434273
양곡가족근린공원(근린10호),근린공원,경기도,화성시,12359.0,37.21618601,127.0870475
공공공지 26호,기타,경기도,화성시,309.0,37.18560763,127.083033
금곡공원(소공원2호),소공원,경기도,화성시,6919.0,37.19405777,127.0815803
공공공지 23호,기타,경기도,화성시,433.0,37.19466485,127.0820122
공공공지 22호,기타,경기도,화성시,2382.0,37.19518989,127.0823213
샛강공원(소공원1호),소공원,경기도,화성시,2212.0,37.19585551,127.0821668
병점역 공공공지,기타,경기도,화성시,178.0,37.20727341,127.0348581
공공공지2호,기타,경기도,화성시,251.0,37.22898191,127.0680177
병점2지구 3호공공공지,기타,경기도,화성시,123.0,37.20099089,127.0402872
병점2지구 2호공공공지,기타,경기도,화성시,172.0,37.20095486,127.0416482
진안 공공공지,기타,경기도,화성시,12422.0,37.21789846,127.0314016
병점지구 1호 유수지,기타,경기도,화성시,4849.0,37.20133369,127.0290817
능동 쌈지공원,기타,경기도,화성시,586.0,37.21262377,127.0550892
진안동 쌈지공원,기타,경기도,화성시,400.0,37.21292378,127.0366711
기산동 쌈지공원,기타,경기도,화성시,400.0,37.22733845,127.0378108
진안동 쌈지공원,기타,경기도,화성시,951.0,37.21116676,127.029367
벌말 체육공원,기타,경기도,화성시,3917.0,37.20141003,127.0373523
벌말공원 (병점동 소공원),소공원,경기도,화성시,1373.0,37.20044518,127.0367859
기산1지구 소공원85호,소공원,경기도,화성시,3685.0,37.21897844,127.0495889
기산1지구 소공원84호,소공원,경기도,화성시,1825.0,37.22167107,127.0496213
소공원89호,소공원,경기도,화성시,4197.0,37.22650887,127.0664309
제87호 소공원(솜다리),소공원,경기도,화성시,746.0,37.21567945,127.0539039
제86호 소공원(꽃마리),소공원,경기도,화성시,6208.0,37.21860861,127.0530213
sk뷰 소공원,소공원,경기도,화성시,382.0,37.22276443,127.054552
병점2지구 소공원,소공원,경기도,화성시,1211.0,37.21074442,127.038889
틀뫼3호공원,소공원,경기도,화성시,2473.0,37.22810191,127.0465645
병점지구 1호 공공공지,기타,경기도,화성시,6275.0,37.20562954,127.027982
24호,기타,경기도,화성시,440.0,37.18965893,127.1235865
23호,기타,경기도,화성시,444.1,37.19799179,127.1175534
22호,기타,경기도,화성시,429.9,37.19694674,127.1175939
18호,기타,경기도,화성시,1581.2,37.20574872,127.1128389
17호,기타,경기도,화성시,306.6,37.20534352,127.1122755
16호,기타,경기도,화성시,168.6,37.20619485,127.1117917
15호,기타,경기도,화성시,426.4,37.20820451,127.0992058
13호,기타,경기도,화성시,28532.0,37.19151289,127.1220502
13호(M),기타,경기도,화성시,2435.9,37.19407884,127.1157854
13호(L),기타,경기도,화성시,2945.6,37.19821757,127.1218742
47호,기타,경기도,화성시,40521.0,37.16074956,127.1053319
47호,기타,경기도,화성시,40521.0,37.17705956,127.1052196
47호,기타,경기도,화성시,40521.0,37.18530916,127.1013907
47호(E),기타,경기도,화성시,1943.0,37.20820451,127.0992058
47호(A),기타,경기도,화성시,1983.0,37.1931569,127.0991393
47호,기타,경기도,화성시,2526.0,37.20839817,127.0984508
46호(C),기타,경기도,화성시,325.0,37.19821766,127.121784
46호(B),기타,경기도,화성시,1320.0,37.19799179,127.1175534
46호(A),기타,경기도,화성시,3357.0,37.19694674,127.1175939
45호,기타,경기도,화성시,959.0,37.20288885,127.127352
44호,기타,경기도,화성시,2988.0,37.2031162,127.1249357
43호,기타,경기도,화성시,41.0,37.20380008,127.1247511
42호,기타,경기도,화성시,113.0,37.20405586,127.1244734
41호,기타,경기도,화성시,49.0,37.20329112,127.1218133
40호,기타,경기도,화성시,828.0,37.20301129,127.1217467
35호(B),기타,경기도,화성시,2685.0,37.20266363,127.1233783
35호(A),기타,경기도,화성시,3059.6,37.20215129,127.1281814
27호,기타,경기도,화성시,384.0,37.17193122,127.1186683
26호,기타,경기도,화성시,435.0,37.17375238,127.1194383
25호,기타,경기도,화성시,435.0,37.17451476,127.119814
51호,기타,경기도,화성시,487.0,37.17567047,127.1060936
50호,기타,경기도,화성시,405.0,37.17542033,127.1052622
49호,기타,경기도,화성시,1262.0,37.18576641,127.1013448
47호,기타,경기도,화성시,12913.0,37.16448602,127.095449
3호,기타,경기도,화성시,6475.0,37.16448602,127.0954293
3호,기타,경기도,화성시,6475.0,37.16901166,127.0954513
36호,기타,경기도,화성시,1889.0,37.20412111,127.0897568
35호,기타,경기도,화성시,3802.0,37.20444449,127.0910639
34호,기타,경기도,화성시,7360.0,37.15420277,127.1015853
33호,기타,경기도,화성시,328.0,37.19455516,127.0923758
32호,기타,경기도,화성시,328.0,37.20455168,127.0923931
31호,기타,경기도,화성시,2621.0,37.18898483,127.0878919
31호,기타,경기도,화성시,4257.3,37.20826393,127.0924449
30호,기타,경기도,화성시,329.0,37.16532535,127.1071141
29호,기타,경기도,화성시,231.0,37.16547037,127.1062695
28호,기타,경기도,화성시,409.6,37.16590276,127.1062849
14호,기타,경기도,화성시,402.2,37.20822457,127.0924449
13호,기타,경기도,화성시,3870.0,37.16596805,127.1089884
13호,기타,경기도,화성시,9577.4,37.16596805,127.1089421
13호,기타,경기도,화성시,6909.8,37.20909945,127.0871042
46호,기타,경기도,화성시,4371.0,37.19453293,127.091052
36호,기타,경기도,화성시,1889.0,37.20412085,127.0897265
35호,기타,경기도,화성시,3802.0,37.20448878,127.0910632
33호,기타,경기도,화성시,328.0,37.19453196,127.0923135
32호,기타,경기도,화성시,328.0,37.20451567,127.0923931
31호,기타,경기도,화성시,2621.0,37.18896854,127.0878019
58호,기타,경기도,화성시,2555.0,37.19407893,127.1156953
57호,기타,경기도,화성시,461.0,37.1625652,127.1065054
56호,기타,경기도,화성시,503.0,37.16293521,127.106731
55호,기타,경기도,화성시,207.0,37.17278617,127.1071317
54호,기타,경기도,화성시,407.0,37.17278553,127.1062045
53호,기타,경기도,화성시,445.0,37.17519886,127.1062076
52호,기타,경기도,화성시,520.0,37.17509432,127.1054358
72호,기타,경기도,화성시,96.0,37.18554973,127.1017626
71호,기타,경기도,화성시,10231.0,37.183393,127.1197405
71호,기타,경기도,화성시,6934.0,37.18565236,127.1026187
71호,기타,경기도,화성시,9892.0,37.18714561,127.0892894
70호,기타,경기도,화성시,932.0,37.18829413,127.0909531
67호,기타,경기도,화성시,3917.0,37.17416729,127.0956889
65호,기타,경기도,화성시,2963.0,37.19045356,127.0870376
64호,기타,경기도,화성시,599.0,37.18968775,127.085415
61호,기타,경기도,화성시,675.0,37.19346585,127.0910758
60호,기타,경기도,화성시,2107.0,37.19276841,127.0890226
59호,기타,경기도,화성시,1117.0,37.19401944,127.092314
73호,기타,경기도,화성시,2747.0,37.18502413,127.1015816
80호,기타,경기도,화성시,519.0,37.17742884,127.1142736
79호,기타,경기도,화성시,1562.0,37.17833093,127.1132457
77호,기타,경기도,화성시,383.0,37.17997748,127.1245475
76호,기타,경기도,화성시,466.0,37.18221927,127.125193
75호,기타,경기도,화성시,173.0,37.1843234,127.102848
74호,기타,경기도,화성시,282.0,37.18468304,127.1036984
74호,기타,경기도,화성시,219.0,37.18420214,127.1048774
39호,기타,경기도,화성시,478.0,37.20243533,127.106477
38호,기타,경기도,화성시,578.0,37.20305631,127.0992003
37호,기타,경기도,화성시,483.0,37.20305631,127.0992003
35호,기타,경기도,화성시,5334.8,37.20243533,127.106477
35호,기타,경기도,화성시,3593.8,37.20196736,127.1139456
35호,기타,경기도,화성시,3140.1,37.20183476,127.1195156
미관광장 21호,기타,경기도,화성시,239.5,37.20804693,127.0738975
미관광장 22호,기타,경기도,화성시,207.9,37.20785845,127.0730934
동탄7호 공공공지,기타,경기도,화성시,30752.0,37.20772526,127.0775618
동탄6호 공공공지,기타,경기도,화성시,21550.0,37.20663971,127.0520406
동탄4호 공공공지,기타,경기도,화성시,1981.0,37.22262767,127.0747923
동탄3호 공공공지,기타,경기도,화성시,3624.0,37.19790978,127.0651828
동탄2호 공공공지,기타,경기도,화성시,415.7,37.21716338,127.0555448
동탄1호 공공공지,기타,경기도,화성시,181.0,37.22039463,127.0588485
미관광장 44호,기타,경기도,화성시,942.0,37.19084521,127.0754687
미관광장 43호,기타,경기도,화성시,6459.0,37.20788826,127.0644588
미관광장 42호,기타,경기도,화성시,517.0,37.21392201,127.0561444
미관광장 41호,기타,경기도,화성시,8162.0,37.21702662,127.0864372
미관광장 40호,기타,경기도,화성시,11790.0,37.20891841,127.0613558
미관광장 39호,기타,경기도,화성시,1443.0,37.20944412,127.0616222
미관광장 38호,기타,경기도,화성시,962.0,37.20901263,127.060923
미관광장 37호,기타,경기도,화성시,930.0,37.20954666,127.0611573
미관광장 36호,기타,경기도,화성시,14400.0,37.18939758,127.0744696
미관광장 35호,기타,경기도,화성시,1911.1,37.19486769,127.0808844
미관광장 34호,기타,경기도,화성시,2656.0,37.19517702,127.0784695
미관광장 33호,기타,경기도,화성시,1292.6,37.1954855,127.0787895
미관광장 32호,기타,경기도,화성시,501.2,37.19676202,127.076854
미관광장 31호,기타,경기도,화성시,4044.8,37.19790561,127.0748641
미관광장 30호,기타,경기도,화성시,2816.5,37.19958146,127.0738593
미관광장 29호,기타,경기도,화성시,13222.2,37.19900839,127.0717057
미관광장 28호,기타,경기도,화성시,331.3,37.19894854,127.0711984
미관광장 27호,기타,경기도,화성시,851.2,37.19941433,127.071088
미관광장 26호(남광장),기타,경기도,화성시,3525.4,37.20083002,127.0723739
미관광장 25호(북광장),기타,경기도,화성시,6463.0,37.20596735,127.0735665
미관광장 24호,기타,경기도,화성시,158.6,37.20660878,127.076194
미관광장 23호,기타,경기도,화성시,137.2,37.20691145,127.0756864
장지1호공원,근린공원,경기도,화성시,15651.0,37.16380296,127.1162346
장지2호공원,근린공원,경기도,화성시,23950.0,37.16059748,127.113888
장지이웃공원,근린공원,경기도,화성시,15262.0,37.16107237,127.1071698
송동공원,근린공원,경기도,화성시,62871.0,37.16299504,127.1013767
산척에움길공원,근린공원,경기도,화성시,10694.0,37.16704853,127.1140852
태봉산공원,근린공원,경기도,화성시,16498.0,37.17304578,127.0976022
산척공원,근린공원,경기도,화성시,14741.0,37.17397064,127.1123316
배마루공원,근린공원,경기도,화성시,20441.0,37.17383665,127.1009461
왕배산1호공원,근린공원,경기도,화성시,281959.0,37.17750555,127.109364
송방천공원,근린공원,경기도,화성시,150276.0,37.16768828,127.1234014
동탄호수공원(근린23호),근린공원,경기도,화성시,443355.0,37.16879007,127.1016651
물류단지내 근린공원,근린공원,경기도,화성시,19903.0,37.17089117,127.1277172
감배산(12호),근린공원,경기도,화성시,39928.0,37.19293916,127.0973958
감배산(12호),근린공원,경기도,화성시,5659.0,37.19529082,127.1024523
솔향기(9호),근린공원,경기도,화성시,40436.0,37.19824127,127.1219131
치동천3호(6호),근린공원,경기도,화성시,57249.0,37.20508708,127.1117252
치동천2호(5호),근린공원,경기도,화성시,45136.0,37.20658604,127.1000852
치동천1호(4호),근린공원,경기도,화성시,10515.0,37.20594851,127.0935473
치동천1호(4호),근린공원,경기도,화성시,46532.0,37.20611179,127.0902548
치동천1호(4호),근린공원,경기도,화성시,3541.0,37.20606224,127.0964809
청계중앙공원,근린공원,경기도,화성시,213724.0,37.19990417,127.1076758
방아다리공원(동탄산단1호근린),근린공원,경기도,화성시,40452.0,37.18334921,127.0884537
동지공원(동탄산단6호근린),근린공원,경기도,화성시,16370.0,37.16325542,127.083079
송방공원(동탄산단5호근린),근린공원,경기도,화성시,13826.0,37.16806002,127.0904654
송리공원(동탄산단4호근린),근린공원,경기도,화성시,13796.0,37.16838175,127.0870611
소라공원(동탄산단3호근린),근린공원,경기도,화성시,34698.0,37.16743638,127.0831682
너른공원(동탄산단2호근린),근린공원,경기도,화성시,17496.0,37.18294581,127.0901041
4호 소공원(지산말),소공원,경기도,화성시,1398.0,37.20780171,127.1124913
도담공원(6호),소공원,경기도,화성시,7326.0,37.20183476,127.1195156
왕배산체육공원,체육공원,경기도,화성시,51327.0,37.17889373,127.1249776
체육4호,체육공원,경기도,화성시,22967.0,37.1856559,127.1039982
장지체육공원,체육공원,경기도,화성시,36025.0,37.15929991,127.1108072
치동천체육공원,체육공원,경기도,화성시,90800.0,37.2058863,127.1068813
여울공원,문화공원,경기도,화성시,271005.0,37.19832066,127.0866412
샛별어린이공원(어린이3호),어린이공원,경기도,화성시,3197.0,37.17277347,127.1228062
햇살어린이공원(어린이2호),어린이공원,경기도,화성시,2726.0,37.18173749,127.1249521
달빛어린이공원,어린이공원,경기도,화성시,1519.0,37.15544291,127.1143798
아람어린이공원,어린이공원,경기도,화성시,1605.0,37.16153057,127.1180576
꽃마리어린이공원,어린이공원,경기도,화성시,2336.0,37.15735883,127.1084473
꽃다지어린이공원,어린이공원,경기도,화성시,1544.0,37.15855026,127.106203
도란어린이공원,어린이공원,경기도,화성시,1546.0,37.15971063,127.0979902
소라어린이공원,어린이공원,경기도,화성시,724.0,37.16562384,127.0952057
감배산2호 어린이공원,어린이공원,경기도,화성시,1870.0,37.19276164,127.0976275
감배산1호 어린이공원,어린이공원,경기도,화성시,3858.0,37.19162398,127.0912411
동탄2지구 1호 어린이공원(안골),어린이공원,경기도,화성시,3956.0,37.20364912,127.1231662
자라뫼공원(10호),근린공원,경기도,화성시,76174.0,37.19347937,127.0842033
선납숲공원(2호),근린공원,경기도,화성시,231693.0,37.21173666,127.1067902
목동공원(19호),근린공원,경기도,화성시,39571.0,37.18876206,127.1263948
신리천공원(13호),근린공원,경기도,화성시,77112.0,37.18378108,127.1047333
신리천공원(13호),근린공원,경기도,화성시,111414.0,37.18378191,127.1047291
방교공원(11호),근린공원,경기도,화성시,31604.0,37.18451176,127.0924798
방교공원(11호),근린공원,경기도,화성시,9494.0,37.18392144,127.087434
돌모루공원(3호),근린공원,경기도,화성시,17407.0,37.20808825,127.086519
능동지구 소공원,소공원,경기도,화성시,503.9,37.20134627,127.0455574
금반 저류지 (저류지 6호),기타,경기도,화성시,272.3,37.18494267,127.0829053
반송 저류지 (저류지 5호),기타,경기도,화성시,788.9,37.19171671,127.0819641
인곡2 저류지 (저류지 7호),기타,경기도,화성시,708.3,37.21064081,127.0552515
공공공지 3호,기타,경기도,화성시,120.3,37.28596364,126.8165033
공공공지 2호,기타,경기도,화성시,334.4,37.27927289,126.8195413
공공공지 1호,기타,경기도,화성시,39.0,37.27963427,126.8201719
2호 체육공원(봉선체육공원),체육공원,경기도,화성시,36253.9,37.2759759,126.8229537
비봉체육공원,체육공원,경기도,화성시,171612.0,37.25813928,126.8479895
4호 어린이공원(해오름어린이공원),어린이공원,경기도,화성시,4944.0,37.2855667,126.8208057
3호 어린이공원(가온공원),어린이공원,경기도,화성시,5073.0,37.27809063,126.8200411
2호 근린공원(수노을중앙공원),근린공원,경기도,화성시,84295.4,37.28303452,126.8171133
1호체육 푸른 건강 뜰,체육공원,경기도,화성시,64136.1,37.20997393,126.8264524
7호근린 마을어귀 길,근린공원,경기도,화성시,16425.5,37.20246756,126.823594
6호근린 솔바람 공원,근린공원,경기도,화성시,12042.1,37.20909572,126.8045352
5호근린 돋음볕 공원,근린공원,경기도,화성시,11561.8,37.2078298,126.8179152
4호근린 너른 고향 들,근린공원,경기도,화성시,95046.9,37.2103429,126.8250355
3호근린 꽃내음 언덕공원,근린공원,경기도,화성시,57568.5,37.21536194,126.834282
2호근린 풀 향기 숲공원,근린공원,경기도,화성시,89448.9,37.2103532,126.8362792
1호근린 늘봄맞이 공원,근린공원,경기도,화성시,47906.0,37.20377191,126.8339098
어천저수지쌈지공원,기타,경기도,화성시,2000.0,37.25159213,126.917471
벌터쌈지공원,기타,경기도,화성시,1157.0,37.23840458,126.9263718
매송 쌈지공원(천천리 어린이놀이터),기타,경기도,화성시,800.0,37.24601066,126.9452166
천천리 가로공원,기타,경기도,화성시,2910.0,37.24385636,126.9527873
매송체육공원,체육공원,경기도,화성시,16250.0,37.24840996,126.9283726
비봉 쌈지공원 (3),기타,경기도,화성시,774.0,37.22413998,126.8589272
비봉 쌈지공원 (2),기타,경기도,화성시,569.0,37.23147872,126.8730986
비봉 쌈지공원 (1),기타,경기도,화성시,1167.0,37.23778991,126.8763179
구포리 소공원,기타,경기도,화성시,2900.0,37.24033075,126.8824821
양노리 소공원,소공원,경기도,화성시,301.0,37.21756393,126.8703831
경관광장 5호,기타,경기도,화성시,535.7,37.28606024,126.8148485
경관광장 4호,기타,경기도,화성시,134.8,37.28272689,126.8150145
경관광장 3호,기타,경기도,화성시,135.0,37.28272689,126.815654
경관광장 2호,기타,경기도,화성시,136.0,37.28384365,126.815313
경관광장 1호,기타,경기도,화성시,125.9,37.28362821,126.8158322
공공공지 9호,기타,경기도,화성시,126.3,37.28571685,126.8147639
공공공지 8호,기타,경기도,화성시,745.6,37.28633327,126.8144719
공공공지 7호,기타,경기도,화성시,754.9,37.28578396,126.8152252
공공공지 6호,기타,경기도,화성시,128.6,37.28613156,126.8153062
공공공지 5호,기타,경기도,화성시,568.4,37.28510541,126.8154616
공공공지 4호,기타,경기도,화성시,615.8,37.28564694,126.8161295
남양 우림아파트 소공원,소공원,경기도,화성시,1600.0,37.20380791,126.8041822
남양5호 어린이공원,어린이공원,경기도,화성시,1499.0,37.20436259,126.8323577
남양4호 어린이공원,어린이공원,경기도,화성시,1515.0,37.20249927,126.8295087
남양3호 어린이공원,어린이공원,경기도,화성시,1504.0,37.2069053,126.8299787
남양2호 어린이공원,어린이공원,경기도,화성시,2310.0,37.20479503,126.8288277
남양1호 어린이공원,어린이공원,경기도,화성시,1500.0,37.20360063,126.8251046
남양3호 근린공원,근린공원,경기도,화성시,5242.0,37.20216094,126.8306353
남양2-2호 근린공원,근린공원,경기도,화성시,15339.0,37.20174476,126.8320206
남양2-1호 근린공원,근린공원,경기도,화성시,3700.0,37.20294018,126.8296846
남양1호 근린공원,근린공원,경기도,화성시,52151.0,37.20549505,126.8291693
광장4호,기타,경기도,화성시,579.0,37.20643178,126.8256149
광장3호,기타,경기도,화성시,3751.0,37.19771636,126.8283399
광장2호,기타,경기도,화성시,1286.0,37.2105511,126.8313632
광장1호,기타,경기도,화성시,1304.0,37.2094188,126.8318285
공공공지2호,기타,경기도,화성시,1199.0,37.1985005,126.8276667
공공공지1호,기타,경기도,화성시,1855.0,37.19941408,126.8267235
소공원2호,소공원,경기도,화성시,463.5,37.20611799,126.8242395
소공원1호,소공원,경기도,화성시,260.1,37.20517639,126.8227457
10호어린이 살랑살랑 어린이공원,어린이공원,경기도,화성시,1609.6,37.19556386,126.8305153
9호어린이 반짝반짝 어린이공원,어린이공원,경기도,화성시,2985.9,37.19730675,126.8240783
8호어린이 방울방울 어린이공원,어린이공원,경기도,화성시,1502.8,37.20133346,126.8221548
7호어린이 용알 어린이공원,어린이공원,경기도,화성시,2694.9,37.20576672,126.8189085
6호어린이 질퍽질퍽 어린이공원,어린이공원,경기도,화성시,1540.5,37.20956367,126.8219585
5호어린이 첨벙첨벙 어린이공원,어린이공원,경기도,화성시,3554.6,37.20735158,126.8262819
4호어린이 풍덩풍덩 어린이공원,어린이공원,경기도,화성시,1758.0,37.21015717,126.8282693
3호어린이 산들산들 어린이공원,어린이공원,경기도,화성시,1679.5,37.20860812,126.8362159
2호어린이 꿈틀꿈틀 놀이터,어린이공원,경기도,화성시,1589.9,37.20446805,126.8380011
1호어린이 파릇파릇 어린이공원,어린이공원,경기도,화성시,1572.5,37.20421166,126.8400042
남양천 소공원,기타,경기도,화성시,848.0,37.20252988,126.8025235
전곡공원 2호,소공원,경기도,화성시,8162.0,37.19000175,126.6739801
전곡공원 3호,체육공원,경기도,화성시,11790.0,37.18475336,126.6765076
전곡4호 어린이공원,어린이공원,경기도,화성시,1443.0,37.18497383,126.6522074
전곡3호 어린이공원,어린이공원,경기도,화성시,962.0,37.18674003,126.6539156
전곡1호 어린이공원,어린이공원,경기도,화성시,930.0,37.18888481,126.6559733
전곡공원 4호,근린공원,경기도,화성시,14400.0,37.17869018,126.6771436
전곡2호 근린공원,근린공원,경기도,화성시,3300.0,37.18806903,126.6548596
전곡공원 1호,근린공원,경기도,화성시,41952.0,37.18745111,126.6659872
송산 쌈지공원,기타,경기도,화성시,1280.0,37.2528847,126.6923171
송산 3.1 기념공원,근린공원,경기도,화성시,9500.0,37.21714851,126.7315478
한가울 쌈지공원,기타,경기도,화성시,219.0,37.20479086,126.8073865
남양 비석공원,기타,경기도,화성시,4268.0,37.20685612,126.8121005
미소 어린이공원,어린이공원,경기도,화성시,1585.0,37.14004254,126.9120306
도와지뜰 어린이공원,어린이공원,경기도,화성시,2850.0,37.12940369,126.9042973
무궁화 어린이공원,어린이공원,경기도,화성시,4050.0,37.13070235,126.9015518
배틀 어린이공원,어린이공원,경기도,화성시,2483.0,37.13296857,126.8997891
향남1지구 4호근린(나래공원),근린공원,경기도,화성시,43238.0,37.12425649,126.9281412
향남1지구 3호근린(살구꽃공원),근린공원,경기도,화성시,46749.0,37.12917664,126.9247698
향남1지구 2호근린(평원공원),근린공원,경기도,화성시,17954.0,37.12791854,126.9174141
향남1지구 1호근린(용현공원),근린공원,경기도,화성시,18155.0,37.12391708,126.9135864
구문천 근린공원,근린공원,경기도,화성시,27943.0,37.08567333,126.9053525
하길 근린공원,근린공원,경기도,화성시,30249.0,37.08920562,126.9113808
옴뿌리산 근린공원,근린공원,경기도,화성시,2438.0,37.13335332,126.8982207
화성 바이오밸리 3호 수변공원,수변공원,경기도,화성시,186632.0,37.17533854,126.7704798
화성 바이오밸리 2호 체육공원,체육공원,경기도,화성시,24594.0,37.16973832,126.7710944
화성 바이오밸리 1호 근린공원,근린공원,경기도,화성시,30752.0,37.16983466,126.7621011
마도근린공원,근린공원,경기도,화성시,21550.0,37.18190846,126.7899034
전곡일반광장,기타,경기도,화성시,1981.0,37.18955439,126.6558339
매바위 광장,기타,경기도,화성시,3624.0,37.15987169,126.6189327
전곡리 공공공지,기타,경기도,화성시,415.7,37.1907814,126.6595448
제부교차로 공공공지,기타,경기도,화성시,181.0,37.17228761,126.6586255
바다뜰 쌈지공원,기타,경기도,화성시,743.0,37.16865459,126.7084656
매화 쌈지공원,기타,경기도,화성시,942.0,37.16733322,126.7078546
제부도 쌈지공원,기타,경기도,화성시,6459.0,37.16623043,126.6260631
전곡공원 5호,소공원,경기도,화성시,517.0,37.19094262,126.6599928
작은배틀 어린이공원(3호),어린이공원,경기도,화성시,3346.0,37.12523219,126.9171158
송곡 어린이공원(2호),어린이공원,경기도,화성시,4290.0,37.12670197,126.9141106
벌말 어린이공원(1호),어린이공원,경기도,화성시,6543.0,37.1297507,126.9143791
장짐 어린이공원,어린이공원,경기도,화성시,6212.0,37.13569293,126.9071042
향남2지구 8호 어린이(시샘달),어린이공원,경기도,화성시,1726.0,37.10356094,126.8995773
향남2지구 7호 어린이(열매달),어린이공원,경기도,화성시,1548.0,37.10599747,126.8986871
향남2지구 6호 어린이(물오름달),어린이공원,경기도,화성시,1551.0,37.10538793,126.9028323
향남2지구 5호 어린이(잎새달),어린이공원,경기도,화성시,1503.0,37.10721002,126.9025489
향남2지구 4호 어린이(푸른달),어린이공원,경기도,화성시,2020.0,37.11080941,126.9192451
향남2지구 3호 어린이(타오름달),어린이공원,경기도,화성시,1923.0,37.11375803,126.906615
향남2지구 2호 어린이(누리달),어린이공원,경기도,화성시,1593.0,37.117158,126.9160259
향남2지구 1호 어린이(견우직녀달),어린이공원,경기도,화성시,1502.0,37.11997468,126.9114104
향남2지구 2호주제(풍경공원),근린공원,경기도,화성시,43298.0,37.11194757,126.9148216
향남2지구 1호주제(하길문화공원),근린공원,경기도,화성시,19711.0,37.11194757,126.9148216
향남2지구 6호근린(손개공원),근린공원,경기도,화성시,19084.0,37.10118288,126.8938518
향남2지구 5호근린(한우리공원),근린공원,경기도,화성시,34893.0,37.1002071,126.8969145
향남2지구 4호근린(신정공원),근린공원,경기도,화성시,16049.0,37.10323928,126.9088759
향남2지구 3호근린(오음공원),근린공원,경기도,화성시,274519.0,37.11425001,126.9032194
향남2지구 2호근린(방축공원),근린공원,경기도,화성시,74534.0,37.11161795,126.9160156
향남2지구 1호근린(해찬벌공원),근린공원,경기도,화성시,12040.0,37.12040477,126.9157085
평리 공공공지,기타,경기도,화성시,652.0,37.13037546,126.9076108
구문천3리 쌈지공원,기타,경기도,화성시,369.0,37.07093279,126.8932832
향남 쌈지공원(궁도장),기타,경기도,화성시,1050.0,37.13912864,126.9290863
제암리 쌈지공원,기타,경기도,화성시,2353.0,37.12856823,126.9047729
발안유적공원,소공원,경기도,화성시,1579.0,37.13053699,126.9033565
완두콩 소공원,소공원,경기도,화성시,273.0,37.13823501,126.910596
도원체육공원,체육공원,경기도,화성시,70439.0,37.13261278,126.9280086
교통 어린이공원(8호),어린이공원,경기도,화성시,8826.0,37.12539803,126.9184706
돌내 어린이공원(7호),어린이공원,경기도,화성시,1671.0,37.12457862,126.9259789
도이 어린이공원(6호),어린이공원,경기도,화성시,2398.0,37.12772257,126.9279099
행정 어린이공원(5호),어린이공원,경기도,화성시,1789.0,37.12551535,126.9229047
댓골 어린이공원(4호),어린이공원,경기도,화성시,3894.0,37.13243841,126.9236446
구장 쌈지공원,기타,경기도,화성시,5886.0,37.16116892,126.9059971
구장리 코리요놀이터,기타,경기도,화성시,546.0,37.16275471,126.9054957
양감쌈지공원2호,기타,경기도,화성시,600.0,37.1072889,126.970441
양감쌈지공원1호,기타,경기도,화성시,150.0,37.08163296,126.9447523
요당지구 소공원,소공원,경기도,화성시,7373.0,37.06523172,126.9392783
상신3리 쌈지공원,기타,경기도,화성시,192.0,37.1002012,126.9056187
상신2리 쌈지공원,기타,경기도,화성시,180.0,37.09500475,126.8943558
향남2지구 주택단지 공공공지,기타,경기도,화성시,90.0,37.11774804,126.9163425
향남2지구 2-1호 공공공지,기타,경기도,화성시,3125.0,37.1208695,126.9144009
향남2지구 7호 공공공지,기타,경기도,화성시,391.0,37.10548284,126.9095273
향남2지구 6호 공공공지,기타,경기도,화성시,405.0,37.10597722,126.908621
향남2지구 5호 공공공지,기타,경기도,화성시,373.0,37.10682583,126.9072403
향남2지구 4호 공공공지,기타,경기도,화성시,373.0,37.10705453,126.9079434
향남2지구 3호 공공공지,기타,경기도,화성시,395.0,37.10670627,126.9081747
향남2지구 2호 공공공지,기타,경기도,화성시,474.0,37.10725324,126.9090024
향남2지구 1호 공공공지,기타,경기도,화성시,369.0,37.10801727,126.9085284
향남2지구 2호광장,기타,경기도,화성시,728.0,37.0997695,126.9016718
향남2지구 1호광장,기타,경기도,화성시,22576.0,37.11546787,126.9135494
향남2지구 1호 소공원,소공원,경기도,화성시,631.0,37.11081918,126.9022408
향남2지구 3호주제(화합체육),체육공원,경기도,화성시,41862.0,37.10542997,126.905648
상신리 어린이공원,어린이공원,경기도,화성시,367.0,37.0954684,126.8843402
향남2지구 11호 어린이(해솟음달),어린이공원,경기도,화성시,1502.0,37.09895905,126.9011577
향남2지구 10호 어린이(미름달),어린이공원,경기도,화성시,1919.0,37.09910524,126.8968809
향남2지구 9호 어린이(하늘연달),어린이공원,경기도,화성시,2000.0,37.10121628,126.8956483
장안남산 체육공원,체육공원,경기도,화성시,37163.0,37.07821751,126.834711
조암 5호 어린이공원,어린이공원,경기도,화성시,1496.0,37.08536792,126.8212054
조암 4호 어린이공원,어린이공원,경기도,화성시,2535.0,37.08596871,126.8229186
조암 3호 어린이공원,어린이공원,경기도,화성시,3717.0,37.089447,126.8225527
조암 2호 어린이공원,어린이공원,경기도,화성시,8401.0,37.09081593,126.8241887
조암 어린이공원,어린이공원,경기도,화성시,2010.0,37.08516916,126.8186356
조암1호 근린공원,근린공원,경기도,화성시,12426.0,37.08884692,126.8255708
쌍봉산 근린공원,근린공원,경기도,화성시,37235.0,37.08976969,126.817696
장안근린 2호,근린공원,경기도,화성시,13464.0,37.10472944,126.8488242
장안근린 1호,근린공원,경기도,화성시,9966.0,37.10985119,126.8473263
장안 1호근린공원,근린공원,경기도,화성시,10847.0,37.11345479,126.8423573
협성대 앞 쌈지공원,기타,경기도,화성시,268.0,37.21533368,126.9523073
와우리 문화공원(코리요 문화공원),문화공원,경기도,화성시,4590.0,37.21578942,126.9673131
와우리 소공원,소공원,경기도,화성시,2256.0,37.21630102,126.9694235
신동아 파밀리에아파트 소공원,소공원,경기도,화성시,4533.0,37.22108085,126.9574283
해오름공원,소공원,경기도,화성시,4571.0,37.21626252,126.969966
한울3호어린이공원,어린이공원,경기도,화성시,2983.0,37.23557941,126.9567392
솔향기공원(5호),어린이공원,경기도,화성시,3539.0,37.21306947,126.9621463
산새들공원(4호),어린이공원,경기도,화성시,3654.0,37.21485312,126.9608385
물소리공원(3호) → 동화어린이공원,어린이공원,경기도,화성시,3037.0,37.21741785,126.9609388
달그림자공원(2호),어린이공원,경기도,화성시,3380.0,37.21573902,126.9588942
피아노숲공원(1호),어린이공원,경기도,화성시,2114.0,37.21846305,126.9558658
봉담호수 어린이공원,어린이공원,경기도,화성시,3120.0,37.21904601,126.9519703
봉담상리 어린이공원,어린이공원,경기도,화성시,1900.0,37.21772429,126.9474786
봉담아이파크어린이공원(하늘공원),어린이공원,경기도,화성시,1501.0,37.21250301,126.9722471
와우남촌 어린이공원,어린이공원,경기도,화성시,1477.0,37.21680945,126.9767956
봉담수영 어린이공원,어린이공원,경기도,화성시,2284.0,37.24172932,126.9547203
한울2-1호공원,어린이공원,경기도,화성시,3982.0,37.2373581,126.954659
한울2호공원,어린이공원,경기도,화성시,1500.0,37.23741359,126.9541996
한울1호공원,어린이공원,경기도,화성시,3150.0,37.23409174,126.9560401
동화마을 생태공원,근린공원,경기도,화성시,161978.0,37.21346548,126.9576087
봉담호수공원,근린공원,경기도,화성시,19282.0,37.21976581,126.9512128
매향리평화생태공원,문화공원,경기도,화성시,335536.0,37.04474991,126.7546709
조암 3호 공공공지,기타,경기도,화성시,990.0,37.08777974,126.8255456
조암 2호 공공공지,기타,경기도,화성시,290.2,37.08725025,126.8227378
조암 1호 공공공지,기타,경기도,화성시,44.6,37.08790992,126.8228186
주곡문화공원,소공원,경기도,화성시,2879.0,37.12485471,126.7948603
장안(금의)산단 소공원,소공원,경기도,화성시,3061.0,37.11364171,126.8390948
알음공원,소공원,경기도,화성시,3035.0,37.07276751,126.8669733
수촌소공원,소공원,경기도,화성시,2855.0,37.09646372,126.8481179
광도아파트 어린이공원,어린이공원,경기도,화성시,1578.0,37.227142,126.9732011
해피트리 어린이공원,어린이공원,경기도,화성시,2231.0,37.22291055,126.9790327
별향 어린이공원,어린이공원,경기도,화성시,4342.0,37.22232251,126.9750449
나눔 어린이공원,어린이공원,경기도,화성시,3673.0,37.22312562,126.9748557
솔빛 어린이공원,어린이공원,경기도,화성시,2400.0,37.22354427,126.9758262
미로 어린이공원,어린이공원,경기도,화성시,2540.0,37.22473333,126.9761949
수국 어린이공원,어린이공원,경기도,화성시,1070.0,37.22175123,126.9856081
야생초 어린이공원,어린이공원,경기도,화성시,3514.0,37.22029034,126.9890035
솔뫼 어린이공원,어린이공원,경기도,화성시,1555.0,37.20012743,127.0073277
서작현 어린이공원,어린이공원,경기도,화성시,2300.0,37.20658302,127.0145576
현충공원,근린공원,경기도,화성시,17391.0,37.20589597,127.022022
봉담2 공공공지2호,기타,경기도,화성시,2004.7,37.22590607,126.9460043
봉담2 공공공지1호,기타,경기도,화성시,718.0,37.22562346,126.9451931
풀내음 소공원,소공원,경기도,화성시,393.0,37.22344961,126.9448462
어울림문화공원,문화공원,경기도,화성시,26645.0,37.23063342,126.9429809
생태체육공원,체육공원,경기도,화성시,85641.0,37.22482551,126.9423479
오순도순어린이공원(지구외),어린이공원,경기도,화성시,1200.0,37.22319306,126.9482131
하늘하늘어린이공원(제3호),어린이공원,경기도,화성시,1500.0,37.22144319,126.9464415
무럭무럭어린이공원(제2호),어린이공원,경기도,화성시,1829.0,37.22544569,126.950737
도란도란어린이공원(제1호),어린이공원,경기도,화성시,1906.0,37.23607447,126.9427964
들녘오름공원(제2호),근린공원,경기도,화성시,28663.0,37.22778904,126.952268
삼봉근린공원(제1호),근린공원,경기도,화성시,32235.0,37.2260722,126.9439303
수인선 상부 공원,기타,경기도,화성시,11734.0,37.24097625,126.9530704
동화리 공공공지 5호,기타,경기도,화성시,255.0,37.22278062,126.9564825
동화리 공공공지 4호,기타,경기도,화성시,209.0,37.22322423,126.9572485
동화리 공공공지 3호,기타,경기도,화성시,657.0,37.22189906,126.959473
동화리 공공공지 2호,기타,경기도,화성시,602.0,37.22273764,126.9589085
동화리 공공공지 1호,기타,경기도,화성시,228.0,37.22341893,126.9581062
동화리 어린이놀이터(동화리 쌈지공원),기타,경기도,화성시,127.0,37.22077669,126.9553656
안녕일공원,수변공원,경기도,화성시,6765.0,37.20185343,127.0084568
기배역사공원,역사공원,경기도,화성시,16300.0,37.21471432,126.9837766
동탄 구봉산공원(나래울),근린공원,경기도,화성시,1825.7,37.20582056,127.0515788
하늘빛공원,근린공원,경기도,화성시,1565.9,37.20989421,127.0772989
개나리공원,근린공원,경기도,화성시,2116.1,37.21079193,127.0665744
독재울공원,근린공원,경기도,화성시,1514.9,37.21386234,127.0591077
4호 공공공지,기타,경기도,화성시,125.0,37.14116877,127.0244691
3호 공공공지,기타,경기도,화성시,124.0,37.14134548,127.0249868
2호 공공공지,기타,경기도,화성시,137.0,37.14187102,127.0269766
1호 공공공지,기타,경기도,화성시,134.0,37.14183492,127.0273732
5호 문화공원,문화공원,경기도,화성시,510.1,37.14306863,127.0269234
4호 문화공원,문화공원,경기도,화성시,504.3,37.1434214,127.0246719
3호 문화공원,문화공원,경기도,화성시,2870.3,37.1459439,127.0268223
2호 문화공원,문화공원,경기도,화성시,2392.7,37.14414733,127.0309805
1호 문화공원,문화공원,경기도,화성시,2791.4,37.14190606,127.0313208
1호 근린공원,근린공원,경기도,화성시,17641.2,37.14637723,127.0229042
괘랑리 쌈지공원,기타,경기도,화성시,553.0,37.18756493,127.0055038
관항리 쌈지공원,기타,경기도,화성시,640.0,37.17879774,126.9758514
보통리 쌈지공원,기타,경기도,화성시,491.0,37.18219957,126.973112
귀래생태공원,수변공원,경기도,화성시,54000.0,37.13708977,127.0018903
한승미메이드 공공공지,기타,경기도,화성시,853.0,37.20891077,127.0131703
광도 쌈지공원,기타,경기도,화성시,30.0,37.22748788,126.9724874
남산공단 공영주차장 위 공원,기타,경기도,화성시,2000.0,37.19555253,126.9895015
원송산 마을 쌈지공원(송산동 쌈지),기타,경기도,화성시,107.0,37.20989759,127.0093243
안녕동 쌈지공원(3),기타,경기도,화성시,403.0,37.19348646,127.0047469
황계공원,기타,경기도,화성시,540.0,37.22224836,127.0171919
안녕동 쌈지공원(2),기타,경기도,화성시,802.0,37.19889843,127.0239242
안녕동 쌈지공원(1),기타,경기도,화성시,996.0,37.2008477,127.0243654
동문아파트 소공원,기타,경기도,화성시,2067.0,37.20184937,127.0224043
품못골저수지 쉼터,기타,경기도,화성시,2400.0,37.22028487,126.9904169
한반 저류지 (저류지3호),기타,경기도,화성시,974.6,37.22524949,127.0721266
능리 저류지 (저류지2호),기타,경기도,화성시,780.8,37.19704636,127.0507194
인곡1 저류지 (저류지1호),기타,경기도,화성시,749.0,37.2140788,127.0543215
석우동 쌈지공원,기타,경기도,화성시,1176.0,37.22496802,127.0738277
석우리천 공원,수변공원,경기도,화성시,474.0,37.21616129,127.0852301
능동지구 제4호어린이공원,어린이공원,경기도,화성시,384.0,37.20157955,127.0481298
능동지구 제3호어린이공원,어린이공원,경기도,화성시,40639.0,37.20144887,127.0486924
동탄6호 어린이공원,어린이공원,경기도,화성시,850.0,37.22446674,127.0748423
동탄5호 어린이공원(옹달샘공원),어린이공원,경기도,화성시,850.0,37.19750418,127.0766045
동탄4호 어린이공원,어린이공원,경기도,화성시,8179.0,37.18810252,127.0700424
동탄3호 어린이공원,어린이공원,경기도,화성시,7531.0,37.19270248,127.0665988
동탄2호 어린이공원,어린이공원,경기도,화성시,5366.6,37.19820666,127.0515766
동탄1호 어린이공원,어린이공원,경기도,화성시,5836.8,37.21653225,127.0563187
동탄14호 근린공원(돌모루공원),근린공원,경기도,화성시,8534.2,37.2241497,127.0765656
동탄13호 근린공원(초록공원),근린공원,경기도,화성시,26930.5,37.22044467,127.0706875
손바닥공원,근린공원,경기도,화성시,1710.0,37.20925484,127.056105
동학산공원,근린공원,경기도,화성시,586.0,37.22067418,127.0791305
큰재봉공원,근린공원,경기도,화성시,586.0,37.21311449,127.0846242
탄요유적공원,근린공원,경기도,화성시,36758.0,37.19002871,127.0701643
육탄10용사 기념공원,근린공원,경기도,화성시,36758.0,37.19379152,127.0674777
솔빛공원,근린공원,경기도,화성시,2086.0,37.19624041,127.0712104
노작공원,근린공원,경기도,화성시,1562.0,37.20247008,127.0741916
동탄센트럴파크,근린공원,경기도,화성시,2213.0,37.20675447,127.0630117
미관광장 20호,기타,경기도,화성시,412.0,37.20825049,127.0735399
미관광장 19호,기타,경기도,화성시,347.2,37.20783779,127.0694519
미관광장 18호,기타,경기도,화성시,904.0,37.19542128,127.0700232
미관광장 17호,기타,경기도,화성시,421.0,37.19114638,127.0757811
미관광장 16호,기타,경기도,화성시,715.0,37.18791011,127.0703295
미관광장 15호,기타,경기도,화성시,894.0,37.18898924,127.071847
미관광장 14호,기타,경기도,화성시,506.0,37.19522156,127.0695118
미관광장 13호,기타,경기도,화성시,371.0,37.20177939,127.0610538
미관광장 12호,기타,경기도,화성시,379.2,37.20800808,127.0688252
미관광장 11호,기타,경기도,화성시,381.2,37.20893745,127.0668763
미관광장 10호,기타,경기도,화성시,5419.4,37.20836831,127.0642801
미관광장 9호,기타,경기도,화성시,5227.5,37.21130675,127.0668666
미관광장 8호,기타,경기도,화성시,207.8,37.2100303,127.0643858
미관광장 7호,기타,경기도,화성시,184.2,37.21023062,127.0640343
미관광장 6호,기타,경기도,화성시,400.5,37.21083617,127.0625157
미관광장 5호,기타,경기도,화성시,272.3,37.19912385,127.0529956
미관광장 4호,기타,경기도,화성시,255.8,37.20753706,127.0601512
미관광장 3호,기타,경기도,화성시,772.0,37.21105932,127.0620409
미관광장 2호,기타,경기도,화성시,962.7,37.21359335,127.0625115
미관광장 1호,기타,경기도,화성시,1065.8,37.21587936,127.0556082
5호 소공원(지산향기),소공원,경기도,화성시,1412.0,37.20564036,127.113976
21호,기타,경기도,화성시,556.0,37.20156456,127.1152247
20호,기타,경기도,화성시,683.0,37.20156456,127.1152247
19호,기타,경기도,화성시,593.0,37.20196736,127.1139456
13호,기타,경기도,화성시,2716.7,37.20196736,127.1139456
13호,기타,경기도,화성시,4118.4,37.20156456,127.1152247
광장5호,기타,경기도,화성시,2528.2,37.18739123,127.0866036
광장3호,기타,경기도,화성시,2393.1,37.19118457,127.085822
동탄2 택지 광장 1호,기타,경기도,화성시,620.0,37.20716606,127.1111401
광장2호,기타,경기도,화성시,859.0,37.19531663,127.1023614
중리 쌈지공원,기타,경기도,화성시,802.0,37.21807594,127.1226272
곱다시공원(소공원11호),소공원,경기도,화성시,3489.0,37.18484828,127.1261451
달무리공원(소공원10호),소공원,경기도,화성시,2468.0,37.18264274,127.1205009
22호 소공원,소공원,경기도,화성시,330.0,37.16139999,127.1174919
노을공원,소공원,경기도,화성시,736.0,37.15940752,127.1145945
효행공원,소공원,경기도,화성시,4702.0,37.15696049,127.1103459
도순공원,소공원,경기도,화성시,1150.0,37.16058233,127.1030593
오순공원,소공원,경기도,화성시,734.0,37.16090324,127.1023468
장지빛공원,소공원,경기도,화성시,686.0,37.16084864,127.1177968
고샅공원,소공원,경기도,화성시,409.0,37.16851473,127.0941283
물류단지내 소공원,소공원,경기도,화성시,4803.0,37.17089117,127.1277172
9호 소공원(예솔),소공원,경기도,화성시,4373.0,37.20798489,127.1029643
8호 소공원(청계사랑),소공원,경기도,화성시,4408.0,37.20980194,127.1064365
7호 소공원(한울),소공원,경기도,화성시,1176.0,37.20419162,127.1285102
1호 근린공원(별솔공원),근린공원,경기도,화성시,11628.0,37.27454355,126.8294747
배밭근린공원,근린공원,서울특별시,강남구,11627.2,37.48821488,127.0594681
청룡근린공원,근린공원,서울특별시,강남구,9367.0,37.48528514,127.0537972
포이근린공원,근린공원,서울특별시,강남구,16811.4,37.47967612,127.0447815
독골근린공원,근린공원,서울특별시,강남구,10022.9,37.484552,127.0468249
늘벗근린공원,근린공원,서울특별시,강남구,19812.3,37.48928087,127.0563303
대치근린공원,근린공원,서울특별시,강남구,10408.9,37.495123,127.0699032
개포동근린공원,근린공원,서울특별시,강남구,9705.6,37.48970641,127.0682905
개포서근린공원,근린공원,서울특별시,강남구,11219.2,37.4885944,127.0635583
늘푸른근린공원,근린공원,서울특별시,강남구,12067.2,37.48951135,127.0773393
대청근린공원,근린공원,서울특별시,강남구,14089.1,37.49241615,127.0833736
신사근린공원,근린공원,서울특별시,강남구,6800.0,37.526708,127.0212651
개포근린공원,근린공원,서울특별시,강남구,90063.9,37.4830336,127.063861
한티근린공원,근린공원,서울특별시,강남구,19200.0,37.49524119,127.0622107
청담근린공원,근린공원,서울특별시,강남구,59347.0,37.52152002,127.0522736
청수근린공원,근린공원,서울특별시,강남구,17402.0,37.523249,127.0584463
학여울근린공원,근린공원,서울특별시,강남구,12505.6,37.48970641,127.0682905
봉은역사공원,역사공원,서울특별시,강남구,75635.7,37.51391154,127.0554916
광평공원,근린공원,서울특별시,강남구,10746.9,37.48651921,127.0921363
강남세곡체육공원,체육공원,서울특별시,강남구,98417.0,37.46693664,127.1126916
세곡동 근린공원1,근린공원,서울특별시,강남구,10310.4,37.46058474,127.1038574
수서택지개발(광평부근),근린공원,서울특별시,강남구,7569.1,37.48674541,127.0971098
수서택지개발(대모산부근),근린공원,서울특별시,강남구,11588.6,37.48093233,127.0805118
수서제2근린공원,근린공원,서울특별시,강남구,44587.5,37.48359088,127.0887929
새뜰근린공원,근린공원,서울특별시,강남구,427.6,37.49660384,127.0510177
큰골근린공원,근린공원,서울특별시,강남구,1688.1,37.49397694,127.054871
학봉근린공원,근린공원,서울특별시,강남구,1343.0,37.51303694,127.0521038
샘터근린공원,근린공원,서울특별시,강남구,1799.5,37.51542123,127.0474657
반달근린공원,근린공원,서울특별시,강남구,679.3,37.5162258,127.0428717
배꽃근린공원,근린공원,서울특별시,강남구,1592.9,37.51628496,127.0446033
매봉근린공원,근린공원,서울특별시,강남구,6146.9,37.492112,127.0504068
길섶근린공원,근린공원,서울특별시,강남구,1580.6,37.49757437,127.0489095
영동근린공원,근린공원,서울특별시,강남구,1293.6,37.49801996,127.0486499
언주근린공원,근린공원,서울특별시,강남구,1110.8,37.49864145,127.0475791
송운근린공원,근린공원,서울특별시,강남구,1175.0,37.4993173,127.0490489
도성근린공원,근린공원,서울특별시,강남구,1988.8,37.5003029,127.0488318
갈매기근린공원,근린공원,서울특별시,강남구,7732.0,37.53139874,127.0345365
싸리고개근린공원,근린공원,서울특별시,강남구,15072.5,37.48962828,127.0363246
도곡근린공원,근린공원,서울특별시,강남구,254648.0,37.48946129,127.0440022
삼성은행나무근린공원,근린공원,서울특별시,강남구,1500.0,37.51651533,127.0457554
학동근린공원,근린공원,서울특별시,강남구,29947.0,37.51548988,127.0252037
한솔근린공원,근린공원,서울특별시,강남구,12878.4,37.481203,127.0787962
탄천근린공원,근린공원,서울특별시,강남구,10011.0,37.487436,127.1064899
대진근린공원,근린공원,서울특별시,강남구,13568.3,37.496049,127.0788531
달터근린공원,근린공원,서울특별시,강남구,232078.2,37.485434,127.0596369
역삼까치공원,어린이공원,서울특별시,강남구,987.2,37.4972618,127.0307401
역삼장미공원,어린이공원,서울특별시,강남구,1636.6,37.495327,127.0447331
도곡목련공원,어린이공원,서울특별시,강남구,1709.2,37.484915,127.0443053
도곡까치공원,어린이공원,서울특별시,강남구,1793.8,37.483326,127.0451093
청담목련공원,어린이공원,서울특별시,강남구,1642.1,37.52300518,127.0498445
청담은행나무공원,어린이공원,서울특별시,강남구,1643.8,37.525154,127.0442417
삼성까치공원,어린이공원,서울특별시,강남구,1462.9,37.51841744,127.0605431
삼성목련공원,어린이공원,서울특별시,강남구,1641.4,37.518515,127.0538884
압구정은행나무공원,어린이공원,서울특별시,강남구,2547.4,37.53072221,127.0314438
압구정목련공원,어린이공원,서울특별시,강남구,2027.2,37.53268534,127.0322088
신사개나리공원,어린이공원,서울특별시,강남구,991.3,37.52567303,127.029443
신사까치공원,어린이공원,서울특별시,강남구,992.9,37.52342193,127.029229
신사무궁화공원,어린이공원,서울특별시,강남구,1641.8,37.524131,127.0319138
신사목련공원,어린이공원,서울특별시,강남구,1001.1,37.52291399,127.0258327
신사은행나무공원,어린이공원,서울특별시,강남구,1240.1,37.52059722,127.0260394
학동공원,어린이공원,서울특별시,강남구,1498.5,37.511646,127.0387639
논현소나무공원,어린이공원,서울특별시,강남구,1819.9,37.51573112,127.0374539
논현무궁화공원,어린이공원,서울특별시,강남구,1879.7,37.50667179,127.0307039
논현개나리공원,어린이공원,서울특별시,강남구,1652.9,37.51122564,127.0300758
논현은행나무공원,어린이공원,서울특별시,강남구,1014.5,37.51259546,127.0224572
논현목련공원,어린이공원,서울특별시,강남구,986.0,37.5108669,127.0267093
논현까치공원,어린이공원,서울특별시,강남구,956.7,37.50852892,127.0250971
아크로힐스소공원,소공원,서울특별시,강남구,800.0,37.51003194,127.0395693
역삼나들이소공원,소공원,서울특별시,강남구,650.0,37.500748,127.0504317
도곡동 426-9(로덴하우스)소공원,소공원,서울특별시,강남구,80.0,37.48560304,127.0460585
도곡단비소공원,소공원,서울특별시,강남구,896.5,37.49389921,127.0472249
다솜소공원,소공원,서울특별시,강남구,604.1,37.49577558,127.0478708
역삼문화공원,문화공원,서울특별시,강남구,33974.9,37.50251536,127.0303909
수서목련공원,어린이공원,서울특별시,강남구,1418.8,37.49062982,127.1036989
수서은행나무공원,어린이공원,서울특별시,강남구,1500.4,37.49213676,127.0997523
수서까치공원,어린이공원,서울특별시,강남구,1500.2,37.48713637,127.0979512
일원새싹공원,어린이공원,서울특별시,강남구,1500.2,37.484772,127.0890958
일원진달래공원,어린이공원,서울특별시,강남구,1500.1,37.484753,127.0847344
일원비둘기공원,어린이공원,서울특별시,강남구,1501.0,37.48327765,127.0860025
일원상록수공원,어린이공원,서울특별시,강남구,1500.4,37.482102,127.0822265
일원소나무공원,어린이공원,서울특별시,강남구,1500.6,37.484061,127.0817812
일원느티나무공원,어린이공원,서울특별시,강남구,1825.7,37.483047,127.0774123
일원개나리공원,어린이공원,서울특별시,강남구,4453.6,37.48300519,127.0763956
일원장미공원,어린이공원,서울특별시,강남구,1500.0,37.480681,127.0808231
한마음공원,어린이공원,서울특별시,강남구,2488.1,37.49642631,127.0755359
예지공원,어린이공원,서울특별시,강남구,1535.9,37.49183156,127.0733493
궁마을공원,근린공원,서울특별시,강남구,14449.0,37.48369397,127.0952707
일원까치공원,어린이공원,서울특별시,강남구,1476.3,37.4918904,127.0882309
일원목련공원,어린이공원,서울특별시,강남구,1613.8,37.491431,127.0855901
일원은행나무공원,어린이공원,서울특별시,강남구,1500.3,37.492002,127.0769753
개포목련공원,어린이공원,서울특별시,강남구,1639.1,37.47429924,127.0524432
개포은행나무공원,어린이공원,서울특별시,강남구,1641.7,37.47602964,127.0492625
개포까치공원,어린이공원,서울특별시,강남구,1690.2,37.48370515,127.0608782
대치은행나무공원,어린이공원,서울특별시,강남구,1618.7,37.501649,127.0515319
대치까치공원,어린이공원,서울특별시,강남구,992.2,37.496941,127.059198
대치목련공원,어린이공원,서울특별시,강남구,1649.1,37.49982553,127.0581713
역삼은행나무공원,어린이공원,서울특별시,강남구,1647.1,37.505409,127.0312225
역삼소나무공원,어린이공원,서울특별시,강남구,987.3,37.49099783,127.0336992
역삼개나리공원,어린이공원,서울특별시,강남구,1635.0,37.497571,127.0362551
역삼무궁화공원,어린이공원,서울특별시,강남구,991.5,37.493835,127.032209
못골위근린공원,근린공원,서울특별시,강남구,26307.0,37.47440226,127.0967379
숲자락근린공원,근린공원,서울특별시,강남구,38003.6,37.47298119,127.0929684
세명근린공원,근린공원,서울특별시,강남구,5236.8,37.4692274,127.0902554
세천근린공원,근린공원,서울특별시,강남구,18856.7,37.46652497,127.0949058
대왕공원,어린이공원,서울특별시,강남구,2633.1,37.4624778,127.1049341
세곡천공원,어린이공원,서울특별시,강남구,2645.1,37.46321345,127.1012799
충현공원,어린이공원,서울특별시,강남구,2721.8,37.50467201,127.0365347
아래방죽마을공원,어린이공원,서울특별시,강남구,386.0,37.473276,127.1082321
윗방죽마을공원,어린이공원,서울특별시,강남구,935.0,37.470276,127.104681
못골공원,어린이공원,서울특별시,강남구,749.0,37.473573,127.100181
쟁골공원,어린이공원,서울특별시,강남구,468.0,37.48190388,127.1020753
은곡마을공원,어린이공원,서울특별시,강남구,2686.0,37.46801863,127.1004611
윗반고개공원,어린이공원,서울특별시,강남구,1250.0,37.46569942,127.109147
아래반고개공원,어린이공원,서울특별시,강남구,863.0,37.463874,127.1071102
수서개나리공원,어린이공원,서울특별시,강남구,1500.1,37.487518,127.1054203
수서역사공원,역사공원,서울특별시,강남구,20514.0,37.48055556,127.0961111
세곡근린공원,근린공원,서울특별시,강남구,34978.9,37.47019671,127.0933333
삼성해맞이근린공원,근린공원,서울특별시,강남구,22598.7,37.51944444,127.0616667
보은근린공원,근린공원,서울특별시,강남구,1147.7,37.49795348,127.048244
대치구마을 1지구 소공원,소공원,서울특별시,강남구,1381.7,37.50077975,127.0629541
대모산근린공원,근린공원,서울특별시,강남구,229732.7,37.47472222,127.0788889
개포1단지소공원,소공원,서울특별시,강남구,1134.8,37.48310598,127.05872
개포17근린공원,근린공원,서울특별시,강남구,10965.9,37.48654248,127.0710195
개포16근린공원,근린공원,서울특별시,강남구,12562.0,37.48078254,127.0575557
개포문화공원,문화공원,서울특별시,강남구,4471.7,37.48416667,127.0653498
개나리4차아파트소공원,소공원,서울특별시,강남구,2543.3,37.50187452,127.0453003
래미안라클래시소공원,소공원,서울특별시,강남구,1320.0,37.51863809,127.0497099
대치제2지구소공원,소공원,서울특별시,강남구,595.5,37.50195628,127.0648309
솔밭소공원,소공원,서울특별시,강남구,692.0,37.4738142,127.1082681
방죽소공원,소공원,서울특별시,강남구,5704.0,37.47270823,127.1066181
래미안대치팰리스소공원2,소공원,서울특별시,강남구,990.0,37.4949289,127.061663
래미안대치팰리스소공원1,소공원,서울특별시,강남구,3845.0,37.4943606,127.0598416
대치에스케이뷰2 소공원,소공원,서울특별시,강남구,481.0,37.49605146,127.0614886
대치에스케이뷰1 소공원,소공원,서울특별시,강남구,302.0,37.49576505,127.0595115
행복공원,어린이공원,서울특별시,강남구,2483.5,37.46728874,127.0971653
도담공원,어린이공원,서울특별시,강남구,4282.7,37.46732499,127.0986125
도곡햇살소공원,소공원,서울특별시,강남구,558.5,37.49575164,127.0524907
역삼미소공원,소공원,서울특별시,강남구,576.0,37.50142477,127.0439883
쉼표소공원,소공원,서울특별시,강남구,1199.2,37.467518,127.099851
물굽이공원,수변공원,서울특별시,강남구,3713.3,37.46520915,127.093755
물맞이공원,수변공원,서울특별시,강남구,10399.2,37.465664,127.097181
해찬솔근린공원,근린공원,서울특별시,강남구,12093.0,37.47039047,127.0923987
안개근린공원,근린공원,서울특별시,강남구,19739.5,37.47217989,127.1019482
못골아래근린공원,근린공원,서울특별시,강남구,21560.9,37.47330498,127.0997276
아크로삼성아파트,소공원,서울특별시,강남구,1200.0,37.52044918,127.0599597
참나무근린공원,근린공원,서울특별시,강남구,12027.3,37.48040764,127.0891667
도산근린공원,근린공원,서울특별시,강남구,29816.5,37.523911,127.0356032
20호어린이공원,어린이공원,경기도,여주시,2352.0,37.28509418,127.6318813
8호어린이공원,어린이공원,경기도,여주시,7847.0,37.30200215,127.6512113
여주22호 어린이공원,어린이공원,경기도,여주시,6092.0,37.2768225,127.6328215
여주18호 어린이공원,어린이공원,경기도,여주시,3774.0,37.27838407,127.6331283
금은모래강변공원,근린공원,경기도,여주시,240023.0,37.2893752,127.6719507
법무단지앞 소공원2,소공원,경기도,여주시,933.0,37.31272411,127.6344258
법무단지앞 소공원1,소공원,경기도,여주시,653.0,37.311933,127.6314914
여주IC앞소공원,소공원,경기도,여주시,987.0,37.25405325,127.6478322
청안어린이공원,어린이공원,경기도,여주시,1699.9,37.20516085,127.6605313
태평5호공원,어린이공원,경기도,여주시,1741.0,37.20673404,127.5450164
태평4호공원,어린이공원,경기도,여주시,1380.0,37.20414094,127.5482748
태평근린공원,근린공원,경기도,여주시,7847.0,37.20429471,127.5455125
17호공원,어린이공원,경기도,여주시,1512.0,37.30124439,127.6227795
14호공원,어린이공원,경기도,여주시,2844.0,37.30194807,127.6473666
10호공원,어린이공원,경기도,여주시,1500.0,37.3039552,127.6464464
9호공원,어린이공원,경기도,여주시,1730.0,37.29997479,127.6241111
7호공원,어린이공원,경기도,여주시,2330.0,37.29628178,127.6300342
5호공원,어린이공원,경기도,여주시,2170.0,37.2918843,127.6412891
4호공원,어린이공원,경기도,여주시,1926.0,37.2908183,127.6378157
3호공원,어린이공원,경기도,여주시,2687.0,37.2942728,127.6334509
2호공원,어린이공원,경기도,여주시,2220.0,37.30114377,127.6288253
1호공원,어린이공원,경기도,여주시,2540.0,37.29580238,127.6395941
여주근린공원,근린공원,경기도,여주시,25449.0,37.29395607,127.6404539
영월근린공원,근린공원,경기도,여주시,38050.0,37.29441991,127.6476579
읍내문화공원 2,문화공원,경기도,가평군,2835.7,37.836261,127.513961
읍내문화공원 1,문화공원,경기도,가평군,1721.5,37.837241,127.513263
제13호 소공원,소공원,경기도,가평군,1487.3,37.831579,127.506163
제12호 소공원,소공원,경기도,가평군,589.5,37.831813,127.505558
청평 어린이공원,어린이공원,경기도,가평군,1660.0,37.735153,127.417674
설악 체육공원(제4호),체육공원,경기도,가평군,10168.0,37.684117,127.487972
제6호 문화공원,문화공원,경기도,가평군,1783.0,37.821859,127.513038
제5호 문화공원,문화공원,경기도,가평군,3000.0,37.826413,127.513082
가평 근린공원,근린공원,경기도,가평군,23558.0,37.828971,127.515854
제4호 문화공원,문화공원,경기도,가평군,1763.7,37.80934,127.522061
하면 어린이공원,어린이공원,경기도,가평군,1540.0,37.811145,127.350709
설악 체육공원,체육공원,경기도,가평군,44241.0,37.684923,127.48948
다목적 체육공원,체육공원,경기도,가평군,25421.0,37.803599,127.348606
가평 체육공원,체육공원,경기도,가평군,108512.0,37.825423,127.506958
제3호 문화공원,문화공원,경기도,가평군,26064.0,37.737149,127.423726
호명호수공원,문화공원,경기도,가평군,241538.0,37.765767,127.459051
참전비 공원,근린공원,경기도,가평군,3300.0,37.825759,127.516316
목동 근린공원,근린공원,경기도,가평군,43113.0,37.889298,127.549627
도란2,소공원,경기도,시흥시,1863.0,37.36742303,126.7276566
오이도선사유적공원,역사공원,경기도,시흥시,335121.0,37.34564215,126.6953015
갯골생태공원,근린공원,경기도,시흥시,1502560.0,37.38979099,126.7812554
라온공원,소공원,경기도,시흥시,9174.0,37.35367684,126.7054514
도란1공원,소공원,경기도,시흥시,1863.0,37.36919352,126.7285868
갯마루공원,어린이공원,경기도,시흥시,1603.0,37.37709889,126.7299812
꿈마루공원,어린이공원,경기도,시흥시,1685.0,37.37845513,126.7297082
해담공원,어린이공원,경기도,시흥시,2724.0,37.37924736,126.7278446
조남소공원,소공원,경기도,시흥시,446.0,37.3807067,126.8554643
오이도공원,문화공원,경기도,시흥시,18355.0,37.3420815,126.6902007
꿈물결공원,어린이공원,경기도,시흥시,2341.0,37.31781215,126.696343
꿈자람공원,어린이공원,경기도,시흥시,1907.0,37.31664596,126.7031618
꿈누리공원,어린이공원,경기도,시흥시,2266.0,37.3191123,126.697642
죽율공원,어린이공원,경기도,시흥시,1806.0,37.34805344,126.7621865
생금공원,어린이공원,경기도,시흥시,7360.0,37.350594,126.758275
하중어린이공원,어린이공원,경기도,시흥시,2810.0,37.39119172,126.8072188
정왕동 체육5공원,체육공원,경기도,시흥시,10117.0,37.364027,126.728511
정왕동 체육4공원,체육공원,경기도,시흥시,11676.0,37.36540222,126.7311343
문화2공원,문화공원,경기도,시흥시,4222.0,37.37763818,126.8499161
새늘공원,문화공원,경기도,시흥시,4653.0,37.37795182,126.8461768
남왕소공원,소공원,경기도,시흥시,882.0,37.38364942,126.860952
물왕소공원,소공원,경기도,시흥시,1421.0,37.377381,126.8430459
새미공원,체육공원,경기도,시흥시,15911.0,37.37743285,126.8574734
다니공원,체육공원,경기도,시흥시,12096.0,37.37581307,126.856496
수풀안공원,어린이공원,경기도,시흥시,1697.0,37.37865922,126.863483
을미공원,어린이공원,경기도,시흥시,1557.0,37.37153568,126.854846
해찬공원,어린이공원,경기도,시흥시,1517.0,37.37289246,126.8477485
힘찬공원,체육공원,경기도,시흥시,38552.0,37.318068,126.704841
문화공원,문화공원,경기도,시흥시,14346.0,37.33327055,126.746155
갈대하늘공원,근린공원,경기도,시흥시,18818.0,37.35863879,126.7103801
옥구가람공원,근린공원,경기도,시흥시,51734.0,37.35679879,126.713218
너울길공원,근린공원,경기도,시흥시,12466.0,37.35991941,126.7189733
물빛공원,근린공원,경기도,시흥시,10358.0,37.37501628,126.7351915
숲속향기공원,근린공원,경기도,시흥시,9999.0,37.3826809,126.733108
한울(1),수변공원,경기도,시흥시,213143.0,37.37202702,126.7179802
도담공원,어린이공원,경기도,시흥시,1556.0,37.37352073,126.8421847
차오름,근린공원,경기도,시흥시,25576.0,37.37377977,126.7313455
두드림,근린공원,경기도,시흥시,46561.0,37.37578362,126.7280166
배곧생명,근린공원,경기도,시흥시,232456.0,37.37200546,126.7218464
태평공원,근린공원,경기도,시흥시,10404.0,37.38891057,126.8122948
연성1지구 소공원,소공원,경기도,시흥시,5310.0,37.39048724,126.8106263
파코스,소공원,경기도,시흥시,1620.0,37.3456361,126.785128
시화 2소공원,소공원,경기도,시흥시,2322.0,37.357584,126.7339528
은계중앙공원(3호근린),근린공원,경기도,시흥시,37295.0,37.44140275,126.800828
신천근린공원,근린공원,경기도,시흥시,24860.0,37.43575318,126.785457
나래농업공원,도시농업공원,경기도,시흥시,10002.0,37.31547989,126.7042199
시화 1소공원,소공원,경기도,시흥시,2370.0,37.34811134,126.748363
꿈자람공원,어린이공원,경기도,시흥시,1522.0,37.38380568,126.8636846
목감공원,근린공원,경기도,시흥시,15152.0,37.385593,126.861279
산현공원,근린공원,경기도,시흥시,89676.0,37.375453,126.851181
해가든공원,어린이공원,경기도,시흥시,1500.0,37.420317,126.7954977
솔숲공원,근린공원,경기도,시흥시,22070.0,37.41892174,126.7916299
산들공원,근린공원,경기도,시흥시,27413.0,37.34710847,126.7807902
가래울공원,어린이공원,경기도,시흥시,9351.0,37.36511658,126.8138104
실개울공원,어린이공원,경기도,시흥시,5351.0,37.36560354,126.8104717
목실공원,어린이공원,경기도,시흥시,3387.0,37.3737267,126.813248
능골공원,근린공원,경기도,시흥시,20260.0,37.36553942,126.8082886
선사유적공원,역사공원,경기도,시흥시,10145.0,37.37519754,126.8115163
장현3,체육공원,경기도,시흥시,18130.0,37.38433937,126.8021554
장현2,체육공원,경기도,시흥시,22562.0,37.37677985,126.8024784
MTV88호,문화공원,경기도,시흥시,166521.0,37.32263615,126.6811482
공단1,문화공원,경기도,시흥시,14764.0,37.3375635,126.7392308
놀자숲,문화공원,경기도,시흥시,7607.0,37.4497712,126.7840246
MTV 60호,수변공원,경기도,시흥시,3858.0,37.32206101,126.6763895
대야이3,수변공원,경기도,시흥시,515.0,37.44437212,126.7907316
대야이2,수변공원,경기도,시흥시,1265.0,37.44538867,126.791499
대야이1,수변공원,경기도,시흥시,1701.0,37.44611788,126.791934
영남,어린이공원,경기도,시흥시,2525.0,37.4496466,126.7874941
대야삼2,어린이공원,경기도,시흥시,7163.0,37.43999731,126.7914884
대야삼1,어린이공원,경기도,시흥시,1543.0,37.4411532,126.7885292
생매,어린이공원,경기도,시흥시,1733.0,37.4468169,126.7942447
은계,어린이공원,경기도,시흥시,7166.0,37.44757985,126.7959435
매화체육공원2,체육공원,경기도,시흥시,28675.0,37.41101729,126.8123411
매화체육공원1,체육공원,경기도,시흥시,19084.0,37.41609523,126.8235148
매화문화공원,문화공원,경기도,시흥시,829.0,37.41841912,126.816754
은행천물길공원,수변공원,경기도,시흥시,62679.0,37.4331906,126.8063234
밤비천물길공원,수변공원,경기도,시흥시,43074.0,37.4482511,126.8046258
은계호수공원,수변공원,경기도,시흥시,169719.0,37.4438505,126.8061825
한마음건강공원,근린공원,경기도,시흥시,21257.0,37.45351103,126.7997972
매화근린공원,근린공원,경기도,시흥시,9991.0,37.41659747,126.8196368
은계숲생태공원,근린공원,경기도,시흥시,26975.0,37.44830632,126.8006617
검바위하늘공원,근린공원,경기도,시흥시,20127.0,37.43282505,126.8000362
은행길담소공원,근린공원,경기도,시흥시,10194.0,37.43664011,126.7983081
오난산전망공원,근린공원,경기도,시흥시,91454.0,37.44208138,126.8070708
은계소공원,소공원,경기도,시흥시,2594.0,37.44870438,126.7971382
따오기문화공원,문화공원,경기도,시흥시,4793.0,37.37826187,126.8455126
장현문화1,문화공원,경기도,시흥시,2011.7,37.38126999,126.7802379
문화1,문화공원,경기도,시흥시,4653.0,37.37795281,126.8461783
근린3(해로공원),근린공원,경기도,시흥시,26740.6,37.37394757,126.808238
근린2(숲새재공원),근린공원,경기도,시흥시,43239.4,37.3723735,126.8060831
중앙공원,근린공원,경기도,시흥시,17367.0,37.368046,126.8137034
근린1(가온공원),근린공원,경기도,시흥시,139018.4,37.37611022,126.7942443
새미지구 어린이,어린이공원,경기도,시흥시,3805.8,37.3626005,126.7718598
월동1,어린이공원,경기도,시흥시,1544.9,37.37975519,126.7648075
장현어린이1호,어린이공원,경기도,시흥시,1545.0,37.36747853,126.8060193
소공원월동4,소공원,경기도,시흥시,213.3,37.3781642,126.764813
소공원월동3,소공원,경기도,시흥시,347.6,37.38094913,126.7679656
소공원월동2,소공원,경기도,시흥시,370.6,37.38145016,126.7659453
소공원월동1,소공원,경기도,시흥시,180.8,37.38216906,126.7658896
장현소공원8,소공원,경기도,시흥시,1705.2,37.37412658,126.7957574
장현소공원7,소공원,경기도,시흥시,815.7,37.38049688,126.7926739
장현소공원6,소공원,경기도,시흥시,323.0,37.38271452,126.7883212
장현소공원5,소공원,경기도,시흥시,5245.6,37.38413091,126.8091514
장현소공원4,소공원,경기도,시흥시,2061.7,37.37533198,126.7815368
장현소공원3,소공원,경기도,시흥시,588.0,37.37819988,126.8025918
장현소공원2,소공원,경기도,시흥시,272.7,37.37807073,126.787673
거모소공원,소공원,경기도,시흥시,1620.0,37.34558522,126.7864685
죽율체육,체육공원,경기도,시흥시,10355.0,37.34922716,126.7599514
한울(2),문화공원,경기도,시흥시,116969.0,37.35689747,126.7034527
한울(3),수변공원,경기도,시흥시,51572.0,37.38350393,126.7282884
86호,수변공원,경기도,시흥시,3000.0,37.32024488,126.6858666
85호,수변공원,경기도,시흥시,3000.0,37.32734166,126.6730046
함줄,근린공원,경기도,시흥시,73252.0,37.36859202,126.7378081
아름,소공원,경기도,시흥시,2650.0,37.37492925,126.737776
갈대너울,소공원,경기도,시흥시,9486.0,37.35671927,126.7063837
애두름,소공원,경기도,시흥시,5400.0,37.35831846,126.7078133
승지공원,근린공원,경기도,시흥시,10842.0,37.371378,126.813132
영모재공원,근린공원,경기도,시흥시,107778.0,37.36967888,126.8172387
제1호공원,근린공원,경기도,시흥시,20060.0,37.37608302,126.812551
물비늘,수변공원,경기도,시흥시,13750.0,37.32097243,126.7095464
해미공원,수변공원,경기도,시흥시,32706.0,37.32715586,126.6995232
하늬공원,근린공원,경기도,시흥시,10797.0,37.31709175,126.700533
나래솔공원,근린공원,경기도,시흥시,10044.0,37.323213,126.704112
새싹공원,어린이공원,경기도,시흥시,3240.0,37.38092325,126.7825507
장곡공원,어린이공원,경기도,시흥시,3284.0,37.37901167,126.784077
진말공원,어린이공원,경기도,시흥시,7524.0,37.37804654,126.7874296
매꼴공원,어린이공원,경기도,시흥시,7524.0,37.38116792,126.780663
새재공원,어린이공원,경기도,시흥시,1660.0,37.38267479,126.801305
하상공원,어린이공원,경기도,시흥시,6460.0,37.39183522,126.813879
연꽃공원,어린이공원,경기도,시흥시,2420.0,37.39567434,126.8109963
성마루공원,어린이공원,경기도,시흥시,3200.0,37.39089464,126.8052669
관곡공원,어린이공원,경기도,시흥시,1626.0,37.399501,126.800632
샛말공원,근린공원,경기도,시흥시,11079.0,37.395022,126.804842
웃터골공원,근린공원,경기도,시흥시,10120.0,37.444342,126.800385
서해공원,어린이공원,경기도,시흥시,1650.0,37.35476263,126.7247245
풀잎사랑공원,어린이공원,경기도,시흥시,1638.0,37.358559,126.7293111
온들녘공원,어린이공원,경기도,시흥시,1590.0,37.36104853,126.731569
함송공원,어린이공원,경기도,시흥시,1694.0,37.36341337,126.7341486
함현공원,어린이공원,경기도,시흥시,1621.0,37.36579704,126.7357929
군서희망공원,어린이공원,경기도,시흥시,2187.0,37.3457771,126.7424281
연못공원,어린이공원,경기도,시흥시,2092.0,37.34846767,126.7448524
무지개공원,어린이공원,경기도,시흥시,1822.0,37.34656969,126.746975
꿈동산공원,어린이공원,경기도,시흥시,1929.0,37.345619,126.750813
별공원,어린이공원,경기도,시흥시,1794.0,37.345619,126.750813
달공원,어린이공원,경기도,시흥시,1987.0,37.345364,126.7548827
새싹공원,어린이공원,경기도,시흥시,2278.0,37.340119,126.751166
해공원,어린이공원,경기도,시흥시,2685.0,37.34176763,126.755992
시흥공원,어린이공원,경기도,시흥시,1650.0,37.35197956,126.730352
사랑공원,어린이공원,경기도,시흥시,1650.0,37.35539691,126.733836
옥구공원,근린공원,경기도,시흥시,334910.0,37.354515,126.709913
함현공원,근린공원,경기도,시흥시,12141.0,37.365328,126.733162
동보공원,근린공원,경기도,시흥시,10009.0,37.35501153,126.7164091
큰솔공원,근린공원,경기도,시흥시,12758.0,37.343621,126.753604
군서공원,근린공원,경기도,시흥시,11106.0,37.344111,126.745326
송운공원,근린공원,경기도,시흥시,10113.0,37.35833842,126.7323096
소망공원,근린공원,경기도,시흥시,76148.0,37.33418417,126.7263363
평안공원,근린공원,경기도,시흥시,10019.0,37.339462,126.741902
젊음과패기의 공원,근린공원,경기도,시흥시,10647.0,37.34774613,126.7398198
희망공원,근린공원,경기도,시흥시,126984.0,37.33593345,126.715039
서촌공원,근린공원,경기도,시흥시,10064.0,37.34892119,126.7264112
중앙공원,근린공원,경기도,시흥시,37836.0,37.34955724,126.7354085
정왕6공원,어린이공원,경기도,시흥시,1700.0,37.35264631,126.7456561
정왕5공원,어린이공원,경기도,시흥시,1798.0,37.35198074,126.743859
정왕4공원,어린이공원,경기도,시흥시,1697.0,37.35370263,126.7430443
정왕3공원,어린이공원,경기도,시흥시,1899.0,37.35304645,126.740217
정왕2공원,어린이공원,경기도,시흥시,1772.0,37.35875938,126.754915
정왕1공원,어린이공원,경기도,시흥시,1800.0,37.3571747,126.752319
은행공원,어린이공원,경기도,시흥시,1774.0,37.44243637,126.7984214
비둘기공원,근린공원,경기도,시흥시,63283.0,37.44211319,126.7943282
오이도공원,어린이공원,경기도,시흥시,1852.0,37.34186447,126.690127
옥터공원,어린이공원,경기도,시흥시,1534.0,37.34644588,126.6896503
도일공원,어린이공원,경기도,시흥시,1500.0,37.3401446,126.7858389
태봉공원,어린이공원,경기도,시흥시,1600.0,37.34211063,126.786824
거모공원,어린이공원,경기도,시흥시,1772.0,37.343039,126.784341
석곡공원,어린이공원,경기도,시흥시,1601.0,37.343985,126.781132
한우물공원,어린이공원,경기도,시흥시,1595.0,37.34500351,126.783233
내곡공원,어린이공원,경기도,시흥시,1604.0,37.348184,126.783237
안골공원,어린이공원,경기도,시흥시,1579.0,37.34921229,126.7858034
대골공원,어린이공원,경기도,시흥시,1552.0,37.44854955,126.7906203
현진공원,어린이공원,경기도,시흥시,1574.0,37.438448,126.7876226
소래공원,어린이공원,경기도,시흥시,1636.0,37.44426059,126.7822302
벌터공원,어린이공원,경기도,시흥시,1711.0,37.439437,126.779951
신라공원,문화공원,경기도,시흥시,1754.0,37.440746,126.7817066
삼미공원,어린이공원,경기도,시흥시,1646.0,37.440032,126.784084
신천공원,어린이공원,경기도,시흥시,1871.0,37.438037,126.784955
뱀내공원,어린이공원,경기도,시흥시,1601.0,37.442359,126.7876756
연합공원,문화공원,경기도,시흥시,1638.0,37.44466211,126.7888213
대야공원,어린이공원,경기도,시흥시,1587.0,37.446845,126.788558
정왕동 체육3공원,체육공원,경기도,시흥시,112983.0,37.33875951,126.755514
포도원공원,어린이공원,경기도,시흥시,1654.0,37.43524385,126.7862446
신일공원,어린이공원,경기도,시흥시,1667.0,37.43102709,126.790866
백제공원,문화공원,경기도,시흥시,1616.0,37.434045,126.791764
산호공원,어린이공원,경기도,시흥시,1610.0,37.432542,126.789033
복음자리공원,어린이공원,경기도,시흥시,1597.0,37.43557374,126.7908195
복음공원,어린이공원,경기도,시흥시,1630.0,37.43508018,126.7904053
둥지공원,어린이공원,경기도,시흥시,1467.0,37.436498,126.7889771
새말공원,어린이공원,경기도,시흥시,1587.0,37.436735,126.783227
신흥공원,어린이공원,경기도,시흥시,1601.0,37.43700868,126.778368
상아공원,문화공원,경기도,시흥시,1621.0,37.43606214,126.7776186
도원공원,어린이공원,경기도,시흥시,1606.0,37.43830459,126.7775548
수변공원 164호,수변공원,경기도,오산시,13896.0,37.194063,127.0636675
수변공원 163호,수변공원,경기도,오산시,65521.0,37.15257467,127.0417968
양산3구역 근린공원,근린공원,경기도,오산시,11835.0,37.199019,127.036233
원동 문화공원,문화공원,경기도,오산시,21477.0,37.13883857,127.0888674
어린이공원 160호,어린이공원,경기도,오산시,3691.0,37.13234431,127.0819131
소공원 159호,소공원,경기도,오산시,660.0,37.172401649,127.0323976275
소공원 158호,소공원,경기도,오산시,1892.0,37.17495913,127.0356313
세교2지구 체육공원,체육공원,경기도,오산시,23134.0,37.163352,127.0483804767
어린이공원 156호,어린이공원,경기도,오산시,9594.0,37.15454012,127.045091
어린이공원 155호,어린이공원,경기도,오산시,5298.0,37.128731,127.071512
수변공원 154호,수변공원,경기도,오산시,17692.0,37.140907,127.091507
세교2지구 소공원3,소공원,경기도,오산시,2300.0,37.1514657651,127.0532727726
세교2지구 소공원2,소공원,경기도,오산시,1326.0,37.1535264922,127.0519039466
세교2지구 소공원1,소공원,경기도,오산시,1028.0,37.155384508,127.051884
세교2지구 제5호 어린이공원,어린이공원,경기도,오산시,2795.0,37.1533536388,127.0537856
죽미령평화공원,역사공원,경기도,오산시,211486.0,37.1836867,127.0517534
궐동공원,문화공원,경기도,오산시,151621.0,37.16109268,127.0598918
가장동 체육공원,체육공원,경기도,오산시,11856.0,37.164782,127.041189
맑음터 공원,문화공원,경기도,오산시,103366.0,37.14126173,127.0639341
오산문화공원,문화공원,경기도,오산시,3285.0,37.1594477975,127.0790471506
세교2지구 제4호 어린이공원,어린이공원,경기도,오산시,1521.0,37.1424807431,127.0538786
세교2지구 제3호 어린이공원,어린이공원,경기도,오산시,2322.0,37.1440268027,127.0487896176
세교2지구 제1호 역사공원,역사공원,경기도,오산시,1897.0,37.1451906443,127.05148047
세교2지구 제1호 어린이공원,어린이공원,경기도,오산시,1949.0,37.16287648,127.0504199778
세교2지구 제4호 수변공원,수변공원,경기도,오산시,4791.0,37.141839,127.042956
세교2지구 제3호 수변공원,수변공원,경기도,오산시,9481.0,37.13463903,127.0518162
세교2지구 제2호 수변공원,수변공원,경기도,오산시,14277.0,37.13994518,127.045527
세교2지구 제1호 수변공원,수변공원,경기도,오산시,12762.0,37.160898385,127.0499202
세교2지구 제2호 근린공원,근린공원,경기도,오산시,38523.0,37.13840498,127.040973
세교2지구 제1호 근린공원,근린공원,경기도,오산시,475790.0,37.1513740799,127.0498247013
부산동소공원,소공원,경기도,오산시,1500.0,37.151007,127.0901967
부산제2어린이공원,어린이공원,경기도,오산시,7261.0,37.152691,127.0911213
양산 제2어린이공원,어린이공원,경기도,오산시,5490.0,37.191937,127.0327031
누읍어린이공원,어린이공원,경기도,오산시,3851.0,37.141516,127.05367
가수어린이공원,어린이공원,경기도,오산시,1500.0,37.145197,127.051045
은계어린이공원,어린이공원,경기도,오산시,1534.0,37.16088087,127.0732477
원동어린이공원,어린이공원,경기도,오산시,3305.0,37.147119,127.071119
오산어린이공원,어린이공원,경기도,오산시,3106.0,37.151616,127.072782
지곶동 어린이공원,어린이공원,경기도,오산시,5284.0,37.1687407,127.0266341
원동소공원,소공원,경기도,오산시,633.0,37.142302,127.089881006
세교제2호소공원,소공원,경기도,오산시,1395.0,37.176844,127.0445054
가장동수변공원,수변공원,경기도,오산시,7153.0,37.16340503,127.0348676
가장제2근린공원,근린공원,경기도,오산시,28181.0,37.1679741,127.0311398
지곶동수변공원,수변공원,경기도,오산시,4773.0,37.17221861,127.0266123
유엔군초전기념공원,역사공원,경기도,오산시,14051.0,37.184611,127.049023
청호제3어린이공원,어린이공원,경기도,오산시,2354.0,37.130651,127.083142
갈곶제1소공원,소공원,경기도,오산시,1781.0,37.1303574,127.0671935
세교제1호소공원,소공원,경기도,오산시,7459.0,37.16909187,127.0568864
갈곶제2소공원,소공원,경기도,오산시,132.0,37.129547,127.071834
별어린이공원,어린이공원,경기도,오산시,2210.0,37.1678712,127.067429
필봉근린공원,근린공원,경기도,오산시,10443.0,37.173543,127.0682011
꽃다리공원,근린공원,경기도,오산시,26088.0,37.17987143,127.047792
양산제2소공원,소공원,경기도,오산시,1953.0,37.19279668,127.034838
양산제1소공원,소공원,경기도,오산시,4784.0,37.19741053,127.035746
양산 제1어린이공원,어린이공원,경기도,오산시,1633.0,37.19760106,127.0321915
양산동 근린공원,근린공원,경기도,오산시,13989.0,37.195742,127.0316402
매화어린이공원,어린이공원,경기도,오산시,1610.0,37.1602479092,127.0810867243
외삼미소공원,소공원,경기도,오산시,8586.0,37.190017989,127.064082785
외삼미근린공원,근린공원,경기도,오산시,11549.0,37.193834,127.0621908205
원동제3어린이공원,어린이공원,경기도,오산시,1504.0,37.13734737,127.0838706
가장근린공원,근린공원,경기도,오산시,10031.0,37.161734,127.0401851
고현어린이공원,어린이공원,경기도,오산시,8926.0,37.13461803,127.079586
청호제2어린이공원,어린이공원,경기도,오산시,1500.0,37.131065,127.081581
청호제1어린이공원,어린이공원,경기도,오산시,1500.0,37.131065,127.081581
갈곶어린이공원,어린이공원,경기도,오산시,6002.0,37.13403849,127.0664825
UN참전기념공원,역사공원,경기도,오산시,6264.0,37.1850433,127.048527
샘물어린이공원,어린이공원,경기도,오산시,1819.0,37.17338648,127.0644339
무지개어린이공원,어린이공원,경기도,오산시,1661.0,37.169201,127.0573924
바다어린이공원,어린이공원,경기도,오산시,2443.0,37.170613,127.0579726
동물어린이공원,어린이공원,경기도,오산시,2374.0,37.17148961,127.0501621
바람어린이공원,어린이공원,경기도,오산시,4100.0,37.17619853,127.0552367
달빛어린이공원,어린이공원,경기도,오산시,1649.0,37.17758631,127.0545735
산어린이공원,어린이공원,경기도,오산시,2064.0,37.17916617,127.0521549
바위어린이공원,어린이공원,경기도,오산시,1805.0,37.17280703,127.044992
구름어린이공원,어린이공원,경기도,오산시,1469.0,37.1782036,127.0483634
소리어린이공원,어린이공원,경기도,오산시,2632.0,37.17753047,127.0441457
들판어린이공원,어린이공원,경기도,오산시,2522.0,37.183226,127.0435578
등불어린이공원,어린이공원,경기도,오산시,1667.0,37.1877109,127.0479415
죽미체육공원2,체육공원,경기도,오산시,17831.0,37.180621,127.0452717
죽미체육공원1,체육공원,경기도,오산시,41642.0,37.17940588,127.0421266
안삼미근린공원,근린공원,경기도,오산시,15510.0,37.17410177,127.0621819
은빛개울공원2,수변공원,경기도,오산시,81552.0,37.177558,127.046336
은빛개울공원1,수변공원,경기도,오산시,28158.0,37.18667489,127.0404288
아래뜰근린공원,근린공원,경기도,오산시,12199.0,37.16834437,127.064641
도원근린공원,근린공원,경기도,오산시,14644.0,37.1709508,127.066873
문헌근린공원,근린공원,경기도,오산시,96411.0,37.1741569439,127.0549290162
금바위공원,근린공원,경기도,오산시,20855.0,37.170219,127.0470934
고인돌공원,역사공원,경기도,오산시,94292.0,37.172348,127.0489504
여계근린공원,근린공원,경기도,오산시,65574.0,37.173118,127.0421033
느티근린공원,근린공원,경기도,오산시,38604.0,37.17697616,127.0501797
죽미근린공원,근린공원,경기도,오산시,73088.0,37.18260022,127.0460473
원동제1근린공원,근린공원,경기도,오산시,9977.0,37.13848158,127.0709834
가수제2어린이공원,어린이공원,경기도,오산시,1828.0,37.147756,127.0488645
부산어린이공원,어린이공원,경기도,오산시,1500.0,37.15254679,127.0881616
궐동제5어린이공원,어린이공원,경기도,오산시,4606.0,37.15795895,127.060024
궐동제4어린이공원,어린이공원,경기도,오산시,2859.0,37.15905387,127.0568086
궐동제3어린이공원,어린이공원,경기도,오산시,3956.0,37.16069162,127.0575394
수청제4어린이공원,어린이공원,경기도,오산시,1836.0,37.171638,127.0593787
수청제3어린이공원,어린이공원,경기도,오산시,1965.0,37.17430432,127.0584888
수청제2어린이공원,어린이공원,경기도,오산시,2162.0,37.175985,127.057072
궐동제7어린이공원,어린이공원,경기도,오산시,3584.0,37.155445,127.0548475
갈곶근린공원,근린공원,경기도,오산시,21876.0,37.12949392,127.0751237
운암제6어린이 공원,어린이공원,경기도,오산시,3920.0,37.144826,127.076892
운암제5어린이 공원,어린이공원,경기도,오산시,2170.0,37.150961,127.076871
운암제4어린이 공원,어린이공원,경기도,오산시,3000.0,37.15174871,127.0751325
운암제3어린이 공원,어린이공원,경기도,오산시,5200.0,37.153553,127.077639
운암제2어린이 공원,어린이공원,경기도,오산시,4390.0,37.15853366,127.079407
운암제1어린이 공원,어린이공원,경기도,오산시,2067.0,37.157136,127.0769902
운암제2근린공원,근린공원,경기도,오산시,11007.0,37.14821037,127.0771323
운암제1근린공원,근린공원,경기도,오산시,10021.0,37.156014,127.076412
원동어린이2공원,어린이공원,경기도,오산시,3542.0,37.131757,127.0707988
원동어린이1공원,어린이공원,경기도,오산시,1500.0,37.13480159,127.0724202
궐동어린이2공원,어린이공원,경기도,오산시,1505.0,37.15987931,127.063639
궐동어린이1공원,어린이공원,경기도,오산시,2433.0,37.163845,127.060207
수청어린이공원,어린이공원,경기도,오산시,1537.0,37.165851,127.068351
원동제2근린공원,근린공원,경기도,오산시,38755.0,37.132595,127.074916
원동근린공원,근린공원,경기도,오산시,16055.0,37.14000302,127.0758122
수청근린공원,근린공원,경기도,오산시,34891.0,37.16276513,127.0693102
하늘(일산2-3),근린공원,경기도,고양시,9894.9,37.67782986,126.7858163
하늘별무리(일산2-7),어린이공원,경기도,고양시,1530.5,37.67670638,126.7864298
성아(일산2-2),근린공원,경기도,고양시,13329.0,37.67763431,126.7893793
개나리(일산2-4),어린이공원,경기도,고양시,1885.3,37.68382499,126.7901512
소개울(일산2-1),근린공원,경기도,고양시,50030.0,37.68307892,126.7824518
안곡습지,수변공원,경기도,고양시,77826.0,37.68402278,126.7844936
하늘장미(일산2-5),어린이공원,경기도,고양시,1500.0,37.68047685,126.7847155
하늘자전거(일산2-6),어린이공원,경기도,고양시,1520.5,37.67951849,126.7801215
풍동,어린이공원,경기도,고양시,1383.0,37.66305301,126.7957747
식사(은행마을공원),근린공원,경기도,고양시,10000.0,37.6698899,126.8064896
식골,근린공원,경기도,고양시,51111.0,37.67072982,126.7971233
달맞이,근린공원,경기도,고양시,37676.0,37.67463435,126.8008034
참나무(풍동),어린이공원,경기도,고양시,1629.5,37.66604137,126.8008116
소나무(풍동),어린이공원,경기도,고양시,6601.3,37.66434091,126.7978742
벚나무(풍동),어린이공원,경기도,고양시,2021.3,37.66775168,126.7974653
이팝나무,어린이공원,경기도,고양시,2012.0,37.67010435,126.8006537
느티나무(풍동),어린이공원,경기도,고양시,5103.0,37.67028123,126.7984263
목련,어린이공원,경기도,고양시,1623.0,37.67281601,126.7976815
산수유,어린이공원,경기도,고양시,1501.0,37.67344801,126.8016509
중산체육공원,체육공원,경기도,고양시,82113.7,37.69157053,126.7798982
장항,어린이공원,경기도,고양시,2326.0,37.66643553,126.7755653
닥밭,어린이공원,경기도,고양시,5793.0,37.66749401,126.7725147
수정,어린이공원,경기도,고양시,3512.0,37.66827162,126.7785766
사재,어린이공원,경기도,고양시,5127.0,37.67260753,126.7818175
두루미,어린이공원,경기도,고양시,4362.0,37.67142927,126.7761671
매봉재,어린이공원,경기도,고양시,3063.0,37.67520793,126.7778151
호수,근린공원,경기도,고양시,853830.0,37.66444643,126.7604431
호수,근린공원,경기도,고양시,107849.0,37.65089818,126.7712748
호수,근린공원,경기도,고양시,71988.7,37.64947299,126.7680833
알미,근린공원,경기도,고양시,15507.0,37.64550022,126.783942
안산,문화공원,경기도,고양시,8437.4,37.64613638,126.7847188
정발산,근린공원,경기도,고양시,644650.0,37.66277186,126.7718898
중산 9(중산추만),어린이공원,경기도,고양시,1963.0,37.68576605,126.7802281
중산 8(중산삼애),어린이공원,경기도,고양시,1600.0,37.68791021,126.7828258
중산 4(중산오름),어린이공원,경기도,고양시,1600.0,37.69295691,126.7827654
중산 7(중산어린이),어린이공원,경기도,고양시,1600.0,37.68900805,126.7818312
중산 5(중산안학),어린이공원,경기도,고양시,1600.0,37.69160785,126.7816181
중산 6(중산더부골),어린이공원,경기도,고양시,1600.0,37.68872808,126.7789273
중산 2(중산안골),어린이공원,경기도,고양시,1600.0,37.69501351,126.7793364
중산 1(중산마루),어린이공원,경기도,고양시,1600.0,37.69746259,126.7806215
중산 3(중산테미어린이),어린이공원,경기도,고양시,1600.0,37.69320861,126.7824585
중산태미(중산4),근린공원,경기도,고양시,13411.0,37.69821033,126.7829969
백마,근린공원,경기도,고양시,20490.0,37.65679241,126.7903357
밤가시,어린이공원,경기도,고양시,23274.0,37.66947831,126.7826296
부촌,어린이공원,경기도,고양시,3604.0,37.64699729,126.7771633
낙민,근린공원,경기도,고양시,19630.0,37.65011376,126.7730312
향나무(알미),어린이공원,경기도,고양시,3576.0,37.64457307,126.7801183
용천,어린이공원,경기도,고양시,4255.0,37.64224744,126.7831277
간이,어린이공원,경기도,고양시,3341.0,37.64615882,126.7880046
백석,근린공원,경기도,고양시,140863.6,37.64871522,126.7948256
방기,어린이공원,경기도,고양시,3167.0,37.64851724,126.7848251
백송,어린이공원,경기도,고양시,5753.0,37.65074103,126.7891568
검바골,어린이공원,경기도,고양시,3595.0,37.64863305,126.7911069
청천,어린이공원,경기도,고양시,6299.0,37.652511,126.7944631
안골,어린이공원,경기도,고양시,5495.0,37.65747204,126.7784665
능안,어린이공원,경기도,고양시,4335.0,37.65990683,126.7836536
설촌,어린이공원,경기도,고양시,5316.0,37.66203522,126.7886259
냉천,어린이공원,경기도,고양시,4939.0,37.66487011,126.7858478
강촌,근린공원,경기도,고양시,38777.0,37.65333241,126.7810761
말머리,어린이공원,경기도,고양시,4000.0,37.65278381,126.7817958
마두,근린공원,경기도,고양시,43142.0,37.6546888,126.7844884
모범,어린이공원,경기도,고양시,4000.0,37.65567431,126.7858803
화전공원(드론센터),소공원,경기도,고양시,960.0,37.60461721,126.8671559
내유동문화공원,문화공원,경기도,고양시,5660.0,37.73129325,126.8483937
덕은6,소공원,경기도,고양시,1077.3,37.58362116,126.8694284
덕은1,수변공원,경기도,고양시,2812.3,37.57799364,126.8634605
덕은1,근린공원,경기도,고양시,26619.8,37.57996101,126.8636111
덕은2,어린이공원,경기도,고양시,2733.9,37.58167501,126.8627661
덕은1,어린이공원,경기도,고양시,2589.3,37.58144801,126.8688971
덕은5,소공원,경기도,고양시,396.0,37.58321204,126.8642261
덕은4,소공원,경기도,고양시,380.0,37.58229564,126.8643161
덕은3,소공원,경기도,고양시,1070.6,37.58247101,126.8628121
덕은2,소공원,경기도,고양시,1434.0,37.58359551,126.8619692
소공원338,소공원,경기도,고양시,800.0,37.70718901,126.9043918
능1소공원,소공원,경기도,고양시,323.6,37.62353701,126.8177761
배다리,어린이공원,경기도,고양시,4514.0,37.66253375,126.8294252
수변공원(고양2일단),수변공원,경기도,고양시,2516.0,37.70754983,126.9033371
소공원337,소공원,경기도,고양시,408.0,37.70895431,126.9050251
삼송소공원5,소공원,경기도,고양시,788.2,37.65145304,126.8710794
어린이공원2(도담)(향동보금자리),어린이공원,경기도,고양시,2633.4,37.62992361,126.8719821
삼송소공원3,소공원,경기도,고양시,2346.6,37.64869041,126.8694352
지축근린3,근린공원,경기도,고양시,15159.5,37.65336369,126.9177423
지축근린2,근린공원,경기도,고양시,10692.6,37.65336369,126.9177423
지축근린1,근린공원,경기도,고양시,28584.5,37.65230757,126.9135968
지축어린이3,어린이공원,경기도,고양시,3066.6,37.65336369,126.9177423
지축어린이2,어린이공원,경기도,고양시,1517.1,37.65336369,126.9177423
지축어린이1,어린이공원,경기도,고양시,2671.0,37.65336369,126.9177423
지축 소공원3,소공원,경기도,고양시,1037.0,37.65134001,126.9270541
지축 소공원2,소공원,경기도,고양시,893.6,37.65259901,126.914119
지축 소공원1,소공원,경기도,고양시,793.1,37.65295501,126.9139731
향동체육공원,체육공원,경기도,고양시,30683.0,37.59595511,126.8880494
향동어린이2,어린이공원,경기도,고양시,1863.9,37.59891546,126.8901682
향동수변2,수변공원,경기도,고양시,16470.2,37.59781193,126.8903115
향동근린2,근린공원,경기도,고양시,11935.3,37.6069348,126.8933163
향동근린1,근린공원,경기도,고양시,12228.4,37.59564908,126.8925162
향동지구 소공원2,소공원,경기도,고양시,7294.0,37.60550709,126.8974945
향동수변1,수변공원,경기도,고양시,1796.3,37.6003014,126.8923911
향동지구 소공원1,소공원,경기도,고양시,2473.0,37.5953194,126.8958732
향동어린이1,어린이공원,경기도,고양시,1587.4,37.6021211,126.891554
원흥지구 소공원,소공원,경기도,고양시,2681.0,37.63732953,126.8717047
원흥근린3(도래울의장대),근린공원,경기도,고양시,29305.1,37.62784737,126.8735354
어린이공원1(고운)(향동보금자리),어린이공원,경기도,고양시,2036.7,37.63624584,126.8740918
원흥근린2(도래울의장대),근린공원,경기도,고양시,13067.6,37.62932677,126.8706765
원흥근린1(도래울석탄),근린공원,경기도,고양시,125060.7,37.62973141,126.8662456
원흥지구수변공원(도래울바람물),수변공원,경기도,고양시,77416.0,37.62921735,126.8750463
삼송근린12(당고개),근린공원,경기도,고양시,12327.1,37.66216438,126.9039898
화전1(마루치),어린이공원,경기도,고양시,2328.0,37.59769361,126.8785618
삼송소공원2,소공원,경기도,고양시,1328.9,37.65332913,126.8884173
삼송소공원1,소공원,경기도,고양시,702.8,37.65142677,126.8895746
삼송근린1(송현),근린공원,경기도,고양시,28511.1,37.64876791,126.8774365
삼송근린10(소청),근린공원,경기도,고양시,13912.8,37.66014546,126.9129564
삼송근린11(오금상촌),근린공원,경기도,고양시,12530.6,37.66307242,126.9188102
삼송근린9(오금),근린공원,경기도,고양시,41981.6,37.66086322,126.9067379
삼송근린8(한우물숲길),근린공원,경기도,고양시,151318.7,37.65919767,126.8885513
삼송근린7(신원),근린공원,경기도,고양시,16343.0,37.66781318,126.8902247
삼송어린이1(한우물),어린이공원,경기도,고양시,1690.0,37.66153013,126.8882056
삼송근린6(조관),근린공원,경기도,고양시,14983.0,37.66638285,126.8863592
삼송근린5(송강이야기),근린공원,경기도,고양시,38825.4,37.66690836,126.8812963
삼송근린2(덕수),근린공원,경기도,고양시,213515.3,37.64676832,126.8801913
삼송어린이2(달걀부리),어린이공원,경기도,고양시,2159.0,37.64195969,126.8762715
삼송근린3(세솔),근린공원,경기도,고양시,88917.9,37.65190143,126.8892505
삼송근린4(동산꽃맞이/밥할머니),근린공원,경기도,고양시,149323.0,37.64746415,126.9000093
삼송어린이3(동산),어린이공원,경기도,고양시,2026.0,37.64331059,126.8847162
주공1,어린이공원,경기도,고양시,1942.9,37.66062952,126.8402255
주택재개발(196호),어린이공원,경기도,고양시,1541.0,37.62749954,126.8193911
주택재개발(195호),어린이공원,경기도,고양시,764.0,37.62080644,126.8310364
원당1,어린이공원,경기도,고양시,4406.0,37.65864506,126.8418105
원당2,소공원,경기도,고양시,748.0,37.66064814,126.8412199
서정,근린공원,경기도,고양시,30202.7,37.61735828,126.8489586
서두나루,근린공원,경기도,고양시,11615.0,37.61474888,126.8483479
서두물,근린공원,경기도,고양시,16811.5,37.61659191,126.8510884
행신나루,근린공원,경기도,고양시,11139.9,37.61593951,126.8484009
작은봉화공원,어린이공원,경기도,고양시,6698.0,37.61412262,126.8511236
서두마루공원,어린이공원,경기도,고양시,1533.0,37.61833519,126.8536525
서정어린이공원,어린이공원,경기도,고양시,1508.0,37.61495523,126.8488538
서정나루공원,어린이공원,경기도,고양시,1512.0,37.61471947,126.8465358
햇살공원,어린이공원,경기도,고양시,1570.6,37.61977212,126.8450412
밤나무공원,어린이공원,경기도,고양시,6726.0,37.62086283,126.8524811
벽제2,어린이공원,경기도,고양시,2458.4,37.71127083,126.9035569
벽제,어린이공원,경기도,고양시,2038.9,37.71495433,126.9031066
소나무(능곡),어린이공원,경기도,고양시,1500.0,37.62652494,126.8331235
백양,근린공원,경기도,고양시,10663.0,37.62780403,126.8348018
은행나무,어린이공원,경기도,고양시,1500.0,37.62865494,126.8357424
회화나무,어린이공원,경기도,고양시,1500.0,37.62027602,126.8359194
행신,근린공원,경기도,고양시,20395.0,37.61863851,126.8372428
살구나무,어린이공원,경기도,고양시,1500.0,37.61897283,126.8392334
벚나무(능곡),어린이공원,경기도,고양시,1500.0,37.62219264,126.8427752
단풍나무,어린이공원,경기도,고양시,1500.0,37.62269983,126.8384469
참나무(능곡),어린이공원,경기도,고양시,1500.0,37.62483133,126.8384741
가라산,근린공원,경기도,고양시,42290.0,37.62518207,126.8419941
자작나무,어린이공원,경기도,고양시,1500.0,37.62610342,126.8433305
밤나무(능곡),어린이공원,경기도,고양시,1500.0,37.62804311,126.8385337
느티나무(능곡),어린이공원,경기도,고양시,1500.2,37.62539857,126.8317576
옥빛,근린공원,경기도,고양시,17541.0,37.63330639,126.8357558
화정중앙,근린공원,경기도,고양시,12215.0,37.63095824,126.831811
꽃우물,근린공원,경기도,고양시,12881.0,37.62818981,126.8278501
별빛,근린공원,경기도,고양시,17694.0,37.63306385,126.8255876
은빛,근린공원,경기도,고양시,41089.0,37.63813832,126.8367593
꽃물,근린공원,경기도,고양시,15472.0,37.64105095,126.8295741
달빛,근린공원,경기도,고양시,16844.0,37.64498389,126.8311177
화수,근린공원,경기도,고양시,14293.0,37.64420224,126.8380238
가라뫼,근린공원,경기도,고양시,10682.0,37.61524016,126.8439091
차장,근린공원,경기도,고양시,13786.0,37.61672981,126.8333705
번데미,근린공원,경기도,고양시,14950.0,37.61573522,126.8296216
행신 9(행복),어린이공원,경기도,고양시,1500.1,37.61677906,126.8438132
행신 8(화신),어린이공원,경기도,고양시,1500.2,37.61405336,126.8402054
행신 7(소만),어린이공원,경기도,고양시,1501.3,37.61652686,126.8404084
행신 5(행신),어린이공원,경기도,고양시,1851.3,37.61822666,126.8368437
행신 6(용현),어린이공원,경기도,고양시,1501.7,37.61423444,126.8375411
행신 4(용마루),어린이공원,경기도,고양시,1689.4,37.61601941,126.8356661
행신 3(무원),어린이공원,경기도,고양시,1486.3,37.61794344,126.8327666
행신 2(장고뫼),어린이공원,경기도,고양시,1500.0,37.61394057,126.8310223
행신 1(번데미),어린이공원,경기도,고양시,1514.1,37.61724568,126.8298323
화정 16(배꽃),어린이공원,경기도,고양시,3848.9,37.63668391,126.8353033
화정 17(별빛어린이),어린이공원,경기도,고양시,5016.7,37.63290261,126.8296879
화정 18(꽃우물어린이),어린이공원,경기도,고양시,3960.7,37.62865718,126.8272144
화정 15(민들레),어린이공원,경기도,고양시,5991.5,37.63652325,126.827505
화정 14(용정),어린이공원,경기도,고양시,4274.2,37.63953885,126.8306516
화정 13(개나리),어린이공원,경기도,고양시,2417.5,37.63927225,126.8347402
화정 12(진달래),어린이공원,경기도,고양시,6374.6,37.64413544,126.8343009
화정 10(달빛어린이),어린이공원,경기도,고양시,5002.9,37.64784757,126.8343541
화정 11(화수어린이),어린이공원,경기도,고양시,3995.5,37.64484592,126.8373176
성사 2(별모래),어린이공원,경기도,고양시,1500.0,37.65123386,126.8359284
성사 3(성라어린이),어린이공원,경기도,고양시,1499.2,37.65152384,126.8332572
성사 1(어울림),어린이공원,경기도,고양시,1500.0,37.65351498,126.8332399
고양제1,어린이공원,경기도,고양시,1734.0,37.70462893,126.8968093
토당 2,어린이공원,경기도,고양시,1500.1,37.62745594,126.8258131
토당 6,어린이공원,경기도,고양시,1500.0,37.61841189,126.8263211
토당 4,어린이공원,경기도,고양시,1500.1,37.62076042,126.8259534
토당 5,어린이공원,경기도,고양시,1498.0,37.61908314,126.8234098
토당 3,어린이공원,경기도,고양시,1500.2,37.62614212,126.8250996
토당 1,어린이공원,경기도,고양시,1500.1,37.62682931,126.8220485
주교7호,어린이공원,경기도,고양시,1668.8,37.66144911,126.8360178
주교6호,어린이공원,경기도,고양시,1504.4,37.6593065,126.8331222
주교 3,어린이공원,경기도,고양시,1492.2,37.65805134,126.8366476
주교 1,어린이공원,경기도,고양시,1499.8,37.65635454,126.8343115
주교 2,어린이공원,경기도,고양시,1498.2,37.65496341,126.8381641
관산,근린공원,경기도,고양시,49713.8,37.69015371,126.8669816
자전거,체육공원,경기도,고양시,113975.0,37.66240791,126.8449287
고양,근린공원,경기도,고양시,33344.0,37.7058354,126.9003247
행주산성,역사공원,경기도,고양시,410245.0,37.60312868,126.8233225
지도,근린공원,경기도,고양시,173813.0,37.62199707,126.8271981
마상,근린공원,경기도,고양시,104445.0,37.66014949,126.8330165
성라,근린공원,경기도,고양시,543650.0,37.64905648,126.835368
고양피크닉시민공원,근린공원,경기도,고양시,18125.4,37.68536054,126.7486216
고양생태,근린공원,경기도,고양시,56712.0,37.68394896,126.7441279
농업체험,근린공원,경기도,고양시,29812.0,37.67473275,126.7387386
탄현주상복합(탄현통나무),어린이공원,경기도,고양시,3488.8,37.69514584,126.7641204
국제전시2단계(제1호문화공원),문화공원,경기도,고양시,4457.0,37.66684436,126.7432461
문화공원2,문화공원,경기도,고양시,17166.9,37.66736675,126.7444235
문화공원1,문화공원,경기도,고양시,8587.4,37.66849283,126.7418374
탄현주상복합(숯고개향나무),어린이공원,경기도,고양시,4733.0,37.6931033,126.7631554
고양현충공원,역사공원,경기도,고양시,17019.0,37.69328797,126.7589475
킨텍스2단계(킨텍스온누리),근린공원,경기도,고양시,17287.1,37.66505132,126.7467674
국제전시2단계(제1호체육공원),체육공원,경기도,고양시,25374.3,37.66396671,126.7364513
킨텍스수변공원(국제전시2단계),수변공원,경기도,고양시,12482.9,37.66199587,126.7396843
덕이어린이1(샘물),어린이공원,경기도,고양시,2876.0,37.70386405,126.7526057
덕이어린이2(아지랑이),어린이공원,경기도,고양시,2281.8,37.69942629,126.7524671
덕이어린이3(잎새),어린이공원,경기도,고양시,3059.0,37.69871779,126.7525033
덕이어린이4(한별),어린이공원,경기도,고양시,2748.2,37.69818595,126.7531957
탄현일단의주택지168(탄현호곡),어린이공원,경기도,고양시,1657.0,37.70212398,126.7661657
탄현일단의주택지168(탄현용현),어린이공원,경기도,고양시,2303.0,37.70351395,126.7645746
덕이근린1(덕이),근린공원,경기도,고양시,45701.2,37.70169688,126.7544741
덕이근린2(한산),근린공원,경기도,고양시,18733.5,37.69601631,126.7494325
국제전시장,근린공원,경기도,고양시,42416.2,37.66501092,126.7562768
레포츠,체육공원,경기도,고양시,45798.0,37.66991791,126.7371001
호미걸이,근린공원,경기도,고양시,10289.0,37.67190295,126.7346817
송포,근린공원,경기도,고양시,8968.0,37.67030086,126.7301278
가좌,근린공원,경기도,고양시,50155.0,37.68619741,126.7216817
숯고개,근린공원,경기도,고양시,10027.0,37.69071006,126.7649935
문화,근린공원,경기도,고양시,40373.0,37.67705604,126.7659922
후동,근린공원,경기도,고양시,19195.0,37.67842011,126.7669398
회화,어린이공원,경기도,고양시,3803.0,37.66568037,126.7638604
강선,근린공원,경기도,고양시,34384.0,37.67117101,126.7620628
궁골,어린이공원,경기도,고양시,6901.0,37.6695506,126.7690897
강재,어린이공원,경기도,고양시,4000.0,37.67254864,126.7633732
오마,어린이공원,경기도,고양시,5700.0,37.67830724,126.7609682
오거리,어린이공원,경기도,고양시,4001.0,37.67606162,126.764586
백암,어린이공원,경기도,고양시,7875.0,37.66954988,126.7553261
주엽,근린공원,경기도,고양시,19614.0,37.66867703,126.7603779
문촌,어린이공원,경기도,고양시,4901.0,37.6747456,126.7584541
이물재,어린이공원,경기도,고양시,5701.0,37.6735398,126.7716033
윗말,어린이공원,경기도,고양시,6400.0,37.67721758,126.7740777
도화,어린이공원,경기도,고양시,4999.0,37.68229664,126.7622449
강서,어린이공원,경기도,고양시,3217.0,37.67219634,126.7507291
장촌,근린공원,경기도,고양시,16574.0,37.67402156,126.7515073
김서,어린이공원,경기도,고양시,3002.5,37.67363707,126.7460472
양촌,어린이공원,경기도,고양시,6555.0,37.67815864,126.7493772
대화,근린공원,경기도,고양시,16685.0,37.67426561,126.7538961
장성,어린이공원,경기도,고양시,4798.0,37.67679795,126.7538503
가와지,어린이공원,경기도,고양시,1994.0,37.67989046,126.7557898
성저,근린공원,경기도,고양시,50334.0,37.68232402,126.7562364
왕산,어린이공원,경기도,고양시,4326.0,37.68218922,126.7515212
토성,어린이공원,경기도,고양시,3659.0,37.68417826,126.7541354
새말,어린이공원,경기도,고양시,3987.0,37.68443535,126.7577169
중산 10(한뫼),근린공원,경기도,고양시,27167.0,37.69355743,126.7762593
탄현 2(황룡산),어린이공원,경기도,고양시,1811.0,37.69750131,126.7713453
탄현 6(탄중),어린이공원,경기도,고양시,1494.0,37.69423204,126.7709827
탄현 5(탄현),어린이공원,경기도,고양시,1501.0,37.69409935,126.76892
탄현 4(숯고개),어린이공원,경기도,고양시,1500.0,37.6939833,126.7663116
탄현 3(현중),어린이공원,경기도,고양시,1500.0,37.69559116,126.7675316
탄현 1(황룡),어린이공원,경기도,고양시,1500.0,37.69766301,126.7673758
탄현근린,근린공원,경기도,고양시,88210.3,37.69998903,126.7752129
모당,근린공원,경기도,고양시,17237.6,37.67791741,126.7805731
파란,소공원,경기도,고양시,1007.2,37.67939508,126.7904581
근린공원(식사2),근린공원,경기도,고양시,21926.0,37.67089055,126.8110623
어린이공원(식사2),어린이공원,경기도,고양시,1525.0,37.67297712,126.8116032
소공원(식사2),소공원,경기도,고양시,1486.0,37.67301071,126.8082574
문화공원(요진Y-City),문화공원,경기도,고양시,5742.0,37.64336554,126.7920516
일산문화공원,근린공원,경기도,고양시,54226.4,37.65948674,126.7726989
식사근린3(방아고개),근린공원,경기도,고양시,15220.0,37.67423648,126.8110443
식사근린2(식사중앙),근린공원,경기도,고양시,31578.0,37.67777805,126.8138635
식사어린이6(저현),어린이공원,경기도,고양시,2600.0,37.675631,126.8123988
식사어린이5(올림푸스놀이),어린이공원,경기도,고양시,5210.0,37.68300188,126.8074054
식사어린이4(과학),어린이공원,경기도,고양시,2600.0,37.68018521,126.8153401
식사어린이3(바람놀이),어린이공원,경기도,고양시,2600.0,37.68164852,126.8095471
식사어린이2(식사숲속),어린이공원,경기도,고양시,2605.0,37.68275713,126.8171515
식사어린이1(상상),어린이공원,경기도,고양시,2605.0,37.67456234,126.8075159
식사근린1(어침이),근린공원,경기도,고양시,25004.0,37.68539245,126.8122132
수변공원,근린공원,경기도,고양시,81511.2,37.65789838,126.7583196
풍동(풍식사2),문화공원,경기도,고양시,3726.0,37.66450853,126.8035678
벌말,어린이공원,경기도,수원시,1633.0,37.26018376,126.9960193
버드내,어린이공원,경기도,수원시,2003.6,37.25735256,127.0096088
다정,어린이공원,경기도,수원시,2809.0,37.25271498,127.0222966
아우름,어린이공원,경기도,수원시,3338.7,37.25206241,127.0277848
권선,어린이공원,경기도,수원시,2974.4,37.25347243,127.0230507
우솔,어린이공원,경기도,수원시,1649.7,37.25244724,127.0287838
다솜,어린이공원,경기도,수원시,2202.2,37.25010811,127.0284402
선일,어린이공원,경기도,수원시,2856.9,37.2487464,127.0304415
별솔,어린이공원,경기도,수원시,1700.0,37.2785693,126.9698845
하늬,어린이공원,경기도,수원시,2143.0,37.28067947,126.9723015
드림,어린이공원,경기도,수원시,906.8,37.28048782,126.9703666
세모,어린이공원,경기도,수원시,2448.0,37.28530362,126.9724008
꽃길,어린이공원,경기도,수원시,1657.0,37.2825796,126.9735142
다온,어린이공원,경기도,수원시,1860.0,37.28432415,126.9763281
갓띠,어린이공원,경기도,수원시,2700.0,37.29619165,126.9593666
까치,어린이공원,경기도,수원시,4614.0,37.29269733,126.9358111
35호소공원,소공원,경기도,수원시,421.6,37.27795615,126.9435986
34호소공원,소공원,경기도,수원시,454.4,37.25623296,126.9605291
29호소공원,소공원,경기도,수원시,1030.3,37.2488844,127.0209394
28호소공원,소공원,경기도,수원시,1104.8,37.24753698,127.026406
22호소공원,소공원,경기도,수원시,739.6,37.26707309,126.9462954
21호소공원,소공원,경기도,수원시,269.0,37.27151843,126.9573903
20호소공원,소공원,경기도,수원시,671.1,37.27631795,126.9556215
18호소공원,소공원,경기도,수원시,174.0,37.24576426,126.9660779
12호소공원,소공원,경기도,수원시,1315.3,37.23979543,127.0552753
61호소공원,소공원,경기도,수원시,971.3,37.299249,127.0034947
60호소공원,소공원,경기도,수원시,3482.0,37.29744098,126.9981817
19호소공원,소공원,경기도,수원시,512.7,37.24371555,127.0630328
17호소공원,소공원,경기도,수원시,1134.7,37.24431656,127.0622548
10호소공원,소공원,경기도,수원시,1279.0,37.23940506,127.0636435
영덕소공원,소공원,경기도,수원시,1459.4,37.26554796,127.0759126
73호소공원,소공원,경기도,수원시,140.0,37.28273023,127.0240013
67호소공원,소공원,경기도,수원시,439.0,37.28609837,127.0162903
66호소공원,소공원,경기도,수원시,347.0,37.28344168,127.0048542
49호소공원,소공원,경기도,수원시,928.0,37.28304593,127.0217246
16호소공원,소공원,경기도,수원시,1603.5,37.28391618,126.9944429
53호소공원,소공원,경기도,수원시,579.7,37.26581247,126.9948279
52호소공원,소공원,경기도,수원시,716.2,37.26559631,126.9943438
50호소공원,소공원,경기도,수원시,1686.5,37.26443377,126.9948411
81호소공원,소공원,경기도,수원시,1528.0,37.26987871,126.9943135
80호소공원,소공원,경기도,수원시,2573.0,37.2701613,126.9936072
71호소공원,소공원,경기도,수원시,523.2,37.24035116,127.0201012
70호소공원,소공원,경기도,수원시,477.9,37.23678921,127.0232309
69호소공원,소공원,경기도,수원시,489.0,37.23644472,127.023442
64호소공원,소공원,경기도,수원시,1478.7,37.2616459,127.0046637
64호소공원,소공원,경기도,수원시,1051.3,37.271198,126.9581708
63호소공원,소공원,경기도,수원시,515.0,37.26852636,126.9435554
62호소공원,소공원,경기도,수원시,339.6,37.27250154,126.9422387
55호소공원,소공원,경기도,수원시,1000.0,37.26288088,126.9995543
54호소공원,소공원,경기도,수원시,574.0,37.26193815,126.9971396
51호소공원,소공원,경기도,수원시,1479.3,37.26390643,126.9952846
36호소공원,소공원,경기도,수원시,5567.8,37.26024933,126.9573769
솔빛,어린이공원,경기도,수원시,3230.0,37.26713882,127.058579
수련,어린이공원,경기도,수원시,1507.1,37.24245373,127.0645009
온누리,어린이공원,경기도,수원시,887.0,37.2387693,127.059446
소문,어린이공원,경기도,수원시,1846.8,37.23990141,127.0573732
소담,어린이공원,경기도,수원시,907.0,37.238967,127.0555283
방죽,어린이공원,경기도,수원시,2135.0,37.23984573,127.0553349
샘말,어린이공원,경기도,수원시,1975.0,37.24182751,127.0536129
그린나래,어린이공원,경기도,수원시,2135.6,37.25500972,127.0415066
풀샘,어린이공원,경기도,수원시,1957.0,37.25515484,127.0422868
매여울,어린이공원,경기도,수원시,2312.2,37.25833791,127.0430012
매화,어린이공원,경기도,수원시,2025.7,37.26020972,127.046066
푸름,어린이공원,경기도,수원시,1634.4,37.2625946,127.0477359
미리내,어린이공원,경기도,수원시,1781.4,37.24536018,127.0685793
한울,어린이공원,경기도,수원시,5919.7,37.24923873,127.0608564
박지성,어린이공원,경기도,수원시,6968.8,37.24989846,127.0660942
솔찬,어린이공원,경기도,수원시,4968.3,37.25302259,127.0647227
보리수,어린이공원,경기도,수원시,6947.2,37.24813812,127.0671583
풀잎,어린이공원,경기도,수원시,8360.4,37.24851981,127.0696446
으뜸,어린이공원,경기도,수원시,2087.9,37.24911008,127.0774793
수정,어린이공원,경기도,수원시,2641.1,37.25175741,127.0800835
단오,어린이공원,경기도,수원시,6083.3,37.25601981,127.0766658
푸른,어린이공원,경기도,수원시,5019.3,37.25905057,127.0739487
달님,어린이공원,경기도,수원시,4865.2,37.26276871,127.084262
미로,어린이공원,경기도,수원시,4969.3,37.26185806,127.0781262
달래,어린이공원,경기도,수원시,4220.7,37.26663771,127.0830516
해오름,어린이공원,경기도,수원시,3824.7,37.26491233,127.0813304
망포,어린이공원,경기도,수원시,1932.3,37.2447432,127.0558023
숲속부엉이,어린이공원,경기도,수원시,1990.7,37.24084216,127.0654118
우주,어린이공원,경기도,수원시,1612.0,37.24148487,127.0632755
당암,어린이공원,경기도,수원시,1743.1,37.24372795,127.0608294
39호소공원,소공원,경기도,수원시,2817.0,37.3142763,126.9862086
송원공원,소공원,경기도,수원시,3071.0,37.30768169,127.0113154
9호소공원,소공원,경기도,수원시,674.7,37.29823745,126.9667016
물빛,어린이공원,경기도,수원시,1683.0,37.24660746,127.0418114
동그라미,어린이공원,경기도,수원시,1527.0,37.24783014,127.0429386
틴틴,어린이공원,경기도,수원시,2185.1,37.28887163,127.0485014
고래등,어린이공원,경기도,수원시,2104.7,37.29786649,127.0436077
신호등,어린이공원,경기도,수원시,1835.2,37.29185633,127.0702764
소꼽놀이,어린이공원,경기도,수원시,2133.3,37.29348217,127.0697268
동물놀이,어린이공원,경기도,수원시,1618.6,37.27443574,127.0528192
꿈틀이,어린이공원,경기도,수원시,2374.2,37.2772832,127.0502561
붐붐,어린이공원,경기도,수원시,3083.5,37.28591543,127.0525412
물봉선,어린이공원,경기도,수원시,1747.9,37.29409232,127.053864
다람쥐,어린이공원,경기도,수원시,1508.4,37.29954505,127.0461757
황새말공원,근린공원,경기도,수원시,10242.3,37.286279,126.9811454
예술/효원공원,근린공원,경기도,수원시,225826.3,37.25939225,127.0364507
팔달공원(장안공원+팔달공원+화서공원),근린공원,경기도,수원시,543863.0,37.27823573,127.0101051
6호수변공원,수변공원,경기도,수원시,3569.2,37.26240083,126.9915369
5호수변공원,수변공원,경기도,수원시,1546.6,37.26217547,126.9902433
물다미공원,수변공원,경기도,수원시,9038.0,37.25920994,126.951423
물향기공원,수변공원,경기도,수원시,150447.3,37.26334249,126.9543911
어울림공원,수변공원,경기도,수원시,34833.8,37.27328764,126.9569416
물빛찬공원,수변공원,경기도,수원시,20806.3,37.27270944,126.9512045
실개울공원,수변공원,경기도,수원시,11291.5,37.27198689,126.9467985
두물맞이공원,수변공원,경기도,수원시,31022.7,37.27087887,126.9407973
두레뜰공원,수변공원,경기도,수원시,53938.8,37.27252262,126.9436982
다산,근린공원,경기도,수원시,41911.8,37.29037967,127.0547563
광교중앙,근린공원,경기도,수원시,554650.2,37.293898,127.0603242
망포,근린공원,경기도,수원시,15990.6,37.24246445,127.0577196
연암,근린공원,경기도,수원시,128896.7,37.29450237,127.0364342
솔내,근린공원,경기도,수원시,24489.3,37.30818449,127.0510224
성죽,근린공원,경기도,수원시,73873.5,37.30947394,127.0480744
열림,근린공원,경기도,수원시,152646.2,37.30555736,127.0431528
선주리들,근린공원,경기도,수원시,18956.0,37.25604619,127.0439958
매여울,근린공원,경기도,수원시,19019.4,37.25697937,127.0438285
머내생태,근린공원,경기도,수원시,14332.6,37.2595236,127.0490344
교통,근린공원,경기도,수원시,31805.0,37.24539567,127.0627739
벽적골,근린공원,경기도,수원시,13502.4,37.24867774,127.0618933
살구골,근린공원,경기도,수원시,11753.7,37.25066343,127.0716869
반달,근린공원,경기도,수원시,16015.3,37.25087449,127.0788585
영통중앙,근린공원,경기도,수원시,137062.5,37.25718685,127.0720587
영통사,근린공원,경기도,수원시,9932.7,37.25783542,127.0780384
황골,근린공원,경기도,수원시,15013.4,37.26631944,127.0785929
청명,근린공원,경기도,수원시,17438.6,37.26747912,127.0830811
매봉,근린공원,경기도,수원시,23673.4,37.26961594,127.0550597
매탄,근린공원,경기도,수원시,59956.0,37.26713341,127.0454804
3호역사공원,역사공원,경기도,수원시,3536.0,37.28253808,127.0149731
종루공원,역사공원,경기도,수원시,1013.6,37.28156226,127.0169524
서호꽃뫼공원,근린공원,경기도,수원시,56450.2,37.28420801,126.9867613
혜령,근린공원,경기도,수원시,203137.8,37.28826802,127.0452351
수원광교박물관 인근,역사공원,경기도,수원시,131972.0,37.29764664,127.0530962
지성,근린공원,경기도,수원시,15320.6,37.23882922,127.0463235
방죽,근린공원,경기도,수원시,20801.8,37.24470146,127.0514803
광교호수공원,근린공원,경기도,수원시,1764901.7,37.27499276,127.0652651
71호근린공원,근린공원,경기도,수원시,11863.9,37.28401494,127.0394157
번암가족,근린공원,경기도,수원시,116170.0,37.29674051,127.0879704
텃밭,근린공원,경기도,수원시,33295.6,37.27302817,127.0632063
사색,근린공원,경기도,수원시,260086.1,37.28323083,127.0548829
장우,어린이공원,경기도,수원시,2675.7,37.30731373,126.9966882
세일,어린이공원,경기도,수원시,3172.0,37.31001292,126.9907275
신동수변공원,수변공원,경기도,수원시,24329.0,37.24740815,127.0404663
청솔,어린이공원,경기도,수원시,2000.1,37.29385892,126.9844114
비단,어린이공원,경기도,수원시,2309.5,37.29751654,126.9833844
초록,어린이공원,경기도,수원시,2204.1,37.29693844,126.9870001
천천,어린이공원,경기도,수원시,1839.1,37.29916341,126.9818185
샘터,어린이공원,경기도,수원시,1863.2,37.29939524,126.9792424
바람,어린이공원,경기도,수원시,1960.6,37.30115977,126.9819739
하늘,어린이공원,경기도,수원시,3274.5,37.30368551,126.9758072
달,어린이공원,경기도,수원시,3742.8,37.30269384,126.9785128
별,어린이공원,경기도,수원시,2202.0,37.30267863,126.9776435
금당,어린이공원,경기도,수원시,2150.0,37.30439047,127.0178064
조원,어린이공원,경기도,수원시,2500.0,37.30368019,127.0172351
대추원,어린이공원,경기도,수원시,2160.0,37.30451968,127.0151755
영복,어린이공원,경기도,수원시,204.7,37.28922453,127.0027517
영화,어린이공원,경기도,수원시,5110.7,37.29132609,127.0099231
정자,어린이공원,경기도,수원시,3238.0,37.29552819,127.0025669
일림,어린이공원,경기도,수원시,1632.0,37.30864072,127.001409
쪽박산,어린이공원,경기도,수원시,1500.0,37.29318313,127.0239151
창훈,어린이공원,경기도,수원시,1630.4,37.29437818,127.0274999
연무,어린이공원,경기도,수원시,1621.0,37.2961515,127.0301403
역마,어린이공원,경기도,수원시,1503.2,37.29686206,127.0163697
다람쥐,어린이공원,경기도,수원시,1647.6,37.30016231,127.0141348
석산,어린이공원,경기도,수원시,1556.0,37.3030995,127.0156152
송죽,어린이공원,경기도,수원시,3592.4,37.30222909,127.0033486
소정,어린이공원,경기도,수원시,4840.1,37.30558378,126.9990299
장대산,어린이공원,경기도,수원시,1499.0,37.25903418,127.0212921
기차놀이,어린이공원,경기도,수원시,2208.1,37.2598756,127.0080277
오리뜰,어린이공원,경기도,수원시,1500.1,37.30544929,126.983509
노루말,어린이공원,경기도,수원시,1500.0,37.30949297,126.9823575
해늘찬,어린이공원,경기도,수원시,2277.0,37.31414983,126.9846442
해드림,어린이공원,경기도,수원시,1757.0,37.31218176,126.9830698
율전,어린이공원,경기도,수원시,5212.6,37.29924994,126.9643046
정천,어린이공원,경기도,수원시,4100.0,37.29115659,126.9805545
화산,어린이공원,경기도,수원시,2000.0,37.29115659,126.9805545
거북,어린이공원,경기도,수원시,2113.0,37.29306205,127.0148778
동신,어린이공원,경기도,수원시,1600.2,37.29483221,126.9901113
두견,어린이공원,경기도,수원시,2000.0,37.29150236,126.9974648
명인,어린이공원,경기도,수원시,2000.1,37.29497112,126.9955839
꽃뫼,어린이공원,경기도,수원시,3100.1,37.29287891,126.9920965
백설,어린이공원,경기도,수원시,2999.9,37.29513422,126.9911147
대평,어린이공원,경기도,수원시,3000.1,37.29674446,126.9889194
연꽃,어린이공원,경기도,수원시,2267.0,37.29914994,126.9946448
솔뫼,어린이공원,경기도,수원시,6028.5,37.2934661,126.9869171
꽃잎,어린이공원,경기도,수원시,1624.7,37.24991194,127.0320242
효정,어린이공원,경기도,수원시,2529.8,37.25494733,127.0333658
솔밭,어린이공원,경기도,수원시,1843.2,37.25368851,127.0383294
안용,어린이공원,경기도,수원시,5568.1,37.24340039,127.0322652
용화출,어린이공원,경기도,수원시,1501.0,37.25632088,127.0339841
칙칙폭폭,어린이공원,경기도,수원시,2182.1,37.27600935,126.976222
하구운,어린이공원,경기도,수원시,1995.8,37.27633658,126.9728353
은하수,어린이공원,경기도,수원시,1723.1,37.27982195,126.9734779
장승배기,어린이공원,경기도,수원시,1497.1,37.25592118,127.0179275
재간령,어린이공원,경기도,수원시,1496.6,37.24951633,127.0143373
신곡,어린이공원,경기도,수원시,1495.8,37.24498949,127.0163291
세곡,어린이공원,경기도,수원시,1496.5,37.25644901,127.0273183
중앙,어린이공원,경기도,수원시,1499.1,37.26240021,127.0227361
문화,어린이공원,경기도,수원시,1487.8,37.25265544,127.0173046
전원,어린이공원,경기도,수원시,1490.3,37.25539377,127.0223372
40호소공원,소공원,경기도,수원시,2531.0,37.31075034,126.9869221
고래의모험,어린이공원,경기도,수원시,1553.0,37.25248056,127.0090813
벌터,어린이공원,경기도,수원시,1132.0,37.26367431,126.9908188
장교둑,어린이공원,경기도,수원시,2068.0,37.2591911,127.0188716
풀잎,어린이공원,경기도,수원시,1837.0,37.27833743,126.9518662
한주,어린이공원,경기도,수원시,3146.0,37.25407994,127.0134765
고색,어린이공원,경기도,수원시,1433.1,37.24694221,126.9788974
별빛,어린이공원,경기도,수원시,2000.2,37.24810467,127.033795
산들,어린이공원,경기도,수원시,5289.1,37.24863213,127.0368538
상록,어린이공원,경기도,수원시,3455.2,37.25002682,127.0378542
온수골,어린이공원,경기도,수원시,1396.1,37.25190143,127.0363942
명당,어린이공원,경기도,수원시,4534.0,37.25264478,127.0399881
탑골,어린이공원,경기도,수원시,1559.2,37.26817391,126.9764008
잎새,어린이공원,경기도,수원시,1533.1,37.27090592,126.9780323
푸른지대,어린이공원,경기도,수원시,1601.0,37.27024924,126.9732388
탑마루,어린이공원,경기도,수원시,1591.3,37.27362319,126.9753258
사랑,어린이공원,경기도,수원시,2375.0,37.27714009,126.9718878
당산,어린이공원,경기도,수원시,5379.9,37.28706853,127.0320989
아낌없이주는나무,어린이공원,경기도,수원시,3146.7,37.28716691,127.0278678
씽씽어린이공원,어린이공원,경기도,수원시,9524.0,37.2568351,126.9887757
고사,어린이공원,경기도,수원시,1776.3,37.23304652,126.9774257
고금,어린이공원,경기도,수원시,1760.9,37.23393782,126.9742589
물이랑,어린이공원,경기도,수원시,1507.3,37.24417067,127.0275409
꿈이랑,어린이공원,경기도,수원시,8135.5,37.24177692,127.0181324
하늘이랑,어린이공원,경기도,수원시,1504.7,37.24006544,127.0210479
별누리,어린이공원,경기도,수원시,2002.2,37.29784735,126.9534509
해누리,어린이공원,경기도,수원시,5134.3,37.30068259,126.9538867
오누이,어린이공원,경기도,수원시,1631.5,37.2335338,127.0254139
신아,어린이공원,경기도,수원시,1686.5,37.2373961,127.0299682
곡반정,어린이공원,경기도,수원시,1495.3,37.24116251,127.0310741
숲속,어린이공원,경기도,수원시,1728.5,37.2708023,126.9548565
우주선,어린이공원,경기도,수원시,5968.5,37.27614865,126.9544608
물방울,어린이공원,경기도,수원시,1493.9,37.27035712,126.9422609
크레파스,어린이공원,경기도,수원시,2981.7,37.27508432,126.9372468
물결,어린이공원,경기도,수원시,1441.8,37.26546203,127.0084686
여우별,어린이공원,경기도,수원시,755.1,37.24502597,126.9681128
꿈나무,어린이공원,경기도,수원시,3000.0,37.25404854,127.0265616
상상나래,어린이공원,경기도,수원시,2400.0,37.25377589,127.0242229
무지개,어린이공원,경기도,수원시,2367.7,37.25774671,127.0252778
한터,어린이공원,경기도,수원시,3218.0,37.26787345,126.9961442
오색,어린이공원,경기도,수원시,750.0,37.24674139,126.9675025
오목천,어린이공원,경기도,수원시,4300.3,37.24213772,126.9636059
서낭재,어린이공원,경기도,수원시,1867.0,37.27316319,126.9783039
교동,어린이공원,경기도,수원시,1910.0,37.27174738,127.012064
장고개,어린이공원,경기도,수원시,3506.9,37.2786827,127.0404484
솔밭산,어린이공원,경기도,수원시,3693.0,37.27790107,127.0434517
네버랜드,어린이공원,경기도,수원시,1500.0,37.28135952,126.9925868
숙지,어린이공원,경기도,수원시,2017.2,37.28337838,126.9925305
개구쟁이,어린이공원,경기도,수원시,1500.0,37.28474429,126.9915651
쪽빛,어린이공원,경기도,수원시,1641.3,37.28592281,126.9909966
선재미,어린이공원,경기도,수원시,1775.3,37.2876746,126.9890251
산마루,어린이공원,경기도,수원시,4595.8,37.28604145,126.9876586
양지말,어린이공원,경기도,수원시,3000.4,37.28595461,126.9847311
동말,어린이공원,경기도,수원시,1278.4,37.27712897,126.9969782
화서오거리,어린이공원,경기도,수원시,1000.0,37.27966634,126.9997294
나래,어린이공원,경기도,수원시,1045.3,37.27509616,127.0048438
고등,어린이공원,경기도,수원시,1288.6,37.27058365,127.0069136
샛별,어린이공원,경기도,수원시,931.9,37.27942364,127.0051463
백로,어린이공원,경기도,수원시,3232.2,37.28589764,126.9817406
버들,어린이공원,경기도,수원시,4442.7,37.2894783,126.9829531
작은새,어린이공원,경기도,수원시,2772.8,37.29240068,127.0358679
소만,어린이공원,경기도,수원시,2000.1,37.29189804,127.0322859
장다리,어린이공원,경기도,수원시,1498.9,37.2655614,127.0240014
미소,어린이공원,경기도,수원시,1512.9,37.27465621,127.0305692
드라마센터,어린이공원,경기도,수원시,2639.0,37.27019098,127.0292686
반달,어린이공원,경기도,수원시,4665.5,37.26967298,127.024921
청록,어린이공원,경기도,수원시,2275.4,37.28091621,127.0321865
못골,어린이공원,경기도,수원시,3257.0,37.2834799,127.027695
교통,어린이공원,경기도,수원시,2530.0,37.26630262,127.0574025
효원,어린이공원,경기도,수원시,6653.0,37.26223292,127.0415354
매미,어린이공원,경기도,수원시,2135.3,37.26651885,127.0517346
우정,어린이공원,경기도,수원시,1939.1,37.27156282,127.0538907
먼내,어린이공원,경기도,수원시,1523.0,37.26957867,127.0576438
마루터기,어린이공원,경기도,수원시,1815.6,37.26385648,127.0487029
산샘,어린이공원,경기도,수원시,1940.1,37.26714647,127.0482123
옹달샘,어린이공원,경기도,수원시,1518.6,37.26557551,127.0470885
산남,어린이공원,경기도,수원시,1595.5,37.27170482,127.0504251
미래,어린이공원,경기도,수원시,1507.3,37.27168445,127.0473854
무지개,어린이공원,경기도,수원시,1616.2,37.2730117,127.0450275
혜성,어린이공원,경기도,수원시,2287.3,37.25488673,127.0379939
참새,어린이공원,경기도,수원시,1502.3,37.25704329,127.0404504
매화,어린이공원,경기도,수원시,3771.0,37.27008315,127.0404451
인도래,어린이공원,경기도,수원시,1890.0,37.26952732,127.0338052
색동,어린이공원,경기도,수원시,2400.0,37.26832123,127.0349365
힘찬,어린이공원,경기도,수원시,1670.7,37.28889777,126.99906
푸른숲,어린이공원,경기도,수원시,1500.2,37.28176264,127.0006431
약수터,어린이공원,경기도,수원시,2135.0,37.28291807,127.0038746
물새공원,수변공원,경기도,수원시,32119.5,37.27558977,126.9440925
7호수변공원,수변공원,경기도,수원시,2991.3,37.2591678,126.9915777
달누리,수변공원,경기도,수원시,4331.8,37.30049017,126.951202
세류문화공원,문화공원,경기도,수원시,7102.0,37.25830559,127.0071658
15호문화공원,문화공원,경기도,수원시,438.1,37.2589472,126.9931637
14호문화공원,문화공원,경기도,수원시,2678.3,37.25874733,126.9923985
11호문화공원,문화공원,경기도,수원시,3301.4,37.25298444,127.0312257
10호문화공원,문화공원,경기도,수원시,2231.6,37.25336116,127.0296678
한림문화공원,문화공원,경기도,수원시,7154.2,37.23760102,127.0250249
권선1문화공원,문화공원,경기도,수원시,3195.8,37.25532774,126.9723092
누리문화공원,문화공원,경기도,수원시,13056.4,37.27647038,126.9450191
글모둠문화공원,문화공원,경기도,수원시,8627.2,37.26641239,126.9579934
1호체육공원,체육공원,경기도,수원시,61899.7,37.27629039,126.9483114
오목천체육공원,체육공원,경기도,수원시,45795.0,37.24725021,126.970053
고색체육공원,체육공원,경기도,수원시,13502.2,37.24370905,126.9782807
배다리공원,근린공원,경기도,수원시,20928.8,37.24029343,126.9850965
105호근린공원,근린공원,경기도,수원시,10191.8,37.2359684,126.9761943
대부둑공원,근린공원,경기도,수원시,25106.8,37.25489133,126.970192
마중공원,근린공원,경기도,수원시,64604.5,37.2385727,127.0192999653
사랑뜰공원,근린공원,경기도,수원시,16757.5,37.26498272,126.9577427
바람소리공원,근린공원,경기도,수원시,17255.9,37.27705532,126.9457828
매화공원,근린공원,경기도,수원시,17555.7,37.26952284,126.9498476
호매실공원,근린공원,경기도,수원시,50894.0,37.27119348,126.948787
가온공원,근린공원,경기도,수원시,14523.0,37.27260543,126.9490445
산울림공원,근린공원,경기도,수원시,23151.4,37.27698626,126.938702
고렴,근린공원,경기도,수원시,10571.0,37.24063001,127.0292104
들바람,근린공원,경기도,수원시,5186.7,37.24072849,126.9787184
고색중보들,근린공원,경기도,수원시,138326.5,37.24822973,126.9900297
솔대,근린공원,경기도,수원시,10354.0,37.23618536,126.9817029
은하수공원,근린공원,경기도,수원시,9402.0,37.25632198,126.9943208
오목호수공원,근린공원,경기도,수원시,38718.7,37.24815347,126.9645449
권선늘푸른,근린공원,경기도,수원시,33855.6,37.24800774,127.0400804
탑동,근린공원,경기도,수원시,14574.3,37.27311789,126.9720697
오목천,근린공원,경기도,수원시,21121.3,37.24105541,126.973141
권선,근린공원,경기도,수원시,11500.0,37.24998179,127.0234851
권선중앙,근린공원,경기도,수원시,26338.3,37.25138141,127.0311845
구운,근린공원,경기도,수원시,52586.0,37.27849556,126.976192
올림픽,근린공원,경기도,수원시,57559.1,37.26147267,127.0285798
5호 체육공원,체육공원,경기도,수원시,10634.8,37.29073825,126.986498
104호수변공원,수변공원,경기도,수원시,966.0,37.31284336,126.982227
새싹문화공원,문화공원,경기도,수원시,3460.0,37.30660898,127.0080955
정자문화공원,문화공원,경기도,수원시,39000.0,37.3095764,126.9864004
광교,근린공원,경기도,수원시,25849.0,37.30150454,127.0312636
샘내,근린공원,경기도,수원시,15212.6,37.29576471,126.9819051
밤밭,근린공원,경기도,수원시,10465.7,37.30059174,126.9758041
퉁소바위,근린공원,경기도,수원시,46817.0,37.29133938,127.025709
정자,근린공원,경기도,수원시,51089.5,37.29766409,126.9883063
만석,근린공원,경기도,수원시,329004.3,37.30064243,127.0042635
신창,어린이공원,서울특별시,도봉구,579.0,37.64005013,127.0408422
달내,어린이공원,서울특별시,도봉구,1001.0,37.642803,127.0352563
장미,어린이공원,서울특별시,도봉구,1000.0,37.638146,127.036365
다람쥐,어린이공원,서울특별시,도봉구,988.0,37.64520352,127.0349066
창고개,어린이공원,서울특별시,도봉구,990.0,37.64476713,127.039341
창골,어린이공원,서울특별시,도봉구,4236.0,37.643075,127.048626
뱃골,어린이공원,서울특별시,도봉구,2319.0,37.64881821,127.0455437
밤골,어린이공원,서울특별시,도봉구,2279.0,37.64881821,127.0455437
반석,어린이공원,서울특별시,도봉구,2596.0,37.64716834,127.0412891
은행나무,어린이공원,서울특별시,도봉구,3199.0,37.64999808,127.0433017
꿈동산,어린이공원,서울특별시,도봉구,1008.0,37.65028686,127.036861
뒷말,어린이공원,서울특별시,도봉구,1000.0,37.66496533,127.0356152
서울창포원,기타,서울특별시,도봉구,51146.0,37.6895,127.0471623
다락원체육공원,체육공원,서울특별시,도봉구,49830.0,37.69154967,127.0470117
학골,소공원,서울특별시,도봉구,149.0,37.66179652,127.0367282
방학,소공원,서울특별시,도봉구,305.0,37.66309614,127.0322564
무수골,소공원,서울특별시,도봉구,854.0,37.67872504,127.0395213
무수울,소공원,서울특별시,도봉구,161.0,37.67823258,127.0361831
창3마을공원,소공원,서울특별시,도봉구,331400.0,37.63310961,127.0411969
창2마을공원,소공원,서울특별시,도봉구,310430.0,37.64135474,127.0361404
쌍문1구역,소공원,서울특별시,도봉구,118790.0,37.64788419,127.0240704
누원,어린이공원,서울특별시,도봉구,1515.0,37.67739606,127.0471641
갈대밭,어린이공원,서울특별시,도봉구,973.0,37.67761781,127.0493276
무수,어린이공원,서울특별시,도봉구,1003.0,37.68154186,127.0428342
새동네,어린이공원,서울특별시,도봉구,1289.0,37.68889354,127.0431764
서원,어린이공원,서울특별시,도봉구,921.0,37.68386081,127.0432817
해태,어린이공원,서울특별시,도봉구,962.0,37.67195803,127.0411999
무지개,어린이공원,서울특별시,도봉구,921.0,37.685648,127.045024
창원,어린이공원,서울특별시,도봉구,2329.0,37.65298653,127.0403959
미화,어린이공원,서울특별시,도봉구,996.0,37.65501352,127.0396967
대창,어린이공원,서울특별시,도봉구,1500.0,37.64436186,127.0522613
모랫,어린이공원,서울특별시,도봉구,1500.0,37.64683187,127.0517828
유만,어린이공원,서울특별시,도봉구,1500.0,37.65038208,127.0529523
효자,어린이공원,서울특별시,도봉구,1573.0,37.65511059,127.0508313
물방울,어린이공원,서울특별시,도봉구,646.0,37.63771613,127.0413394
샘말,어린이공원,서울특별시,도봉구,1085.0,37.66812722,127.0315428
개나리,어린이공원,서울특별시,도봉구,960.0,37.66733162,127.0371368
생잇들,어린이공원,서울특별시,도봉구,970.0,37.66900475,127.039176
금성윗들,어린이공원,서울특별시,도봉구,1289.0,37.66773077,127.0449375
소망,어린이공원,서울특별시,도봉구,973.0,37.66029179,127.0222644
사슴,어린이공원,서울특별시,도봉구,970.0,37.6644568,127.0417367
무궁화,어린이공원,서울특별시,도봉구,1003.0,37.6678,127.0421
둥근달,어린이공원,서울특별시,도봉구,1013.0,37.64970515,127.0301301
샛별,어린이공원,서울특별시,도봉구,331.0,37.648073,127.029196
노해,어린이공원,서울특별시,도봉구,1019.0,37.65132976,127.0335737
꽃동네,어린이공원,서울특별시,도봉구,317.0,37.65060359,127.0229687
월천근린공원,근린공원,서울특별시,도봉구,10712.0,37.647271,127.052318
둘리(쌍문),근린공원,서울특별시,도봉구,264718.0,37.65242986,127.0276385
초안산,근린공원,서울특별시,도봉구,404631.0,37.647426,127.0413841
가락1(시영아파트),어린이공원,서울특별시,송파구,1617.7,37.49761457,127.1025318
향유(거마재정비),근린공원,서울특별시,송파구,10569.0,37.494489,127.147614
잠실주공5단지 근린공원,근린공원,서울특별시,송파구,10741.0,37.512706,127.095491
위례 근린공원3호,근린공원,서울특별시,송파구,42448.0,37.490844,127.139533
위례 근린공원1호,근린공원,서울특별시,송파구,200327.0,37.483179,127.144136
문이,근린공원,서울특별시,송파구,20856.2,37.484857,127.113722
풍납타이어,기타,서울특별시,송파구,291.0,37.535938,127.121564
돌무데기놀이터,기타,서울특별시,송파구,455.0,37.492024,127.1572039
오금지구 수변공원,수변공원,서울특별시,송파구,4302.0,37.507619,127.136866
평화,소공원,서울특별시,송파구,1651.3,37.516291,127.1119805
늘푸른,소공원,서울특별시,송파구,921.0,37.49861927,127.1557171
훙이,어린이공원,서울특별시,송파구,1500.0,37.501139,127.1247542
장미아파트1호,어린이공원,서울특별시,송파구,5470.0,37.518333,127.099146
잠실진주,어린이공원,서울특별시,송파구,4470.0,37.518792,127.108557
문정동136 어린이공원,어린이공원,서울특별시,송파구,4685.0,37.487357,127.134752
새싹,어린이공원,서울특별시,강북구,651.0,37.6361119,127.0195804
수유일공원,어린이공원,서울특별시,강북구,2632.0,37.6307116,127.0170455
보등골,어린이공원,서울특별시,강북구,869.0,37.6350571,127.0184273
흰구름,소공원,서울특별시,강북구,214.0,37.6459856,127.0204707
상산,어린이공원,서울특별시,강북구,972.9,37.6383561,127.0240152
소귀,어린이공원,서울특별시,강북구,961.0,37.6385644,127.0186984
은모루,어린이공원,서울특별시,강북구,918.0,37.642469,127.0267036
희망,어린이공원,서울특별시,강북구,976.9,37.6407466,127.0243466
흰구름,어린이공원,서울특별시,강북구,1064.0,37.6455986,127.0205211
진달래공원,어린이공원,서울특별시,강동구,2024.0,37.5521507,127.1436747
은하수공원,어린이공원,서울특별시,강동구,2018.0,37.552017,127.1435031
파랑새공원,어린이공원,서울특별시,강동구,2017.3,37.547964,127.150864
하늬공원,어린이공원,서울특별시,강동구,2233.2,37.546126,127.1597286
까치공원,어린이공원,서울특별시,강동구,1965.8,37.547741,127.1621552
게내공원,어린이공원,서울특별시,강동구,1500.0,37.549262,127.171472
동자공원,어린이공원,서울특별시,강동구,1520.8,37.552388,127.167009
미리내공원,어린이공원,서울특별시,강동구,4286.2,37.554712,127.167908
말우물공원,어린이공원,서울특별시,강동구,1619.1,37.560012,127.169476
무지개공원,어린이공원,서울특별시,강동구,1967.5,37.559162,127.164191
한우물공원,어린이공원,서울특별시,강동구,1500.0,37.561635,127.162736
곰돌이공원,어린이공원,서울특별시,강동구,1983.0,37.556235,127.154997
꿈나래공원,어린이공원,서울특별시,강동구,1500.0,37.5608275,127.153742
화랑공원,어린이공원,서울특별시,강동구,220.0,37.540033,127.123192
샛마을공원,근린공원,서울특별시,강동구,11467.0,37.550106,127.147099
성내공원,근린공원,서울특별시,강동구,8929.0,37.529486,127.126516
천암공원,어린이공원,서울특별시,강동구,166.0,37.547844,127.136878
천호큰골목공원,어린이공원,서울특별시,강동구,586.0,37.545101,127.138573
천호삼거리공원,어린이공원,서울특별시,강동구,170.0,37.545489,127.138494
천일골목공원,어린이공원,서울특별시,강동구,233.0,37.5405287,127.1314181
두레어린이공원,어린이공원,서울특별시,송파구,75.0,37.494278,127.156245
탄천,기타,서울특별시,송파구,161970.0,37.499063,127.088061
올림픽공원,기타,서울특별시,송파구,1447122.3,37.520341,127.115518
성내천,기타,서울특별시,송파구,61050.0,37.500542,127.139533
백제초기적석총,역사공원,서울특별시,송파구,45137.8,37.50214179,127.102815
방이동고분,역사공원,서울특별시,송파구,30293.7,37.50757311,127.1181634
신천어린이교통,근린공원,서울특별시,송파구,12755.5,37.516022,127.101762
송례(위례 근린공원8호),근린공원,서울특별시,송파구,10024.6,37.477529,127.141005
잠실주공5단지 소공원,소공원,서울특별시,송파구,8228.0,37.513067,127.098124
문정동136 소공원,소공원,서울특별시,송파구,407.5,37.487951,127.133264
거여6(거마재정비),소공원,서울특별시,송파구,612.0,37.497464,127.154635
거여5(거마재정비),소공원,서울특별시,송파구,7682.0,37.491148,127.157751
거여4(거마재정비),소공원,서울특별시,송파구,5420.0,37.494411,127.156222
거여3(거마재정비),소공원,서울특별시,송파구,591.0,37.494838,127.155509
거여2(거마재정비),소공원,서울특별시,송파구,1501.0,37.491039,127.156702
장미아파트2호,어린이공원,서울특별시,송파구,3288.0,37.520392,127.103546
상일공원,근린공원,서울특별시,강동구,9704.0,37.5469247,127.167312
동명공원,근린공원,서울특별시,강동구,99599.9,37.561146,127.164455
방죽공원,근린공원,서울특별시,강동구,87748.6,37.5591586,127.1598268
샘터공원,근린공원,서울특별시,강동구,63320.9,37.561901,127.159087
동자공원,근린공원,서울특별시,강동구,6416.6,37.559711,127.152467
두레공원,근린공원,서울특별시,강동구,13460.2,37.558206,127.152203
까치공원,근린공원,서울특별시,강동구,19464.8,37.557079,127.149995
송림공원,근린공원,서울특별시,강동구,11491.0,37.55504732,127.1539494
원터공원,근린공원,서울특별시,강동구,24508.5,37.5524155,127.1430368
동새말공원,어린이공원,경기도,이천시,1300.0,37.2822743,127.4491159
북새말공원,어린이공원,경기도,이천시,1650.0,37.2854015,127.4494321
태극공원,어린이공원,경기도,이천시,1200.0,37.2841229,127.4454011
체육공원,어린이공원,경기도,이천시,1300.0,37.2859688,127.4459699
달맞이공원,어린이공원,경기도,이천시,1650.0,37.2858539,127.4432146
개나리공원,어린이공원,경기도,이천시,1650.0,37.2838603,127.4394771
향교공원,어린이공원,경기도,이천시,1757.0,37.2849017,127.4375887
남천공원,어린이공원,경기도,이천시,3830.0,37.2780103,127.444436
꿈나무공원,어린이공원,경기도,이천시,2526.0,37.2785611,127.4388194
한아름공원,어린이공원,경기도,이천시,1297.0,37.2807419,127.4396981
희망공원,어린이공원,경기도,이천시,683.0,37.2820958,127.4361472
이수흥공원,어린이공원,경기도,이천시,1902.0,37.2824765,127.4420405
심포니공원,어린이공원,경기도,이천시,2947.0,37.2822978,127.4457782
수변공원,수변공원,경기도,이천시,12040.0,37.2681203,127.4605268
온천공원,근린공원,경기도,이천시,114600.0,37.28219691,127.4523174
설봉공원,근린공원,경기도,이천시,1644940.0,37.2794565,127.4275533
강덕공원,근린공원,서울특별시,강동구,46699.6,37.558585,127.174682
암사공원,어린이공원,서울특별시,강동구,1780.0,37.552756,127.137981
벌말공원,근린공원,서울특별시,강동구,86205.7,37.559936,127.177202
강일공원,근린공원,서울특별시,강동구,34591.6,37.569526,127.1744407
나루공원,어린이공원,서울특별시,강동구,1500.0,37.547038,127.123604
꿈터공원,어린이공원,서울특별시,강동구,1804.0,37.560861,127.180266
윤슬공원,어린이공원,서울특별시,강동구,2591.0,37.562677,127.177545
꽃보라공원,어린이공원,서울특별시,강동구,3185.0,37.565352,127.175724
다솜공원,어린이공원,서울특별시,강동구,3125.0,37.546877,127.167582
당말공원,어린이공원,서울특별시,강동구,2409.0,37.53912769,127.133246
천일공원,어린이공원,서울특별시,강동구,2408.0,37.54498878,127.1362629
암사공원,근린공원,서울특별시,강동구,7047.0,37.5565294,127.1417157
솜다래공원,근린공원,서울특별시,강동구,3993.8,37.553691,127.141229
솔말소공원,근린공원,서울특별시,강동구,1108.6,37.556493,127.139147
암사동공원,소공원,서울특별시,강동구,1022.0,37.54888077,127.1233123
둔촌공원,어린이공원,서울특별시,강동구,2226.0,37.531437,127.143288
방아다리공원,어린이공원,서울특별시,강동구,2010.4,37.548156,127.153648
돌무데기,어린이공원,서울특별시,송파구,97.6,37.492001,127.155103
돌마리,어린이공원,서울특별시,송파구,1715.6,37.5006205,127.103249
도담,어린이공원,서울특별시,송파구,4138.0,37.49962097,127.159557
대건,어린이공원,서울특별시,송파구,1500.0,37.4971171,127.1320317
능골,어린이공원,서울특별시,송파구,1484.7,37.493129,127.133207
늘봄,어린이공원,서울특별시,송파구,3004.4,37.487571,127.133988
남천,어린이공원,서울특별시,송파구,282.9,37.501303,127.1527103
홍제2구역(홍제센트럴아이파크),어린이공원,서울특별시,서대문구,2499.0,37.584298,126.944335
홍제1구역(푸르지오센트럴파크),어린이공원,서울특별시,서대문구,2281.0,37.584298,126.944335
홍은2구역(힐스테이트홍은포레스트),어린이공원,서울특별시,서대문구,1991.0,37.579199,126.950407
홍은동,어린이공원,서울특별시,서대문구,1552.0,37.585383,126.923769
홍연,어린이공원,서울특별시,서대문구,965.1,37.5801270701,126.9268015076
홍남,어린이공원,서울특별시,서대문구,970.9,37.5779912763,126.9291886853
해담는,어린이공원,서울특별시,서대문구,793.0,37.5824247763,126.9104652559
한성,어린이공원,서울특별시,서대문구,2240.8,37.582423,126.910475
은가,어린이공원,서울특별시,서대문구,1312.0,37.5828050681,126.9194629437
샛별,어린이공원,서울특별시,송파구,1500.0,37.497957,127.121754
새싹,어린이공원,서울특별시,송파구,1806.4,37.50482351,127.112722
새말,어린이공원,서울특별시,송파구,1498.1,37.494731,127.125727
새마을,어린이공원,서울특별시,송파구,1667.3,37.508222,127.086579
삼학사,어린이공원,서울특별시,송파구,1648.0,37.506232,127.095323
삼전,어린이공원,서울특별시,송파구,1644.7,37.50181092,127.090203
삼밭나루,어린이공원,서울특별시,송파구,1434.1,37.505115,127.091718
삼밭,어린이공원,서울특별시,송파구,1646.1,37.49951865,127.092841
뽕밭,어린이공원,서울특별시,송파구,1125.6,37.507773,127.081067
비석거리,어린이공원,서울특별시,송파구,1624.5,37.494525,127.117497
비둘기,어린이공원,서울특별시,송파구,1500.2,37.512742,127.123352
부렴,어린이공원,서울특별시,송파구,1659.8,37.505621,127.079254
봉우리,어린이공원,서울특별시,송파구,1495.2,37.496495,127.119238
복숭아,어린이공원,서울특별시,송파구,1500.3,37.506812,127.131379
벌말,어린이공원,서울특별시,송파구,1502.1,37.501638,127.140281
버들,어린이공원,서울특별시,송파구,1886.0,37.478761,127.133147
배밭,어린이공원,서울특별시,송파구,1475.8,37.50160666,127.115347
배미골,어린이공원,서울특별시,송파구,1500.1,37.490834,127.1471347
방죽,어린이공원,서울특별시,송파구,1492.1,37.500653,127.122796
방잇골,어린이공원,서울특별시,송파구,1629.6,37.51341106,127.110304
반딧불,어린이공원,서울특별시,송파구,1489.2,37.48788796,127.1241012
문현,어린이공원,서울특별시,송파구,1523.0,37.481238,127.128143
무궁화,어린이공원,서울특별시,송파구,1500.0,37.49319401,127.127074
몽촌,어린이공원,서울특별시,송파구,1560.8,37.51293389,127.114841
모슬,어린이공원,서울특별시,송파구,550.0,37.492376,127.145466
동호수,어린이공원,서울특별시,송파구,1469.7,37.50991906,127.1070996
회천 제7호 어린이공원,어린이공원,경기도,양주시,1544.0,37.817724,127.050887
회천 제7호 수변공원,수변공원,경기도,양주시,20429.0,37.8168011,127.0538242
회천 제6호 어린이공원,어린이공원,경기도,양주시,1690.0,37.811107,127.057175
회천 제5호 근린공원,근린공원,경기도,양주시,10865.0,37.81396696,127.0501511
삼숭소공원,소공원,경기도,양주시,1525.0,37.8040912,127.0920097
삼숭어린이공원,어린이공원,경기도,양주시,4087.0,37.80499485,127.0892811
제6호 공공공지,기타,경기도,양주시,132.0,37.81184939,127.102356
덕계천어린이공원,어린이공원,경기도,양주시,938.0,37.8236746,127.0432057
석우근린공원,근린공원,경기도,양주시,14447.0,37.8272047,126.9800496
옥정 제18호 광장,기타,경기도,양주시,446.0,37.81092723,127.0857783
옥정 제17호 광장,기타,경기도,양주시,440.0,37.81363015,127.0886011
옥정 제16호 광장,기타,경기도,양주시,542.0,37.81378019,127.0895954
옥정 제15호 광장,기타,경기도,양주시,544.0,37.81445992,127.0894693
옥정 제13호 광장,기타,경기도,양주시,427.0,37.81723927,127.0913008
옥정 제11호 광장,기타,경기도,양주시,1560.0,37.82020188,127.0919096
옥정 제10호 광장,기타,경기도,양주시,899.0,37.82150574,127.0913645
옥정 제9호 광장,기타,경기도,양주시,1427.0,37.82612883,127.093305
옥정 제6호 광장,기타,경기도,양주시,355.0,37.82655888,127.0786141
옥정 제4호 광장,기타,경기도,양주시,457.0,37.83050451,127.0918449
옥정 제3호 광장,기타,경기도,양주시,287.0,37.83188424,127.0926118
옥정 제2호 광장,기타,경기도,양주시,450.0,37.83554954,127.0921666
옥정체육공원,체육공원,경기도,양주시,52816.0,37.82729942,127.0721334
옥정 제4소공원,소공원,경기도,양주시,1989.0,37.81781626,127.0808201
옥정 제3소공원,소공원,경기도,양주시,1451.0,37.81891698,127.084229
제5호 공공공지,기타,경기도,양주시,923.0,37.8295799,127.0746555
남면일반산업단지 소공원,소공원,경기도,양주시,4173.0,37.88418737,126.9737239
옥정제5어린이공원(참수물),어린이공원,경기도,양주시,2491.0,37.82152089,127.0858264
제4호 공공공지,기타,경기도,양주시,349.0,37.829689,127.0731684
옥정제2어린이공원(천보),어린이공원,경기도,양주시,6909.0,37.83375137,127.0956036
옥정제1어린이공원(율정),어린이공원,경기도,양주시,2218.0,37.83658617,127.0937109
옥정제6근린공원(선돌),근린공원,경기도,양주시,159926.0,37.82286486,127.0868367
옥정제5근린공원(독바위),근린공원,경기도,양주시,316230.0,37.82419984,127.0759899
옥정제1근린공원(옥정생태숲),근린공원,경기도,양주시,450169.0,37.82690291,127.0836194
옥정제12근린공원(꿈나래),근린공원,경기도,양주시,64935.0,37.81432231,127.0949317
옥정제11근린공원(마라니),근린공원,경기도,양주시,11407.0,37.81472077,127.0882876
옥정제10근린공원(옥정저류지),근린공원,경기도,양주시,43987.0,37.8127369,127.0829093
옥정제8근린공원(규율),근린공원,경기도,양주시,19601.0,37.82727565,127.1000289
제3호 공공공지,기타,경기도,양주시,349.0,37.83909802,127.0914523
옥정 제8호 광장,기타,경기도,양주시,450.0,37.82747556,127.0973221
옥정 제7호 광장,기타,경기도,양주시,489.0,37.82689741,127.0905802
옥정호수공원,문화공원,경기도,양주시,162293.0,37.82008694,127.1001548
고읍 문화공원,문화공원,경기도,양주시,4234.0,37.79076117,127.0853308
조소앙선생기념공원,역사공원,경기도,양주시,10864.0,37.92167975,126.9946023
연희푸르지오어린이공원,어린이공원,서울특별시,서대문구,2053.0,37.582713,126.919494
연희1구역(연희파크푸르지오),어린이공원,서울특별시,서대문구,2053.0,37.576664,126.930031
신정7동소공원,소공원,서울특별시,양천구,2553.0,37.5092629,126.8688037
세양,어린이공원,서울특별시,양천구,1560.7,37.506814,126.864025
호돌이,어린이공원,서울특별시,양천구,3399.7,37.512426,126.861336
목련,어린이공원,서울특별시,양천구,2498.5,37.511439,126.858322
갈산,근린공원,서울특별시,양천구,139576.0,37.508129,126.869032
사슴,어린이공원,서울특별시,양천구,2511.3,37.515672,126.873427
기린,어린이공원,서울특별시,양천구,2029.7,37.516283,126.869774
꿈나래,어린이공원,서울특별시,양천구,2433.9,37.516283,126.869774
까치,어린이공원,서울특별시,양천구,2149.8,37.514958,126.868243
다람쥐,어린이공원,서울특별시,양천구,2265.5,37.513482,126.866021
꿈동산,어린이공원,서울특별시,양천구,3730.1,37.521912,126.867457
양천,근린공원,서울특별시,양천구,33797.9,37.518124,126.867861
아랫말,어린이공원,서울특별시,양천구,947.7,37.525063,126.861828
은행정,어린이공원,서울특별시,양천구,1062.2,37.522027,126.855022
새뚝,어린이공원,서울특별시,양천구,961.3,37.524029,126.857728
안산,어린이공원,서울특별시,양천구,992.1,37.524593,126.856172
음골,어린이공원,서울특별시,양천구,995.4,37.527336,126.851231
진주,어린이공원,서울특별시,양천구,940.5,37.526494,126.855036
앞산,어린이공원,서울특별시,양천구,1050.5,37.526441,126.858307
홍익,어린이공원,서울특별시,양천구,990.8,37.528547,126.862274
오구,어린이공원,서울특별시,양천구,738.4,37.527272,126.861874
동개울,어린이공원,서울특별시,양천구,991.2,37.527916,126.856519
신정3동소공원,소공원,서울특별시,양천구,3353.0,37.50612432,126.8339302
넓은들,어린이공원,서울특별시,양천구,3288.0,37.511317,126.839385
숲속,어린이공원,서울특별시,양천구,1500.0,37.514551,126.830941
40호 소공원,소공원,경기도,안성시,2319.0,37.0940092767,127.2154622274
낙원역사공원,역사공원,경기도,안성시,11287.0,37.0053639651,127.2732404915
진사근린공원2,근린공원,경기도,안성시,15695.0,36.9963664528,127.1490261915
진사근린공원1,근린공원,경기도,안성시,15058.0,36.9925686784,127.1465878135
효양공원(서희테마파크),근린공원,경기도,이천시,142467.0,37.2728276441,127.4846865359
신원지구공원,어린이공원,경기도,이천시,21552.0,37.2965885231,127.5069818053
복하천제4수변공원,수변공원,경기도,이천시,58081.0,37.2746644684,127.465747
복하천제2수변공원,수변공원,경기도,이천시,12785.0,37.2681206788,127.4605276355
설봉아랫마을문화공원,문화공원,경기도,이천시,1732.6,37.278645,127.432927
한양수자인문화공원,문화공원,경기도,이천시,7162.1,37.2903066056,127.4472294054
롯데캐슬1차소공원,소공원,경기도,이천시,644.0,37.2750099183,127.454094
증포센트럴숲공원,소공원,경기도,이천시,7043.4,37.2881255244,127.458503
당왕수변공원,수변공원,경기도,안성시,5186.0,37.018043989,127.2638689518
신기지구 어린이공원(48호공원),어린이공원,경기도,안성시,1850.0,37.0095798509,127.1768971
신기지구 소공원(40호공원),소공원,경기도,안성시,3433.0,37.0101576412,127.1752206041
성남소공원,소공원,경기도,안성시,121.0,37.0019924601,127.2714474188
신소현어린이공원1,어린이공원,경기도,안성시,3881.0,37.0166495733,127.2533532644
43금산동소공원,소공원,경기도,안성시,577.0,37.0124909483,127.2702883782
당왕어린이공원,어린이공원,경기도,안성시,1501.0,37.0187571966,127.264075713
용두2어린이공원(38호공원),어린이공원,경기도,안성시,7874.0,37.0016487289,127.1564708212
마정일반산업단지 어린이공원,어린이공원,경기도,안성시,1835.0,37.0143686921,127.1951881753
하이랜드산단공원,소공원,경기도,안성시,6526.0,37.0603409821,127.1379919468
양기지구어린이공원,어린이공원,경기도,안성시,8993.0,37.0057459855,127.1954026969
35호공원,어린이공원,경기도,안성시,1798.0,37.0373190344,127.13028957
신흥소공원,소공원,경기도,안성시,307.0,37.0026997797,127.2705538656
동항산업단지어린이공원,어린이공원,경기도,안성시,1742.0,37.0649023549,127.1828763493
송원근린공원,근린공원,경기도,안성시,17491.0,37.0066863839,127.173202494
11호근린공원,근린공원,경기도,안성시,13581.0,37.003362401,127.1726989297
신모산공원,소공원,경기도,안성시,1444.0,37.0199670968,127.24607887
신내리어린이공원1,어린이공원,경기도,안성시,5194.0,37.0042240633,127.2245746114
신건지소공원,소공원,경기도,안성시,3967.0,37.0158997611,127.2478607033
신소현어린이공원2,어린이공원,경기도,안성시,1528.0,37.0164372278,127.2576671095
신건지어린이공원,어린이공원,경기도,안성시,2202.0,37.0141778385,127.2537698002
쌍용어린이공원,어린이공원,경기도,안성시,1500.0,37.0142346966,127.2659511902
미양물류공원,문화공원,경기도,안성시,2797.0,36.9684949318,127.2491992966
용두분수공원,소공원,경기도,안성시,1843.0,37.003959497,127.1690876
동화어린이공원,어린이공원,서울특별시,중구,3070.9,37.56049514,127.0181196
꿈누리어린이공원,어린이공원,서울특별시,중구,2568.7,37.5606932,127.0203973
저동어린이공원,어린이공원,서울특별시,중구,1050.0,37.56474547,126.9878944
늘푸른어린이공원,어린이공원,서울특별시,중구,423.0,37.55110795,127.0056933
다산어린이공원,어린이공원,서울특별시,중구,3678.6,37.56375032,127.0186793
충현어린이공원,어린이공원,서울특별시,중구,1571.0,37.55110795,127.0056933
청구어린이공원,어린이공원,서울특별시,중구,1655.7,37.55566197,127.0138185
배재어린이공원,어린이공원,서울특별시,중구,2877.0,37.56440726,126.9726897
황학어린이공원,어린이공원,서울특별시,중구,1087.0,37.56748267,127.0180129
쌍림어린이공원,어린이공원,서울특별시,중구,1500.0,37.56415396,127.0049461
묵정어린이공원,어린이공원,서울특별시,중구,3907.4,37.56368166,126.9998022
다동공원,근린공원,서울특별시,중구,1929.0,37.56779209,126.9805245
무학봉공원,근린공원,서울특별시,중구,38054.0,37.56251273,127.0250052
응봉공원,근린공원,서울특별시,중구,110176.5,37.56251273,127.0250052
훈련원공원,근린공원,서울특별시,중구,17927.9,37.56922545,127.0053319
명동문화공원,문화공원,서울특별시,중구,2117.0,37.56472834,126.9869241
순화문화공원,문화공원,서울특별시,중구,2102.5,37.56013992,126.9715294
정동역사공원,역사공원,서울특별시,중구,8160.0,37.56773915,126.9713585
청계천한빛공원,역사공원,서울특별시,중구,2105.7,37.56800871,126.9851012
서소문역사공원,역사공원,서울특별시,중구,21363.0,37.56056785,126.9688672
손기정체육공원,체육공원,서울특별시,중구,29682.2,37.55592073,126.9645377
인현소공원,소공원,서울특별시,중구,1317.7,37.5645401,126.997423
신당제11구역2(가칭),소공원,서울특별시,중구,79.7,37.56312028,127.0255232
신당제11구역1(가칭),소공원,서울특별시,중구,284.7,37.56221478,127.0255059
서소문구역 제5지구(가칭),소공원,서울특별시,중구,397.5,37.56288231,126.9754281
만리2구역3(가칭)_만리1,소공원,서울특별시,중구,427.0,37.55446168,126.9658367
만리소공원(만리2구역2),소공원,서울특별시,중구,3394.5,37.55446168,126.9658367
만리소공원(만리2구역1),소공원,서울특별시,중구,1204.2,37.55446168,126.9658367
마루소공원,소공원,서울특별시,중구,337.0,37.55116553,127.0043988
진달래소공원,소공원,서울특별시,중구,713.0,37.56801264,126.9747535
경찰기념공원,소공원,서울특별시,중구,1039.0,37.56056785,126.9688672
무교2소공원,소공원,서울특별시,중구,1245.4,37.56883648,126.9776038
쌍림동소공원,소공원,서울특별시,중구,169.4,37.56350445,127.0030963
저동3소공원,소공원,서울특별시,중구,389.2,37.56563762,126.9890554
저동2소공원,소공원,서울특별시,중구,200.0,37.56526144,126.9888661
저동1소공원,소공원,서울특별시,중구,210.0,37.56595598,126.9896256
순화어린이공원,어린이공원,서울특별시,중구,1457.8,37.56343951,126.9712668
나말,어린이공원,서울특별시,양천구,1002.2,37.538689,126.864464
목동누리,어린이공원,서울특별시,양천구,2190.0,37.546104,126.865222
무궁화,어린이공원,서울특별시,양천구,984.6,37.541877,126.864247
백석,어린이공원,서울특별시,양천구,708.4,37.545356,126.864912
한두,어린이공원,서울특별시,양천구,986.1,37.549391,126.865352
달마을,근린공원,서울특별시,양천구,35214.0,37.543331,126.868045
목동,근린공원,서울특별시,양천구,13366.0,37.546529,126.879301
용왕산,근린공원,서울특별시,양천구,213552.0,37.541663,126.875061
무지개,어린이공원,서울특별시,양천구,2375.1,37.528935,126.867044
오목,근린공원,서울특별시,양천구,21470.4,37.527761,126.873091
태양,어린이공원,서울특별시,양천구,998.1,37.524353,126.838614
경인,어린이공원,서울특별시,양천구,1161.6,37.532106,126.828788
남부,어린이공원,서울특별시,양천구,995.9,37.534821,126.826044
신월2동소공원,소공원,서울특별시,양천구,3001.0,37.517502,126.848298
신장,어린이공원,서울특별시,양천구,983.8,37.524231,126.842737
꽃동산,어린이공원,서울특별시,양천구,1002.9,37.526443,126.848436
신곡,어린이공원,서울특별시,양천구,990.4,37.526252,126.845112
신월,어린이공원,서울특별시,양천구,1148.2,37.527015,126.838167
곰달래,어린이공원,서울특별시,양천구,945.1,37.528711,126.837905
반곡,어린이공원,서울특별시,양천구,946.7,37.529181,126.835481
돌다리,어린이공원,서울특별시,양천구,925.1,37.531941,126.835812
신대,어린이공원,서울특별시,양천구,1003.1,37.534828,126.832752
은하수,어린이공원,서울특별시,양천구,3815.8,37.533387,126.878583
장미,어린이공원,서울특별시,양천구,3963.8,37.534427,126.882744
달님,어린이공원,서울특별시,양천구,3659.2,37.535171,126.885482
진달래,어린이공원,서울특별시,양천구,6517.0,37.531972,126.870154
영도,어린이공원,서울특별시,양천구,2985.4,37.535067,126.872941
별님,어린이공원,서울특별시,양천구,4211.4,37.537814,126.875231
햇님,어린이공원,서울특별시,양천구,2299.5,37.539933,126.879386
목마,근린공원,서울특별시,양천구,12816.8,37.538161,126.885426
파리,문화공원,서울특별시,양천구,29619.3,37.534645,126.877186
마장,어린이공원,서울특별시,양천구,785.4,37.533508,126.864686
모세미,어린이공원,서울특별시,양천구,988.9,37.535262,126.868644
정목,어린이공원,서울특별시,양천구,987.3,37.536923,126.868305
문화공원2,문화공원,경기도,광명시,14098.0,37.412559,126.8857
소하동역사공원,역사공원,경기도,광명시,4640.0,37.435028,126.8745
도덕산,근린공원,경기도,광명시,1328737.0,37.469467,126.8579
일직수변공원,수변공원,경기도,광명시,52996.0,37.412131,126.8837
기형도문화공원,문화공원,경기도,광명시,52761.0,37.426066,126.8825
충현역사공원,역사공원,경기도,광명시,7352.0,37.432106,126.8783
덕 안,근린공원,경기도,광명시,37773.0,37.427343,126.8833
영당말,근린공원,경기도,광명시,20250.0,37.433803,126.8823
한 내,근린공원,경기도,광명시,87838.0,37.451193,126.8867
소 하,근린공원,경기도,광명시,24850.0,37.435724,126.8757
안터저수지,근린공원,경기도,광명시,20294.0,37.459309,126.8698
가림2,어린이공원,경기도,광명시,10059.0,37.466666,126.864
능골공원,근린공원,서울특별시,강동구,31464.2,37.556768,127.174727
철망산,근린공원,경기도,광명시,122674.0,37.465103,126.8699854424
광 덕,근린공원,경기도,광명시,12645.0,37.470453,126.8729644602
광덕산,근린공원,경기도,광명시,61613.0,37.472142,126.871
왕재산,근린공원,경기도,광명시,16118.0,37.476078,126.8725
현 충,근린공원,경기도,광명시,34587.0,37.4837846993,126.865242037
너부대,근린공원,경기도,광명시,35997.0,37.478924,126.8466
자경제2,어린이공원,경기도,광명시,2997.0,37.4211995369,126.8912722594
자경제1,어린이공원,경기도,광명시,1187.0,37.421193,126.8899841301
꽃향기,어린이공원,경기도,광명시,3823.0,37.432319,126.8861502833
과일나라,어린이공원,경기도,광명시,1821.0,37.431767,126.8772
오리,어린이공원,경기도,광명시,2549.0,37.434214,126.8764
개운,어린이공원,경기도,광명시,1501.0,37.436971,126.8775
한솔,어린이공원,경기도,광명시,1504.0,37.437001,126.8833779916
선경,어린이공원,경기도,광명시,1500.0,37.435705,126.8819608945
성화,어린이공원,경기도,광명시,1500.0,37.434551,126.8839758875
새싹,어린이공원,경기도,광명시,1500.0,37.434417,126.8801
해오름,어린이공원,경기도,광명시,5879.0,37.442952,126.8938
둔벙,어린이공원,경기도,광명시,1590.0,37.444536,126.8916968887
금빛,어린이공원,경기도,광명시,1582.0,37.446186,126.8905
그루터기,어린이공원,경기도,광명시,8421.0,37.448535,126.8885
물결,어린이공원,경기도,광명시,3298.0,37.450874,126.8825858021
하평,어린이공원,경기도,광명시,1590.0,37.453006,126.8828836943
새터,어린이공원,경기도,광명시,2530.0,37.448687,126.8916
달맞이,어린이공원,경기도,광명시,9191.0,37.455721,126.8843
백합,어린이공원,경기도,광명시,1500.0,37.458521,126.8861907656
병아리,어린이공원,경기도,광명시,1500.0,37.459211,126.8848
초록,어린이공원,경기도,광명시,1500.0,37.456195,126.8850615363
개나리,어린이공원,경기도,광명시,1500.0,37.461532,126.8826
서편,어린이공원,경기도,광명시,1500.0,37.464341,126.8817
푸른,어린이공원,경기도,광명시,1500.0,37.463593,126.8822
노봉애,어린이공원,경기도,광명시,1500.0,37.466655,126.8777827928
무궁화,어린이공원,경기도,광명시,1500.0,37.464706,126.8797
꿈나무,어린이공원,경기도,광명시,1500.0,37.457519,126.8818
나래,어린이공원,경기도,광명시,1500.0,37.459691,126.8803706674
새싹,어린이공원,경기도,광명시,1500.0,37.460083,126.878498743
평화,어린이공원,경기도,광명시,1500.0,37.464919,126.8745
소망,어린이공원,경기도,광명시,1500.0,37.463546,126.875260265
무지개,어린이공원,경기도,광명시,1500.0,37.462805,126.8766834941
안현,어린이공원,경기도,광명시,1500.0,37.460107,126.872470406
가림,어린이공원,경기도,광명시,1500.0,37.464803,126.8662895239
현대,어린이공원,경기도,광명시,1500.0,37.467601,126.8645827399
햇빛,어린이공원,경기도,광명시,1500.0,37.472991,126.8753805103
도덕파크,어린이공원,경기도,광명시,1500.0,37.46982,126.8654895483
철산13단지,어린이공원,경기도,광명시,1650.0,37.478692,126.8703730734
연서,어린이공원,경기도,광명시,1594.0,37.481614,126.8634
철산,어린이공원,경기도,광명시,2615.0,37.488716,126.8644626932
희망찬,어린이공원,경기도,광명시,2563.0,37.472275,126.857
신나는,어린이공원,경기도,광명시,1703.0,37.468133,126.8544805883
우리또래,어린이공원,경기도,광명시,2406.0,37.467274,126.8501
꿈동산,어린이공원,경기도,광명시,1501.0,37.469764,126.8474
우리,어린이공원,경기도,광명시,4141.0,37.472066,126.8458
둥지,어린이공원,경기도,광명시,1502.0,37.471327,126.8487
너부대,어린이공원,경기도,광명시,1631.0,37.478599,126.8481752088
광이제2(다솜),어린이공원,경기도,광명시,893.0,37.48244,126.8541
호봉제3소공원,소공원,경기도,광명시,261.0,37.4188,126.8792
구름공원,어린이공원,서울특별시,강동구,1540.0,37.566745,127.179213
꽃사슴,어린이공원,서울특별시,양천구,1009.1,37.521702,126.848443
신세계,어린이공원,서울특별시,양천구,1674.0,37.521691,126.875895
신정,어린이공원,서울특별시,양천구,487.0,37.520437,126.874778
단지,어린이공원,서울특별시,양천구,3997.9,37.519694,126.854131
꽃사과,어린이공원,서울특별시,양천구,1738.6,37.520069,126.864623
개나리,어린이공원,서울특별시,양천구,3500.0,37.517709,126.862844
꿈나무,어린이공원,서울특별시,양천구,3148.2,37.517641,126.858518
신트리,근린공원,서울특별시,양천구,16409.3,37.514686,126.856359
양명,어린이공원,서울특별시,양천구,667.4,37.519271,126.854392
해태,어린이공원,서울특별시,양천구,1046.8,37.521748,126.862147
온수도시자연공원,도시농업공원,서울특별시,양천구,1003471.0,37.505895,126.840021
양지,근린공원,서울특별시,양천구,9013.4,37.522204,126.830867
곰달래,근린공원,서울특별시,양천구,12234.0,37.524918,126.833053
신월,근린공원,서울특별시,양천구,33058.0,37.517521,126.833892
독서,근린공원,서울특별시,양천구,19380.8,37.519783,126.834992
금실,어린이공원,서울특별시,양천구,3378.8,37.518409,126.837199
오솔길,근린공원,서울특별시,양천구,18047.2,37.521068,126.836526
한울,근린공원,서울특별시,양천구,15465.4,37.519698,126.832681
아동,어린이공원,서울특별시,양천구,1500.2,37.523024,126.833504
강신,어린이공원,서울특별시,양천구,1500.0,37.515669,126.838421
강월,어린이공원,서울특별시,양천구,2755.6,37.515639,126.836422
신오,어린이공원,서울특별시,양천구,932.4,37.538178,126.831469
송죽,어린이공원,서울특별시,양천구,444.9,37.539399,126.833858
방아다리,어린이공원,서울특별시,양천구,927.3,37.538641,126.828308
당뒤,어린이공원,서울특별시,양천구,1068.8,37.541496,126.828616
당곡,어린이공원,서울특별시,양천구,1055.3,37.518649,126.840006
꿀벌,어린이공원,서울특별시,양천구,1005.2,37.519986,126.842014
문화,어린이공원,서울특별시,양천구,992.1,37.521202,126.842733
남도,어린이공원,서울특별시,양천구,1009.9,37.524405,126.840798
하늘마루,어린이공원,서울특별시,양천구,1500.0,37.512571,126.831703
넘은들,근린공원,서울특별시,양천구,16159.6,37.512951,126.840441
신이,어린이공원,서울특별시,양천구,1510.3,37.512521,126.837529
푸른,어린이공원,서울특별시,양천구,2574.9,37.511603,126.837445
계남,근린공원,서울특별시,양천구,440173.0,37.513745,126.844816
신기,어린이공원,서울특별시,양천구,1534.0,37.514092,126.854244
학마을,어린이공원,서울특별시,양천구,1500.0,37.508919,126.843669
성심공원,어린이공원,서울특별시,강동구,992.3,37.53831458,127.137376
희망공원,어린이공원,서울특별시,강동구,992.4,37.53897711,127.142255
무궁화공원,어린이공원,서울특별시,강동구,996.3,37.5423345,127.1454038
달님공원,어린이공원,서울특별시,강동구,998.6,37.53621038,127.142551
샛별공원,어린이공원,서울특별시,강동구,2391.6,37.526993,127.127036
안말공원,어린이공원,서울특별시,강동구,2290.3,37.531236,127.129903
보람공원,어린이공원,서울특별시,강동구,989.9,37.52471702,127.131302
선린공원,어린이공원,서울특별시,강동구,1575.2,37.52851478,127.132711
성안공원,어린이공원,서울특별시,강동구,1057.1,37.531369,127.134773
혜림공원,어린이공원,서울특별시,강동구,992.0,37.54460149,127.139905
명우공원,어린이공원,서울특별시,강동구,403.0,37.551537,127.141455
명일공원,근린공원,서울특별시,강동구,649709.6,37.5512577,127.1634092
일자산공원,근린공원,서울특별시,강동구,632733.0,37.5330568,127.1513563
고명공원,어린이공원,서울특별시,강동구,545.0,37.552473,127.143352
광진공원,어린이공원,서울특별시,강동구,1672.7,37.542946,127.122505
동산공원,어린이공원,서울특별시,강동구,1646.0,37.547119,127.129682
고분다리공원,어린이공원,서울특별시,강동구,1621.8,37.54540502,127.131821
천사공원,어린이공원,서울특별시,강동구,1617.2,37.54380935,127.1284086
선사공원,어린이공원,서울특별시,강동구,1610.3,37.55576061,127.1299975
구암공원,어린이공원,서울특별시,강동구,1647.8,37.556567,127.137608
볕우물공원,어린이공원,서울특별시,강동구,1552.8,37.553613,127.135704
광나루공원,어린이공원,서울특별시,강동구,1637.7,37.5500717,127.1255454
새장터공원,어린이공원,서울특별시,강동구,1592.0,37.55212624,127.130563
성내천공원,어린이공원,서울특별시,강동구,1413.6,37.526764,127.123929
염주골공원,어린이공원,서울특별시,강동구,991.3,37.549932,127.1456059
샘물공원,어린이공원,서울특별시,강동구,992.1,37.5510159,127.1447414
양벌1호 소공원,소공원,경기도,광주시,1487.0,37.39423,127.2584994151
삼동1호 어린이공원(삼동물놀이터),어린이공원,경기도,광주시,2907.0,37.41021,127.19874
도람근린공원 물놀이장,근린공원,경기도,광주시,18130.0,37.40055,127.2504195402
대쌍령 2호 소공원,소공원,경기도,광주시,1438.0,37.3908108293,127.2906
대쌍령 1호 어린이공원,어린이공원,경기도,광주시,6830.0,37.3898573272,127.2932794089
대쌍령 1호 소공원,소공원,경기도,광주시,515.0,37.39017,127.2896530244
곤지암천 수변공원,수변공원,경기도,광주시,1042.0,37.34998,127.344293494
고산7호 소공원,소공원,경기도,광주시,1420.0,37.37466,127.21812
고산3호 근린공원,근린공원,경기도,광주시,10123.0,37.3724688757,127.2201196825
고산2호 문화공원,문화공원,경기도,광주시,8856.0,37.3717038777,127.2142798954
장지1호 소공원,소공원,경기도,광주시,1127.0,37.3904909911,127.2352314386
장지1호 어린이공원,어린이공원,경기도,광주시,3371.2,37.39205071,127.2344587
장터말소공원,소공원,경기도,광주시,3125.8,37.40455682,127.2540873
역말소공원,소공원,경기도,광주시,3318.5,37.39970991,127.2533142
고산5호 어린이공원,어린이공원,경기도,광주시,1499.9,37.3733924663,127.2261026
고산1호 어린이공원,어린이공원,경기도,광주시,4866.2,37.3751071981,127.2303920765
고산1호 근린공원,근린공원,경기도,광주시,14645.3,37.3726237059,127.2300708162
송정지구 7호 소공원,소공원,경기도,광주시,657.0,37.42347165,127.2555593
송정지구 6호 소공원,소공원,경기도,광주시,1398.6,37.42087226,127.2537156
송정지구 5호 소공원,소공원,경기도,광주시,909.3,37.422111,127.2545795
송정지구 4호 소공원,소공원,경기도,광주시,935.7,37.42483971,127.255806
송정지구 3호 소공원,소공원,경기도,광주시,1280.0,37.42004746,127.2542503
송정지구 2호 소공원,소공원,경기도,광주시,3709.5,37.42171408,127.2570583
송정지구 1호 소공원,소공원,경기도,광주시,1561.6,37.42450556,127.2567596
송정지구 1호 어린인공원,어린이공원,경기도,광주시,2034.8,37.42560231,127.257182
오현,어린이공원,서울특별시,강북구,3661.0,37.6245294,127.0466034
벌말,어린이공원,서울특별시,강북구,4641.3,37.6296813,127.0396722
벌리,어린이공원,서울특별시,강북구,4083.5,37.6275219,127.0445034
오얏골,어린이공원,서울특별시,강북구,5070.7,37.6341439,127.0344484
오동근린공원,근린공원,서울특별시,강북구,1025284.1,37.6292331,127.0330524
샛강,어린이공원,서울특별시,강북구,858.2,37.6395202,127.0329966
논골,어린이공원,서울특별시,강북구,991.7,37.6386856,127.0279086
번남,어린이공원,서울특별시,강북구,1014.9,37.6357586,127.0247969
미,소공원,서울특별시,강북구,424.4,37.6137937,127.0305656
미아,어린이공원,서울특별시,강북구,992.0,37.6152567,127.0375807
고갯마루,어린이공원,서울특별시,강북구,2185.8,37.6164203,127.0169389
테두리,어린이공원,서울특별시,강북구,1913.0,37.6186251,127.0176915
꼭지,소공원,서울특별시,강북구,746.0,37.6188024,127.017338
폭포,소공원,서울특별시,강북구,1238.0,37.612576,127.021656
늘푸른,소공원,서울특별시,강북구,646.0,37.6254089,127.0197435
미래,소공원,서울특별시,강북구,564.0,37.6246182,127.0145881
소망,소공원,서울특별시,강북구,320.0,37.6258055,127.0154221
송월,어린이공원,서울특별시,강북구,807.0,37.6163653,127.0321067
하늘,어린이공원,서울특별시,강북구,3367.0,37.6247032,127.012899
응달마을,어린이공원,서울특별시,강북구,866.0,37.618455,127.024343
청암,어린이공원,서울특별시,강북구,661.0,37.6241079,127.0171437
북한산도시자연공원,기타,서울특별시,강북구,84448.4,37.6210716,127.0083592
세일,어린이공원,서울특별시,강북구,839.7,37.6338794,127.0252746
으뜸,어린이공원,서울특별시,강북구,681.0,37.6236134,127.0262421
솔샘,어린이공원,서울특별시,강북구,1264.1,37.6184142,127.0270508
운산,어린이공원,서울특별시,강북구,995.1,37.6321329,127.025456
한빛,어린이공원,서울특별시,강북구,1192.1,37.6275981,127.0229662
오패,어린이공원,서울특별시,강북구,1084.0,37.6223139,127.0323129
미아도심소,어린이공원,서울특별시,강북구,1127.0,37.62544556,127.0313106
벽오산,어린이공원,서울특별시,강북구,1250.0,37.6275862,127.0302734
호봉제2소공원,소공원,경기도,광명시,385.0,37.4179692327,126.8792
호봉제1소공원,소공원,경기도,광명시,202.0,37.4187,126.8796
소하제2소공원,소공원,경기도,광명시,609.0,37.448121,126.8903590876
소하제1소공원,소공원,경기도,광명시,695.0,37.448801,126.8898875639
기찻길소공원,소공원,경기도,광명시,1150.0,37.434852,126.8858798604
밤일제7소공원,소공원,경기도,광명시,625.0,37.452847,126.8630778986
밤일제6소공원,소공원,경기도,광명시,492.0,37.452936,126.8626
밤일제5소공원,소공원,경기도,광명시,282.0,37.453133,126.8616
밤일제4소공원,소공원,경기도,광명시,322.0,37.453449,126.8616935043
밤일제3소공원,소공원,경기도,광명시,1015.0,37.453812,126.8617
밤일제2소공원,소공원,경기도,광명시,202.0,37.454142,126.8619590676
체육공원5,체육공원,경기도,군포시,24866.0,37.3118642583,126.9255308814
소공원17,소공원,경기도,군포시,653.5,37.37253321,126.9441165
수리어린이공원,어린이공원,경기도,군포시,1500.2,37.35764614,126.9177418
한양어린이공원,어린이공원,경기도,군포시,1500.2,37.35843964,126.922638
세종어린이공원,어린이공원,경기도,군포시,1519.0,37.35840613,126.9276072
충무어린이공원,어린이공원,경기도,군포시,1622.2,37.35692269,126.934426
무궁화어린이공원,어린이공원,경기도,군포시,1500.0,37.35812447,126.9371635
희망어린이공원,어린이공원,경기도,군포시,1872.5,37.3561658,126.9416995
한솔어린이공원,어린이공원,경기도,군포시,1500.1,37.35859084,126.9435709
우륵어린이공원,어린이공원,경기도,군포시,1500.0,37.36041923,126.9267759
묘향어린이공원,어린이공원,경기도,군포시,10125.6,37.3613915,126.9204273
백두어린이공원,어린이공원,경기도,군포시,1501.4,37.36405812,126.9242592
주몽어린이공원,어린이공원,경기도,군포시,1502.6,37.36462911,126.9274545
광정어린이공원,어린이공원,경기도,군포시,3667.1,37.3667968,126.9244545
매화어린이공원,어린이공원,경기도,군포시,1507.6,37.37434811,126.9366993
철쭉공원,근린공원,경기도,군포시,68974.0,37.353185,126.9257606
연의,근린공원,서울특별시,양천구,37520.0,37.514067,126.830401
창천,근린공원,서울특별시,서대문구,6322.0,37.5578737345,126.9402803289
중앙,근린공원,서울특별시,서대문구,15466.0,37.57514307,126.9133826
복주산,근린공원,서울특별시,서대문구,11430.0,37.574878,126.913075
백련,근린공원,서울특별시,서대문구,993724.0,37.59062231,126.9333664
독립,근린공원,서울특별시,서대문구,113021.7,37.57460851,126.9556118
궁동,근린공원,서울특별시,서대문구,126026.0,37.56861286,126.9196524
도람근린공원,근린공원,경기도,광주시,18130.3,37.40051409,127.2505951
고암 근린공원,근린공원,경기도,양주시,23484.0,37.8356898,127.0770618
봉우 근린공원,근린공원,경기도,양주시,27110.0,37.83675528,127.0673381
덕계 근린공원,근린공원,경기도,양주시,26723.0,37.82147118,127.0453314
밤일제1소공원,소공원,경기도,광명시,521.0,37.453724,126.8606711262
무학봉,근린공원,서울특별시,성동구,28843.0,37.56123125,127.0259523
달맞이,근린공원,서울특별시,성동구,63411.43,37.5433496,127.0193024
응봉,근린공원,서울특별시,성동구,417284.88,37.55374193,127.0273495
금동,어린이공원,서울특별시,성동구,2591.0,37.54942229,127.0256915
살구골,어린이공원,서울특별시,성동구,1573.9,37.55573009,127.0335764
도선,어린이공원,서울특별시,성동구,2332.5,37.56550468,127.031418
도장골,소공원,서울특별시,성동구,678.3,37.55480888,127.0273997
무지개,어린이공원,서울특별시,성동구,2143.0,37.54157394,127.0534386
보람,어린이공원,서울특별시,성동구,823.3,37.56613727,127.0381819
상원,어린이공원,서울특별시,성동구,2636.0,37.54753298,127.0483982
응삼,어린이공원,서울특별시,성동구,1646.7,37.55433983,127.0348842
미소,어린이공원,서울특별시,성동구,3411.0,37.56051006,127.0235037
송정,어린이공원,서울특별시,성동구,236.4,37.55519167,127.0703837
서마장,어린이공원,서울특별시,성동구,350.3,37.57152303,127.0374347
응봉개나리,어린이공원,서울특별시,성동구,462.0,37.54866971,127.0318722
열림,어린이공원,서울특별시,성동구,198.0,37.53962218,127.056782
아남,어린이공원,서울특별시,성동구,984.1,37.54732598,127.0646691
은행나무터,어린이공원,서울특별시,성동구,675.4,37.54369439,127.0537509
성삼,어린이공원,서울특별시,성동구,1812.2,37.54195313,127.0606155
마장,어린이공원,서울특별시,성동구,911.0,37.56233458,127.0415003
사근,어린이공원,서울특별시,성동구,496.0,37.563417,127.0475948
응봉새말,어린이공원,서울특별시,성동구,311.0,37.55186593,127.035857
동마장,어린이공원,서울특별시,성동구,1090.9,37.56622804,127.0456969
성원,어린이공원,서울특별시,성동구,982.5,37.55011556,127.0499031
성수,근린공원,서울특별시,성동구,5197.7,37.54477086,127.0518411
용답휴식,근린공원,서울특별시,성동구,6046.9,37.56999106,127.0468202
금호,근린공원,서울특별시,성동구,13467.8,37.54904117,127.0190199
행당4구역,소공원,서울특별시,성동구,1235.0,37.5555693,127.0320798
하왕1-5구역,소공원,서울특별시,성동구,1451.1,37.56007539,127.0241246
트리마제,소공원,서울특별시,성동구,2762.8,37.53923821,127.0446715
직녀,어린이공원,서울특별시,성동구,1500.0,37.5667467,127.0278177
견우,어린이공원,서울특별시,성동구,1500.0,37.5665905,127.0240825
푸른,어린이공원,서울특별시,성동구,1681.8,37.54733277,127.0235968
청계꿈나무,어린이공원,서울특별시,성동구,1705.0,37.56781934,127.0278905
뉴타운1구역,기타,서울특별시,성동구,2452.4,37.56782502,127.0250536
뉴타운2구역,기타,서울특별시,성동구,2517.0,37.56782502,127.0250536
왕십리 KCC스위첸,소공원,서울특별시,성동구,1514.1,37.56067856,127.0268748
매봉,소공원,서울특별시,성동구,2006.7,37.54729549,127.0121475
옥정,소공원,서울특별시,성동구,711.76,37.5458337,127.0153489
금남,소공원,서울특별시,성동구,834.0,37.55054813,127.0213924
금옥,소공원,서울특별시,성동구,1230.0,37.55306047,127.0214356
장미,소공원,서울특별시,성동구,485.4,37.5522684,127.0694222
향림,소공원,서울특별시,성동구,987.8,37.54703666,127.0533154
청송,소공원,서울특별시,성동구,798.7,37.54599593,127.0587894
동부,소공원,서울특별시,성동구,251.0,37.54524583,127.0474356
전관원,어린이공원,서울특별시,성동구,4760.0,37.55467447,127.0404902
꽃재,어린이공원,서울특별시,성동구,2810.0,37.56781934,127.0278897
논골새싹,어린이공원,서울특별시,성동구,2837.1,37.55751131,127.0250458
삼청,근린공원,서울특별시,성북구,73.6,37.59555894,126.9864035
북한산,근린공원,서울특별시,성북구,93472.9,37.61906876,127.0054953
북악산,근린공원,서울특별시,성북구,87616.5,37.59555894,126.9864035
상길례,문화공원,서울특별시,성북구,4090.2,37.61972141,127.0453689
도란도란,소공원,서울특별시,성북구,426.0,37.60567055,127.0653636
돌이음,소공원,서울특별시,성북구,1103.4,37.6069043,127.0652173
별빛누리,소공원,서울특별시,성북구,949.0,37.60760199,127.0161349
맑은소리,소공원,서울특별시,성북구,2549.1,37.61025298,127.0270613
향기,어린이공원,서울특별시,성북구,1000.0,37.6091215585,127.0447354027
햇살,어린이공원,서울특별시,성북구,300.0,37.60591304,127.0485162
밤골,어린이공원,서울특별시,성북구,600.0,37.607541,127.039921
동산,어린이공원,서울특별시,성북구,417.0,37.60459386,127.034528
배밭골,어린이공원,서울특별시,성북구,263.0,37.60812583,126.9986863
꿈나라,어린이공원,서울특별시,성북구,1564.0,37.58029718,127.023018
범바위,어린이공원,서울특별시,성북구,1514.0,37.58549036,127.0214092
삼선,어린이공원,서울특별시,성북구,10957.0,37.58323585,127.01039
숭인,근린공원,서울특별시,성북구,5332.6,37.58287311,127.0178911
아름드리,근린공원,서울특별시,성북구,3782.0,37.60992341,127.037977
모랫말,근린공원,서울특별시,성북구,1740.0,37.604825,127.032787
청량,근린공원,서울특별시,성북구,329290.0,37.60635811,127.0539954
개운산,근린공원,서울특별시,성북구,208618.0,37.59720671,127.0257184
오동,근린공원,서울특별시,성북구,233989.7,37.61064628,127.0404131
동방,어린이공원,서울특별시,성북구,982.0,37.61664297,127.0435038
자주바위,어린이공원,서울특별시,성북구,1519.3,37.58287149,127.0178925
정릉동,근린공원,서울특별시,성북구,5779.1,37.61846189,127.0045308
길빛,근린공원,서울특별시,성북구,146038.0,37.60976006,127.0265188
꿈빛,소공원,서울특별시,성북구,719.0,37.60224083,127.0116561
되너미,소공원,서울특별시,성북구,1069.0,37.5992171,127.0137028
돌마루,소공원,서울특별시,성북구,877.0,37.5880187,127.012142
두레,소공원,서울특별시,성북구,287.0,37.60655851,127.0176651
행복한,소공원,서울특별시,성북구,1173.0,37.60822513,127.0195532
잔월,소공원,서울특별시,성북구,481.0,37.6040624,127.031506
길섶,소공원,서울특별시,성북구,383.0,37.61057497,127.0186126
길음골,소공원,서울특별시,성북구,1244.0,37.60944177,127.0193237
일신,어린이공원,서울특별시,성북구,950.0,37.59999069,127.0395876
벌집,어린이공원,서울특별시,성북구,1788.0,37.599625,127.0367262
아름,어린이공원,서울특별시,성북구,2167.0,37.60759757,127.0164324
늘푸른,어린이공원,서울특별시,성북구,1580.0,37.60850569,127.0204223
성북,근린공원,서울특별시,성북구,69676.5,37.595122,127.0072875
옛시장,어린이공원,서울특별시,성북구,958.0,37.60232547,127.0339269
고암,어린이공원,서울특별시,성북구,1449.0,37.59998725,127.0318095
매화,어린이공원,서울특별시,성북구,1595.0,37.60011962,127.0207412
화랑,어린이공원,서울특별시,성북구,2213.0,37.60715757,127.0547542
맑은숲,어린이공원,서울특별시,성북구,1601.0,37.62144056,127.0463288
동망봉,어린이공원,서울특별시,성북구,6730.0,37.5838591,127.017073
솔숲,어린이공원,서울특별시,성북구,2922.0,37.60480863,127.014971
한울,어린이공원,서울특별시,성북구,2675.0,37.605709,127.013709
해맑은,어린이공원,서울특별시,성북구,2089.0,37.6085186,127.020925
솔향기,어린이공원,서울특별시,성북구,4031.0,37.608108,127.0213064
종암,어린이공원,서울특별시,성북구,1514.0,37.60012565,127.0372515
새소리,어린이공원,서울특별시,성북구,1371.0,37.600751,127.0254039
돌뫼,어린이공원,서울특별시,성북구,350.0,37.60510034,127.0528072
샛별,어린이공원,서울특별시,성북구,1638.0,37.614016,127.0642987
능안 근린공원,근린공원,경기도,하남시,17308.0,37.51009736,127.1529834
세미 근린공원,근린공원,경기도,하남시,10705.0,37.54575728,127.1950813
벌말천 수변공원(수변2호공원),수변공원,경기도,하남시,34770.0,37.51052186,127.1627976
초이산단 소공원,소공원,경기도,하남시,3444.0,37.52872703,127.1728007
교회터소공원(소공원214),소공원,경기도,하남시,157.0,37.53947815,127.1974141
미사역사공원(일가기념관),역사공원,경기도,하남시,6910.0,37.5587997,127.1832271
역사공원,역사공원,경기도,하남시,20653.0,37.50826863,127.1555614
감일문화공원,문화공원,경기도,하남시,8298.0,37.50794112,127.1598711
으뜸소공원,소공원,경기도,하남시,1298.0,37.51047013,127.1515202
새소리근린공원(근린4호공원),근린공원,경기도,하남시,14170.0,37.5031861,127.1669841
정림근린공원(근린2호공원),근린공원,경기도,하남시,12828.0,37.50700655,127.1634932
위례근린공원9호,근린공원,경기도,하남시,50778.0,37.47198165,127.161839
위례근린공원6호,근린공원,경기도,하남시,10052.0,37.47611133,127.1499838
위례근린공원5호,근린공원,경기도,하남시,19977.0,37.48171772,127.1481596
미사 한강 4호 공원,체육공원,경기도,하남시,87532.0,37.57784853,127.1884904
미사호수공원,근린공원,경기도,하남시,3919.0,37.5630952064,127.1868428751
미사 수변 13호 공원,수변공원,경기도,하남시,9246.0,37.5510559,127.1899443
남대문로5가문화공원,문화공원,서울특별시,중구,1576.2,37.56472834,126.9869241
미사 수변 12호 공원,수변공원,경기도,하남시,21922.0,37.55626589,127.1904409
미사 수변 11호 공원,수변공원,경기도,하남시,2102.0,37.566033,127.1842461
미사 수변 10호 공원,수변공원,경기도,하남시,37680.0,37.56882789,127.1828441
문화공원 11호,문화공원,경기도,하남시,1508.0,37.57294647,127.188595
미사 한강 3호 공원,문화공원,경기도,하남시,59145.0,37.57979906,127.1872643
미사 누리 2호 공원,근린공원,경기도,하남시,53871.0,37.56761783,127.187303
미사 누리 1호 공원,근린공원,경기도,하남시,33924.0,37.57451938,127.1876226
미사 숲 공원,근린공원,경기도,하남시,167988.0,37.55514407,127.1905257
미사 한강 5호 공원,근린공원,경기도,하남시,91871.0,37.57866668,127.1915726
미사 한강 2호 공원,근린공원,경기도,하남시,79419.0,37.57676685,127.1807342
미사 한강 1호 공원,근린공원,경기도,하남시,80043.0,37.57655745,127.1788434
현안1지구 늘봄공원,어린이공원,경기도,하남시,1752.0,37.54427045,127.194271
현안1지구 누리봄공원,어린이공원,경기도,하남시,1853.0,37.54294281,127.1941493
나룰 공원,어린이공원,경기도,하남시,1033.0,37.5563328,127.2050914
실바람 공원,어린이공원,경기도,하남시,2714.0,37.55712458,127.203937
방탱이 공원,어린이공원,경기도,하남시,1519.0,37.55832214,127.2024382
꿈마루 공원,어린이공원,경기도,하남시,1945.0,37.57534218,127.191302
뜨락 3호 공원,소공원,경기도,하남시,798.0,37.55744153,127.201432
뜨락 2호 공원,소공원,경기도,하남시,1623.0,37.55710428,127.2010714
뜨락 1호 공원,소공원,경기도,하남시,603.0,37.55675767,127.2005004
미사 중앙초 공원,소공원,경기도,하남시,5172.0,37.55961878,127.1982417
느티나무 공원,소공원,경기도,하남시,5652.0,37.55563836,127.1850578
숲내음 공원,소공원,경기도,하남시,8464.0,37.57067072,127.1923635
초록숲 공원,소공원,경기도,하남시,5369.0,37.57516842,127.1857696
달빛 공원,소공원,경기도,하남시,6943.0,37.57377827,127.1791051
덕풍수변공원2,수변공원,경기도,하남시,10639.0,37.5450126,127.2175878
덕풍수변공원1,수변공원,경기도,하남시,9836.0,37.54523599,127.2160641
현안사업 2지구 문화공원,문화공원,경기도,하남시,31778.0,37.54475416,127.2068381
문화공원,문화공원,경기도,하남시,79371.0,37.54654765,127.2205018
국제자매도시공원,근린공원,경기도,하남시,10052.0,37.54448924,127.2213179
신평어린이공원,어린이공원,경기도,하남시,12524.0,37.54395999,127.2131206
신평소공원,소공원,경기도,하남시,1425.0,37.54377047,127.2113145
문화소공원,소공원,경기도,하남시,4993.0,37.54434562,127.2090768
덕풍소공원(소공원209),소공원,경기도,하남시,2695.0,37.54560272,127.1984033
덕풍근린공원,근린공원,경기도,하남시,99250.0,37.5370066646,127.1975777898
풍산지구근린4호,근린공원,경기도,하남시,17607.0,37.54678459,127.2098866
풍산지구근린3호,근린공원,경기도,하남시,101301.0,37.55337669,127.2084378
풍산지구근린2호,근린공원,경기도,하남시,16167.0,37.55052835,127.2012278
풍산지구근린1호,근린공원,경기도,하남시,22245.0,37.5543847,127.2013921
미사근린공원,근린공원,경기도,하남시,772590.0,37.55362591,127.2132296
창우근린공원,근린공원,경기도,하남시,10000.0,37.53771863,127.2244033
신장근린공원,근린공원,경기도,하남시,13912.0,37.53787971,127.2143771
풍산지구 어린이8호,어린이공원,경기도,하남시,1537.0,37.54771867,127.2101297
풍산지구 어린이7호,어린이공원,경기도,하남시,4339.0,37.54855826,127.209193
풍산지구 어린이6호,어린이공원,경기도,하남시,7235.0,37.55159944,127.2108421
풍산지구 어린이5호,어린이공원,경기도,하남시,1767.0,37.55148919,127.2087956
풍산지구 어린이4호,어린이공원,경기도,하남시,1661.0,37.54546042,127.2060842
풍산지구 어린이3호,어린이공원,경기도,하남시,1521.0,37.55483256,127.2007147
향나무,어린이공원,서울특별시,송파구,1512.4,37.48979171,127.1442044
한샘,어린이공원,서울특별시,송파구,1688.0,37.484765,127.1250089
팔각정,어린이공원,서울특별시,송파구,1497.5,37.492637,127.124131
투구봉,어린이공원,서울특별시,송파구,1502.9,37.494001,127.135365
큰바위,어린이공원,서울특별시,송파구,1508.1,37.49811017,127.142529
초록,어린이공원,서울특별시,송파구,343.9,37.495639,127.156954
천상,어린이공원,서울특별시,송파구,12464.0,37.494277,127.1590674
진달래,어린이공원,서울특별시,송파구,1738.1,37.503675,127.086313
중대,어린이공원,서울특별시,송파구,1497.8,37.499678,127.115427
잔버들,어린이공원,서울특별시,송파구,303.0,37.497372,127.144299
임금샘,어린이공원,서울특별시,송파구,1500.3,37.51120967,127.125048
윗바람,어린이공원,서울특별시,송파구,291.0,37.53437064,127.112122
용마,어린이공원,서울특별시,송파구,1500.3,37.49984042,127.148556
오봉산,어린이공원,서울특별시,송파구,1508.0,37.50612827,127.1023092
오동나무,어린이공원,서울특별시,송파구,1500.0,37.506227,127.1339065
옛동산,어린이공원,서울특별시,송파구,1266.3,37.50964937,127.115877
영풍,어린이공원,서울특별시,송파구,1500.4,37.49513234,127.142498
어사,어린이공원,서울특별시,송파구,1653.4,37.50731372,127.113002
안산골,어린이공원,서울특별시,송파구,1500.5,37.497609,127.1266918
안골,어린이공원,서울특별시,송파구,1500.1,37.502813,127.135319
아름,어린이공원,서울특별시,송파구,2338.7,37.50336748,127.107059
아랫바람,어린이공원,서울특별시,송파구,198.0,37.532301,127.112232
아랫말,어린이공원,서울특별시,송파구,1500.0,37.50486252,127.137384
수정,어린이공원,서울특별시,송파구,1494.6,37.48892043,127.126227
솔밭,어린이공원,서울특별시,송파구,1500.1,37.509068,127.1236308
솔바람,어린이공원,서울특별시,송파구,1500.0,37.47884273,127.129415
섬굴,어린이공원,서울특별시,송파구,368.0,37.496925,127.149266
석촌,어린이공원,서울특별시,송파구,1638.4,37.505901,127.0998172
샛팽이,어린이공원,서울특별시,송파구,1500.7,37.496755,127.1339104
새꿈어린이공원,어린이공원,서울특별시,용산구,1828.0,37.552563,126.974476
이태원어린이공원,어린이공원,서울특별시,용산구,2858.0,37.538407,126.989041
동자어린이공원,어린이공원,서울특별시,용산구,712.0,37.55008633,126.973945
청파문화공원,문화공원,서울특별시,용산구,4296.4,37.553546,126.9682992
늘푸른어린이공원,어린이공원,서울특별시,용산구,2300.0,37.53479369,126.956553
새나라어린이공원,어린이공원,서울특별시,용산구,2340.0,37.548319,126.9763669
효창공원,근린공원,서울특별시,용산구,171277.0,37.544278,126.959255
16호공원,어린이공원,경기도,안성시,2469.0,37.01372655,127.2608482
금산공원(솔밭공원),근린공원,경기도,안성시,17000.0,37.01524123,127.2685391
죽산연못공원,어린이공원,경기도,안성시,5601.0,37.0767976723,127.4243761718
봉남공원,어린이공원,경기도,안성시,1811.0,37.0069670338,127.2762826424
돌우물공원,근린공원,경기도,안성시,9303.0,37.00910073,127.2650865
16호어린이공원,어린이공원,경기도,안성시,7935.0,37.0158103814,127.2060087985
안성맞춤가족공원(17호근린공원),근린공원,경기도,안성시,22224.0,37.0141773942,127.2031143375
신능공원,근린공원,경기도,안성시,9970.0,36.9727622232,127.2672181184
진사4호소공원,소공원,경기도,안성시,1057.0,36.99365395,127.1428157671
21호어린이공원,어린이공원,경기도,안성시,585.0,36.9925287,127.1385674
알미산공원,근린공원,경기도,안성시,16504.0,37.0042189,127.250314
9호어린이공원,어린이공원,경기도,안성시,1971.0,37.0016517506,127.1689647
2호어린이공원,어린이공원,경기도,안성시,1800.0,36.996436879,127.1694727486
원곡산단 소공원,소공원,경기도,안성시,2150.0,37.04310556,127.119578
퍼시스 소공원,소공원,경기도,안성시,737.0,37.0045988914,127.1787901295
19호공원,어린이공원,경기도,안성시,2026.0,37.0159011084,127.2617952
25호공원,어린이공원,경기도,안성시,1600.0,36.999218,127.223336
24호공원,어린이공원,경기도,안성시,1900.0,37.000938847,127.2222775
23호공원,소공원,경기도,안성시,981.0,37.0035515806,127.2259550977
미양공원,근린공원,경기도,안성시,11763.0,36.9784132532,127.2612383877
계륵공원,어린이공원,경기도,안성시,4109.0,36.9806662584,127.2559464117
17호공원,어린이공원,경기도,안성시,1798.0,37.014286,127.2575727
월정산단 소공원,소공원,경기도,안성시,2039.0,37.0858659152,127.458225321
방초산단 소공원,소공원,경기도,안성시,2894.0,37.1409921686,127.4336780392
원곡물류단지 근린공원,근린공원,경기도,안성시,87247.0,37.0466657187,127.1630414087
4산단 근린공원2,근린공원,경기도,안성시,15042.0,36.9515695937,127.2567253355
4산단 근린공원1,근린공원,경기도,안성시,16156.0,36.9534376117,127.2499766528
개정산단,근린공원,경기도,안성시,7303.0,36.9576912263,127.1985859151
31호공원,문화공원,경기도,안성시,1893.0,36.99816241,127.1686909
1호공원,소공원,경기도,안성시,2014.0,36.973403603,127.2645327771
장원산단2 소공원,소공원,경기도,안성시,740.0,37.0676630562,127.4292105827
퇴미2 공원(30호공원),근린공원,경기도,안성시,10540.0,36.9990189927,127.1788563002
퇴미1 공원(29호공원),근린공원,경기도,안성시,14594.0,36.9987863918,127.1786380349
안성체육공원,체육공원,경기도,안성시,12202.0,36.9824919619,127.2669686817
40호공원(우남공원),어린이공원,경기도,안성시,3992.0,37.0104406839,127.2604657985
39호공원,어린이공원,경기도,안성시,6715.0,37.0120289409,127.2910685109
13호어린이공원,어린이공원,경기도,안성시,6300.0,37.0079439655,127.1719609071
10호어린이공원,어린이공원,경기도,안성시,2691.0,37.0027531341,127.1726760197
8호어린이공원,어린이공원,경기도,안성시,4525.0,37.000719524,127.1701452879
장미공원,어린이공원,경기도,이천시,1650.0,37.2758452,127.4451223
청솔공원,어린이공원,경기도,이천시,1650.0,37.2755183,127.4486608
샛별공원,어린이공원,경기도,이천시,1650.0,37.2795137,127.4490814
KCC정문소공원,소공원,경기도,이천시,3854.0,37.2877591169,127.450666
증포제2어린이공원,어린이공원,경기도,이천시,2214.1,37.296659,127.4568135464
송정제2어린이공원라온프라이빗,어린이공원,경기도,이천시,6335.0,37.2991290503,127.437134
48호어린이공원,어린이공원,경기도,이천시,2791.0,37.29239137,127.4453949
마장근린공원,근린공원,경기도,이천시,15317.0,37.2535668451,127.3547039279
진암공원,근린공원,경기도,이천시,177579.0,37.1101735631,127.6189887763
갈산제2공원,어린이공원,경기도,이천시,2100.0,37.28095085,127.4587268
푸르지오공원,어린이공원,경기도,이천시,3179.0,37.28527841,127.4516502
휴먼시아공원,어린이공원,경기도,이천시,2100.0,37.2821735,127.4575724
관고제6공원,어린이공원,경기도,이천시,1830.0,37.2832654,127.4336145
증포제3공원,어린이공원,경기도,이천시,2250.0,37.28941811,127.4497003
증포제2공원,어린이공원,경기도,이천시,1872.0,37.283321,127.4553421
송정공원,어린이공원,경기도,이천시,1537.0,37.2969501,127.4327276
증포제1공원,어린이공원,경기도,이천시,3865.0,37.29629085,127.4530205
갈산제1공원,어린이공원,경기도,이천시,1580.0,37.28395378,127.4556812
마전터공원,어린이공원,경기도,이천시,1000.0,37.2841272,127.4345441
한마음공원,어린이공원,경기도,이천시,1650.0,37.2767548,127.4380016
당산근린공원,근린공원,서울특별시,영등포구,11154.0,37.52521794,126.8951468
신길근린공원,근린공원,서울특별시,영등포구,19604.0,37.501712,126.905408
문래근린공원,근린공원,서울특별시,영등포구,23611.0,37.517456,126.894267
자매근린공원,근린공원,서울특별시,영등포구,16458.0,37.5180209,126.9309951
신일어린이공원,어린이공원,서울특별시,영등포구,173.0,37.510022,126.9221917
문래소공원,소공원,서울특별시,영등포구,1954.0,37.5197992,126.8869024
꿈에그린어린이공원,어린이공원,서울특별시,영등포구,1619.0,37.50300166,126.9088394
중마루근린공원,근린공원,서울특별시,영등포구,6456.0,37.519919,126.911497
영일어린이공원,어린이공원,서울특별시,영등포구,5413.0,37.51015183,126.903919
양평어린이공원,어린이공원,서울특별시,영등포구,2845.0,37.538015,126.898077
영등포근린공원,근린공원,서울특별시,영등포구,61544.0,37.516127,126.912126
양화폭포근린공원,근린공원,서울특별시,영등포구,10244.0,37.53904364,126.8985934
신우어린이공원,어린이공원,서울특별시,영등포구,3112.0,37.503539,126.899081
두암어린이공원,어린이공원,서울특별시,영등포구,1477.0,37.49551276,126.897371
동심어린이공원,어린이공원,서울특별시,영등포구,2820.0,37.498712,126.897293
원지어린이공원,어린이공원,서울특별시,영등포구,4845.0,37.497618,126.899642
서강어린이공원,어린이공원,서울특별시,영등포구,1797.0,37.5259219,126.905848
조롱박어린이공원,어린이공원,서울특별시,영등포구,6969.0,37.491332,126.903016
고추말어린이공원,어린이공원,서울특별시,영등포구,3071.0,37.511577,126.9070507
다사랑어린이공원,어린이공원,서울특별시,영등포구,1632.0,37.492834,126.899215
산성어린이공원,어린이공원,서울특별시,영등포구,413.0,37.49697742,126.902594
양남어린이공원,어린이공원,서울특별시,영등포구,1467.0,37.523205,126.888303
강마을어린이공원,어린이공원,서울특별시,영등포구,3329.0,37.532972,126.906681
자유어린이공원,어린이공원,서울특별시,영등포구,5385.0,37.521353,126.937326
평화어린이공원,어린이공원,서울특별시,영등포구,4595.0,37.52135273,126.9373261
중앙어린이공원,어린이공원,서울특별시,영등포구,3671.0,37.52147175,126.9032729
메낙골근린공원,근린공원,서울특별시,영등포구,17229.0,37.50701967,126.915244
영신소공원,소공원,서울특별시,영등포구,396.0,37.528846,126.903737
꿈모아소공원,소공원,서울특별시,영등포구,1505.0,37.51655014,126.8871262
당산나루소공원,소공원,서울특별시,영등포구,1279.0,37.532814,126.900128
이음소공원,소공원,서울특별시,영등포구,732.0,37.527424,126.902467
새말소공원,소공원,서울특별시,영등포구,1642.0,37.531292,126.8975129
도리미소공원,소공원,서울특별시,영등포구,1859.0,37.509476,126.9021917
원두막소공원,소공원,서울특별시,영등포구,395.0,37.495012,126.903451
당산역소공원,소공원,서울특별시,영등포구,229.0,37.533517,126.900642
옹기종기소공원,소공원,서울특별시,영등포구,1732.0,37.504367,126.906022
꽃담소공원,소공원,서울특별시,영등포구,2582.0,37.53120144,126.900161
달무리소공원,소공원,서울특별시,영등포구,1007.0,37.513622,126.890546
해무리소공원,소공원,서울특별시,영등포구,1194.0,37.514461,126.888327
연희,어린이공원,서울특별시,서대문구,661.0,37.5677222876,126.9214882989
연서,어린이공원,서울특별시,서대문구,1582.0,37.5721059849,126.9233003301
연남,어린이공원,서울특별시,서대문구,991.7,37.5782156974,126.9253082841
실락,어린이공원,서울특별시,서대문구,17452.0,37.5944983504,126.9433887336
신가,어린이공원,서울특별시,서대문구,993.4,37.58016375,126.908353
솟대,어린이공원,서울특별시,서대문구,1474.5,37.5727336053,126.9128368305
상암곡,어린이공원,서울특별시,서대문구,294.0,37.5828752617,126.9422297501
불천,어린이공원,서울특별시,서대문구,2006.0,37.59744131,126.9481431
북성,어린이공원,서울특별시,서대문구,2357.0,37.5585348549,126.9516607774
북가좌정원지구,어린이공원,서울특별시,서대문구,1869.0,37.5797905714,126.9167807198
백련,어린이공원,서울특별시,서대문구,985.8,37.58227473,126.9240161
바람산,어린이공원,서울특별시,서대문구,627.1,37.5582621538,126.9402043639
문화촌,어린이공원,서울특별시,서대문구,1500.0,37.5951282887,126.9473904482
모랫재,어린이공원,서울특별시,서대문구,529.0,37.5829894311,126.9447011117
모래내,어린이공원,서울특별시,서대문구,1766.3,37.5723808424,126.9137261559
명수,어린이공원,서울특별시,서대문구,2269.0,37.5600994286,126.9507472905
동구물,어린이공원,서울특별시,서대문구,275.0,37.571358873,126.9280647177
대궐재,어린이공원,서울특별시,서대문구,971.9,37.5740322749,126.9370980742
다람쥐,어린이공원,서울특별시,서대문구,595.0,37.5760874892,126.934422808
너른바위,어린이공원,서울특별시,서대문구,2592.2,37.576082,126.93442
남이마을,어린이공원,서울특별시,서대문구,1397.6,37.57904267,126.9196433
남가좌동,어린이공원,서울특별시,서대문구,4144.0,37.579075,126.919683
나비울,어린이공원,서울특별시,서대문구,6757.0,37.5748096667,126.9096220861
궁말,어린이공원,서울특별시,서대문구,886.9,37.5710871432,126.9336095869
오순도순소공원,소공원,서울특별시,영등포구,2650.0,37.504178,126.9067851
라온소공원,소공원,서울특별시,영등포구,2133.0,37.502802,126.911686
소예소공원,소공원,서울특별시,영등포구,2361.0,37.502528,126.912451
도토리어린이공원,어린이공원,서울특별시,영등포구,2878.0,37.494598,126.9081926
당찬어린이공원,어린이공원,서울특별시,영등포구,1587.0,37.53003105,126.9015929
어울숲근린공원,근린공원,서울특별시,영등포구,13776.0,37.503954,126.9145992
늘품어린이공원,어린이공원,서울특별시,영등포구,1981.0,37.503015,126.920286
정담소공원,소공원,서울특별시,영등포구,1638.0,37.50373971,126.9175044
아크로타워 역사공원,역사공원,서울특별시,영등포구,2962.0,37.52257451,126.9077566
아기자기소공원,소공원,서울특별시,영등포구,1661.4,37.504638,126.906631
화담소공원,소공원,서울특별시,영등포구,1024.1,37.501274,126.9162891
황새울공원,체육공원,경기도,성남시,37957.0,37.383256,127.118142
중앙공원,근린공원,경기도,성남시,420982.1,37.380301,127.121173
당골공원,근린공원,경기도,성남시,31128.8,37.372234,127.129797
맹산공원,근린공원,경기도,성남시,103828.1,37.369425,127.132883
태현공원,근린공원,경기도,성남시,16319.5,37.369531,127.143577
태현공원,어린이공원,경기도,성남시,1620.0,37.367657,127.142446
점골공원,근린공원,경기도,성남시,270243.9,37.37812,127.140716
점골공원,어린이공원,경기도,성남시,4487.5,37.376943,127.139985
상희공원,근린공원,경기도,성남시,18143.7,37.410918,127.14128
성지공원,근린공원,경기도,성남시,94597.4,37.407998,127.157297
탑골공원,근린공원,경기도,성남시,358629.6,37.40657,127.151696
탑골공원,어린이공원,경기도,성남시,4314.6,37.408174,127.13631
서현공원,근린공원,경기도,성남시,97877.8,37.390181,127.12969
서현공원,어린이공원,경기도,성남시,11273.5,37.382087,127.127099
율동공원,근린공원,경기도,성남시,889863.7,37.380792,127.152097
하이테크밸리 근린공원,근린공원,경기도,성남시,76658.0,37.436441,127.16758
금상소공원,소공원,경기도,성남시,1305.6,37.441782,127.163499
금상어린이공원,어린이공원,경기도,성남시,8749.7,37.443769,127.162335
박석어린이공원,어린이공원,경기도,성남시,4015.0,37.44389,127.165608
제일어린이공원,어린이공원,경기도,성남시,6134.0,37.439525,127.148875
단남소공원,소공원,경기도,성남시,401.2,37.442322,127.163256
여수지구 제1호공원,소공원,경기도,성남시,2673.1,37.427879,127.132919
은행제16호공원,소공원,경기도,성남시,605.7,37.455796,127.168016
은행제15호공원,소공원,경기도,성남시,646.8,37.45441,127.163569
석촌공원,근린공원,경기도,성남시,18863.7,37.336733,127.119794
진고개공원,근린공원,경기도,성남시,21059.1,37.335409,127.1146
오리공원,근린공원,경기도,성남시,30775.0,37.341382,127.111944
오리공원,어린이공원,경기도,성남시,5780.2,37.344557,127.114146
벌말공원,근린공원,경기도,성남시,12040.7,37.348123,127.115299
벌말공원,어린이공원,경기도,성남시,1790.0,37.347646,127.110859
머내과학기술공원,근린공원,경기도,성남시,165712.5,37.346658,127.106381
금곡공원,체육공원,경기도,성남시,18148.5,37.356898,127.109197
주택공원,근린공원,경기도,성남시,212563.3,37.357594,127.112502
정자공원,근린공원,경기도,성남시,215106.7,37.355692,127.121471
능골공원,근린공원,경기도,성남시,30590.2,37.370402,127.116741
마루공원,근린공원,경기도,성남시,25493.9,37.380603,127.111457
판교제11호(판교테크노파크)공원,근린공원,경기도,성남시,15437.3,37.398902,127.109227
판교제10호(낙생대)공원,근린공원,경기도,성남시,428698.0,37.387522,127.107671
판교제9호(나들이)공원,근린공원,경기도,성남시,28992.4,37.394733,127.114913
판교제8호(화랑)공원,근린공원,경기도,성남시,118923.6,37.39708,127.106232
판교제7호(송현)공원,근린공원,경기도,성남시,39233.5,37.409025,127.11694
판교제6호(붓들)공원,근린공원,경기도,성남시,154424.0,37.405936,127.107272
판교제4호(판교)공원,근린공원,경기도,성남시,1204532.2,37.391989,127.090589
판교제3호(두밀)공원,근린공원,경기도,성남시,66929.3,37.385246,127.071044
판교제2호(운중)공원,근린공원,경기도,성남시,28137.7,37.390041,127.075078
판교제1호(청계)공원,근린공원,경기도,성남시,87207.0,37.394168,127.065625
수내공원,근린공원,경기도,성남시,53935.3,37.367624,127.128826
수내공원,어린이공원,경기도,성남시,2865.5,37.365133,127.127799
맹산2공원,근린공원,경기도,성남시,549878.6,37.405244,127.142019
구미공원,근린공원,경기도,성남시,226188.2,37.342138,127.121929
구미공원,어린이공원,경기도,성남시,8656.6,37.337391,127.117303
솔밭공원,어린이공원,경기도,성남시,2234.3,37.384612,127.130561
누엣길공원,어린이공원,경기도,성남시,3900.7,37.389888,127.125651
구렛들공원,어린이공원,경기도,성남시,3269.5,37.392309,127.125092
이매길공원,어린이공원,경기도,성남시,2695.4,37.393108,127.122276
방아다리공원,어린이공원,경기도,성남시,5199.2,37.397715,127.1258
매송공원,어린이공원,경기도,성남시,4997.6,37.397563,127.122978
아름공원,어린이공원,경기도,성남시,5153.9,37.402507,127.123014
과수원공원,어린이공원,경기도,성남시,5180.1,37.402392,127.125993
신일공원,어린이공원,경기도,성남시,1581.5,37.407165,127.144121
목련공원,어린이공원,경기도,성남시,1572.1,37.40787,127.139199
무장들공원,어린이공원,경기도,성남시,1506.9,37.407727,127.131029
장승백이공원,어린이공원,경기도,성남시,1504.3,37.409498,127.131026
무잡모퉁이공원,어린이공원,경기도,성남시,2018.4,37.407349,127.127017
오야소공원,어린이공원,경기도,성남시,1517.8,37.407919,127.126884
종달새공원,어린이공원,경기도,성남시,4541.7,37.406574,127.123425
탑공원,어린이공원,경기도,성남시,4424.0,37.411657,127.131784
중탑공원,어린이공원,경기도,성남시,5856.9,37.412076,127.135986
양촌공원,어린이공원,경기도,성남시,1533.2,37.407056,127.147037
숲속공원,어린이공원,경기도,성남시,1585.3,37.414026,127.140383
새싹공원,어린이공원,경기도,성남시,1500.3,37.415439,127.141101
매향공원,어린이공원,경기도,성남시,1663.6,37.41471,127.137412
연꽃공원,어린이공원,경기도,성남시,1500.8,37.415308,127.137469
야탑공원,어린이공원,경기도,성남시,1872.3,37.41405,127.130611
하늘공원,어린이공원,경기도,성남시,1946.2,37.414724,127.130724
꿈동산공원,어린이공원,경기도,성남시,5000.1,37.414578,127.12608
산자락공원,어린이공원,경기도,성남시,1961.3,37.359023,127.124489
불정공원,어린이공원,경기도,성남시,6870.0,37.361627,127.12092
정든공원,어린이공원,경기도,성남시,6217.2,37.361568,127.116608
봉우재공원,어린이공원,경기도,성남시,6101.4,37.360858,127.112756
백현공원,근린공원,경기도,성남시,29859.0,37.382399,127.096187
백현공원,어린이공원,경기도,성남시,4196.8,37.371086,127.112207
느티마을공원,어린이공원,경기도,성남시,5021.4,37.366276,127.111787
한솔공원,어린이공원,경기도,성남시,8612.4,37.366621,127.116955
철쭉공원,어린이공원,경기도,성남시,7944.2,37.366541,127.122169
푸른공원,어린이공원,경기도,성남시,5250.1,37.368481,127.125026
내정공원,어린이공원,경기도,성남시,5781.5,37.372073,127.121477
햇빛공원,어린이공원,경기도,성남시,4960.3,37.374583,127.116882
초림공원,어린이공원,경기도,성남시,4299.8,37.375353,127.11763
선지봉공원,어린이공원,경기도,성남시,1659.7,37.365554,127.141329
동문공원,어린이공원,경기도,성남시,1560.3,37.369241,127.146558
장안공원,어린이공원,경기도,성남시,5144.2,37.370743,127.141058
안말공원,어린이공원,경기도,성남시,2939.3,37.372639,127.142806
미래공원,어린이공원,경기도,성남시,3509.7,37.371048,127.136006
수련공원,어린이공원,경기도,성남시,1509.9,37.372455,127.140537
양영공원,어린이공원,경기도,성남시,5344.5,37.373422,127.139348
서당공원,어린이공원,경기도,성남시,1501.4,37.375225,127.13451
효자공원,어린이공원,경기도,성남시,2808.5,37.376113,127.13505
분당공원,어린이공원,경기도,성남시,9428.5,37.379087,127.131204
소공원공원,어린이공원,경기도,성남시,1219.7,37.379517,127.136851
판교제8호(봄볕)공원,어린이공원,경기도,성남시,3610.8,37.398338,127.097336
판교제7호(미르)공원,어린이공원,경기도,성남시,7392.6,37.395036,127.099231
판교제6호(너른들)공원,어린이공원,경기도,성남시,5234.8,37.390168,127.099174
판교제5호(너울)공원,어린이공원,경기도,성남시,1768.9,37.389883,127.091471
판교제4호(도담)공원,어린이공원,경기도,성남시,1905.5,37.388696,127.08213
판교제3호(눈꽃)공원,어린이공원,경기도,성남시,8445.5,37.391558,127.083669
판교제2호(물빛)공원,어린이공원,경기도,성남시,5518.3,37.391069,127.067673
판교제1호(바람길)공원,어린이공원,경기도,성남시,5398.2,37.392117,127.066682
큰골공원,어린이공원,경기도,성남시,1790.1,37.340205,127.126082
넘말공원,어린이공원,경기도,성남시,1577.1,37.34047,127.124786
덕봉공원,어린이공원,경기도,성남시,1985.8,37.342231,127.125836
무지개공원,어린이공원,경기도,성남시,1530.2,37.339789,127.122776
야생화공원,어린이공원,경기도,성남시,1756.6,37.351585,127.106626
파랑새공원,어린이공원,경기도,성남시,2400.1,37.355077,127.106404
불곡공원,어린이공원,경기도,성남시,1586.7,37.344735,127.126551
골안공원,어린이공원,경기도,성남시,1588.2,37.343108,127.12462
수평공원,어린이공원,경기도,성남시,2020.2,37.344924,127.111009
하얀공원,어린이공원,경기도,성남시,3800.2,37.344885,127.118069
샘터공원,어린이공원,경기도,성남시,3620.1,37.348799,127.118614
까치마을공원,어린이공원,경기도,성남시,3170.1,37.351103,127.118164
뒷구미공원,어린이공원,경기도,성남시,2311.9,37.348973,127.111282
청솔공원,어린이공원,경기도,성남시,3570.5,37.3516,127.110779
앞구미공원,어린이공원,경기도,성남시,3029.8,37.353651,127.113425
늘푸른공원,어린이공원,경기도,성남시,2000.0,37.358264,127.106417
판교대장공원,근린공원,경기도,성남시,106779.3,37.414086,127.122035
판교역사공원,역사공원,경기도,성남시,4891.2,37.400902,127.095569
남서울묘지공원,묘지공원,경기도,성남시,635928.0,37.401818,127.16197
판교제3호체육공원,체육공원,경기도,성남시,11651.6,37.389184,127.070124
판교제2호체육공원,체육공원,경기도,성남시,10909.3,37.390838,127.070018
판교제1호체육공원,체육공원,경기도,성남시,12002.5,37.392381,127.070299
판교제23호(운중)공원,어린이공원,경기도,성남시,1492.0,37.392716,127.060025
판교제21호(물방울)공원,어린이공원,경기도,성남시,8323.9,37.401686,127.111345
판교제20호(달팽이)공원,어린이공원,경기도,성남시,4164.0,37.404422,127.107991
판교제19호(우주)공원,어린이공원,경기도,성남시,4739.8,37.40405,127.101378
판교제18호(빛나래)공원,어린이공원,경기도,성남시,6465.5,37.405127,127.098647
판교제17호(붓들)공원,어린이공원,경기도,성남시,10553.6,37.3995,127.118289
판교제16호(낙생)공원,어린이공원,경기도,성남시,1658.2,37.386865,127.100235
판교제15호(보물섬)공원,어린이공원,경기도,성남시,4161.6,37.383909,127.113053
판교제14호(정자목)공원,어린이공원,경기도,성남시,2565.6,37.384917,127.11052
판교제13호(물방울)공원,어린이공원,경기도,성남시,3911.6,37.386751,127.115896
판교제12호(숲안)공원,어린이공원,경기도,성남시,4275.3,37.388994,127.115944
판교제11호(삼평)공원,어린이공원,경기도,성남시,9011.0,37.399503,127.11501
판교제10호(송현)공원,어린이공원,경기도,성남시,1516.9,37.40456,127.115086
판교제9호(바람개비)공원,어린이공원,경기도,성남시,1547.5,37.402551,127.094811
이촌한우리공원,소공원,서울특별시,용산구,4325.0,37.5172264,126.981103
강변복지공원,소공원,서울특별시,용산구,377.0,37.521114,126.9658983
사촌공원,소공원,서울특별시,용산구,1500.0,37.520666,126.9709256
청탑공원,소공원,서울특별시,용산구,546.0,37.517808,126.977273
비상공원,소공원,서울특별시,용산구,889.0,37.522342,126.971394
후암어린이공원,어린이공원,서울특별시,용산구,182.0,37.54722997,126.9836734
서계가로어린이공원,어린이공원,서울특별시,용산구,183.0,37.551285,126.964252
문배어린이공원,어린이공원,서울특별시,용산구,842.0,37.536628,126.9698073
기와터공원,근린공원,서울특별시,용산구,2225.0,37.52581297,126.969661
서빙고공원,근린공원,서울특별시,용산구,11879.0,37.524782,126.9712832
신창동어린이공원,어린이공원,서울특별시,용산구,257.0,37.5366983,126.954145
솔밭어린이공원,어린이공원,서울특별시,용산구,2090.0,37.537229,126.973668
강변공원,소공원,서울특별시,용산구,1766.0,37.521338,126.975039
도원어린이공원,어린이공원,서울특별시,용산구,1500.0,37.537154,126.9546234
새푸리공원,소공원,서울특별시,용산구,231.0,37.5215843,126.967831
이촌공원,어린이공원,서울특별시,용산구,1736.0,37.518766,126.979792
효창어린이공원,어린이공원,서울특별시,용산구,525.0,37.54279367,126.9585555
두텁바위어린이공원,어린이공원,서울특별시,용산구,2623.0,37.552054,126.972944
동빙고공원,근린공원,서울특별시,용산구,55740.0,37.517396,126.983984
응봉공원,근린공원,서울특별시,용산구,187834.0,37.544987,127.0047763
삼각지어린이공원,어린이공원,서울특별시,용산구,803.0,37.534406,126.9754551
새싹어린이공원,어린이공원,서울특별시,용산구,480.0,37.526961,126.954522
꿈나무공원,어린이공원,서울특별시,용산구,1412.0,37.520795,126.971721
소월길어린이공원,어린이공원,서울특별시,용산구,1630.0,37.543563,126.989243
신계공원,역사공원,서울특별시,용산구,15000.0,37.535079,126.966284
돌모루어린이공원,어린이공원,서울특별시,용산구,3447.0,37.542772,126.9685904
한마음어린이공원,어린이공원,서울특별시,용산구,2998.5,37.52856458,126.9696756
한강로가로공원,기타,서울특별시,용산구,1076.3,37.524249,126.963959
신용산가로공원,기타,서울특별시,용산구,2410.0,37.52947726,126.9690828
이봉창역사공원,역사공원,서울특별시,용산구,484.4,37.54010272,126.960877
이태원부군당,역사공원,서울특별시,용산구,2020.0,37.535801,126.989755
한강대로공원,소공원,서울특별시,용산구,466.0,37.524103,126.963575
이태원어린이놀이터,소공원,서울특별시,용산구,278.0,37.535685,126.989937
한남공원,소공원,서울특별시,용산구,432.0,37.537238,127.013882
독서당공원,소공원,서울특별시,용산구,469.0,37.5345083,127.012481
이태원마을숲,소공원,서울특별시,용산구,867.0,37.5412484,126.991493
별님공원,소공원,서울특별시,용산구,1137.0,37.538165,126.969201
달님공원,소공원,서울특별시,용산구,1195.0,37.538428,126.969601
해님공원,소공원,서울특별시,용산구,1255.0,37.539145,126.970123
위례 제3호(서일로)(미인수),어린이공원,경기도,성남시,1526.3,37.46768,127.138408
위례 제2호(한빛),어린이공원,경기도,성남시,1841.7,37.464589,127.147789
미소공원,어린이공원,경기도,성남시,1746.0,37.448932,127.155947
복우물공원,어린이공원,경기도,성남시,5274.5,37.455243,127.128251
주산도공원,어린이공원,경기도,성남시,2202.4,37.460906,127.128965
기왓골공원,어린이공원,경기도,성남시,1505.6,37.463744,127.127854
복고개공원,어린이공원,경기도,성남시,4510.7,37.466449,127.129546
복정공원,어린이공원,경기도,성남시,1726.2,37.4677,127.127869
고산공원,근린공원,경기도,성남시,43483.2,37.425166,127.097766
고등공원,근린공원,경기도,성남시,52464.2,37.429034,127.09911
태평공원,근린공원,경기도,성남시,37281.0,37.440739,127.121716
위례역사공원,역사공원,경기도,성남시,60049.3,37.468609,127.143607
위례 제10호공원,근린공원,경기도,성남시,625700.4,37.467118,127.161197
수진공원,근린공원,경기도,성남시,50600.0,37.435955,127.125422
희망대공원,근린공원,경기도,성남시,162853.2,37.449309,127.150175
영장공원,근린공원,경기도,성남시,394759.3,37.452312,127.134914
단대공원,근린공원,경기도,성남시,210700.0,37.454788,127.158822
양지공원,체육공원,경기도,성남시,348806.5,37.463606,127.163646
삼평공원,근린공원,경기도,성남시,173656.0,37.415805,127.105985
도촌 제2호(독고개)공원,근린공원,경기도,성남시,24806.9,37.417912,127.156475
도촌 제1호(섬말)공원,근린공원,경기도,성남시,62458.1,37.418011,127.153451
여수지구4호(여수울)공원,근린공원,경기도,성남시,82540.9,37.421285,127.132336
여수지구3호(시청)공원,근린공원,경기도,성남시,50933.7,37.419434,127.124096
여수지구2호(모란생태)공원,근린공원,경기도,성남시,11729.3,37.428575,127.124423
여수지구1호(모란)공원,근린공원,경기도,성남시,23848.0,37.431192,127.124384
사기막골공원,근린공원,경기도,성남시,21620.0,37.445785,127.182298
자혜공원,근린공원,경기도,성남시,72501.0,37.451505,127.171127
은행공원,근린공원,경기도,성남시,200832.1,37.453194,127.169027
황송공원,근린공원,경기도,성남시,403343.4,37.445843,127.17045
여수공원,근린공원,경기도,성남시,38841.0,37.421827,127.138436
대원공원,근린공원,경기도,성남시,791668.6,37.431335,127.145634
소공원 1호(판교 제2테크노밸리),소공원,경기도,성남시,451.0,37.408688,127.089475
희망 어린이공원,어린이공원,경기도,성남시,38017.4,37.445473,127.147756
옛골 제1호 어린이공원,어린이공원,경기도,성남시,865.0,37.427221,127.070985
고등 어린이공원,어린이공원,경기도,성남시,2190.7,37.426881,127.096715
오야4호소공원,소공원,경기도,성남시,638.0,37.454569,127.105963
수진소공원,소공원,경기도,성남시,800.0,37.434056,127.124922
영장산,소공원,경기도,성남시,5181.0,37.455494,127.149252
단대동소공원2,소공원,경기도,성남시,198.0,37.447683,127.157212
단대동소공원1,소공원,경기도,성남시,369.6,37.447413,127.156322
보호수쉼터소공원,소공원,경기도,성남시,356.0,37.449657,127.101125
소공원1(산성2도시환경개선사업),소공원,경기도,성남시,102.5,37.455189,127.153269
소공원2(산성2도시환경개선사업),소공원,경기도,성남시,80.5,37.455512,127.153801
단대지구1호(하늘빛)공원,소공원,경기도,성남시,2025.0,37.451964,127.15819
옛골 제2호 어린이공원,어린이공원,경기도,성남시,1738.0,37.426086,127.069064
은행제14호공원,소공원,경기도,성남시,949.0,37.456125,127.170672
은행제13호공원,소공원,경기도,성남시,1332.0,37.4552,127.167254
은행제11호공원,소공원,경기도,성남시,1016.0,37.454001,127.16509
은행제9호공원,소공원,경기도,성남시,147.0,37.456788,127.164168
은행제8호공원,소공원,경기도,성남시,156.0,37.455886,127.169359
은행제7호공원,소공원,경기도,성남시,110.0,37.456752,127.17025
은행제5호공원,소공원,경기도,성남시,54.0,37.456593,127.167622
은행제3호공원,소공원,경기도,성남시,54.0,37.453975,127.164559
은행제2호공원,소공원,경기도,성남시,173.0,37.454642,127.16408
은행제1호공원,소공원,경기도,성남시,119.0,37.454381,127.163944
금상(금광1주택재개발 정비사업),소공원,경기도,성남시,1305.6,37.441761,127.163492
힐스,소공원,경기도,성남시,1090.0,37.437373,127.14903
종알종알 공원,어린이공원,경기도,성남시,4501.3,37.416943,127.136458
은행정이 공원,어린이공원,경기도,성남시,1671.3,37.457073,127.16899
은행2동(달빛)공원,어린이공원,경기도,성남시,2428.4,37.455359,127.165371
여수지구5호(사각사각)공원,어린이공원,경기도,성남시,1512.0,37.418458,127.134346
여수지구4호(따르릉)공원,어린이공원,경기도,성남시,1841.0,37.419697,127.131521
여수지구3호(한아름)공원,어린이공원,경기도,성남시,1725.0,37.417818,127.125939
도란도란,어린이공원,경기도,성남시,1731.0,37.430318,127.126383
삼창아파트공원,어린이공원,경기도,성남시,1525.0,37.437142,127.148531
도촌동어 5(약수터)공원,어린이공원,경기도,성남시,1505.4,37.411494,127.166737
도촌동어 4(금잉어)공원,어린이공원,경기도,성남시,1550.1,37.415539,127.156905
도촌동어 3(솔바람)공원,어린이공원,경기도,성남시,1567.0,37.415852,127.153507
도촌동어 2(산바람)공원,어린이공원,경기도,성남시,1540.9,37.413105,127.149834
도촌동어 1(여울)공원,어린이공원,경기도,성남시,2592.5,37.415607,127.149106
둔촌공원,어린이공원,경기도,성남시,1937.0,37.427569,127.151626
도촌 제3호(이왕이)공원,근린공원,경기도,성남시,11386.5,37.412699,127.162555
36호어린이공원,어린이공원,경기도,동두천시,1503.0,37.88238834,127.0554574
35호어린이공원,어린이공원,경기도,동두천시,1566.0,37.88562481,127.0556654
34호어린이공원,어린이공원,경기도,동두천시,1549.0,37.8950811,127.0568548
33호어린이공원,어린이공원,경기도,동두천시,1593.0,37.89756762,127.0564555
지행2어린이공원,어린이공원,경기도,동두천시,2445.0,37.888626,127.0642007
내행3어린이공원,어린이공원,경기도,동두천시,3500.0,37.89619115,127.0602514
내행2어린이공원,어린이공원,경기도,동두천시,4060.0,37.89918802,127.0649563
지행1어린이공원,어린이공원,경기도,동두천시,1570.0,37.89160321,127.059508
선녀어린이공원,어린이공원,경기도,동두천시,1500.0,37.88505693,127.0532693
햇님어린이공원,어린이공원,경기도,동두천시,2000.0,37.88729344,127.0530137
은하수어린이공원,어린이공원,경기도,동두천시,1906.0,37.88724961,127.0500395
은혜갚은까치어린이공원,어린이공원,경기도,동두천시,2379.0,37.89053766,127.0534864
도깨비어린이공원,어린이공원,경기도,동두천시,2501.0,37.88899306,127.0502318
생연4어린이공원,어린이공원,경기도,동두천시,3004.0,37.89462439,127.0548171
생연3어린이공원,어린이공원,경기도,동두천시,2485.0,37.89748181,127.0545819
생연2어린이공원,어린이공원,경기도,동두천시,2605.0,37.89290097,127.0484452
생연1어린이공원,어린이공원,경기도,동두천시,1862.0,37.8966026,127.0470918
창말공원,어린이공원,경기도,동두천시,3391.0,37.932138,127.0569196
광암공원,어린이공원,경기도,동두천시,1527.0,37.89374869,127.0887814
상패2공원,어린이공원,경기도,동두천시,2503.0,37.90746368,127.0488454
상패1공원,어린이공원,경기도,동두천시,1261.0,37.91718845,127.0530097
지행3어린이공원,어린이공원,경기도,동두천시,1297.0,37.88746326,127.0580085
사동어린이공원,어린이공원,경기도,동두천시,1570.0,37.89880675,127.0474992
동두어린이공원,어린이공원,경기도,동두천시,1501.0,37.92568592,127.0526228
소공원,소공원,경기도,동두천시,519.0,37.89979566,127.055148
행단공원,소공원,경기도,동두천시,3948.0,37.88796516,127.0686799
소공원 41호,소공원,경기도,동두천시,362.0,37.90122244,127.0499071
생연지구 문화공원,문화공원,경기도,동두천시,26691.0,37.89707849,127.052806
소요산 도시자연공원,기타,경기도,동두천시,2961429.0,37.95207889,127.0657372
소요산 야구공원,체육공원,경기도,동두천시,319519.0,37.95639713,127.0674648
상패수변공원,수변공원,경기도,동두천시,6000.0,37.91528144,127.054373
38호근린공원,근린공원,경기도,동두천시,1999.0,37.93719283,127.0532561
37호근린공원,근린공원,경기도,동두천시,3051.0,37.93850722,127.0523067
생연공원,근린공원,경기도,동두천시,103844.0,37.90263129,127.0635554
상패공원,근린공원,경기도,동두천시,73195.0,37.90802137,127.0457277
강변(송내2)근린공원,근린공원,경기도,동두천시,15707.0,37.88475301,127.0491933
송내1근린공원(꿈나무근린공원),근린공원,경기도,동두천시,17745.0,37.89214878,127.0513977
시민근린공원,근린공원,경기도,동두천시,29389.0,37.89395806,127.051808
생연1근린공원(어울림),근린공원,경기도,동두천시,14586.0,37.8981212,127.0516976
원터공원,근린공원,경기도,동두천시,20650.0,37.92825188,127.0521547
궁뜰,어린이공원,서울특별시,서대문구,983.8,37.5690194186,126.9304024051
거꾸로,어린이공원,서울특별시,서대문구,1125.3,37.58503469,126.9132171
갈매연,어린이공원,서울특별시,서대문구,1653.0,37.5784941245,126.9173895829
가좌,어린이공원,서울특별시,서대문구,1665.0,37.5758499539,126.9205374332
가재울,어린이공원,서울특별시,서대문구,9508.0,37.5730923176,126.9191177351
홍제제3구역 소공원,소공원,서울특별시,서대문구,2922.0,37.58920185,126.9461696
홍제2구역,소공원,서울특별시,서대문구,188.0,37.589198,126.946179
홍은6구역2,소공원,서울특별시,서대문구,299.0,37.5994337583,126.9443681229
홍은6구역1,소공원,서울특별시,서대문구,396.0,37.6006211857,126.944493812
홍은1구역,소공원,서울특별시,서대문구,841.0,37.5927648608,126.9407005481
홍은14구역,소공원,서울특별시,서대문구,1371.0,37.59278,126.940705
홍은3,소공원,서울특별시,서대문구,747.0,37.5996593129,126.943399505
한울,소공원,서울특별시,서대문구,1006.0,37.5708440375,126.9165656268
하늘,소공원,서울특별시,서대문구,1375.0,37.571701,126.91542
연가,소공원,서울특별시,서대문구,402.0,37.5807093619,126.9196878887
아현역,소공원,서울특별시,서대문구,563.0,37.58076,126.919715
아름다운,소공원,서울특별시,서대문구,441.5,37.5848519282,126.9471887554
문화,소공원,서울특별시,서대문구,1456.0,37.59467058,126.948759
무궁화,소공원,서울특별시,서대문구,672.0,37.594565,126.94881
남가좌동소공원,소공원,서울특별시,서대문구,402.0,37.5807093619,126.9196878887
기차길옆,소공원,서울특별시,서대문구,381.3,37.5622254317,126.9653523286
구청3별관,소공원,서울특별시,서대문구,357.0,37.5794409703,126.9359586806
창천,문화공원,서울특별시,서대문구,2326.9,37.55685968,126.935118
독립문,문화공원,서울특별시,서대문구,2635.0,37.556869,126.935113
대현,문화공원,서울특별시,서대문구,3063.9,37.5577976902,126.9454775012
홍제,근린공원,서울특별시,서대문구,9888.0,37.5948548479,126.9530472071
옥정 제1소공원,소공원,경기도,양주시,1430.0,37.83079373,127.0733125
덕정 소공원(서희아파트),소공원,경기도,양주시,9964.0,37.85022908,127.061934
고암 소공원(엄상마을),소공원,경기도,양주시,1241.0,37.83139226,127.0682311
신산체육공원,소공원,경기도,양주시,6273.0,37.89312856,126.9725958
옥정제10어린이공원(고암),어린이공원,경기도,양주시,1788.0,37.83192069,127.0731079
옥정제9어린이공원(파란하늘),어린이공원,경기도,양주시,1561.0,37.81560662,127.0981172
옥정제8어린이공원(보물섬),어린이공원,경기도,양주시,1596.0,37.81565759,127.0960379
옥정제7어린이공원(오르락내리락),어린이공원,경기도,양주시,1608.0,37.81699094,127.0981075
옥정제6어린이공원(초록숲),어린이공원,경기도,양주시,1721.0,37.81698153,127.0960511
옥정제4어린이공원(산울림),어린이공원,경기도,양주시,3038.0,37.83054481,127.0748659
옥정제3어린이공원(모정느티나무),어린이공원,경기도,양주시,2873.0,37.83137715,127.0982334
선암제2어린이공원,어린이공원,경기도,양주시,2223.0,37.87261502,127.025305
방성어린이공원,어린이공원,경기도,양주시,1838.0,37.80495403,126.9993418
가석제3어린이공원,어린이공원,경기도,양주시,2275.0,37.8202209,126.9837105
새빛,근린공원,경기도,광명시,66767.0,37.4155,126.8879
햇무리,어린이공원,경기도,광명시,4808.0,37.4801079657,126.8651
광덕,어린이공원,경기도,광명시,2407.0,37.4724186223,126.8658
새싹모둠소공원,소공원,경기도,광명시,1080.0,37.47001,126.8535
양지사거리체육공원,체육공원,경기도,광명시,13647.0,37.416413,126.8776774325
진사어린이공원,어린이공원,경기도,안성시,1500.0,36.9941138868,127.1456076899
수변공원,수변공원,경기도,안성시,55403.0,37.018801434,127.2114381987
아양2호소공원,소공원,경기도,안성시,795.0,37.00873236,127.2549023239
아양1호소공원,소공원,경기도,안성시,3483.0,37.0118155757,127.2508461057
아양2호근린공원,근린공원,경기도,안성시,35348.0,37.004994312,127.2562048331
아양1호근린공원,근린공원,경기도,안성시,36324.0,37.0049073374,127.251165
아양1호공원,어린이공원,경기도,안성시,2131.0,37.0105093459,127.255413426
문화공원2,문화공원,경기도,안성시,15055.0,37.03292002,127.312537
가석제2어린이공원,어린이공원,경기도,양주시,2743.0,37.82194464,126.9854099
가석제1어린이공원,어린이공원,경기도,양주시,1631.0,37.82330807,126.9827108
가래비어린이공원,어린이공원,경기도,양주시,1983.0,37.8227271,126.9854022
가납제4어린이공원,어린이공원,경기도,양주시,1500.0,37.82811966,126.9835058
가납제3어린이공원,어린이공원,경기도,양주시,1500.0,37.8257206,126.9852181
가납제2어린이공원,어린이공원,경기도,양주시,1500.0,37.82565584,126.9832093
가납제1어린이공원,어린이공원,경기도,양주시,1500.0,37.82727274,126.981239
고읍제6어린이공원,어린이공원,경기도,양주시,2239.0,37.78727299,127.0814294
고읍제5어린이공원,어린이공원,경기도,양주시,1916.0,37.7893648,127.0807275
고읍제4어린이공원,어린이공원,경기도,양주시,1335.0,37.79216839,127.0801175
고읍제3어린이공원,어린이공원,경기도,양주시,2142.0,37.8006342,127.0831238
고읍제2어린이공원,어린이공원,경기도,양주시,1760.0,37.8006488,127.0786558
고읍제1어린이공원,어린이공원,경기도,양주시,6416.0,37.7948428,127.0849688
신도어린이공원,어린이공원,경기도,양주시,1530.0,37.8250987,127.0409319
범양제2어린이공원,어린이공원,경기도,양주시,2077.0,37.82176257,127.0520459
범양제1어린이공원,어린이공원,경기도,양주시,1582.0,37.8210693,127.0499211
금광어린이공원,어린이공원,경기도,양주시,2510.0,37.8181154,127.049372
행복어린이공원,어린이공원,경기도,양주시,1500.0,37.83391059,127.076151
대포산단 수변공원,수변공원,경기도,김포시,1979.0,37.61809372,126.6311044
시네폴리스 체육공원1호,체육공원,경기도,김포시,10758.0,37.63689064,126.7229695
학운(6)산단(52호),소공원,경기도,김포시,3575.0,37.60137825,126.5994366
고막지구 소공원,소공원,경기도,김포시,787.0,37.73390966,126.564983
신곡6지구(25호)신곡2공원,소공원,경기도,김포시,3357.0,37.59368651,126.753781
신곡6지구(24호)신곡1공원,소공원,경기도,김포시,2621.0,37.58964782,126.7620796
학운3소공원51,소공원,경기도,김포시,1524.0,37.60676573,126.5962536
학운4-1 근린공원,근린공원,경기도,김포시,10035.0,37.6076729,126.6166755
시네폴리스 근린공원1호,근린공원,경기도,김포시,10028.0,37.63036323,126.7347124
사우5A 45호 근린공원,근린공원,경기도,김포시,35237.0,37.61419028,126.7183756
대포산단 근린공원,근린공원,경기도,김포시,1979.0,37.61203496,126.6288135
걸포3지구 걸포마루공원,근린공원,경기도,김포시,20629.0,37.63365761,126.7028179
양곡어린이4,어린이공원,경기도,김포시,1519.0,37.653534,126.630775
양곡어린이2,어린이공원,경기도,김포시,4609.0,37.65785902,126.629497
양곡어린이1,어린이공원,경기도,김포시,1519.0,37.66059923,126.634153
서암어린이,어린이공원,경기도,김포시,2487.0,37.691098,126.603019
장기근린3,근린공원,경기도,김포시,43897.0,37.63845003,126.6608428
장기근린1,근린공원,경기도,김포시,20701.0,37.64194456,126.6717575
장기어린이4,어린이공원,경기도,김포시,1501.0,37.63819872,126.663159
장기어린이2,어린이공원,경기도,김포시,1500.0,37.643587,126.664539
장기어린이1,어린이공원,경기도,김포시,1500.0,37.644436,126.670351
고촌어린이17,어린이공원,경기도,김포시,2320.0,37.60204518,126.770953
율생체육공원,체육공원,경기도,김포시,10926.0,37.638648,126.594739
파르코스체육공원,체육공원,경기도,김포시,14445.0,37.60842509,126.767315
고촌2관문공원,문화공원,경기도,김포시,26350.0,37.60193464,126.7640696
고촌1관문공원,문화공원,경기도,김포시,47412.0,37.605291,126.7655735
씨네문화공원1,문화공원,경기도,김포시,16820.0,37.63080434,126.7398598
하늘빛어린이공원,어린이공원,경기도,양주시,3754.0,37.83230553,127.0718673
조은어린이공원,어린이공원,경기도,양주시,1598.0,37.83566734,127.0745056
고암제3어린이공원,어린이공원,경기도,양주시,1500.0,37.83593352,127.0692996
고암제2어린이공원,어린이공원,경기도,양주시,1501.0,37.83631109,127.0719199
덕정제6어린이공원,어린이공원,경기도,양주시,3545.0,37.83372627,127.0680138
덕정제5어린이공원,어린이공원,경기도,양주시,1500.0,37.83611308,127.0652023
덕정제4어린이공원,어린이공원,경기도,양주시,1500.0,37.84002896,127.0635452
덕정제3어린이공원(일성트루엘),어린이공원,경기도,양주시,3156.0,37.84263199,127.0696198
덕정제2어린이공원,어린이공원,경기도,양주시,1507.0,37.84658164,127.0643502
덕정제1어린이공원,어린이공원,경기도,양주시,1851.0,37.83905138,127.0669993
용암리 비위생매립지 공원,근린공원,경기도,양주시,10851.0,37.8631288,127.0463638
옥정제9근린공원(꼬꼬지길),근린공원,경기도,양주시,14620.0,37.82275504,127.0929027
옥정제7근린공원(가온길),근린공원,경기도,양주시,38576.0,37.82612883,127.093305
옥정제4근린공원(능호관이인상),근린공원,경기도,양주시,75251.0,37.82839074,127.0937926
옥정제2근린공원(자연나음),근린공원,경기도,양주시,74091.0,37.83595335,127.0899452
옥정제3근린공원(새빛뜰),근린공원,경기도,양주시,61131.0,37.82670727,127.0849262
홍죽산업단지 근린공원,근린공원,경기도,양주시,28436.0,37.80153484,126.9655042
고읍제5근린공원(나리),근린공원,경기도,양주시,25053.0,37.78579872,127.0818324
고읍제4근린공원(나누리),근린공원,경기도,양주시,22960.0,37.79289402,127.0774851
고읍제3근린공원(토리),근린공원,경기도,양주시,46586.0,37.79153653,127.0811258
고읍제2근린공원(하늘물),근린공원,경기도,양주시,75051.0,37.79168894,127.0847499
고읍제1근린공원(푸르네),근린공원,경기도,양주시,11013.0,37.80037493,127.0784966
고촌물류단지(36호),근린공원,경기도,김포시,12706.0,37.59313994,126.7900241
고촌물류단지(35호),근린공원,경기도,김포시,15586.0,37.59760807,126.7825183
김포어린이30,어린이공원,경기도,김포시,3095.0,37.633241,126.678747
사우택지5(김포어린이10),어린이공원,경기도,김포시,2521.0,37.621805,126.715035
학운2어린이47,어린이공원,경기도,김포시,4651.0,37.60499841,126.5938716
천둥근린공원(고촌10호),근린공원,경기도,김포시,39409.0,37.59942793,126.7661085
사우택지6(김포어린이11),어린이공원,경기도,김포시,3042.0,37.62026285,126.7177962
한강소공원1,소공원,경기도,김포시,622.0,37.63644984,126.6406948
한강주제5,문화공원,경기도,김포시,615683.0,37.64482555,126.6945054
장기어린이3,어린이공원,경기도,김포시,3001.0,37.64098798,126.673035
고촌제1근린공원(고촌24호),근린공원,경기도,김포시,10092.0,37.60739153,126.772291
양산근린1,근린공원,경기도,김포시,9996.0,37.61394934,126.6180768
항공근린공원1호,근린공원,경기도,김포시,11096.0,37.618575,126.571867
학운3소공원50,소공원,경기도,김포시,7467.0,37.613844,126.607159
마송어린이5,어린이공원,경기도,김포시,3451.0,37.688547,126.605441
한강소공원16,소공원,경기도,김포시,528.0,37.64975581,126.6984292
봉화공원(김포어린이5),어린이공원,경기도,김포시,2357.0,37.6276172,126.704206
신화공원(김포어린이3),어린이공원,경기도,김포시,4751.0,37.625594,126.701173
학운(2)산단(42호),근린공원,경기도,김포시,19829.0,37.613159,126.604448
학운2소공원51,소공원,경기도,김포시,5407.0,37.60282888,126.5906063
학운2체육공원4,체육공원,경기도,김포시,10275.0,37.60220176,126.5826327
김포소공원50,소공원,경기도,김포시,1265.0,37.63197127,126.7050428
삼환공원(김포어린이4),어린이공원,경기도,김포시,4149.0,37.62828222,126.7010367
신향근린공원(김포4호),근린공원,경기도,김포시,14104.0,37.63282898,126.7089527
걸포근린공원(김포3호),근린공원,경기도,김포시,148600.0,37.6375945,126.7046722
사우근린공원(김포6호),근린공원,경기도,김포시,9898.0,37.62311082,126.7238324
풍년근린공원(김포5호),근린공원,경기도,김포시,10712.0,37.6242764,126.7197748
풍무2지구(김포27호),근린공원,경기도,김포시,34435.0,37.61079685,126.7298746
풍무2지구(김포26호),근린공원,경기도,김포시,29054.0,37.61279416,126.7285316
김포어린이41,어린이공원,경기도,김포시,2000.0,37.60632565,126.7326481
김포어린이37,어린이공원,경기도,김포시,1500.0,37.61085296,126.7256255
김포어린이35,어린이공원,경기도,김포시,1501.0,37.61468162,126.727581
한강소공원22,소공원,경기도,김포시,1482.0,37.642249,126.641989
고촌근린공원(고촌11호),근린공원,경기도,김포시,50769.0,37.59942793,126.7661085
하성근린공원(태산패밀리파크),근린공원,경기도,김포시,180503.0,37.723421,126.629738
북변근린공원(김포1호),근린공원,경기도,김포시,44500.0,37.6305171,126.707063
한강근린8,근린공원,경기도,김포시,11453.0,37.65440809,126.6757316
한강근린7,근린공원,경기도,김포시,99736.0,37.64117499,126.6589177
한강근린6,근린공원,경기도,김포시,22183.0,37.63996711,126.6414376
한강근린5,근린공원,경기도,김포시,40717.0,37.64242826,126.6396941
한강근린4,근린공원,경기도,김포시,17346.0,37.645349,126.621312
한강근린3,근린공원,경기도,김포시,10019.0,37.63971883,126.6264526
한강근린2,근린공원,경기도,김포시,11138.0,37.650647,126.6303504
한강근린15,근린공원,경기도,김포시,17194.0,37.65379397,126.692612
한강근린13,근린공원,경기도,김포시,26663.0,37.6417667,126.676615
한강근린12,근린공원,경기도,김포시,122176.0,37.64092255,126.6437674
풍무제1어린이공원,어린이공원,경기도,김포시,7123.0,37.603603,126.7264061
한강어린이16,어린이공원,경기도,김포시,6977.0,37.6498851,126.6937336
한강어린이15,어린이공원,경기도,김포시,6005.0,37.65110745,126.6907111
한강어린이14,어린이공원,경기도,김포시,2023.0,37.65209308,126.6994601
한강어린이13,어린이공원,경기도,김포시,8194.0,37.65399551,126.6888122
한강어린이12,어린이공원,경기도,김포시,3323.0,37.65151619,126.6869323
장기어린이57,어린이공원,경기도,김포시,1739.0,37.648412,126.666625
장기어린이56,어린이공원,경기도,김포시,1906.0,37.647849,126.667716
양곡어린이3,어린이공원,경기도,김포시,2508.0,37.657363,126.633526
장기근린2,근린공원,경기도,김포시,42824.0,37.641395,126.6662032
김포어린이42,어린이공원,경기도,김포시,1786.0,37.610918,126.733963
한강어린이6,어린이공원,경기도,김포시,1546.0,37.63593722,126.6445398
한강소공원17,소공원,경기도,김포시,1088.0,37.648037,126.698581
마송어린이1,어린이공원,경기도,김포시,2649.0,37.687948,126.593549
양곡택지4,근린공원,경기도,김포시,33183.0,37.66042968,126.634371
김포어린이26,어린이공원,경기도,김포시,1916.0,37.59786077,126.7252454
김포어린이25,어린이공원,경기도,김포시,1534.0,37.60304904,126.7265121
김포어린이24,어린이공원,경기도,김포시,1572.0,37.60312871,126.7224882
애기봉평화공원,문화공원,경기도,김포시,961743.0,37.71690003,126.550678
장기소공원1,소공원,경기도,김포시,447.0,37.645421,126.668148
서암체육공원,체육공원,경기도,김포시,49740.0,37.704843,126.594518
한강소공원21,소공원,경기도,김포시,1513.0,37.65276517,126.6966771
한강소공원20,소공원,경기도,김포시,889.0,37.644906,126.669597
한강소공원19,소공원,경기도,김포시,585.0,37.64588068,126.6757983
한강소공원18,소공원,경기도,김포시,1526.0,37.6400828,126.6734708
한강근린17,근린공원,경기도,김포시,18686.0,37.64303442,126.6369573
한강근린16,근린공원,경기도,김포시,6543.0,37.64896722,126.6646424
양촌어린이24,어린이공원,경기도,김포시,3038.0,37.657424,126.625493
한강근린11,근린공원,경기도,김포시,15336.0,37.659337,126.683227
한강근린10,근린공원,경기도,김포시,15305.0,37.648552,126.695976
한강근린9,근린공원,경기도,김포시,31172.0,37.65199829,126.6973178
사우택지4(김포어린이9),어린이공원,경기도,김포시,2377.0,37.61950978,126.722203
사우택지3(김포어린이8),어린이공원,경기도,김포시,2282.0,37.622105,126.716824
사우택지2(김포어린이7),어린이공원,경기도,김포시,2037.0,37.624664,126.7142013
사우택지1(김포어린이6),어린이공원,경기도,김포시,3479.0,37.628034,126.712755
사우구획2(김포어린이2),어린이공원,경기도,김포시,1701.0,37.6175036,126.715786
사우구획1(김포어린이1),어린이공원,경기도,김포시,1645.0,37.6187098,126.716742
통진근린공원1호(마송근린1),근린공원,경기도,김포시,34163.0,37.68853067,126.5931317
월곶조각공원,근린공원,경기도,김포시,287293.0,37.72380989,126.5519064
김포어린이43,어린이공원,경기도,김포시,2670.0,37.61006288,126.7303972
김포문화공원28,문화공원,경기도,김포시,8662.0,37.60647843,126.7326481
고촌문화공원1,문화공원,경기도,김포시,2658.0,37.602789,126.7706291
김포소공원31,소공원,경기도,김포시,992.0,37.61766905,126.702975
학운(3)산단(50호),근린공원,경기도,김포시,11110.0,37.611763,126.601345
학운3어린이61,어린이공원,경기도,김포시,1640.0,37.606618,126.595505
양산체육공원6,체육공원,경기도,김포시,10263.0,37.62193682,126.6297783
학운4어린이46,어린이공원,경기도,김포시,3702.0,37.609897,126.618066
학운4어린이45,어린이공원,경기도,김포시,2576.0,37.610718,126.616752
마송어린이4,어린이공원,경기도,김포시,1902.0,37.682417,126.607718
마송어린이3,어린이공원,경기도,김포시,6513.0,37.68391859,126.602636
마송어린이2,어린이공원,경기도,김포시,2748.0,37.685758,126.595901
풍무5지구(풍무4공원),근린공원,경기도,김포시,82934.0,37.60132105,126.7244746
고촌어린이112,어린이공원,경기도,김포시,2000.0,37.5873047,126.7560554
양산근린4,근린공원,경기도,김포시,11694.0,37.61161432,126.6231118
양산근린3,근린공원,경기도,김포시,10053.0,37.616571,126.6257771
신곡노을공원(고촌31호),근린공원,경기도,김포시,12881.0,37.60413566,126.7726878
걸포어린이22,어린이공원,경기도,김포시,3450.0,37.634949,126.7052284
항공소공원1,소공원,경기도,김포시,1968.0,37.617583,126.580436
고촌어린이21(수기3공원),어린이공원,경기도,김포시,1567.0,37.596252,126.767048
고촌어린이20(수기2공원),어린이공원,경기도,김포시,1522.0,37.596805,126.770145
고촌어린이19(수기1공원),어린이공원,경기도,김포시,1715.0,37.60012704,126.767372
장기근린5,근린공원,경기도,김포시,13988.0,37.641246,126.667537
학운3어린이60,어린이공원,경기도,김포시,5832.0,37.606045,126.595042
학운3체육공원11,체육공원,경기도,김포시,15184.0,37.606917,126.607259
장기근린4,근린공원,경기도,김포시,25280.0,37.64223325,126.673841
장기어린이5,어린이공원,경기도,김포시,2062.0,37.643765,126.672515
마송근린4,근린공원,경기도,김포시,23217.0,37.68576215,126.6064561
마송근린3,근린공원,경기도,김포시,20126.0,37.6839591,126.6053702
마송근린2,근린공원,경기도,김포시,33961.0,37.68710695,126.5983879
양곡택지6,근린공원,경기도,김포시,42860.0,37.65334319,126.629642
양곡택지5,근린공원,경기도,김포시,20439.0,37.65585469,126.6322645
양곡근린3,근린공원,경기도,김포시,27832.0,37.66162359,126.6314373
향산지구 제1어린이공원,어린이공원,경기도,김포시,1872.0,37.618245,126.748739
신곡6지구(25호)신곡2공원,소공원,경기도,김포시,3357.0,37.593645,126.754132
신곡6지구(24호)신곡1공원,소공원,경기도,김포시,2621.0,37.590035,126.761676
향산근린1,근린공원,경기도,김포시,28293.0,37.621727,126.7410683
김포어린이44,어린이공원,경기도,김포시,2193.0,37.608455,126.7255741
김포소공원1-1,소공원,경기도,김포시,9820.0,37.62156364,126.7249607
한강소공원10,소공원,경기도,김포시,1039.0,37.64912544,126.6946818
한강소공원9,소공원,경기도,김포시,770.0,37.65190877,126.6937668
한강소공원8,소공원,경기도,김포시,1100.0,37.65113592,126.6888284
한강소공원7,소공원,경기도,김포시,1194.0,37.64073109,126.6734876
한강소공원6,소공원,경기도,김포시,420.0,37.64746185,126.6750278
한강소공원5,소공원,경기도,김포시,2364.0,37.64834473,126.6718046
한강소공원4,소공원,경기도,김포시,927.0,37.64512567,126.6638228
한강소공원3,소공원,경기도,김포시,1283.0,37.63506063,126.6438722
한강주제3,체육공원,경기도,김포시,202470.0,37.6405998,126.6482894
한강주제7,묘지공원,경기도,김포시,110002.0,37.64706631,126.6391612
한강주제6,수변공원,경기도,김포시,578615.0,37.65478247,126.6993509
한강주제4,문화공원,경기도,김포시,74148.0,37.645086,126.683913
한강주제2,문화공원,경기도,김포시,127592.0,37.636147,126.631322
한강주제1,문화공원,경기도,김포시,104511.0,37.64626036,126.633838
양산근린2,근린공원,경기도,김포시,10141.0,37.61980804,126.6184285
양산근린5,근린공원,경기도,김포시,42308.0,37.62193682,126.6297783
고촌어린이23,어린이공원,경기도,김포시,2179.0,37.60427454,126.7681533
향산지구 제2어린이공원,어린이공원,경기도,김포시,4361.0,37.61971648,126.7508317
향산지구 제1문화공원,문화공원,경기도,김포시,6798.0,37.62005928,126.7513797
신곡6지구(26호)신곡3공원,어린이공원,경기도,김포시,9827.0,37.591936,126.758741
김포소공원1(북변소공원),소공원,경기도,김포시,760.0,37.62391619,126.709291
인향제1공원(고촌25호),근린공원,경기도,김포시,52269.0,37.59581593,126.761169
감정제3공원(김포21호),근린공원,경기도,김포시,41680.0,37.634277,126.682223
송파,근린공원,서울특별시,송파구,6621.2,37.50633354,127.110451
소리,근린공원,서울특별시,송파구,36638.3,37.4816116181,127.1199678258
삼전,근린공원,서울특별시,송파구,6607.6,37.50179286,127.0933328
뽕나무,근린공원,서울특별시,송파구,11704.9,37.51397635,127.0816397
백토,근린공원,서울특별시,송파구,10024.1,37.50811694,127.132113
방이,근린공원,서울특별시,송파구,6930.1,37.51435318,127.1136443
문정,근린공원,서울특별시,송파구,49972.0,37.486486,127.128916
목련,근린공원,서울특별시,송파구,8127.4,37.499035,127.138842
매미,근린공원,서울특별시,송파구,8012.3,37.50934354,127.0887161
마천,근린공원,서울특별시,송파구,10962.5,37.50128584,127.1456483
동산,근린공원,서울특별시,송파구,5660.8,37.506226,127.1145005
누에머리,근린공원,서울특별시,송파구,18607.5,37.50381027,127.141799
글샘작은,근린공원,서울특별시,송파구,10209.9,37.477494,127.1212146
글샘,근린공원,서울특별시,송파구,27289.9,37.48044523,127.1205075
건너말,근린공원,서울특별시,송파구,11327.8,37.491603,127.123473
거여,근린공원,서울특별시,송파구,16185.1,37.497007,127.140981
개롱,근린공원,서울특별시,송파구,21544.4,37.493407,127.130026
개나리,근린공원,서울특별시,송파구,6669.1,37.507553,127.0941112
가락,근린공원,서울특별시,송파구,27648.2,37.498469,127.125124
장기근린공원(장기46호),근린공원,경기도,김포시,7133.0,37.64799019,126.6636431
한강어린이11,어린이공원,경기도,김포시,2105.0,37.65145654,126.6837765
한강어린이10,어린이공원,경기도,김포시,8875.0,37.645198,126.656034
한강어린이9,어린이공원,경기도,김포시,7038.0,37.63846795,126.682037
한강어린이8,어린이공원,경기도,김포시,4900.0,37.65193038,126.6664531
한강어린이7,어린이공원,경기도,김포시,2384.0,37.63449687,126.6454444
한강어린이5,어린이공원,경기도,김포시,1541.0,37.63638757,126.6449101
한강어린이4,어린이공원,경기도,김포시,2358.0,37.64249909,126.6430566
한강어린이2,어린이공원,경기도,김포시,5141.0,37.641411,126.635385
한강어린이1,어린이공원,경기도,김포시,2161.0,37.64894769,126.6311866
한강소공원15,소공원,경기도,김포시,591.0,37.64975892,126.6974506
한강소공원14,소공원,경기도,김포시,720.0,37.644906,126.669597
한강소공원13,소공원,경기도,김포시,1344.0,37.63888457,126.6739347
한강소공원12,소공원,경기도,김포시,905.0,37.655168,126.677114
한강소공원11,소공원,경기도,김포시,747.0,37.65347767,126.699825
효창6소공원,소공원,서울특별시,용산구,880.5,37.54826911,126.9631111
녹색소공원,소공원,서울특별시,용산구,1569.9,37.53937577,126.9625188
우정소공원,소공원,서울특별시,용산구,806.1,37.540454,126.9640942
맑은내공원,어린이공원,경기도,의왕시,1549.0,37.39206769,127.0015269
청계양지공원,어린이공원,경기도,의왕시,1605.5,37.39122209,126.9942207
소담공원,어린이공원,경기도,의왕시,1565.3,37.39109419,126.9969422
푸른내공원,어린이공원,경기도,의왕시,1515.7,37.39015711,126.9991089
내손양지공원,어린이공원,경기도,의왕시,3024.1,37.38601761,126.9734345
백운공원,어린이공원,경기도,의왕시,4217.9,37.38362995,126.977721
내손어린이공원,어린이공원,경기도,의왕시,5150.8,37.3857253,126.9800051
내동공원,어린이공원,경기도,의왕시,3163.8,37.38850049,126.9803882
호수마을공원,어린이공원,경기도,의왕시,1517.0,37.39076351,126.979215
갈미공원,어린이공원,경기도,의왕시,1505.1,37.37526656,126.9688086
오전초교앞공원,어린이공원,경기도,의왕시,1635.3,37.35462824,126.9713688
오전로가족공원,어린이공원,경기도,의왕시,2621.9,37.35736964,126.9689033
자연애공원,어린이공원,경기도,의왕시,3034.7,37.34350832,126.9791938
포일근린공원,근린공원,경기도,의왕시,9553.6,37.39570002,126.9817196
왕송호수공원,근린공원,경기도,의왕시,210915.0,37.31254878,126.9444365
산빛공원,근린공원,경기도,의왕시,37712.3,37.39916058,126.9880189
물빛공원,근린공원,경기도,의왕시,25326.4,37.39905763,126.9849477
가막들공원,근린공원,경기도,의왕시,18360.8,37.39163105,126.9956956
한직공원,근린공원,경기도,의왕시,10000.3,37.38953862,126.9999537
백운호수공원,근린공원,경기도,의왕시,638180.0,37.37966245,127.0059513
빛솔공원,근린공원,경기도,의왕시,14609.0,37.38730197,126.9772247
언덕공원,근린공원,경기도,의왕시,22214.5,37.38225836,126.9760992
갈미중앙공원,근린공원,경기도,의왕시,8994.4,37.37678998,126.9739846
갈미문학공원,근린공원,경기도,의왕시,10000.0,37.37915592,126.9769937
자연학습공원,근린공원,경기도,의왕시,80715.0,37.30710897,126.9531542
현충탑공원,근린공원,경기도,의왕시,14328.0,37.34762923,126.9798334
여울공원,수변공원,경기도,의왕시,28173.6,37.37272849,127.0077017
미소공원,수변공원,경기도,의왕시,3978.2,37.37364118,127.006973
아랫골공원,수변공원,경기도,의왕시,17685.8,37.31739897,126.9582301
웃골공원,수변공원,경기도,의왕시,5447.4,37.31946101,126.9606831
부곡공원,수변공원,경기도,의왕시,1085.0,37.31798015,126.9567633
노을빛공원,수변공원,경기도,의왕시,7074.7,37.40055682,126.9853646
소공원67,소공원,경기도,의왕시,746.2,37.3293489,126.9546475
소공원66,소공원,경기도,의왕시,2266.8,37.32965675,126.9542283
소공원65,소공원,경기도,의왕시,950.5,37.33182203,126.956787
향기공원,소공원,경기도,의왕시,1071.8,37.37303161,127.0150667
마실공원,소공원,경기도,의왕시,760.7,37.36915975,127.0075282
늘타리공원,소공원,경기도,의왕시,671.0,37.32068577,126.9582707
오전마구역 소공원,소공원,경기도,의왕시,2693.0,37.35092973,126.9730081
아란공원,소공원,경기도,의왕시,1634.5,37.36165055,126.962679
두산위브공원,소공원,경기도,의왕시,518.7,37.39172589,126.9793145
민백공원,소공원,경기도,의왕시,419.9,37.38695246,126.9751459
복지공원,소공원,경기도,의왕시,1401.5,37.38671302,126.980976
금천마을2-2호공원,소공원,경기도,의왕시,600.0,37.32926621,126.9525044
금천마을2-1호공원,소공원,경기도,의왕시,490.0,37.32895823,126.9507337
보식골로어린이공원,어린이공원,경기도,의왕시,1683.0,37.35892407,126.9698071
하늘빛어린이공원,어린이공원,경기도,의왕시,2632.4,37.37479341,127.0109921
달빛어린이공원,어린이공원,경기도,의왕시,1501.1,37.37341955,127.0090721
별빛어린이공원,어린이공원,경기도,의왕시,2601.8,37.36974395,127.0085604
모락공원,어린이공원,경기도,의왕시,4800.0,37.3591996,126.973495
두터비공원,어린이공원,경기도,의왕시,7073.2,37.40546191,126.9865048
까치공원,어린이공원,경기도,의왕시,5782.7,37.40431696,126.9888882
반디공원,어린이공원,경기도,의왕시,1959.2,37.40241118,126.985026
다람이공원,어린이공원,경기도,의왕시,6969.9,37.4018568,126.9893124
초록공원,어린이공원,경기도,의왕시,1512.8,37.39331677,127.0001553
부곡체육공원,체육공원,경기도,의왕시,34503.0,37.31463423,126.9587538
고천체육공원,체육공원,경기도,의왕시,15635.0,37.34790019,126.9823494
내손공원,체육공원,경기도,의왕시,30556.8,37.38728649,126.9831857
갈미한글공원,문화공원,경기도,의왕시,12537.0,37.37796498,126.9849552
맞이공원,수변공원,경기도,의왕시,4258.6,37.36590371,127.0031657
풍경공원,수변공원,경기도,의왕시,14205.2,37.36924143,127.003027
은빛공원,수변공원,경기도,의왕시,8317.3,37.37208619,127.0037513
마분어린이공원(18호),어린이공원,경기도,안양시,1700.2,37.405433,126.962031
관양어린이공원(17호),어린이공원,경기도,안양시,1694.3,37.407534,126.961578
해동어린이공원(15호),어린이공원,경기도,안양시,1700.0,37.407421,126.956118
수목어린이공원(14호),어린이공원,경기도,안양시,1207.5,37.405105,126.9534961624
다보란어린이공원(13호),어린이공원,경기도,안양시,1700.7,37.403131,126.952049
운곡공원(8호),근린공원,경기도,안양시,30148.0,37.402484077,126.9486235965
낙원어린이공원(6호),어린이공원,경기도,안양시,1653.0,37.4132874926,126.920418
임곡공원(24호),근린공원,경기도,안양시,35536.0,37.405528969,126.9389694913
자유공원(13호),근린공원,경기도,안양시,192491.4,37.379981,126.964031
호계공원(6호),근린공원,경기도,안양시,305583.9,37.3804569235,126.9414111738
생태예술공원(1호),문화공원,경기도,안양시,3282144.4,37.4191389451,126.935980408
충훈공원(2호),문화공원,경기도,안양시,106996.5,37.4102250463,126.9002863532
노송어린이공원(38호),어린이공원,경기도,안양시,1656.2,37.386383,126.930565
교화어린이공원(36호),어린이공원,경기도,안양시,1584.1,37.393118,126.928904
갈뫼어린이공원(5호),어린이공원,경기도,안양시,5836.6,37.410823,126.907747
새샘어린이공원(8호),어린이공원,경기도,안양시,943.3,37.404989,126.913767
냉천어린이공원(35호),어린이공원,경기도,안양시,1615.2,37.395206,126.922031
밤동산어린이공원(34호),어린이공원,경기도,안양시,1698.0,37.396405,126.917639
풍산지구 어린이2호,어린이공원,경기도,하남시,6852.0,37.54651905,127.1984291
하남해터지구,어린이공원,경기도,하남시,1500.0,37.54365667,127.2039837
풍산지구 어린이1호,어린이공원,경기도,하남시,1536.0,37.55529203,127.2011636
자이공원,어린이공원,경기도,하남시,1863.0,37.53996214,127.1973457
한마음공원,어린이공원,경기도,하남시,1550.0,37.54165176,127.2097506
새 싹 공 원,어린이공원,경기도,하남시,1559.0,37.54271723,127.2127507
한 솔 공 원,어린이공원,경기도,하남시,1390.0,37.5356058,127.1955107
꿈돌이공원,어린이공원,경기도,하남시,3088.0,37.53645843,127.222966
꿈나라공원,어린이공원,경기도,하남시,2762.0,37.53742616,127.2221663
은방울공원,어린이공원,경기도,하남시,3495.0,37.54065829,127.2237555
새나라공원,어린이공원,경기도,하남시,3280.0,37.53952002,127.2281531
새희망공원,어린이공원,경기도,하남시,1511.0,37.54074378,127.2208918
꿈동산공원,어린이공원,경기도,하남시,1555.0,37.54030608,127.2152786
새고향공원,어린이공원,경기도,하남시,1765.0,37.54312025,127.218857
꿈나무공원,어린이공원,경기도,하남시,2283.0,37.53520565,127.2120699
평안어린이공원(54호),어린이공원,경기도,안양시,5192.2,37.387261,126.960979
꿈자람어린이공원(53호),어린이공원,경기도,안양시,8814.2,37.385395,126.955239
목련어린이공원(52호),어린이공원,경기도,안양시,4408.2,37.387475,126.954678
범계어린이공원(51호),어린이공원,경기도,안양시,5069.5,37.386634,126.951499
달안어린이공원(49호),어린이공원,경기도,안양시,5865.1,37.394627,126.951046
부안어린이공원(48호),어린이공원,경기도,안양시,3351.4,37.398401,126.960052
공작어린이공원(47호),어린이공원,경기도,안양시,3970.6,37.400371,126.958411
한가람어린이공원(46호),어린이공원,경기도,안양시,3553.2,37.398705,126.954179
희성어린이공원(43호),어린이공원,경기도,안양시,4997.4,37.397355,126.949504
부흥어린이공원(42호),어린이공원,경기도,안양시,3228.0,37.393404,126.947627
관악어린이공원(41호),어린이공원,경기도,안양시,4002.4,37.394982,126.945634
골안공원(14호),근린공원,경기도,안양시,10818.2,37.3774263954,126.9362214665
학운공원(7호),근린공원,경기도,안양시,52842.7,37.39885166,126.9472781
청란어린이공원(2호),어린이공원,경기도,안양시,1787.2,37.4086549012,126.8957233813
늘푸른어린이공원(37호),어린이공원,경기도,안양시,1793.6,37.387364186,126.9329
인덕원어린이공원(69호),어린이공원,경기도,안양시,1500.1,37.397808,126.978497
새마을어린이공원(68호),어린이공원,경기도,안양시,1689.3,37.4004224315,126.9755930924
향기어린이공원(67호),어린이공원,경기도,안양시,1693.2,37.4022080754,126.9740659511
보은어린이공원(45호),어린이공원,경기도,안양시,1699.4,37.402361,126.954877
은하수어린이공원(44호),어린이공원,경기도,안양시,1689.5,37.4013273069,126.9518684208
한미어린이공원(25호),어린이공원,경기도,안양시,858.1,37.402978,126.972333
부림어린이공원(24호),어린이공원,경기도,안양시,1699.9,37.403637,126.969859
증촌어린이공원(23호),어린이공원,경기도,안양시,1683.9,37.403708,126.965895
동안어린이공원(22호),어린이공원,경기도,안양시,1683.3,37.402909,126.960603
노을어린이공원(21호),어린이공원,경기도,안양시,1035.0,37.403511,126.9576012983
황금어린이공원(20호),어린이공원,경기도,안양시,1674.4,37.405615,126.968483
중촌어린이공원(19호),어린이공원,경기도,안양시,1696.6,37.4059327609,126.965564
호돌이어린이공원(1호),어린이공원,경기도,안양시,1500.0,37.4314214932,126.9053450038
개나리어린이공원(32호),어린이공원,경기도,안양시,1184.0,37.401509,126.915317
양지어린이공원(31호),어린이공원,경기도,안양시,970.0,37.400117,126.913616
꿈동산어린이공원(30호),어린이공원,경기도,안양시,698.5,37.4000714092,126.9178042237
꽃동산어린이공원(27호),어린이공원,경기도,안양시,1098.0,37.401401,126.910713
효성어린이공원(33호),어린이공원,경기도,안양시,701.0,37.3925114273,126.903645
달래1어린이공원(29호),어린이공원,경기도,안양시,343.0,37.399599,126.911063
달래2어린이공원(28호),어린이공원,경기도,안양시,103.0,37.399898,126.911022
명학어린이공원(70호),어린이공원,경기도,안양시,1500.7,37.377624448,126.9382622332
중앙공원(12호),근린공원,경기도,안양시,119843.1,37.390137,126.961331
희망공원(11호),근린공원,경기도,안양시,9634.8,37.3889971808,126.9493353318
평화공원(10호),근린공원,경기도,안양시,10019.2,37.390367703,126.9482385448
평촌공원(9호),근린공원,경기도,안양시,29598.7,37.3960577636,126.9578030512
샘마을어린이공원(76호),어린이공원,경기도,안양시,1653.3,37.376659,126.966548
갈산어린이공원(75호),어린이공원,경기도,안양시,2492.3,37.377411,126.961538
흥안어린이공원(66호),어린이공원,경기도,안양시,3223.2,37.380527,126.968118
솔향어린이공원(65호),어린이공원,경기도,안양시,2871.0,37.385549,126.953689
민백어린이공원(64호),어린이공원,경기도,안양시,7536.9,37.385673,126.969955
꿈마을어린이공원(63호),어린이공원,경기도,안양시,4505.4,37.385734,126.966924
먹거리촌어린이공원(62호),어린이공원,경기도,안양시,3679.8,37.385549,126.953689
귀인어린이공원(61호),어린이공원,경기도,안양시,2003.7,37.384511,126.961861
무궁화어린이공원(60호),어린이공원,경기도,안양시,2756.9,37.385549,126.953689
신기어린이공원(59호),어린이공원,경기도,안양시,3743.6,37.382127,126.956894
신촌어린이공원(58호),어린이공원,경기도,안양시,4448.6,37.381207,126.954478
럭키어린이공원(57호),어린이공원,경기도,안양시,4452.4,37.390741,126.968951
대원어린이공원(56호),어린이공원,경기도,안양시,2390.6,37.389662,126.965377
초원어린이공원(55호),어린이공원,경기도,안양시,4815.6,37.390902,126.964116
상평촌어린이공원(103호),어린이공원,경기도,안양시,1500.0,37.395312,126.976501
벌말소공원(5호),소공원,경기도,안양시,500.0,37.3946553151,126.9770837831
청원소공원(6호),소공원,경기도,안양시,1009.1,37.4078936254,126.9181878484
조일소공원(4호),소공원,경기도,안양시,1580.9,37.370536,126.947693
박달어린이공원(101호),어린이공원,경기도,안양시,2718.0,37.401111,126.9085280529
동편공원(20호),근린공원,경기도,안양시,14840.4,37.4099049124,126.9740262445
초롱어린이공원(102호),어린이공원,경기도,안양시,1675.8,37.4089473528,126.9731009426
소능골소공원(2호),소공원,경기도,안양시,777.0,37.4077763463,126.9702887522
주접어린이공원(100호),어린이공원,경기도,안양시,3813.4,37.391465,126.9332767909
덕천1어린이공원(99호),어린이공원,경기도,안양시,3335.0,37.395755,126.9290424266
연현어린이공원(92호),어린이공원,경기도,안양시,1512.0,37.431056,126.900745
솔개어린이공원(91호),어린이공원,경기도,안양시,1564.5,37.434332,126.901924
금성어린이공원(98호),어린이공원,경기도,안양시,1982.6,37.373875,126.951141
친목어린이공원(97호),어린이공원,경기도,안양시,5644.1,37.409093,126.885709
한신어린이공원(90호),어린이공원,경기도,안양시,1370.0,37.404386,126.906675
삼덕공원(16호),근린공원,경기도,안양시,19434.6,37.397381,126.916411
동산어린이공원(89호),어린이공원,경기도,안양시,520.0,37.4265673328,126.9023798201
꽃메산어린이공원(133호),어린이공원,경기도,안양시,5160.0,37.408172,126.899852
수풀내어린이공원(86호),어린이공원,경기도,안양시,1899.4,37.4009157762,126.9306568852
병목안시민공원(5호),체육공원,경기도,안양시,113141.0,37.385288,126.907674
송암어린이공원(81호),어린이공원,경기도,안양시,1504.8,37.3659525867,126.9604705943
호성어린이공원(80호),어린이공원,경기도,안양시,1500.3,37.3655661903,126.9619594332
포도원어린이공원(79호),어린이공원,경기도,안양시,1500.2,37.3641554447,126.9626730159
샘모루어린이공원(78호),어린이공원,경기도,안양시,1500.0,37.400544,126.940846
어우리지어린이공원(77호),어린이공원,경기도,안양시,1500.0,37.4004533923,126.937327
안말어린이공원(50호),어린이공원,경기도,안양시,1625.4,37.385238,126.950438
한라비발디어린이공원(26호),어린이공원,경기도,안양시,1710.0,37.402229,126.902004
동화소공원(16호),소공원,경기도,안양시,2110.4,37.3919403075,126.9399603721
어린이공원(113호),어린이공원,경기도,안양시,2434.5,37.4137488375,126.9201498115
소공원(22호),소공원,경기도,안양시,1758.1,37.417611,126.9191393
삼영어린이공원(112호),어린이공원,경기도,안양시,3396.7,37.413021,126.9144610663
호돌어린이공원(111호),어린이공원,경기도,안양시,2048.1,37.3766187825,126.9566890134
덕천2어린이공원(107호),어린이공원,경기도,안양시,1737.0,37.3962460334,126.929872
푸르미어린이공원(제108호),어린이공원,경기도,안양시,3809.5,37.3885774471,126.9237194286
하늘소공원(11호),소공원,경기도,안양시,1290.0,37.384931,126.921966
대륭소공원(9호),소공원,경기도,안양시,1177.4,37.3975637065,126.973997
어린이공원(105호),어린이공원,경기도,안양시,2160.4,37.3978707412,126.9383773416
명학공원(22호),근린공원,경기도,안양시,11313.9,37.38414914,126.9325686
테크노벨리소공원(7호),소공원,경기도,안양시,885.4,37.389027,126.936531
해오름공원(19호),문화공원,경기도,안양시,40726.1,37.4104678889,126.970273661
수명어린이공원(120호),어린이공원,경기도,안양시,3062.8,37.400831,126.931102
창박골체육공원(6호),체육공원,경기도,안양시,13891.0,37.382725,126.902587
호암공원(31호),근린공원,경기도,안양시,6521.0,37.4261062127,126.9062796124
낙원소공원(48호),소공원,경기도,안양시,993.4,37.417125,126.920016
덕수소공원(33호),소공원,경기도,안양시,216.4,37.433874,126.906241
오비즈소공원(34호),소공원,경기도,안양시,4385.2,37.399262,126.969548
삼막소공원(31호),소공원,경기도,안양시,323.4,37.422699,126.912139
삼막소공원(30호),소공원,경기도,안양시,495.0,37.42269905,126.9121397
도담도담어린이공원(115호),어린이공원,경기도,안양시,3597.4,37.3758711124,126.9590751296
어린이공원(116호),어린이공원,경기도,안양시,5522.8,37.3771338935,126.953762005
소공원(26호),소공원,경기도,안양시,820.6,37.3769635817,126.9545108574
소공원(25호),소공원,경기도,안양시,642.4,37.3776106392,126.9545499604
소공원(24호),소공원,경기도,안양시,2158.8,37.37329949,126.9543518
안양천 생태힐링공원(27호),문화공원,경기도,안양시,72839.0,37.416868,126.896803598
수리산 성지공원(2호),역사공원,경기도,안양시,16656.0,37.371414,126.904694
덕현공원(34호),근린공원,경기도,안양시,11148.5,37.372175,126.962246
비봉산힐링공원(35호),근린공원,경기도,안양시,20527.3,37.408538,126.930141
평촌소공원(65호),소공원,경기도,안양시,1240.0,37.392608,126.97816
맑은내소공원(49호),소공원,경기도,안양시,820.2,37.366419,126.955071
포일공원(1호),근린공원,경기도,안양시,638.4,37.395337035,126.9816542432
박달시장소공원(61호),소공원,경기도,안양시,500.0,37.402921,126.912265
내비산소공원(60호),소공원,경기도,안양시,304.4,37.409618,126.948027
소공원(56호),소공원,경기도,안양시,500.0,37.3961058771,126.9396677392
간촌공원(32호),근린공원,경기도,안양시,13874.0,37.410985,126.968101
가람소공원(50호),소공원,경기도,안양시,360.4,37.3664558785,126.9538042365
평촌스마트스퀘어 체육공원(7호),체육공원,경기도,안양시,10052.0,37.398717,126.964391
나루터,어린이공원,서울특별시,송파구,1472.9,37.501606,127.0867436
꿈나무,어린이공원,서울특별시,송파구,1496.3,37.5032386,127.141109
굴렁쇠,어린이공원,서울특별시,송파구,1596.1,37.490223,127.1124333
곰말,어린이공원,서울특별시,송파구,1707.2,37.51190919,127.1177088
거여,어린이공원,서울특별시,송파구,756.6,37.492626,127.1428082
거북이,어린이공원,서울특별시,송파구,1594.0,37.50170298,127.119522
개미,어린이공원,서울특별시,송파구,1500.4,37.4921999,127.146735
개나리,어린이공원,서울특별시,송파구,1312.2,37.482425,127.1283131
가야금,어린이공원,서울특별시,송파구,1500.0,37.508629,127.1293119
오금지구 근린공원,근린공원,서울특별시,송파구,11488.0,37.505504,127.140584
훼밀리,근린공원,서울특별시,송파구,10528.6,37.49075881,127.1140908
한우물,근린공원,서울특별시,송파구,11385.8,37.479138,127.1244919
한양,근린공원,서울특별시,송파구,4842.4,37.50407597,127.1153987
하늘가람,근린공원,서울특별시,송파구,6612.0,37.519327,127.106703
풍납,근린공원,서울특별시,송파구,23746.0,37.53809304,127.1217719
태양,근린공원,서울특별시,송파구,6611.6,37.52544289,127.1152157
천마,근린공원,서울특별시,송파구,182420.0,37.500386,127.158815
장지,근린공원,서울특별시,송파구,133122.1,37.484721,127.134551
장수,근린공원,서울특별시,송파구,9949.0,37.480889,127.1304766
잠실,근린공원,서울특별시,송파구,6613.3,37.50621827,127.084165
웃말,근린공원,서울특별시,송파구,11098.2,37.50167671,127.123153
온조마루,근린공원,서울특별시,송파구,6734.2,37.5199244,127.1100846
오금,근린공원,서울특별시,송파구,219167.4,37.499994,127.134853
연화,근린공원,서울특별시,송파구,14318.2,37.485159989,127.1297173897
아시아,근린공원,서울특별시,송파구,66027.8,37.51068203,127.0759347
숯내,근린공원,서울특별시,송파구,10206.5,37.48970385,127.111231
송파나루,근린공원,서울특별시,송파구,285757.6,37.51210416,127.1077049
쌍둥이어린이공원,어린이공원,서울특별시,마포구,905.0,37.565742,126.906753
큰길어린이공원,어린이공원,서울특별시,마포구,942.0,37.567792,126.9082419
성황당어린이공원,어린이공원,서울특별시,마포구,1367.0,37.569036,126.907328
성메어린이공원,어린이공원,서울특별시,마포구,640.0,37.568099,126.914835
외주목어린이공원,어린이공원,서울특별시,마포구,263.0,37.562753,126.907962
뒤뜰어린이공원,어린이공원,서울특별시,마포구,530.0,37.563171,126.909337
다솜어린이공원,어린이공원,서울특별시,마포구,975.0,37.562273,126.915497
은행나무어린이공원,어린이공원,서울특별시,마포구,994.0,37.564634,126.922412
느티나무어린이공원,어린이공원,서울특별시,마포구,993.0,37.559509,126.918717
망원새싹어린이공원,어린이공원,서울특별시,마포구,559.0,37.559072,126.898531
두리어린이공원,어린이공원,서울특별시,마포구,1007.0,37.560249,126.901287
옹달샘어린이공원,어린이공원,서울특별시,마포구,1134.0,37.555005,126.902213
한마음어린이공원,어린이공원,서울특별시,마포구,770.0,37.554689,126.908012
양화어린이공원,어린이공원,서울특별시,마포구,1388.0,37.55035357,126.908449
합정어린이공원,어린이공원,서울특별시,마포구,3005.0,37.551673,126.913138
동교어린이공원,어린이공원,서울특별시,마포구,978.0,37.560093,126.923451
윗잔다리어린이공원,어린이공원,서울특별시,마포구,3251.0,37.557013,126.925668
잔다리어린이공원,어린이공원,서울특별시,마포구,774.0,37.554524,126.9125323
서교어린이공원,어린이공원,서울특별시,마포구,1761.0,37.552019,126.915475
와우어린이공원,어린이공원,서울특별시,마포구,2924.0,37.548829,126.925356
창전어린이공원,어린이공원,서울특별시,마포구,1185.0,37.550161,126.929162
현석어린이공원,어린이공원,서울특별시,마포구,1622.0,37.544342,126.933325
산수유어린이공원,어린이공원,서울특별시,마포구,2011.0,37.585485,126.879008
목련어린이공원,어린이공원,서울특별시,마포구,1501.0,37.58737473,126.880225
대흥어린이공원,어린이공원,서울특별시,마포구,1486.0,37.543749,126.943687
삼개어린이공원,어린이공원,서울특별시,마포구,3029.0,37.540357,126.945076
도화소어린이공원,어린이공원,서울특별시,마포구,1646.0,37.541053,126.945355
복사꽃어린이공원,어린이공원,서울특별시,마포구,1553.0,37.538935,126.946352
마포어린이공원,어린이공원,서울특별시,마포구,2030.0,37.535803,126.943667
공덕역어린이공원,어린이공원,서울특별시,마포구,2435.0,37.545107,126.951301
큰더기어린이공원,어린이공원,서울특별시,마포구,1949.0,37.550169,126.953199
노고산공원,근린공원,서울특별시,마포구,528936.0,37.551503,126.943063
샛터공원,근린공원,서울특별시,마포구,31100.0,37.566196,126.906188
쌍룡산공원,근린공원,서울특별시,마포구,5791.0,37.552928,126.950388
성산공원,근린공원,서울특별시,마포구,103962.0,37.562212,126.909895
부엉이공원,근린공원,서울특별시,마포구,17640.0,37.58464695,126.8832829
와우공원,근린공원,서울특별시,마포구,73590.0,37.552344,126.928984
구룡공원,근린공원,서울특별시,마포구,14287.0,37.582791,126.883713
매봉산공원,근린공원,서울특별시,마포구,13137.0,37.573807,126.8955799
상암공원,근린공원,서울특별시,마포구,161153.0,37.578696,126.883265
귀리어린이공원,어린이공원,서울특별시,마포구,1504.0,37.581473,126.880714
물치어린이공원,어린이공원,서울특별시,마포구,1522.0,37.577694,126.887921
부엉바위어린이공원,어린이공원,서울특별시,마포구,1511.0,37.575395,126.892472
휴암어린이공원,어린이공원,서울특별시,마포구,921.0,37.577136,126.895662
새누리어린이공원,어린이공원,서울특별시,마포구,2897.0,37.575503,126.898226
개나리어린이공원,어린이공원,서울특별시,마포구,1481.0,37.569918,126.909182
샘터어린이공원,어린이공원,서울특별시,마포구,123.0,37.569894,126.906749
중동어린이공원,어린이공원,서울특별시,마포구,377.0,37.568461,126.910438
중동소어린이공원,어린이공원,서울특별시,마포구,779.0,37.57067636,126.906726
성사천어린이공원,어린이공원,서울특별시,마포구,166.0,37.565373,126.904868
소금동네소공원,소공원,서울특별시,마포구,1217.9,37.554097,126.9462813
큰우물소공원,소공원,서울특별시,마포구,547.4,37.545536,126.9496393
아소정소공원,소공원,서울특별시,마포구,1454.8,37.545468,126.9481693
독막소공원,소공원,서울특별시,마포구,2626.0,37.554491,126.943779
무쇠막소공원,소공원,서울특별시,마포구,449.1,37.552612,126.934174
노고산소공원,소공원,서울특별시,마포구,1510.0,37.555063,126.935013
현석소공원,소공원,서울특별시,마포구,6038.0,37.542983,126.934492
산사나무소공원,소공원,서울특별시,마포구,714.0,37.575268,126.896265
상수소공원,소공원,서울특별시,마포구,1413.0,37.545926,126.927163
상수나루소공원,소공원,서울특별시,마포구,1359.0,37.54610993,126.926336
복자기소공원,소공원,서울특별시,마포구,707.0,37.545885,126.936601
대흥소공원,소공원,서울특별시,마포구,1820.0,37.548567,126.941091
용강소공원,소공원,서울특별시,마포구,951.0,37.543026,126.940308
용강나루소공원,소공원,서울특별시,마포구,1088.0,37.541863,126.942271
아현초록소공원,소공원,서울특별시,마포구,1035.0,37.554389,126.953208
아현새싹소공원,소공원,서울특별시,마포구,613.0,37.551847,126.954409
단풍소공원,소공원,서울특별시,마포구,274.0,37.548729,126.953344
만리재소공원,소공원,서울특별시,마포구,883.0,37.544438,126.955226
공덕소공원,소공원,서울특별시,마포구,1310.0,37.548506,126.954637
염리어린이공원,어린이공원,서울특별시,마포구,1933.0,37.549782,126.9464197
신수어린이공원,어린이공원,서울특별시,마포구,3792.2,37.550366,126.933878
광흥창어린이공원,어린이공원,서울특별시,마포구,1353.0,37.549512,126.930846
망원어린이공원,어린이공원,서울특별시,마포구,2862.0,37.552132,126.904303
애오개어린이공원,어린이공원,서울특별시,마포구,1424.0,37.555353,126.958672
토정어린이공원,어린이공원,서울특별시,마포구,2631.0,37.540558,126.943411
쌍룡산어린이공원,어린이공원,서울특별시,마포구,5911.0,37.552173,126.950512
애오개도담어린이공원,어린이공원,서울특별시,마포구,3212.0,37.553433,126.958529
산딸나무어린이공원,어린이공원,서울특별시,마포구,1499.0,37.583547,126.877927
색동,어린이공원,서울특별시,관악구,952.0,37.486533,126.932555
새들,어린이공원,서울특별시,관악구,979.0,37.48863225,126.925741
남부,어린이공원,서울특별시,관악구,990.0,37.48480913,126.920679
난우,어린이공원,서울특별시,관악구,241.0,37.466402,126.921869
예촌,어린이공원,서울특별시,관악구,1509.0,37.47453441,126.9768782
남현,어린이공원,서울특별시,관악구,554.0,37.47191194,126.981333
상록,어린이공원,서울특별시,관악구,1557.0,37.472906,126.980544
군아파트,어린이공원,서울특별시,관악구,926.0,37.471823,126.978932
당곡,어린이공원,서울특별시,관악구,294.0,37.48872668,126.9335718
해태,어린이공원,서울특별시,관악구,1359.0,37.472323,126.940612
호박골,어린이공원,서울특별시,관악구,417.0,37.48197587,126.923932
상도근린공원,근린공원,서울특별시,관악구,87458.0,37.491879,126.9414281
아현어울림소공원,소공원,서울특별시,마포구,4429.6,37.5563985,126.9507057
외국인묘지공원,묘지공원,서울특별시,마포구,13224.0,37.546524,126.911775
양화진역사공원,역사공원,서울특별시,마포구,4804.0,37.545546,126.911201
홍익문화공원,문화공원,서울특별시,마포구,2230.0,37.552186,126.922987
휴암문화공원,문화공원,서울특별시,마포구,5285.0,37.584722,126.8781707
물빛문화공원,문화공원,서울특별시,마포구,5827.0,37.58003606,126.893162
DMC문화공원,문화공원,서울특별시,마포구,3829.0,37.578087,126.892245
가온문화공원,문화공원,서울특별시,마포구,4631.0,37.581827,126.887611
당인동문화공원,문화공원,서울특별시,마포구,301.0,37.545411,126.920154
서강나루문화공원,문화공원,서울특별시,마포구,2429.0,37.54527293,126.931077
밤섬문화공원,문화공원,서울특별시,마포구,1638.0,37.542784,126.931869
쌍룡산소공원,소공원,서울특별시,마포구,885.9,37.55174941,126.9501341
학다리,어린이공원,서울특별시,관악구,221.0,37.488732,126.937591
신라,어린이공원,서울특별시,관악구,514.0,37.47360972,126.912623
새빛,어린이공원,서울특별시,관악구,875.0,37.486319,126.915149
난곡,어린이공원,서울특별시,관악구,695.0,37.47411595,126.9152598
쑥고개,어린이공원,서울특별시,관악구,1124.0,37.475822,126.940794
봉림,어린이공원,서울특별시,관악구,988.0,37.48272102,126.935717
까치산근린공원,근린공원,서울특별시,관악구,64534.0,37.47774405,126.9672315
새싹,어린이공원,서울특별시,관악구,1797.0,37.484451,126.949378
중앙,어린이공원,서울특별시,관악구,977.0,37.484446,126.948278
국사봉,어린이공원,서울특별시,관악구,454.0,37.48999461,126.934035
선봉,어린이공원,서울특별시,관악구,1021.0,37.485144,126.939678
비안,어린이공원,서울특별시,관악구,1661.0,37.480767,126.9401567
문성,어린이공원,서울특별시,관악구,988.0,37.482015,126.9028913
장군봉근린공원,근린공원,서울특별시,관악구,128100.0,37.478631,126.939049
신림근린공원,근린공원,서울특별시,관악구,90960.0,37.480884,126.918234
무궁화,어린이공원,서울특별시,관악구,660.0,37.46963167,126.9235717
미도,어린이공원,서울특별시,관악구,978.0,37.462803,126.915263
신화,어린이공원,서울특별시,관악구,850.0,37.47672757,126.935702
백설,어린이공원,서울특별시,관악구,1655.0,37.476236,126.953512
송학,어린이공원,서울특별시,관악구,1013.0,37.480272,126.9493248
서원,어린이공원,서울특별시,관악구,2324.0,37.476815,126.933237
국지,어린이공원,서울특별시,관악구,1650.0,37.490053,126.940606
국회단지,어린이공원,서울특별시,관악구,1200.0,37.49031557,126.9431126
은천,어린이공원,서울특별시,관악구,443.0,37.488223,126.942996
장군봉,소공원,서울특별시,관악구,175.0,37.4781262,126.939008
새숲,어린이공원,서울특별시,관악구,991.0,37.4824133,126.9130864
난우,어린이공원,서울특별시,관악구,960.0,37.48039993,126.913959
미림,어린이공원,서울특별시,관악구,185.0,37.466517,126.935286
오성,어린이공원,서울특별시,관악구,225.0,37.467908,126.920805
영락,어린이공원,서울특별시,관악구,206.0,37.47682732,126.943804
해바라기,어린이공원,서울특별시,관악구,416.0,37.461967,126.930214
충효,어린이공원,서울특별시,관악구,3188.0,37.48101912,126.941048
인헌,어린이공원,서울특별시,관악구,379.0,37.475334,126.962545
대협,어린이공원,서울특별시,관악구,391.0,37.47482451,126.913364
목화,어린이공원,서울특별시,관악구,347.0,37.46791528,126.942282
남강,어린이공원,서울특별시,관악구,10350.0,37.47350474,126.924653
도덕,문화공원,서울특별시,관악구,394.0,37.469331,126.938168
서광,어린이공원,서울특별시,관악구,459.0,37.47521256,126.9427449
한라,어린이공원,서울특별시,관악구,479.0,37.475633,126.914788
장미,어린이공원,서울특별시,관악구,423.0,37.47914524,126.9624068
탑골,어린이공원,서울특별시,관악구,597.0,37.47451989,126.9611358
사우촌,어린이공원,서울특별시,관악구,339.0,37.467506,126.934163
태양,어린이공원,서울특별시,관악구,345.0,37.468445,126.936475
연주대,소공원,서울특별시,관악구,251.0,37.469214,126.9420007
약수암,어린이공원,서울특별시,관악구,1680.0,37.459512,126.932978
밤골,어린이공원,서울특별시,관악구,1119.0,37.473919,126.967365
까치,어린이공원,서울특별시,관악구,1602.0,37.479924,126.959507
청룡,어린이공원,서울특별시,관악구,853.0,37.477619,126.944732
일선,어린이공원,서울특별시,관악구,1244.0,37.477823,126.949514
보명,어린이공원,서울특별시,관악구,1319.0,37.475841,126.925639
교체,어린이공원,서울특별시,관악구,813.0,37.4733206,126.9640439
원당,어린이공원,서울특별시,관악구,1647.0,37.474839,126.963329
용담,어린이공원,서울특별시,관악구,646.0,37.47550045,126.9436117
마로니에공원,문화공원,서울특별시,종로구,5802.0,37.580336,127.002513
북한산공원,근린공원,서울특별시,종로구,19902.4,37.601976,126.980549
인왕산공원,근린공원,서울특별시,종로구,201704.0,37.58302366,126.9634885
수송공원,근린공원,서울특별시,종로구,3567.2,37.57375558,126.981143
흥인지문공원,근린공원,서울특별시,종로구,11519.7,37.57253066,127.0085453
숭인공원,근린공원,서울특별시,종로구,45615.0,37.57756126,127.0181626
와룡공원,근린공원,서울특별시,종로구,204369.0,37.591168,126.990122
삼청공원,근린공원,서울특별시,종로구,468348.2,37.58769948,126.983451
월암공원,근린공원,서울특별시,종로구,10662.0,37.57077796,126.9657457
사직공원,근린공원,서울특별시,종로구,168099.8,37.57628582,126.9682319
내수공원,근린공원,서울특별시,종로구,2192.2,37.5723883,126.9715781
내수어울공원,근린공원,서울특별시,종로구,2392.1,37.57368596,126.9703773
연지공원,근린공원,서울특별시,종로구,2827.6,37.575758,127.0008075
탑골공원,근린공원,서울특별시,종로구,14808.7,37.570612,126.9880601
원서공원,근린공원,서울특별시,종로구,10004.6,37.578234,126.988566
청진공원,근린공원,서울특별시,종로구,2802.0,37.571415,126.9799007
창덕공원,근린공원,서울특별시,종로구,491328.0,37.578868,126.989712
남현,소공원,서울특별시,관악구,1607.0,37.47567778,126.9792771
남태령제2,소공원,서울특별시,관악구,1310.0,37.471931,126.982172
까치산,소공원,서울특별시,관악구,964.0,37.48311896,126.960301
봉천,어린이공원,서울특별시,관악구,652.0,37.46931172,126.9643575
행운동,소공원,서울특별시,관악구,401.0,37.483375,126.959752
합실,어린이공원,서울특별시,관악구,1297.0,37.46514148,126.927068
양산,어린이공원,서울특별시,관악구,297.0,37.473626,126.932549
삼육,소공원,서울특별시,관악구,119.0,37.487922,126.934307
약수,어린이공원,서울특별시,관악구,533.0,37.473131,126.912442
미성,소공원,서울특별시,관악구,159.0,37.477136,126.9137588
공평공원,역사공원,서울특별시,종로구,219.9,37.571239,126.985571
도렴공원,역사공원,서울특별시,종로구,832.8,37.57088839,126.9739644
동묘공원,역사공원,서울특별시,종로구,8450.0,37.573162,127.018284
경희궁공원,역사공원,서울특별시,종로구,100930.0,37.57176907,126.9679849
신문로공원,어린이공원,서울특별시,종로구,665.0,37.569026,126.9724105
지봉골공원,어린이공원,서울특별시,종로구,2508.0,37.578947,127.014468
경학공원,어린이공원,서울특별시,종로구,3269.0,37.584487,126.996902
연지1공원,어린이공원,서울특별시,종로구,474.2,37.57418874,127.001063
인왕공원,어린이공원,서울특별시,종로구,1745.8,37.577468,126.956975
새마을공원,어린이공원,서울특별시,종로구,397.0,37.606448,126.964642
명륜공원,어린이공원,서울특별시,종로구,1149.5,37.588055,126.998279
옥인공원,어린이공원,서울특별시,종로구,472.1,37.58231136,126.9623815
감나무골공원,어린이공원,서울특별시,종로구,2403.0,37.61276822,126.970377
참샘골공원,어린이공원,서울특별시,종로구,2737.0,37.61517106,126.9746192
낙산공원,어린이공원,서울특별시,종로구,660.0,37.579546,127.010184
무악공원,어린이공원,서울특별시,종로구,5136.0,37.57745181,126.960547
창신공원,어린이공원,서울특별시,종로구,710.0,37.57798312,127.012931
의주공원,소공원,서울특별시,종로구,364.0,37.57384186,126.960267
부암튼튼공원,소공원,서울특별시,종로구,1258.0,37.59228294,126.9645674
소담공원,소공원,서울특별시,종로구,491.4,37.572146,126.9616546
솔빛공원,소공원,서울특별시,종로구,1793.3,37.569973,126.965539
달바위공원,소공원,서울특별시,종로구,3317.8,37.57065597,126.9654229
평창공원,소공원,서울특별시,종로구,1117.6,37.61062979,126.9778078
덕수공원,소공원,서울특별시,종로구,869.2,37.569254,126.974735
서린공원,소공원,서울특별시,종로구,1398.0,37.569989,126.980784
후창공원,소공원,서울특별시,종로구,1920.0,37.6101992,126.9646152
둔전공원,근린공원,경기도,군포시,37500.8,37.35813658,126.9216181
도장공원,근린공원,경기도,군포시,33289.9,37.35585005,126.9280617
부곡공원,근린공원,경기도,군포시,48912.0,37.32508903,126.9367035
송정중앙공원,근린공원,경기도,군포시,47087.5,37.31948821,126.9208344
당정공원,근린공원,경기도,군포시,25318.0,37.34411877,126.9474786
한우물공원(당정2지구),근린공원,경기도,군포시,10000.4,37.35816507,126.9523333
능안공원,근린공원,경기도,군포시,63271.5,37.37215635,126.932147
고랑치기공원,근린공원,경기도,군포시,10928.6,37.32664758,126.941678
궁내공원,근린공원,경기도,군포시,10031.2,37.36512806,126.9218252
송정능말공원,근린공원,경기도,군포시,12737.6,37.31799907,126.9222631
반월호수공원,수변공원,경기도,군포시,8783.0,37.32458238,126.8899642
제1호어린이공원(송정지구),어린이공원,경기도,군포시,3088.0,37.31839731,126.9210932
뒷골소공원(소공원3),소공원,경기도,군포시,4479.2,37.31488049,126.9231213
소공원16,소공원,경기도,군포시,517.4,37.34463992,126.9490982
소공원15,소공원,경기도,군포시,3197.2,37.31763847,126.9129988
초막골공원,근린공원,경기도,군포시,561500.0,37.35449855,126.9191952
중앙공원,근린공원,경기도,군포시,40020.7,37.36158178,126.9287049
재궁공원,근린공원,경기도,군포시,10288.6,37.35844953,126.9395325
오금공원,근린공원,경기도,군포시,10140.2,37.35229789,126.9349648
꽃아름소공원(당정2지구),소공원,경기도,군포시,5314.6,37.35871991,126.9510137
참그루소공원(당정2지구),소공원,경기도,군포시,4548.0,37.35816507,126.9523333
눈꽃어린이공원,어린이공원,경기도,군포시,1500.2,37.32572104,126.9462225
백일홍어린이공원,어린이공원,경기도,군포시,2721.2,37.32314464,126.9411386
소공원12,소공원,경기도,군포시,739.7,37.34260816,126.9489396
대우전자부품지구공원,소공원,경기도,군포시,1184.7,37.35034435,126.9530458
새골소공원(소공원11),소공원,경기도,군포시,1577.2,37.31482224,126.9256007
하늘어린이공원,어린이공원,경기도,군포시,1513.9,37.32479214,126.9456064
물빛어린이공원,어린이공원,경기도,군포시,1475.1,37.32250882,126.9353223
새터어린이공원,어린이공원,경기도,군포시,2116.2,37.32294891,126.9329679
샘터어린이공원,어린이공원,경기도,군포시,1500.2,37.36686724,126.9286413
용바위어린이공원,어린이공원,경기도,군포시,1501.0,37.32894593,126.919648
마루터기어린이공원,어린이공원,경기도,군포시,1538.9,37.32788655,126.9189736
웃말어린이공원,어린이공원,경기도,군포시,2003.8,37.32629519,126.9174065
노산어린이공원,어린이공원,경기도,군포시,4381.7,37.3306159,126.9156633
금산어린이공원,어린이공원,경기도,군포시,2409.9,37.33355146,126.9156371
산울림어린이공원,어린이공원,경기도,군포시,1558.5,37.33499529,126.9309226
효자어린이공원,어린이공원,경기도,군포시,1597.4,37.35164847,126.943331
당말어린이공원,어린이공원,경기도,군포시,1500.8,37.35266206,126.946689
당너머어린이공원,어린이공원,경기도,군포시,1514.8,37.3534734,126.9409564
동막골어린이공원,어린이공원,경기도,군포시,1261.6,37.35737344,126.9461388
도기어린이공원,어린이공원,경기도,군포시,1481.6,37.36041929,126.9474294
제일어린이공원,어린이공원,경기도,군포시,9673.7,37.3605339,126.9469011
산이슬어린이공원,어린이공원,경기도,군포시,2705.9,37.33812901,126.9322811
산마을어린이공원,어린이공원,경기도,군포시,1597.9,37.3419403,126.9354786
여울어린이공원,어린이공원,경기도,군포시,2817.1,37.34283923,126.950086
새싹어린이공원,어린이공원,경기도,군포시,1768.7,37.34351572,126.9491359
별님어린이공원,어린이공원,경기도,군포시,3121.1,37.34527928,126.9510066
동산어린이공원,어린이공원,경기도,군포시,1584.4,37.34700355,126.9567894
햇님어린이공원,어린이공원,경기도,군포시,1790.0,37.34806584,126.9571357
점말어린이공원,어린이공원,경기도,군포시,1590.0,37.36288471,126.9460287
목련어린이공원,어린이공원,경기도,군포시,1500.1,37.36987586,126.9269028
하니어린이공원,어린이공원,경기도,군포시,1500.8,37.36254401,126.9433668
느티울어린이공원,어린이공원,경기도,군포시,2546.2,37.361515,126.9376809
밤골어린이공원,어린이공원,경기도,군포시,2487.8,37.3626063,126.9393014
빌라어린이공원,어린이공원,경기도,군포시,1488.3,37.36465922,126.9391766
수정어린이공원,어린이공원,경기도,군포시,1520.0,37.36549533,126.9447057
은혜어린이공원,어린이공원,경기도,군포시,1500.0,37.36653538,126.9433166
태을어린이공원,어린이공원,경기도,군포시,1633.9,37.36623705,126.9356734
진설미어린이공원,어린이공원,경기도,군포시,1485.8,37.36769479,126.9396794
수리약수터어린이공원,어린이공원,경기도,군포시,1501.5,37.37366869,126.9281293
삼성어린이공원,어린이공원,경기도,군포시,1504.2,37.36847922,126.9421552
회목안어린이공원,어린이공원,경기도,군포시,2348.3,37.37081936,126.9374389
슬기어린이공원,어린이공원,경기도,군포시,3324.8,37.37091779,126.9359794
쉼터어린이공원,어린이공원,경기도,군포시,1733.3,37.34457754,126.9233054
진달래어린이공원,어린이공원,경기도,군포시,1500.0,37.34678448,126.9253533
한라어린이공원,어린이공원,경기도,군포시,1500.1,37.34848569,126.9259948
도장어린이공원,어린이공원,경기도,군포시,1524.0,37.34985516,126.9272173
골안어린이공원,어린이공원,경기도,군포시,1513.2,37.37416491,126.930087
가야어린이공원,어린이공원,경기도,군포시,1529.0,37.35144813,126.9245881
다산어린이공원,어린이공원,경기도,군포시,1500.0,37.35020136,126.9307674
소월어린이공원,어린이공원,경기도,군포시,1598.1,37.35136878,126.9325016
퇴계어린이공원,어린이공원,경기도,군포시,1500.0,37.35334734,126.9301532
율곡어린이공원,어린이공원,경기도,군포시,1500.0,37.35404473,126.9321243
을지어린이공원,어린이공원,경기도,군포시,1538.7,37.35674143,126.9271891
바위백이어린이공원,어린이공원,경기도,군포시,1500.0,37.37046299,126.9425773
노루목어린이공원,어린이공원,경기도,군포시,1771.1,37.37319798,126.9383136
샘들어린이공원,어린이공원,경기도,군포시,1806.9,37.3422031,126.9433963
신기어린이공원,어린이공원,경기도,군포시,1559.9,37.34286142,126.9407942
방아어린이공원,어린이공원,경기도,군포시,1838.2,37.34507441,126.9469476
샛터말어린이공원,어린이공원,경기도,군포시,2191.0,37.34536125,126.9382353
해오름어린이공원,어린이공원,경기도,군포시,4117.2,37.34823199,126.9473354
토오골어린이공원,어린이공원,경기도,군포시,2501.9,37.35068688,126.9391993
월구지어린이공원,어린이공원,경기도,군포시,2203.2,37.35262523,126.9395104
웃터어린이공원,어린이공원,경기도,군포시,1495.8,37.35416313,126.9433254
참말어린이공원,어린이공원,경기도,군포시,1490.4,37.35656849,126.9449544
교전어린이공원,어린이공원,경기도,군포시,1510.0,37.34703606,126.944433
새마을어린이공원,어린이공원,경기도,군포시,2281.0,37.34772762,126.9474665
앞산어린이공원,어린이공원,경기도,군포시,2000.0,37.349127,126.9457714
도랫말어린이공원,어린이공원,경기도,군포시,1597.2,37.34974003,126.9411652
능내어린이공원,어린이공원,경기도,군포시,1500.0,37.36924017,126.9313359
안골어린이공원,어린이공원,경기도,군포시,984.9,37.35137526,126.941161
백합어린이공원,어린이공원,경기도,군포시,2742.1,37.36770094,126.9329212
옥천어린이공원,어린이공원,경기도,군포시,1532.2,37.34544253,126.9435847
솔거어린이공원,어린이공원,경기도,군포시,1502.7,37.36069398,126.924894
느티울공원,근린공원,경기도,군포시,13263.0,37.3542339,126.9281697
대영소공원(소공원9),소공원,경기도,군포시,1066.0,37.35309414,126.9563751
한얼공원,근린공원,경기도,군포시,150333.7,37.36258429,126.9332329
체육공원1(당동2지구),체육공원,경기도,군포시,80672.9,37.33876324,126.9364804
산마루어린이공원,어린이공원,경기도,군포시,1903.4,37.33761478,126.9341771
장미어린이공원,어린이공원,경기도,군포시,1500.1,37.367061,126.9312772
달님어린이공원,어린이공원,경기도,군포시,1728.5,37.347138,126.954332
당골어린이공원,어린이공원,경기도,군포시,1500.3,37.344051,126.941878
계룡어린이공원,어린이공원,경기도,군포시,1561.0,37.3549311,126.9223956
안금정어린이공원,어린이공원,경기도,군포시,2501.8,37.36388083,126.9422315
한얼어린이공원,어린이공원,경기도,군포시,3149.0,37.36637628,126.9360033
당거리어린이공원,어린이공원,경기도,군포시,1513.2,37.34503393,126.939301
울림어린이공원,어린이공원,경기도,군포시,2194.9,37.34088576,126.9494649
색동,어린이공원,서울특별시,강북구,2341.2,37.6331377,127.0205711
역뜰어린이공원,어린이공원,경기도,광주시,5050.9,37.40550287,127.2526434
역승소공원,소공원,경기도,광주시,4332.2,37.39486534,127.2490445
역들소공원,소공원,경기도,광주시,675.3,37.39953824,127.251302
신대지구 소공원,소공원,경기도,광주시,946.0,37.3640761861,127.3332641599
쌍동1지구 소공원,소공원,경기도,광주시,4854.0,37.3764838507,127.2933873468
노곡어린이공원,어린이공원,경기도,광주시,2394.0,37.30407337,127.330635
태전8호 어린이공원,어린이공원,경기도,광주시,2491.0,37.390611,127.2297245
태전7호 어린이공원,어린이공원,경기도,광주시,1839.0,37.3821563,127.2356593875
태전3호 어린이공원,어린이공원,경기도,광주시,2352.0,37.38516191,127.2296079592
태전2호 어린이공원,어린이공원,경기도,광주시,6074.0,37.38771969,127.2349544
태전1호 어린이공원,어린이공원,경기도,광주시,5330.0,37.38715905,127.231719404
역동1호 근린공원,근린공원,경기도,광주시,14614.0,37.39726115,127.2454038585
역동1호 소공원,소공원,경기도,광주시,1098.0,37.39886239,127.2484512
곤지암 근린공원,근린공원,경기도,광주시,3952.0,37.34890875,127.339854
추자1호 어린이공원,어린이공원,경기도,광주시,5754.0,37.35964262,127.2194676671
추자1호 소공원,소공원,경기도,광주시,980.0,37.360711,127.2175111
신현1지구 3호 소공원,소공원,경기도,광주시,8130.0,37.3582538706,127.1537719355
양벌지구 양벌어린이공원,어린이공원,경기도,광주시,3533.0,37.37920758,127.2579969
태전6지구 6호어린이공원,어린이공원,경기도,광주시,2100.0,37.37917481,127.2276112
태전6지구 2호근린공원,근린공원,경기도,광주시,10257.0,37.38089973,127.2301341
태전5지구 5호어린이공원,어린이공원,경기도,광주시,1595.0,37.3853632831,127.2318138585
태전5지구 4호어린인공원,어린이공원,경기도,광주시,1521.0,37.3853381147,127.2341771351
태전5지구 1호근린공원,근린공원,경기도,광주시,119123.0,37.3837898793,127.2342603739
쌍령1호 어린이공원,어린이공원,경기도,광주시,1500.0,37.39894672,127.2703878
태전9지구 제2소공원,소공원,경기도,광주시,265.0,37.3847946729,127.2365160326
태전9지구 제1소공원,소공원,경기도,광주시,762.0,37.3847946729,127.2365160326
곤지암소공원,소공원,경기도,광주시,932.0,37.35055475,127.3374982
경안2소공원,소공원,경기도,광주시,428.0,37.41172868,127.261992
경안1소공원,소공원,경기도,광주시,425.0,37.41246902,127.2613857
초월2소공원,소공원,경기도,광주시,3560.0,37.41566864,127.3124059
초월1소공원,소공원,경기도,광주시,1461.0,37.41630044,127.3080169
탄벌소공원,소공원,경기도,광주시,543.0,37.42105043,127.2374622
태전소공원,소공원,경기도,광주시,2563.0,37.38723494,127.2296743
경안소공원,소공원,경기도,광주시,315.0,37.4121908,127.2543733
안골소공원,소공원,경기도,광주시,700.0,37.43496569,127.3071028
양벌소공원,소공원,경기도,광주시,1967.0,37.37092621,127.2479185
중대물빛공원,수변공원,경기도,광주시,230932.0,37.40058533,127.2201255
삼리어린이공원,어린이공원,경기도,광주시,1493.0,37.35642312,127.3267943
광주시호국보훈공원,근린공원,경기도,광주시,83095.0,37.40936025,127.2512846
청석공원,체육공원,경기도,광주시,193530.0,37.4119921,127.264843
오동도시자연공원,기타,서울특별시,강북구,327925.6,37.62379857,127.0341655
미아5구역,소공원,서울특별시,강북구,856.0,37.6125192,127.0267764
어울림,소공원,서울특별시,강북구,1923.0,37.6168529,127.0355326
미아9-1,어린이공원,서울특별시,강북구,2828.0,37.6207197,127.0335003
미아12-2,소공원,서울특별시,강북구,1920.0,37.6167822,127.0214537
미아12-1,소공원,서울특별시,강북구,1637.0,37.61628296,127.0195237
북한산근린공원,근린공원,서울특별시,강북구,123527.6,37.6210716,127.0083592
송중동,어린이공원,서울특별시,강북구,376.9,37.6225901,127.0286277
솔밭근린공원,근린공원,서울특별시,강북구,34955.0,37.6530083,127.012253
장미원,어린이공원,서울특별시,강북구,340.0,37.6464688,127.0157277
빨래골,어린이공원,서울특별시,강북구,476.0,37.6294229,127.0148533
무너미,어린이공원,서울특별시,강북구,380.0,37.6460654,127.0127414
푸른,어린이공원,서울특별시,강북구,992.0,37.6384972,127.0084905
