사업장명,영업상태명,도로명주소,지번주소,전화번호,좌표정보(X),좌표정보(Y),인허가일자,관리번호
올레순동물병원,영업/정상,경기도 포천시 영중면 양문로5길 10,경기도 포천시 영중면 양문리 804-14,,221141.234625331,499851.333356946,2026-09-28,560000001020260001
해운대 센트럴 동물의료센터,영업/정상,"부산광역시 해운대구 해운대로 650, 상가 209~213호 (우동, 해운대 센트럴 푸르지오)",부산광역시 해운대구 우동 1562 해운대 센트럴 푸르지오,,,,2026-09-28,333000001020260001
모두의 동물의료원,영업/정상,제주특별자치도 제주시 연오로 91 (연동),제주특별자치도 제주시 연동 355-8,064-743-2394,153630.523695642,-1159.73896075521,2026-09-23,651000001020260002
서울 반려동물 행동클리닉,영업/정상,"서울특별시 강남구 논현로168길 50, 2층 (신사동)",서울특별시 강남구 신사동 626-67,02-511-8863,202773.096389343,446774.082827083,2026-09-22,322000001020260005
방배하본동물의료센터,영업/정상,"서울특별시 서초구 서초대로 43, 아림빌딩 (방배동)",서울특별시 서초구 방배동 867-32 아림빌딩,,198787.489268795,442666.440681077,2026-09-18,321000001020260007
수지동물심장병원,영업/정상,"경기도 용인시 수지구 수풍로 65, 수지메디파크빌딩 4층 402,403호 (풍덕천동)","경기도 용인시 수지구 풍덕천동 659-14 수지메디파크빌딩 402, 403호",031-8607-7527,208094.087382551,425314.988977821,2026-09-17,564000001020260002
24시센트럴 동물메디컬센터,영업/정상,"인천광역시 부평구 대정로 50, 풀하우스 201~206, 211호 (부평동)","인천광역시 부평구 부평동 210-2 풀하우스 201~206, 211호",,175674.229793136,443649.011789996,2026-09-17,354000001020260002
도그플러스 동물병원,영업/정상,"인천광역시 부평구 열우물로 40-1, 3층 (십정동)",인천광역시 부평구 십정동 402-33 3층,032-862-0975,173511.425199026,441127.635873742,2026-09-17,354000001020260001
미양동물병원,영업/정상,경기도 안성시 미양면 질기비길 6,경기도 안성시 미양면 양지리 86-2,,219245.594607162,386217.205159402,2026-09-16,408000001020260002
루미너스동물병원,영업/정상,"경기도 남양주시 경춘로 1298, 혜림빌딩 313호 (평내동)",경기도 남양주시 평내동 203-2 혜림빌딩,,220843.287749474,460810.044401634,2026-09-16,399000001020260006
압구정 소망 동물병원,영업/정상,"서울특별시 강남구 압구정로34길 11, 압구정스퀘어 114호 (신사동)",서울특별시 강남구 신사동 620 압구정스퀘어 114호,02-2138-3340,202666.717097955,447239.218593207,2026-09-16,322000001020260004
도안힐스동물병원,영업/정상,"대전광역시 유성구 동서대로656번길 16-32, 힐스테이트 도안 2차 1층 A138호 (용계동)",대전광역시 유성구 용계동 667-4 힐스테이트 도안 2차,042-822-7576,229934.640252792,314591.773812606,2026-09-15,367000001020260001
혁신산업동물병원,영업/정상,전북특별자치도 완주군 삼례읍 삼봉로 63-10,전북특별자치도 완주군 삼례읍 삼례리 1036,,206959.058373448,268302.558688056,2026-09-11,472100001020260001
온결동물의료센터,영업/정상,"경기도 의왕시 내손중앙로 4, 벨포레스퀘어 101호 (내손동)",경기도 의왕시 내손동 416-3,031-360-5977,197883.320814488,431892.96613804,2026-09-11,403000001020260002
보듬동물병원,영업/정상,"충청북도 청주시 청원구 오창읍 2산단로 136, 104, 105호",충청북도 청주시 청원구 오창읍 주성리 579,043-715-5950,240223.089241966,359214.453558538,2026-09-10,573500001020260001
글로우 동물병원,영업/정상,"전북특별자치도 전주시 완산구 서신로 33, 금상빌딩 1층 (서신동)",전북특별자치도 전주시 완산구 서신동 831-4 금상빌딩,063-272-4569,210370.36696762,258701.240464311,2026-09-10,464100001020260002
천북동물병원,영업/정상,"충청남도 보령시 천북면 하궁길 34, 1층",충청남도 보령시 천북면 하만리 260-17,,157769.503507368,331267.409930085,2026-09-10,451000001020260001
홍주동물병원,영업/정상,"충청남도 홍성군 홍성읍 조양로 158-1, 2층",충청남도 홍성군 홍성읍 오관리 309-7,,170164.873604629,344498.265249731,2026-09-09,460000001020260002
온담 동물병원,영업/정상,"충청북도 충주시 주덕읍 화개4길 29, 324동 1층 123,124호 (서충주신도시 삼일파라뷰2차 그랜드시티)",충청북도 충주시 주덕읍 화곡리 1251 서충주신도시 삼일파라뷰2차 그랜드시티,043-724-3222,273011.215955711,389472.258593072,2026-09-07,439000001020260003
한국마사회 영천부속동물병원,영업/정상,"경상북도 영천시 금호읍 경마공원로 1, 렛츠런파크 영천(영천 경마공원)",경상북도 영천시 금호읍 성천리 산 77-2 렛츠런파크 영천(영천 경마공원),054-706-4570,368236.27120751,273664.257246401,2026-09-04,510000001020260001
광명온동물병원,영업/정상,"경기도 광명시 광이로 10, 1층 (광명동)",경기도 광명시 광명동 155-3,02-6951-1003,187381.282564181,441908.62126562,2026-09-03,390000001020260003
센트럴동물병원,영업/정상,"충청북도 청주시 흥덕구 송화로150번길 2, 명원빌딩 2층 202호 (송절동)",충청북도 청주시 흥덕구 송절동 679,043-260-0159,240119.860442531,351678.335800021,2026-09-02,573000001020260003
강화동물병원,영업/정상,인천광역시 강화군 강화읍 충렬사로 110,인천광역시 강화군 강화읍 남산리 442-4,,153884.798338944,470208.060382576,2026-09-02,357000001020260001
CJ 동물병원,영업/정상,전북특별자치도 익산시 황등면 황등7길 19,전북특별자치도 익산시 황등면 황등리 902-15,,194961.189343503,278369.57144596,2026-09-01,468100001020260002
코어동물의료센터,영업/정상,"서울특별시 은평구 진관2로 12, 메이플카운티2차 201호, 202호, 203호 (진관동)","서울특별시 은평구 진관동 100-6 메이플카운티2차 201호, 202호, 203호",02-6953-7534,,,2026-09-01,311000001020260003
새빛동물의료센터,영업/정상,"인천광역시 미추홀구 독배로317번길 15, 205,206호 (용현동)",인천광역시 미추홀구 용현동 665-9,032-724-8579,168800.030609931,438489.822482458,2026-08-31,351050001020260002
레오동물병원,영업/정상,"서울특별시 강서구 양천로 112, 3층 (방화동)",서울특별시 강서구 방화동 278-31 선샤인,,183708.951804407,452336.611024956,2026-08-31,315000001020260002
오늘동물병원,영업/정상,"경상남도 창원시 마산회원구 북성로 164, 2층 (회원동)",경상남도 창원시 마산회원구 회원동 29-15 2층,055-715-7590,342988.584078109,192529.242215068,2026-08-28,567000001020260003
아이덴안과치과동물병원,영업/정상,"경기도 화성시 동탄구 동탄대로6길 9, 201, 202호 (산척동)",경기도 화성시 동탄구 산척동 727-2,031-375-5575,209507.236891558,407438.680250299,2026-08-27,577000001020260004
늘서울피부과동물병원,영업/정상,"서울특별시 강남구 논현로 607, 신양빌딩 3층 (논현동)",서울특별시 강남구 논현동 192-6 신양빌딩,02-518-3650,202875.328642756,445077.204272347,2026-08-27,322000001020260003
더엘동물병원,영업/정상,"경기도 화성시 동탄구 동탄감배산로 143, 203동 1층 158호 (여울동, 동탄역 유림노르웨이숲)",경기도 화성시 동탄구 여울동 978 동탄역 유림노르웨이숲,031-372-2223,207822.739588256,410789.35102542,2026-08-26,577000001020260003
굿모닝동물병원,영업/정상,"전북특별자치도 진안군 진안읍 진무로 1190, 2호",전북특별자치도 진안군 진안읍 군상리 109-9,,239339.46747107,255291.860554085,2026-08-25,473100001020260001
블리스 동물의료센터,영업/정상,"경기도 평택시 세교7길 48, 율빌딩 2, 3층 (세교동)",경기도 평택시 세교동 617-6,031-666-7582,207875.156639611,389392.797660835,2026-08-21,391000001020260003
두리가축병원,영업/정상,"충청남도 천안시 서북구 성환읍 매주4길 26-8, 101호",충청남도 천안시 서북구 성환읍 매주리 322-2,,211350.964229878,378933.628766471,2026-08-20,566000001020260002
한결산업동물병원(출장전문),영업/정상,경기도 안성시 삼죽면 서동대로 5901,경기도 안성시 삼죽면 마전리 259-1,,230201.881922849,392011.196012865,2026-08-20,408000001020260001
이봄동물병원,영업/정상,"인천광역시 남동구 구월로 212, 힐캐슬프라자 203, 204호 (구월동)",인천광역시 남동구 구월동 23 힐캐슬프라자,,174431.49712362,439194.306759719,2026-08-19,353000001020260002
토닥토닥동물병원,영업/정상,"서울특별시 동대문구 답십리로 64, 1층 (전농동)",서울특별시 동대문구 전농동 648-68 1층,02-2039-9119,204177.567278831,452577.285489427,2026-08-18,305000001020260001
스물하나 동물병원,영업/정상,"경기도 수원시 영통구 영통로 135, 망포동 근린생활시설 1층(일부), 2층(일부)호 (망포동)",경기도 수원시 영통구 망포동 383-12 망포동 근린생활시설,031-8009-0811,204861.51576199,415306.745790888,2026-08-12,374000001020260005
이룸동물의료센터,영업/정상,"경기도 하남시 미사강변대로 48, 해든마루빌딩 201~208호 (풍산동)",경기도 하남시 풍산동 522-1 해든마루빌딩,031-791-8288,216384.482447976,450246.551674775,2026-08-11,404000001020260003
파랑동물병원,영업/정상,"전남광주통합특별시 광산구 풍영철길로 20-6, 1층 (우산동)",전남광주통합특별시 광산구 우산동 1363-14,062-710-0304,182869.13618667,184862.640981098,2026-08-06,582500001020260001
광교튼튼 동물병원,영업/정상,"경기도 수원시 영통구 광교호수공원로 20, 근린생활시설 1동 B2-16호 (원천동, 더샵 광교레이크시티)",경기도 수원시 영통구 원천동 605 더샵 광교레이크시티,,205289.160317374,418886.436433515,2026-08-06,374000001020260004
해모로 동물병원,영업/정상,"대구광역시 동구 동북로75길 13, 상가103동 202호 (신암동, 동대구 해모로스퀘어 이스트)",대구광역시 동구 신암동 1887 동대구 해모로스퀘어 이스트,053-939-7588,,,2026-08-06,342000001020260002
만수무강 동물의료센터,영업/정상,"인천광역시 남동구 백범로 187, 삼성디지털 2층 (만수동)",인천광역시 남동구 만수동 875 삼성디지털,,175832.006969584,439623.124308325,2026-08-05,353000001020260001
새문성동물병원,영업/정상,"경상북도 구미시 고아읍 들성로 222, 1층",경상북도 구미시 고아읍 문성리 1404 1층,,320937.751175946,296379.846707042,2026-08-03,508000001020260001
빛가온동물병원,영업/정상,"서울특별시 도봉구 마들로 695, 1층 (도봉동)",서울특별시 도봉구 도봉동 623-103 1층,63690075,204021.114773736,463311.651294136,2026-08-03,309000001020190003
중심동물병원,영업/정상,"서울특별시 성동구 마조로 55, 상가동 1층 119호 (마장동, 금호어울림아파트)",서울특별시 성동구 마장동 821 금호어울림아파트,02-2282-2226,203597.7587591,451160.268443273,2026-07-31,303000001020260001
다산동물병원,영업/정상,"충청북도 청주시 상당구 호미로233번길 74, 상가동 2층 201호 (금천동, 장자마을 부영아파트)",충청북도 청주시 상당구 금천동 318 장자마을 부영아파트 상가동 201호,,245555.876366922,347456.095047595,2026-07-29,572000001020260001
로드동물의료센터,영업/정상,경상남도 김해시 분성로 290 (서상동),경상남도 김해시 서상동 331-2,055-323-3700,370867.106273619,194227.192653864,2026-07-27,535000001020260002
시그널 동물의료센터,영업/정상,"서울특별시 마포구 모래내로1길 9, 마포클레세 201,202호 (성산동)",서울특별시 마포구 성산동 592-8 마포클레세,02-2088-0922,191409.240701388,451377.18304308,2026-07-24,313000001020260004
경기남부동물병원「산업동물 출장진료 전문」,영업/정상,경기도 이천시 진상미로 1756 (대포동),경기도 이천시 대포동 604-4,,240391.351185223,411610.766621744,2026-07-23,407000001020260002
진동물병원,영업/정상,"경상남도 양산시 동면 삼송로 147-5, 더스카이빌딩 201호",경상남도 양산시 동면 사송리 1114-2,055-781-2000,,,2026-07-22,538000001020260002
친절한동물병원,영업/정상,경상북도 경주시 안강읍 안현로 1545-2,경상북도 경주시 안강읍 안강리 302-151,,400869.6757201,279256.788529601,2026-07-20,505000001020260001
김포나루동물병원,영업/정상,"경기도 김포시 걸포2로 21, 2층 203호 (걸포동)",경기도 김포시 걸포동 1604,031-987-6577,173881.576104705,458946.688045461,2026-07-13,409000001020260003
이온동물병원,영업/정상,"강원특별자치도 춘천시 퇴계농공로 12, 1동 303호 (석사동)",강원특별자치도 춘천시 석사동 880-1,033-818-0071,265443.981660551,483538.273144829,2026-07-09,418100001020260002
웰동물병원,영업/정상,전북특별자치도 전주시 완산구 서원로 72 (효자동2가),전북특별자치도 전주시 완산구 효자동2가 1255-2,063-227-8275,209180.156693525,257034.795,2026-07-08,464100001020260001
온즈동물의료센터,영업/정상,"경기도 안산시 상록구 본오로 163, 1층 (본오동)",경기도 안산시 상록구 본오동 872-23,031-8042-6557,188101.87702209,421979.903383044,2026-07-08,393000001020260001
철산안심동물병원,영업/정상,"경기도 광명시 시청로 70, 1동 2층 205·206호 (철산동, 철산자이 더 헤리티지)","경기도 광명시 철산동 235 철산자이 더 헤리티지 1동 205,6호",02-2039-3939,188303.386632234,442260.738700953,2026-07-08,390000001020260002
홍성군 반려동물 문화센터 동물병원,영업/정상,충청남도 홍성군 은하면 은하로 155-38,충청남도 홍성군 은하면 대천리 570-1,,162783.587087531,336345.586588728,2026-07-07,460000001020260001
제니스동물병원,영업/정상,"전남광주통합특별시 북구 유동길 46, S-클래스 더 제니스 상가동 203동 2층 203호 (임동)",전남광주통합특별시 북구 임동 887 S-클래스 더 제니스 상가동,062-710-5975,,,2026-07-03,582000001020260002
동탄봄날동물의료센터,영업/정상,"경기도 화성시 동탄구 동탄대로 587, 201~202호 (영천동)",경기도 화성시 동탄구 영천동 658-6,,208659.21795584,411592.423067078,2026-07-03,577000001020260002
충주 동물병원(출장진료전문병원),영업/정상,"충청북도 충주시 주덕읍 신양로 50, 마동 5층 2호",충청북도 충주시 주덕읍 신양리 291-2,,270542.394297056,385805.008906712,2026-07-01,439000001020260002
남양주시 동물보호센터 동물병원,영업/정상,경기도 남양주시 경강로163번길 32-27 (이패동),경기도 남양주시 이패동 484,031-590-2785,,,2026-06-30,399000001020260005
파비오동물병원,영업/정상,"경기도 수원시 팔달구 효원로 278, 파비오더씨타 101호 (인계동)",경기도 수원시 팔달구 인계동 1125-1 101호,031-223-7589,202789.286726531,417668.604973311,2026-06-29,374000001020260003
쓰다듬 동물병원,영업/정상,"부산광역시 기장군 일광읍 해송4로 21, 일광프라자 1층 102호",부산광역시 기장군 일광읍 삼성리 888-7,,402986.607933229,198698.857064086,2026-06-26,340000001020260001
마포온 동물메디컬센터,영업/정상,"서울특별시 마포구 마포대로 173-14, 마포 센텀 슬로우스퀘어 308~310호 (아현동)",서울특별시 마포구 아현동 618-19 마포 센텀 슬로우스퀘어,,195829.955210361,449860.57540675,2026-06-26,313000001020260003
루크동물병원,영업/정상,"인천광역시 검단구 당곡로4번길 9, 101호 (원당동)",인천광역시 검단구 원당동 1005-14,032-721-7566,,,2026-06-25,356500001020260004
24시여의동물의료센터,영업/정상,"서울특별시 영등포구 국회대로74길 4, KCTOWER 1층 (여의도동)",서울특별시 영등포구 여의도동 13-13 KCTOWER,02-785-2475,192914.020706344,447594.120761002,2026-06-22,318000001020260003
올데이동물메디컬,영업/정상,"경기도 남양주시 오남읍 진건오남로512번길 18, 1층 105호",경기도 남양주시 오남읍 오남리 454-1,,218498.451004143,464013.763502827,2026-06-19,399000001020260004
늘숨동물병원&심장영상센터,영업/정상,"서울특별시 은평구 수색로 217, 107호, 108호 (수색동, 디엠씨 자이1단지(DMC 자이1))","서울특별시 은평구 수색동 75 디엠씨 자이1단지(DMC 자이1) 107호, 108호",02-2135-4275,190977.850603548,453037.787995874,2026-06-19,311000001020260002
속초봄날동물병원,영업/정상,강원특별자치도 속초시 청호로 16 (조양동),강원특별자치도 속초시 조양동 1436,,340018.709355006,522168.19897004,2026-06-18,423100001020260001
치료해주오 동물병원 수원권선점,영업/정상,"경기도 수원시 권선구 경수대로 202, IPARK CITY 수원 아이파크 시티 12단지 1층 23호 (권선동)",경기도 수원시 권선구 권선동 1336 IPARK CITY 수원 아이파크 시티 12단지,,201544.344101949,415919.731243333,2026-06-17,374000001020260002
봄날한방재활동물병원,영업/정상,"울산광역시 울주군 범서읍 울밀로 2838, 2층",울산광역시 울주군 범서읍 굴화리 384-22,052-247-7588,404725.983616994,230971.892998316,2026-06-15,373000001020260001
한빛 동물병원,영업/정상,"전남광주통합특별시 영광군 영광읍 대하길2길 4, 2층 1호",전남광주통합특별시 영광군 영광읍 신하리 833-1,,154230.47744404,197276.674896419,2026-06-12,589000001020260003
위례24시 한결같은 동물병원,영업/정상,"경기도 성남시 수정구 위례광장로 21-9, 위례우남역KCC웰츠타워 2014,2015,2016호 (창곡동)",경기도 성남시 수정구 창곡동 562-1 위례우남역KCC웰츠타워,,212326.523281432,440358.472170905,2026-06-12,378000001020260002
각화힐스동물병원,영업/정상,"전남광주통합특별시 북구 동문대로249번길 19, 112동 108, 109-1호 (각화동, 각화 센트럴파크서희스타힐스)",전남광주통합특별시 북구 각화동 608 각화 센트럴파크서희스타힐스,062-716-7975,193547.031375306,187173.279185228,2026-06-11,582000001020260001
달동물병원,영업/정상,"충청북도 청주시 흥덕구 1순환로570번길 128, 1층 (봉명동)",충청북도 청주시 흥덕구 봉명동 167-4,043-715-1475,240592.045957313,349174.224229822,2026-06-11,573000001020260002
우리동물병원,영업/정상,"경상남도 합천군 합천읍 문화로 55, 미가하이츠타운 2호",경상남도 합천군 합천읍 합천리 867,,305080.821880674,229646.688066858,2026-06-11,548000001020260001
든든동물의료센터,영업/정상,"경상남도 창원시 마산합포구 회원남14길 8, 402호 (교원동)",경상남도 창원시 마산합포구 교원동 6-1,055-715-5575,342669.312728712,191847.676512135,2026-06-10,567000001020260002
심쿵내과동물병원,영업/정상,"대구광역시 남구 대명로 302, 1층 (대명동)",대구광역시 남구 대명동 73-1,,343501.370044747,261640.728204465,2026-06-10,344000001020260001
화정고양이메디컬센터,영업/정상,경기도 고양시 덕양구 은빛로29번길 48 (화정동),경기도 고양시 덕양구 화정동 913-3,,185115.889421127,459766.863129211,2026-06-09,394000001020260001
다정한동물병원 (출장진료전문동물병원),영업/정상,"전남광주통합특별시 함평군 함평읍 광남길 14, 다정한동물병원",전남광주통합특별시 함평군 함평읍 내교리 401,,155815.859670725,173969.372645921,2026-06-04,588500001020260001
더본동물의료센터,영업/정상,"강원특별자치도 춘천시 춘천로17번길 37, 1층 (온의동)",강원특별자치도 춘천시 온의동 587,033-257-7582,263108.030301111,485251.71101301,2026-06-04,418100001020260001
더벳연희동물병원,영업/정상,"서울특별시 서대문구 증가로 15, 연희빌딩 1층 (연희동)",서울특별시 서대문구 연희동 122-2 연희빌딩,02-6623-0425,193838.398370816,451917.623381651,2026-06-01,312000001020260001
네오코리아 동물병원,영업/정상,"경기도 평택시 경기대로 627, 2동 1,2층 (세교동)","경기도 평택시 세교동 426-1 1,2층 2동",031-615-4240,206895.888440073,389545.85577399,2026-05-28,391000001020260002
반포아이즈안과 동물병원,영업/정상,"서울특별시 서초구 서래로 24, 다솜빌딩 2층 (반포동)",서울특별시 서초구 반포동 90-10 다솜빌딩,02-533-2606,199795.776843503,443879.359734194,2026-05-28,321000001020260006
봄날에동물병원,영업/정상,"서울특별시 강북구 삼양로19길 214, 금강빌딩 지1층 (미아동)",서울특별시 강북구 미아동 1353-7 금강빌딩 지1층,02-6949-1579,201293.723872419,457479.348898803,2026-05-28,308000001020260001
태양동물병원(출장전문),영업/정상,"충청남도 예산군 예산읍 벚꽃로 497, 102호",충청남도 예산군 예산읍 신례원리 343-3,,186431.621601565,357978.72792362,2026-05-27,461000001020260002
다온동물메디컬센터,영업/정상,"경기도 하남시 감일로102번길 29, 엘포트스페이스 202,203,204호 (감일동)",경기도 하남시 감일동 502-7,,213451.746755953,445173.562534264,2026-05-21,404000001020260002
내과관리전문 봄결동물병원 서초점,영업/정상,"서울특별시 서초구 서초중앙로2길 66, 202호 (서초동)",서울특별시 서초구 서초동 1430-3 202호,02-582-5393,201775.609433072,442471.689586747,2026-05-20,321000001020260005
더베이스 동물피부과병원,영업/정상,"서울특별시 용산구 한강대로 95, B동 지하2층 263호 (한강로2가, 래미안용산 더 센트럴)",서울특별시 용산구 한강로2가 422 래미안용산 더 센트럴,02-6954-0175,197011.737528847,447430.100250997,2026-05-20,302000001020260001
서울 스템셀 동물병원,영업/정상,"서울특별시 영등포구 의사당대로 38, 101-105호 (여의도동)",서울특별시 영등포구 여의도동 17 여의도더샵아일랜드파크,02-780-9441,192747.419300064,447054.988337321,2026-05-14,318000001020260002
진실로동물의료센터,영업/정상,"경기도 용인시 수지구 광교중앙로 310, 2층 201,202호 (상현동)","경기도 용인시 수지구 상현동 1131-3 201,2호",031-895-4088,206114.899909842,421744.824391101,2026-05-13,564000001020260001
준 동물병원,영업/정상,"전남광주통합특별시 영광군 영광읍 대하길2길 4, 2호",전남광주통합특별시 영광군 영광읍 신하리 833-1,,154230.47744404,197276.674896419,2026-05-12,589000001020260002
주주동물병원,영업/정상,"대구광역시 북구 칠곡중앙대로 250-1, 3층 (태전동)",대구광역시 북구 태전동 539-1,,339654.246783658,269791.354544299,2026-05-12,345000001020260001
24시 로엔동물의료센터,영업/정상,"경기도 파주시 해올2길 16, 공감빌딩 3층 304~307호 (다율동)",경기도 파주시 다율동 1044-3 공감빌딩,031-941-7551,,,2026-05-11,406000001020260002
김교영 동물병원,영업/정상,"경상북도 상주시 봉양1길 40, 왼쪽상가 (무양동)",경상북도 상주시 무양동 160-3,,303652.646443087,325134.572085653,2026-05-08,511000001020260002
삼백동물병원,영업/정상,"경상북도 상주시 신서문1길 172, 102호 (낙양동)",경상북도 상주시 낙양동 199-54,,303259.744683294,323499.180001785,2026-05-08,511000001020260001
맑은 동물병원,영업/정상,"충청북도 충주시 만리산9길 53, 충일아파트 상가 8동 1층 3호 (교현동)",충청북도 충주시 교현동 154 충일아파트 상가 8동 103호,,283924.447836148,386146.613473022,2026-05-08,439000001020260001
부산 24시 수영동물의료센터,영업/정상,"부산광역시 수영구 수영로 637, 3, 4층 (광안동)",부산광역시 수영구 광안동 659-5,051-710-6555,392537.95451185,186885.26853204,2026-05-08,338000001020260002
포커스동물의료센터,영업/정상,"서울특별시 영등포구 신풍로 28, 제에코동 지하1층 제비128~131호 (신길동, 비스타동원)",서울특별시 영등포구 신길동 4975 비스타동원 제에코동 제비128호,02-6952-4946,,,2026-05-08,318000001020260001
도담동물병원,영업/정상,"경기도 광명시 광복로 66, 102호 (철산동)",경기도 광명시 철산동 56-11 102호,02-2060-6095,188051.065373926,443071.952010163,2026-05-07,390000001020260001
도두리동물병원,영업/정상,"인천광역시 계양구 용종로 2, 계산프라자 1층 116,117호 (계산동)","인천광역시 계양구 계산동 1086-2 계산프라자 16,17호",032-545-7582,177097.695177201,448010.036939845,2026-05-06,355000001020260001
그래픽 동물병원,영업/정상,대구광역시 수성구 동대구로 171 (황금동),대구광역시 수성구 황금동 777-4,053-719-2900,346662.459930036,261841.601685327,2026-05-06,346000001020260002
지원동물병원,영업/정상,"경상남도 거창군 거창읍 송정2길 33, 상가동 205호 (거창푸르지오)",경상남도 거창군 거창읍 송정리 1097 거창푸르지오,,281414.722488724,242763.52572463,2026-05-04,547000001020260001
백운호수동물병원,영업/정상,"경기도 의왕시 바라산로 16, 109,110,111호 (학의동)",경기도 의왕시 학의동 1083,031-360-7076,200750.830643128,430225.656140495,2026-05-04,403000001020260001
바오밥동물병원,영업/정상,"강원특별자치도 원주시 무실로 353-2, 203호 (무실동, 제일풍경채 원주무실)",강원특별자치도 원주시 무실동 2025 제일풍경채 원주무실,033-900-5566,,,2026-04-30,419100001020260001
바로동물병원,영업/정상,"경기도 수원시 권선구 당수로 118, 더드림 201호 (당수동)",경기도 수원시 권선구 당수동 0 201호,031-8042-3270,,,2026-04-22,374000001020260001
소우동물병원,영업/정상,"전남광주통합특별시 완도군 완도읍 개포로114번길 43-10, 1층",전남광주통합특별시 완도군 완도읍 군내리 1237-11,,176563.08431583,91261.0551218143,2026-04-21,590000001020260002
채움동물병원,영업/정상,"충청북도 청주시 서원구 남이면 청남로 1095-10, 2층",충청북도 청주시 서원구 남이면 외천리 423,,238401.056481639,338949.2908718,2026-04-21,572500001020260003
니스동물병원,영업/정상,"부산광역시 남구 유엔로 35, 501동 205호 (우암동, 두산위브더제니스오션시티)",부산광역시 남구 우암동 129 두산위브더제니스오션시티 501동 205호,051-625-0099,389121.673373872,182867.354965514,2026-04-21,331000001020260002
조은동물병원,영업/정상,경상북도 영주시 구성로 412 (영주동),경상북도 영주시 영주동 545-18,,344324.833682693,370751.627970044,2026-04-20,509000001020260001
늘동물의료센터,영업/정상,"서울특별시 강동구 상일로12길 89, 102~105호 (상일동, 리엔타운)",서울특별시 강동구 상일동 528 리엔타운,02-6447-7575,215195.629177217,450482.40109929,2026-04-17,324000001020260001
모리네동물의료센터,영업/정상,"충청북도 음성군 맹동면 대하로 211, 토담빌딩 1동 2층 203호",충청북도 음성군 맹동면 동성리 506,043-750-7975,248101.510610071,378530.777610968,2026-04-15,447000001020260001
도담동물의료센터,영업/정상,"인천광역시 검단구 고산후로 216, 2층 208~210호 (불로동)",인천광역시 검단구 불로동 1006-13,,,,2026-04-15,356500001020260003
건국제일 동물병원,영업/정상,"경기도 화성시 만세구 팔탄면 푸른들판로 951, 211호",경기도 화성시 만세구 팔탄면 창곡리 265-11,,189488.857942031,409911.277496165,2026-04-14,574000001020260001
새롬동물병원「산업동물 출장진료 전문」,영업/정상,경기도 이천시 신둔면 서이천로 887,경기도 이천시 신둔면 수남리 216,,235405.492706185,421792.80593113,2026-04-14,407000001020260001
화성시청(화성특례시 반려동물 진료센터),영업/정상,"경기도 화성시 병점구 효심2나길 6, 2층 (송산동)",경기도 화성시 병점구 송산동 228-4,031-5189-4921,,,2026-04-13,576000001020260001
쉼터동물병원,영업/정상,인천광역시 검단구 가현산로23번길 36 (마전동),인천광역시 검단구 마전동 36-4,,,,2026-04-13,356500001020260002
마포아이뷰 안과동물병원,영업/정상,"서울특별시 마포구 토정로31길 12, 2층 (용강동)",서울특별시 마포구 용강동 179,02-6952-7526,194846.214072081,448803.139538176,2026-04-13,313000001020260002
강서늘봄동물병원,영업/정상,"서울특별시 강서구 화곡로 277, 경일빌딩 1층 (화곡동)",서울특별시 강서구 화곡동 986-16 경일빌딩,,186435.657737883,449713.364048961,2026-04-10,315000001020260001
기계동물병원,영업/정상,경상북도 포항시 북구 기계면 기계로 92-8 (삼오빌라),경상북도 포항시 북구 기계면 현내리 312 삼오빌라,054-248-1858,398741.282353672,287830.455224171,2026-04-09,502000001020260001
벤 동물병원,영업/정상,"경기도 오산시 초평중앙로 127-4, 101호 (가수동)",경기도 오산시 가수동 408-4 101호,031-375-8882,,,2026-04-09,400000001020260002
차오름동물병원,영업/정상,"서울특별시 마포구 마포대로 208, 효성인텔리안 106호 (아현동)",서울특별시 마포구 아현동 733 효성인텔리안,02-706-7975,196116.359505276,450027.068949628,2026-04-02,313000001020260001
위드미 동물병원,영업/정상,충청북도 진천군 진천읍 상산로 82-1,충청북도 진천군 진천읍 읍내리 395-11,,239445.945291476,372652.578271168,2026-04-01,445000001020260001
엠에스동물안과병원,영업/정상,"서울특별시 서초구 강남대로 487, 원빌딩 1층 (반포동)",서울특별시 서초구 반포동 737-18 원빌딩,02-6925-1396,201997.65513961,444838.539761233,2026-04-01,321000001020260004
해든동물병원,영업/정상,"제주특별자치도 제주시 조천읍 일주동로 1213, 1층",제주특별자치도 제주시 조천읍 함덕리 72-1,,169320.513094813,4603.44906901059,2026-03-31,651000001020260001
미래동물병원,영업/정상,"전남광주통합특별시 완도군 완도읍 청해진서로 44, 현대아파트 상가동 108호",전남광주통합특별시 완도군 완도읍 군내리 1154 현대아파트 상가동 108호,,175845.445108949,90586.8246134038,2026-03-31,590000001020260001
오른손동물병원,영업/정상,"경기도 하남시 감일백제로 155, 감일역 트루엘 211,212호 (감이동)",경기도 하남시 감이동 514-3 감일역 트루엘,02-6408-8580,213759.742703294,444963.220003654,2026-03-31,404000001020260001
K동물병원,영업/정상,"부산광역시 수영구 광안로 20, 109동 105호 (광안동, 부산 광안동 쌍용 예가 디 오션)",부산광역시 수영구 광안동 1330 부산 광안동 쌍용 예가 디 오션,,392679.027322564,186060.147155193,2026-03-31,338000001020260001
청주바른동물병원,영업/정상,"충청북도 청주시 흥덕구 서현남로 16, 2층 205,206호 (가경동)",충청북도 청주시 흥덕구 가경동 639-1,043-715-9942,,,2026-03-27,573000001020260001
호수동물병원(남양주),영업/정상,"경기도 남양주시 퇴계원읍 경춘북로 561, 101호",경기도 남양주시 퇴계원읍 퇴계원리 228-17,031-522-4074,212803.009232926,460688.132895858,2026-03-27,399000001020260002
24시 지제동물의료센터,영업/정상,"경기도 평택시 상서재로2길 56-12, 라움프라자 3층 301~305호 (동삭동)",경기도 평택시 동삭동 849-3,031-666-7582,209153.565650525,390426.098138102,2026-03-27,391000001020260001
예림동물병원,영업/정상,"경상남도 양산시 하북면 양산대로 2004, 102호",경상남도 양산시 하북면 용연리 751-6,,388100.623100506,217852.976543899,2026-03-26,538000001020260001
센텀힐동물병원,영업/정상,전남광주통합특별시 순천시 왕지로 1 (왕지동),전남광주통합특별시 순천시 왕지동 850-7,,247634.498995814,163612.825797471,2026-03-25,579000001020260001
온유동물병원,영업/정상,충청북도 제천시 죽하로15길 34 (장락동),충청북도 제천시 장락동 596-2,,308499.207210523,407140.354685817,2026-03-25,440000001020260001
클레어 동물병원,영업/정상,"서울특별시 서초구 잠원로8길 25, 2층 212호 (잠원동)",서울특별시 서초구 잠원동 57-20 212호,02-6952-7505,200958.810528572,445792.191399183,2026-03-24,321000001020260003
중앙동물병원,영업/정상,"경상북도 경산시 압량읍 부적길 86, 중앙약품",경상북도 경산시 압량읍 부적리 108-7 중앙약품,,359203.231176714,262167.130731314,2026-03-23,513000001020260003
24시 바로척동물의료센터,영업/정상,"경상북도 경산시 대학로 30, 2층 (정평동)",경상북도 경산시 정평동 199-4,053-215-8577,355887.754151643,260704.979047118,2026-03-20,513000001020260002
아크 동물병원,영업/정상,"충청북도 청주시 서원구 산남로 22, 201호 (산남동)",충청북도 청주시 서원구 산남동 496 산남렉슬Ⅱ,,242111.571633893,345733.746842302,2026-03-19,572500001020260002
유천i동물병원,영업/정상,"대구광역시 달서구 조암로 200, 101~103호 (유천동)",대구광역시 달서구 유천동 630,053-633-1570,336591.680706594,258389.484669748,2026-03-19,347000001020260001
온 동물병원,영업/정상,"인천광역시 미추홀구 소성로 150, 우성메디토피아 103호 (학익동)",인천광역시 미추홀구 학익동 255-13 우성메디토피아,032-277-7582,170285.50598023,437849.886843991,2026-03-18,351050001020260001
네스트동물의료센터,영업/정상,"경기도 오산시 경기대로 154, 패션폴라리스 3층 305호, 306호 (원동)","경기도 오산시 원동 391-1 패션폴라리스 305호, 306호",031-377-8253,206491.779909931,404082.012654852,2026-03-17,400000001020260001
아롬동물암센터,영업/정상,"인천광역시 연수구 하모니로 124, 송도타운 302호 (송도동)",인천광역시 연수구 송도동 8-19 302호,032-225-4518,168498.624341035,431563.608667027,2026-03-17,352000001020260001
클라리티 동물치과병원,영업/정상,"서울특별시 강남구 학동로 208, 용문빌딩 2층 202호 (논현동)",서울특별시 강남구 논현동 208 용문빌딩 2층 202호,02-2038-7889,202746.211734134,445749.051682872,2026-03-12,322000001020260002
별내품은동물병원,영업/정상,"경기도 남양주시 식송1로 184, 1층 (별내동)",경기도 남양주시 별내동 1150-1,,209860.021675984,462467.114994478,2026-03-09,399000001020260001
우리들외과동물의료센터,영업/정상,대구광역시 중구 달구벌대로 2199 (삼덕동2가),대구광역시 중구 삼덕동2가 295-1,053-716-4488,344810.223828702,263747.153987442,2026-03-04,341000001020260001
뿌리동물병원,영업/정상,전남광주통합특별시 무안군 무안읍 하마로 16,전남광주통합특별시 무안군 무안읍 성남리 319-1,,151759.860766815,165198.002157405,2026-03-03,588000001020260001
운정소현동물의료센터,영업/정상,"경기도 파주시 가람로 121-1, 201,202호 (와동동)",경기도 파주시 와동동 1664-578,,,,2026-02-27,406000001020260001
아스펜동물의료센터,영업/정상,"서울특별시 송파구 올림픽로 393, 잠실래미안아이파크상가 306~307호 (신천동)",서울특별시 송파구 신천동 20-4,02-6953-3339,209720.290631496,446244.350393389,2026-02-27,323000001020260002
동탄동물심장병원,영업/정상,"경기도 화성시 동탄구 동탄역로 102, 2006, 2007호 (여울동, 동탄역 린스트라우스)","경기도 화성시 동탄구 여울동 1020 동탄역 린스트라우스 2006,호",031-377-8875,,,2026-02-25,577000001020260001
브라이튼안과치과동물병원,영업/정상,"서울특별시 양천구 신월로 338, 태성빌딩 3층 (신정동)",서울특별시 양천구 신정동 1026-1,02-2039-0039,187415.922905255,446600.184140953,2026-02-25,314000001020260001
온 동물병원,영업/정상,"전남광주통합특별시 서구 풍금로38번길 11, 1층 (풍암동)",전남광주통합특별시 서구 풍암동 932-1,062-716-7553,187485.855845873,180490.638252599,2026-02-23,581000001020260002
반포베이스 동물의료센터,영업/정상,"서울특별시 서초구 사평대로18길 10, 부림빌딩 1층 102호 (반포동)",서울특별시 서초구 반포동 107-45 부림빌딩 1동 102호,02-6953-0071,199540.058557374,444026.800198634,2026-02-23,321000001020260002
서해동물의료센터,영업/정상,"인천광역시 서해구 승학로 470, 2층 205호 (검암동)",인천광역시 서해구 검암동 627-1 205호,032-710-3412,,,2026-02-20,356100001020260001
에이펙스 홀스 클리닉,영업/정상,"경기도 과천시 별양상가1로 10, 과천타워 지하층 2호 (별양동)",경기도 과천시 별양동 1-17 과천타워 지하2호,,199221.861086765,436093.052420272,2026-02-19,397000001020260001
24시라이프동물메디컬센터,영업/정상,"경기도 안양시 만안구 안양로 249, 안양디오르나인 2BL 2층 203~205호 (안양동)",경기도 안양시 만안구 안양동 627-30 안양디오르나인 2BL,031-360-8279,,,2026-02-19,383000001020260002
봄 동물의료센터,영업/정상,"부산광역시 사상구 사상로 270, 2층 (덕포동)",부산광역시 사상구 덕포동 426-21,051-715-6008,380545.881077317,187326.943213506,2026-02-19,339000001020260001
샤인동물병원,영업/정상,"전남광주통합특별시 서구 풍금로 165, 금암빌딩 2층 (금호동)",전남광주통합특별시 서구 금호동 797-2 금암빌딩,062-710-8875,187099.079665734,181296.095544336,2026-02-13,581000001020260001
어울림 동물병원,영업/정상,"경상남도 통영시 광도면 죽림2로 25-75, 영원빌딩 1층",경상남도 통영시 광도면 죽림리 278-1,,329342.748290266,154628.720621505,2026-02-12,533000001020260001
마필동물병원,영업/정상,"경기도 안양시 동안구 관평로 76, 꿈마을한신아파트 한신상가동 지층 011호 (평촌동)",경기도 안양시 동안구 평촌동 932-4 꿈마을한신아파트 한신상가동,,196947.477869431,431338.683676833,2026-02-12,383000001020260001
위례 다올동물병원,영업/정상,"경기도 성남시 수정구 위례순환로4길 36, 아다지오 1층 (창곡동)",경기도 성남시 수정구 창곡동 523-2 아다지오,031-8039-7553,213102.805,440846.072,2026-02-12,378000001020260001
올바로 동물병원,영업/정상,"대전광역시 서구 계룡로 550, 106호 (괴정동)",대전광역시 서구 괴정동 7-5,042-721-5850,234467.594058316,315804.198654905,2026-02-12,366000001020260001
예울동물병원,영업/정상,"전남광주통합특별시 여수시 웅천로 130, 제1층 102호 (웅천동)",전남광주통합특별시 여수시 웅천동 1881-3,061-805-9345,261962.57458038,138205.767371711,2026-02-10,578500001020260001
숨빛동물병원,영업/정상,"인천광역시 영종구 영종대로 190, 더 예스 스카이 2층 201호 (운서동)",인천광역시 영종구 운서동 3088-7 더 예스 스카이,032-751-9963,,,2026-02-05,349100001020260002
순동물병원,영업/정상,"부산광역시 동래구 온천장로125번길 73, 2층 (온천동)",부산광역시 동래구 온천동 44-16,051-516-7585,389484.117768995,193637.640999644,2026-02-04,330000001020260001
꼬꼬닭클리닉,영업/정상,충청남도 예산군 응봉면 충서로 255,충청남도 예산군 응봉면 송석리 250-3,,179348.34099908,351351.257286939,2026-01-28,461000001020260001
굿하트동물병원,영업/정상,"경상남도 창원시 의창구 북면 감계로 312, 센텀시엘 3층 3-205호",경상남도 창원시 의창구 북면 감계리 234-5,055-251-7778,344990.225233429,201459.133518984,2026-01-23,567000001020260001
화랑로 동물병원,영업/정상,"대구광역시 동구 화랑로 413, 1층 (방촌동)",대구광역시 동구 방촌동 1118-120,053-744-5757,350675.144456859,265368.446621349,2026-01-23,342000001020260001
효창 동물병원,영업/정상,경상남도 김해시 생림면 봉림로 108,경상남도 김해시 생림면 봉림리 818-1,,367880.986125774,205401.977025975,2026-01-22,535000001020260001
김앤정동물병원,영업/정상,"충청남도 천안시 서북구 미라16길 19, 3층 301-1호 (쌍용동)",충청남도 천안시 서북구 쌍용동 284,041-572-7582,211277.474188168,367327.298699663,2026-01-22,566000001020260001
24시 이은동물의료센터,영업/정상,"인천광역시 영종구 하늘중앙로195번길 14, 이은스퀘어 3층 303호 (중산동)",인천광역시 영종구 중산동 1884-1 이은스퀘어,032-751-6753,,,2026-01-20,349100001020260001
세연동물치과&마취클리닉,영업/정상,"서울특별시 서초구 고무래로 18, 4층 (반포동)",서울특별시 서초구 반포동 55-4,02-6952-7922,200848.364595738,444535.857121286,2026-01-20,321000001020260001
희망 동물병원,영업/정상,"전남광주통합특별시 영광군 영광읍 중앙로5길 2, 1층",전남광주통합특별시 영광군 영광읍 도동리 263-1,,155549.939199665,197511.644065845,2026-01-19,589000001020260001
클리어동물의료센터,영업/정상,"경기도 김포시 김포한강4로 487, 상가동 2층 2083호 (구래동, 한강신도시 반도유보라 4차)",경기도 김포시 구래동 6886-6 한강신도시 반도유보라 4차,031-8049-7585,167285.39175785,460502.685587242,2026-01-19,409000001020260001
소망동물병원,영업/정상,"경상남도 함안군 가야읍 성내남길 7-4, 1층",경상남도 함안군 가야읍 도항리 323-1 1층,055-584-7022,327245.602775269,198162.657852349,2026-01-15,540000001020260001
에르동물의료센터,영업/정상,"서울특별시 강남구 언주로 415, 유일 빌딩 1층 (역삼동)",서울특별시 강남구 역삼동 721-37 유일 빌딩,,203782.829943718,444198.180003259,2026-01-15,322000001020260001
세이 동물병원,영업/정상,"부산광역시 남구 진남로 95, 상가 110호 (대연동, 힐스테이트대연센트럴)",부산광역시 남구 대연동 1954 힐스테이트대연센트럴,051-715-2601,,,2026-01-13,331000001020260001
든든한우 동물병원,영업/정상,경상북도 경산시 와촌면 동강길 26,경상북도 경산시 와촌면 동강리 140,,365193.883856717,274264.027935716,2026-01-12,513000001020260001
늘봄동물메디컬센터,영업/정상,전북특별자치도 익산시 하나로 483-26 (영등동),전북특별자치도 익산시 영등동 816-3,,198131.376721287,273839.986716688,2026-01-08,468100001020260001
대구치유동물의료센터,영업/정상,대구광역시 수성구 알파시티2로 25 (시지동),대구광역시 수성구 시지동 579-6,053-215-0076,352789.606492091,261356.568302417,2026-01-08,346000001020260001
잠실바른눈안과동물병원,영업/정상,"서울특별시 송파구 삼학사로 67, 상구빌딩 2층 (삼전동)",서울특별시 송파구 삼전동 132-6 상구빌딩 2층,,208488.63100076,444574.426119412,2026-01-07,323000001020260001
대영동물병원,영업/정상,"전남광주통합특별시 나주시 상야4길 16-16, T.C.C복합타워 1층 102호 (빛가람동)",전남광주통합특별시 나주시 빛가람동 203-3 T.C.C복합타워 102호,,181036.536231515,169457.841399785,2026-01-06,579500001020260001
서울행운동물병원,영업/정상,"서울특별시 관악구 남부순환로 1895, 2층 (봉천동)",서울특별시 관악구 봉천동 1680-11,02-2088-6259,196409.202870272,441837.788616059,2026-01-06,320000001020260001
동물병원 산책: 내과/외과/재활센터,영업/정상,"서울특별시 은평구 서오릉로 9, 서운빌딩 102, 103호 (응암동)","서울특별시 은평구 응암동 84-1 서운빌딩 102, 103호",02-2088-4531,193425.18186685,455537.043261083,2026-01-06,311000001020260001
닥터 하 동물병원,영업/정상,전남광주통합특별시 구례군 구례읍 중앙로 11,전남광주통합특별시 구례군 구례읍 봉남리 91-10,,242511.201820973,189818.928871207,2026-01-05,584000001020260001
본심동물병원,영업/정상,"울산광역시 동구 명덕로 15, 3층 303 304호 (서부동)",울산광역시 동구 서부동 100-1,052-713-9700,420433.563763287,227460.253802175,2026-01-05,371000001020260001
하모니 동물병원,영업/정상,"전남광주통합특별시 해남군 계곡면 해남로 1443-1, 정다과",전남광주통합특별시 해남군 계곡면 성진리 89-1 정다과,,168697.609661278,127527.849032907,2025-12-31,587000001020250002
미리내동물병원,영업/정상,경기도 용인시 처인구 경안천로 2 (마평동),경기도 용인시 처인구 마평동 907,,218677.25022253,414645.732954029,2025-12-31,562000001020250004
잠실로그동물의료센터,영업/정상,"서울특별시 송파구 올림픽로 366, 201호 (방이동, 파라다이스빌잠실)",서울특별시 송파구 방이동 40 파라다이스빌잠실 201호,02-2202-2025,209725.556146719,446039.346355569,2025-12-31,323000001020250013
24시동탄리더스동물의료원,영업/정상,"경기도 화성시 동탄구 동탄대로 551-16, 동탄역 푸르지오시티 B동 213-220호 (여울동)",경기도 화성시 동탄구 여울동 1088-1 동탄역 푸르지오시티,031-831-3655,208514.644009169,411283.997984809,2025-12-30,577000001020250009
힐로동물의료센터,영업/정상,"충청남도 천안시 동남구 청수12로 48, 1, 2층 (삼룡동)","충청남도 천안시 동남구 삼룡동 445 1, 2층",041-414-7555,214629.214153643,364633.322887279,2025-12-30,565000001020250003
소리동물의료센터,영업/정상,"경기도 용인시 수지구 용구대로 2702, 동춘프라자 4층 (죽전동)",경기도 용인시 수지구 죽전동 1003-112 동춘프라자 4층,,209612.551828248,424989.157346713,2025-12-30,564000001020250004
여서동물병원,영업/정상,전남광주통합특별시 여수시 여문문화길 57-1 (여서동),전남광주통합특별시 여수시 여서동 208,061-652-7107,264183.413772141,139478.98527846,2025-12-26,578500001020250003
"온심동물병원 심장,내과 클리닉",영업/정상,"경기도 김포시 김포한강4로 521, 한강메디플라자 201호 (구래동)",경기도 김포시 구래동 6880-5 한강메디플라자,031-985-7075,166936.831918612,460452.342591637,2025-12-26,409000001020250003
LAB:BY,영업/정상,"경기도 수원시 영통구 도청로66번길 6, 상가동 B3층 344호 (이의동, 힐스테이트광교중앙역퍼스트)",경기도 수원시 영통구 이의동 1333 힐스테이트광교중앙역퍼스트 상가동 B344호,,,,2025-12-26,374000001020250006
TL 동물병원,영업/정상,"대구광역시 달서구 진천로 75-26, 201호 (진천동)",대구광역시 달서구 진천동 604-1,,337396.800617628,258226.400707941,2025-12-26,347000001020250002
마곡준동물병원,영업/정상,"서울특별시 강서구 수명로 82, 발산로얄타워 202호 (내발산동)",서울특별시 강서구 내발산동 750 발산로얄타워,02-2666-2611,184596.054749491,450145.997297011,2025-12-26,315000001020250003
해인동물메디컬,영업/정상,"충청남도 공주시 무령로 599-9, 2층 202호 (금흥동)",충청남도 공주시 금흥동 638,041-961-7583,213540.787024914,330618.869409347,2025-12-24,450000001020250001
웅천동물병원,영업/정상,전남광주통합특별시 여수시 웅천2길 5-70 (웅천동),전남광주통합특별시 여수시 웅천동 1779-3,061-692-1175,262338.543153956,139039.03682643,2025-12-23,578500001020250002
플로동물병원,영업/정상,"경기도 화성시 동탄구 동탄대로시범길 134, C동 43,44호 (청계동, 동탄역시범반도유보라아이비파크4.0)",경기도 화성시 동탄구 청계동  536 동탄역시범반도유보라아이비파크4.0,031-831-8119,210075.319585403,410817.645865226,2025-12-23,577000001020250008
찬동물병원,영업/정상,"경상북도 고령군 다산면 상곡길 37, 3층 306호",경상북도 고령군 다산면 상곡리 151-58,,330752.822253421,259406.931985544,2025-12-22,520000001020250001
웰니스동물메디컬센터,영업/정상,"경기도 파주시 와석순환로515번길 70, C229호 (와동동, 힐스테이트 더 운정)",경기도 파주시 와동동 1471-2 힐스테이트 더 운정,031-8035-0848,179232.340113879,469528.61287477,2025-12-22,406000001020250006
꿈동물병원,영업/정상,"인천광역시 서해구 염곡로 208-1, 3층 (석남동)",인천광역시 서해구 석남동 587,,,,2025-12-18,356100001020250006
카인드 동물병원,영업/정상,"경기도 화성시 병점구 병점노을4로 5, 204,205호 (병점동)",경기도 화성시 병점구 병점동 884-4,031-546-3915,202524.750770697,411449.96283797,2025-12-17,576000001020250007
제주특별자치도 동물위생시험소 제2동물보호센터 동물병원,영업/정상,제주특별자치도 제주시 애월읍 어림비로 616-107,제주특별자치도 제주시 애월읍 어음리 산 94-1,064-710-4805,139334.000875617,-12375.2426789126,2025-12-16,651000001020250004
참좋은동물병원,영업/정상,전남광주통합특별시 고흥군 고흥읍 고흥로 1919,전남광주통합특별시 고흥군 고흥읍 남계리 191-1,,226877.189804125,124664.351069941,2025-12-16,584500001020250001
성심동물병원(가축 및 수생동물 출장진료만을 하는 동물병원),영업/정상,"충청남도 천안시 서북구 서부15길 41, 119호 (성정동, 대우성정프라자아파트)",충청남도 천안시 서북구 성정동 658-1 대우성정프라자아파트 119호,,212593.084994836,368964.646488944,2025-12-16,566000001020250003
연동물병원,영업/정상,"경기도 화성시 만세구 송산면 화성로330번길 1, 1층",경기도 화성시 만세구 송산면 육일리 306,,175810.02037777,411669.787619519,2025-12-15,574000001020250006
살랑동물병원,영업/정상,"경상북도 경주시 광중3길 56-2, 장한빌딩 1층 (용강동)",경상북도 경주시 용강동 1711-1,054-620-1555,401482.449746189,267423.515870141,2025-12-15,505000001020250001
세종 아름동물병원,영업/정상,"세종특별자치시 보듬3로 91, 해피라움4 2층 209~210호 (아름동)",세종특별자치시 아름동 1362 해피라움4,044-715-7353,222300.668414318,334506.790976545,2025-12-12,569000001020250001
수노을 산업동물병원,영업/정상,"경기도 화성시 만세구 송산면 화성로330번길 1, 2층",경기도 화성시 만세구 송산면 육일리 306,,175810.02037777,411669.787619519,2025-12-12,574000001020250005
하이디고양이병원,영업/정상,서울특별시 마포구 성미산로1길 50 (성산동),서울특별시 마포구 성산동 258-8,,191745.63348846,450871.313112954,2025-12-12,313000001020250006
호남동물병원,영업/정상,전북특별자치도 부안군 줄포면 줄포중앙로 29-2,전북특별자치도 부안군 줄포면 줄포리 725-11,,170753.096431229,232147.357075516,2025-12-11,479100001020250002
정하동물병원(출장진료만을 하는동물병원),영업/정상,"충청남도 천안시 서북구 오성6길 40, 성광빌딩 204호 (두정동)",충청남도 천안시 서북구 두정동 760 성광빌딩 204호,,211691.639116647,370035.685298777,2025-12-11,566000001020250002
무진장거점동물병원,영업/정상,전북특별자치도 장수군 계남면 장무로 119,전북특별자치도 장수군 계남면 호덕리 632-6,063-784-7515,252670.692141175,247025.483892875,2025-12-10,475100001020250001
수암동물병원,영업/정상,"울산광역시 남구 수암로 138, 울산스퀘어 2층 216호 (야음동)",울산광역시 남구 야음동 789-14,052-227-8275,410542.477354439,227733.249408478,2025-12-10,370000001020250001
사육곰보호센터,영업/정상,전남광주통합특별시 구례군 마산면 화엄사로 377-32,전남광주통합특별시 구례군 마산면 황전리 산 10-25,061-783-9220,244091.180768057,194316.882385336,2025-12-08,584000001020250002
24시산곡나무동물의료센터,영업/정상,"인천광역시 부평구 원적로 295, 203~204호 (산곡동)",인천광역시 부평구 산곡동 525 203~204호,032-716-6716,,,2025-12-08,354000001020250002
마음다해동물병원,영업/정상,"경기도 파주시 가람로 129, 2층 (와동동)",경기도 파주시 와동동 1738,,,,2025-12-05,406000001020250005
호수동물병원,영업/정상,"강원특별자치도 화천군 화천읍 산수화로1길 21-1, 1층",강원특별자치도 화천군 화천읍 중리 262-20,033-442-7582,261954.772321218,511833.139845147,2025-11-28,431100001020250001
원동물병원,영업/정상,경기도 양평군 양동면 양동로 1875,경기도 양평군 양동면 쌍학리 96-10,,266691.31410688,434789.235187223,2025-11-28,417000001020250002
한라동물병원,영업/정상,전남광주통합특별시 무안군 청계면 해안로 17,전남광주통합특별시 무안군 청계면 도림리 405-10,,147719.280181223,156727.511171245,2025-11-24,588000001020250003
119동물병원,영업/정상,"대구광역시 달서구 달구벌대로 1005, 1층 101호 (호산동)",대구광역시 달서구 호산동 293-2,053-585-1195,333354.20800845,262451.486269235,2025-11-24,347000001020250001
서울 김도현 동물병원,영업/정상,"전북특별자치도 정읍시 벚꽃로 29, 서울 김도현 동물병원 (농소동)",전북특별자치도 정읍시 농소동 48-28,,185734.532306545,231635.566701243,2025-11-20,469100001020250002
라파동물병원(출장진료동물병원),영업/정상,충청북도 제천시 청풍호로4길 15 (영천동),충청북도 제천시 영천동 1314,,306660.073767496,403483.302483336,2025-11-19,440000001020250001
우주동물병원,영업/정상,전북특별자치도 김제시 서낭당길 13 (요촌동),전북특별자치도 김제시 요촌동 274-15,,189584.166263352,255680.724828707,2025-11-18,471100001020250001
예든동물의료센터,영업/정상,"경기도 파주시 해올2길 8, 201호 (다율동)",경기도 파주시 다율동 1044-1,031-934-0484,,,2025-11-18,406000001020250004
울산 24시 학성동물의료센터,영업/정상,울산광역시 중구 번영로 464 (복산동),울산광역시 중구 복산동 30-28,052-700-6000,411614.482845746,231757.059148595,2025-11-18,369000001020250001
온숲동물병원,영업/정상,"경기도 시흥시 은계남길 44, 1층 101호 (은행동)",경기도 시흥시 은행동 671-1,031-362-5702,182217.555795239,436524.383486182,2025-11-14,401000001020250002
정든동물병원,영업/정상,"서울특별시 은평구 수색로 200, 1층 120, 130호 (증산동, DMC센트럴자이)",서울특별시 은평구 증산동 258 DMC센트럴자이,02-306-9990,191337.27325892,453194.537663327,2025-11-12,311000001020250001
남해동물병원,영업/정상,"경상남도 남해군 남해읍 화전로 16-9, 1층",경상남도 남해군 남해읍 남변리 255-2,055-862-9189,282029.875150954,148843.273739923,2025-11-07,543000001020250002
예인동물병원,영업/정상,경상북도 김천시 아랫장터1길 17-7 (감호동),경상북도 김천시 감호동 60,,301612.92471185,291719.579046636,2025-11-06,506000001020250001
우양동물병원,영업/정상,경상남도 합천군 초계면 초계중앙로 46,경상남도 합천군 초계면 초계리 94-2,,314606.810671252,229547.870187441,2025-10-29,548000001020250001
프라임동물병원,영업/정상,"경기도 안성시 남파로 149, 1층 (당왕동)",경기도 안성시 당왕동 163-3,031-8052-8826,223691.641985071,390600.713790549,2025-10-29,408000001020250002
노원온동물병원,영업/정상,"서울특별시 노원구 노원로 456, 백암빌딩 1층 (상계동)",서울특별시 노원구 상계동 371-2 백암빌딩,02-6953-1445,205811.254840779,461684.988590888,2025-10-23,310000001020250003
준마동물병원,영업/정상,제주특별자치도 서귀포시 표선면 성읍정의현로112번길 4,제주특별자치도 서귀포시 표선면 성읍리 1625-7,,181327.812377235,-11500.2402212335,2025-10-22,652000001020250002
레이어 동물메디컬 센터,영업/정상,경기도 광주시 광주대로 56 (경안동),경기도 광주시 경안동 15-1,,223013.950921831,434423.208728747,2025-10-21,554000001020250003
온솔 양한방 동물병원,영업/정상,"대전광역시 유성구 도안대로 337, 상가동 1층 101호 (용계동)",대전광역시 유성구 용계동 677-1,042-826-9875,229754.994979979,314594.766308307,2025-10-21,367000001020250004
정동물병원,영업/정상,경상남도 남해군 남해읍 화전로96번나길 14,경상남도 남해군 남해읍 북변리 307-2,070-4680-6222,281909.940479727,149504.505655204,2025-10-20,543000001020250001
Severance AMC,영업/정상,"서울특별시 광진구 천호대로 512, 군자빌딩 b층 02호 (군자동)",서울특별시 광진구 군자동 466-17 군자빌딩,,206582.005887061,450685.591302855,2025-10-17,304000001020250002
한국영양전문동물병원,영업/정상,"서울특별시 송파구 법원로4길 6, 문정 아이파크 214호 (문정동)",서울특별시 송파구 문정동 652-5 문정 아이파크 214호,02-6952-8275,,,2025-10-13,323000001020250012
AVC반려동물메디컬센터,영업/정상,제주특별자치도 서귀포시 하효로 58 (하효동),제주특별자치도 서귀포시 하효동 28-3,064-732-4788,164479.126414654,-25427.1321161382,2025-10-02,652000001020250001
튼튼동물병원,영업/정상,"경기도 하남시 위례대로6길 15, 상가동 지1층 102,103호 (학암동, 힐스테이트 센트럴 위례)",경기도 하남시 학암동 651 힐스테이트 센트럴 위례,02-407-5089,213601.844225309,442701.905797426,2025-10-02,404000001020250003
홍금동물병원,영업/정상,경기도 성남시 분당구 판교로 790 (야탑동),경기도 성남시 분당구 야탑동 34-2,,214124.759134871,433644.177857828,2025-09-30,378000001020250003
서울 알레르기 동물병원,영업/정상,"서울특별시 강동구 양재대로 1581, 1층 (천호동)",서울특별시 강동구 천호동 34-8,02-2039-8075,212560.273562282,449402.916124208,2025-09-29,324000001020250005
제이동물의료센터(J동물의료센터),영업/정상,"인천광역시 남동구 남동대로 745, 2층 (구월동)",인천광역시 남동구 구월동 1149,,174023.597221795,438578.502734874,2025-09-24,353000001020250004
서울동물심장병원,영업/정상,서울특별시 서초구 사임당로 106 (서초동),서울특별시 서초구 서초동 1631-2,02-6203-7588,201826.544506134,443108.721159093,2025-09-23,321000001020250006
맥스동물병원,영업/정상,경상남도 김해시 주촌면 서부로 1591,경상남도 김해시 주촌면 천곡리 643-6,,366122.234040481,194533.96766367,2025-09-22,535000001020250003
삼영동물병원,영업/정상,경상북도 영천시 금호읍 금호로 360-22,경상북도 영천시 금호읍 신월리 220-5,,371192.023129767,272594.454766739,2025-09-17,510000001020250001
아이좋아안과외과동물병원,영업/정상,"경기도 고양시 일산서구 호수로 817, 1층 152,153호 (대화동)","경기도 고양시 일산서구 대화동 2602 1층 152,153호",,178006.080301401,462865.812502378,2025-09-15,394000001020250008
위례따숨동물병원,영업/정상,"서울특별시 송파구 위례광장로 136, 3동 C112호 (장지동, 위례아이파크)",서울특별시 송파구 장지동 894 위례아이파크 3동 C112호,02-400-8820,212494.327675839,441590.062253247,2025-09-12,323000001020250011
목무신동물병원,영업/정상,"전남광주통합특별시 무안군 몽탄면 몽탄로 868, 조은약국",전남광주통합특별시 무안군 몽탄면 사천리 1053 조은약국,,154461.193154679,159135.782793793,2025-09-11,588000001020250002
24시 다시 봄 동물의료센터,영업/정상,"경기도 광명시 소하로109번길 13-8, 광장프라자 2층 (소하동)",경기도 광명시 소하동 1338-3 광장프라자,02-6954-7975,189712.143101878,438354.930774797,2025-09-10,390000001020250001
청담 아이윌 동물병원,영업/정상,"서울특별시 서초구 잠원로4길 50, 메이플 자이 근린생활시설 서관동 213호 (잠원동)",서울특별시 서초구 잠원동 60-3 메이플 자이 근린생활시설,02-6925-7021,201024.481364815,445492.334204608,2025-09-08,321000001020250005
테블리 동물메디컬센터,영업/정상,"인천광역시 서해구 이화로 25, 행운빌딩 2층 일부호 (경서동)",인천광역시 서해구 경서동 997 행운빌딩,,,,2025-09-05,356100001020250005
파이 동물의료센터,영업/정상,"경기도 용인시 처인구 고림로 136, 1층 103,104,105호 (고림동)",경기도 용인시 처인구 고림동 670-12,031-336-0314,219303.243200916,415828.696969361,2025-09-04,562000001020250003
조우동물병원,영업/정상,"전남광주통합특별시 해남군 해남읍 구교1길 2, 한진아파트 (상가) 1층 102호",전남광주통합특별시 해남군 해남읍 구교리 260-5 한진아파트 (상가),,163127.653620979,119854.852764227,2025-09-02,587000001020250001
더 건강한 동물병원,영업/정상,"충청남도 당진시 서해로 5764, 우진빌딩 102호 (읍내동)",충청남도 당진시 읍내동 451-58 우진빌딩 102호,041-355-7579,166789.637729196,377436.297792043,2025-09-02,568000001020250006
오늘봄동물병원,영업/정상,"강원특별자치도 춘천시 우두2길 3-1, 101호 앞쪽 (우두동)",강원특별자치도 춘천시 우두동 1092-4,033-910-0037,264872.85261306,490145.857993628,2025-09-01,418100001020250004
탑스동물의료센터,영업/정상,"경기도 용인시 수지구 성복2로 58, 영진빌딩 1층 (성복동)",경기도 용인시 수지구 성복동 76 영진빌딩,031-526-7077,206968.127664857,423600.338656494,2025-09-01,564000001020250003
목감준동물병원,영업/정상,"경기도 시흥시 목감남서로 9-15, 106호 (조남동)",경기도 시흥시 조남동 657-2,,186857.179712795,430637.467079415,2025-09-01,401000001020250001
24시 리드동물외과영상센터,영업/정상,"대구광역시 수성구 동대구로 289, 2,3층 (범어동)",대구광역시 수성구 범어동 589-2,,346728.584182746,263021.728032915,2025-09-01,346000001020250005
24시 리드동물의료센터,영업/정상,"대구광역시 수성구 동대구로 289, 1층 (범어동)",대구광역시 수성구 범어동 589-2,,346728.584182746,263021.728032915,2025-09-01,346000001020250004
가덕동물병원,영업/정상,충청북도 청주시 상당구 남일면 단재로 1013,충청북도 청주시 상당구 남일면 두산리 181-14,,247977.934760786,340425.753074954,2025-08-28,572000001020250002
송파올리브동물병원,영업/정상,"서울특별시 송파구 오금로 543, 서평프라자 201호 (거여동)",서울특별시 송파구 거여동 35 서평프라자 201호,,213118.559768606,443434.859083162,2025-08-28,323000001020250010
닥터M동물메디컬센터,영업/정상,"서울특별시 송파구 송이로14길 11, 심쿵빌딩 101호 (가락동)",서울특별시 송파구 가락동 70-10 심쿵빌딩 101호,,210401.486983271,444071.318409833,2025-08-28,323000001020250009
성심동물병원(출장 진료 전문),영업/정상,"충청남도 당진시 합덕읍 합우로 16, 1층",충청남도 당진시 합덕읍 운산리 675-6,,179181.149961489,367788.041108574,2025-08-27,568000001020250005
김선영 외과 동물병원,영업/정상,"서울특별시 송파구 새말로 62, 송파 푸르지오시티 상가동 220호, 221호 (문정동)","서울특별시 송파구 문정동 620 송파 푸르지오시티 상가동 220호, 221호",02-3012-7507,210654.50616628,442070.575741668,2025-08-27,323000001020250008
이장석 동물병원,영업/정상,경기도 양평군 용문면 다문북길 110,경기도 양평군 용문면 다문리 338-4,031-773-7582,252561.080477572,443023.534195729,2025-08-26,417000001020250001
파파동물병원,영업/정상,"서울특별시 서초구 잠원로4길 33-2, 잠원동 스타빌딩 106호 (잠원동)",서울특별시 서초구 잠원동 61-9 잠원동 스타빌딩,02-2039-9780,200887.682187725,445628.575119012,2025-08-25,321000001020250004
윤장원 외과 동물병원,영업/정상,"서울특별시 서초구 방배로 98, 나우빌딩 2층 (방배동)",서울특별시 서초구 방배동 908-2 나우빌딩,02-522-5975,199652.457582377,442327.326165044,2025-08-25,321000001020250003
24시 데이원 동물의료센터,영업/정상,서울특별시 동작구 동작대로 151 (사당동),서울특별시 동작구 사당동 84-5,02-591-7555,198352.130093385,443101.215612197,2025-08-25,319000001020250002
고성군 동물가족센터,영업/정상,"경상남도 고성군 고성읍 동해로 123, 고성군 동물가족센터",경상남도 고성군 고성읍 송학리 1-1,055-670-4347,322698.279530863,165909.478736507,2025-08-19,542000001020250001
메이드 동물의료센터,영업/정상,"경기도 안양시 동안구 관악대로 157, 두성프라자 1층 105호, 106호 (비산동)",경기도 안양시 동안구 비산동 405-10 두성프라자,031-387-1190,,,2025-08-12,383000001020250004
24시 서산 올 동물의료센터,영업/정상,"충청남도 서산시 고운로 19, 2층 (예천동)",충청남도 서산시 예천동 506-6,041-429-3123,150194.8110254,363813.795718929,2025-08-11,453000001020250001
온숲 영상·외과 동물의료센터,영업/정상,"서울특별시 강남구 도곡로 241, 3,4층 (역삼동)",서울특별시 강남구 역삼동 786-16,02-6951-5324,203896.530084243,443529.733928528,2025-08-11,322000001020250006
24시 온숲 동물의료센터,영업/정상,"서울특별시 강남구 도곡로 241, 1,2층 (역삼동)",서울특별시 강남구 역삼동 786-16,02-6951-5324,203896.530084243,443529.733928528,2025-08-11,322000001020250005
천안베베동물병원,영업/정상,"충청남도 천안시 서북구 원두정8길 40, 도정빌딩 101호 (두정동)",충청남도 천안시 서북구 두정동 864 도정빌딩,,212202.247935227,370102.680871559,2025-08-08,566000001020250001
평택시 동물보호센터 동물병원,영업/정상,"경기도 평택시 청북읍 청북로 497, 1층",경기도 평택시 청북읍 율북리 43-13,031-8024-8070,197576.259916287,396644.767686369,2025-08-08,391000001020250003
서루동물병원,영업/정상,"강원특별자치도 삼척시 동해대로 4360, 상가 108호 (갈천동, 일성 트루엘 시그니처)",강원특별자치도 삼척시 갈천동 227 일성 트루엘 시그니처 상가 108호,,391052.171902967,442169.71145929,2025-08-07,424100001020250002
숲속동물병원,영업/정상,"인천광역시 서해구 여우재로112번길 8-1, 101,102호 (가좌동)","인천광역시 서해구 가좌동 370-1 101, 102호",,,,2025-08-07,356100001020250004
24시다산원동물의료센터,영업/정상,"경기도 남양주시 다산중앙로 15, 3층 (다산동)",경기도 남양주시 다산동 6149,031-522-5956,213639.876832665,456930.689222564,2025-08-06,399000001020250008
주주동물병원,영업/정상,강원특별자치도 춘천시 서부대성로 169 (효자동),강원특별자치도 춘천시 효자동 604-3,033-255-0420,264839.18928255,486188.960161767,2025-08-05,418100001020250003
성심동물병원     (출장진료전문),영업/정상,충청남도 천안시 동남구 무남길 16 (삼룡동),충청남도 천안시 동남구 삼룡동 140-3,,215249.906530241,364733.874059215,2025-08-04,565000001020250002
팜케어동물병원(출장 진료 전문),영업/정상,"충청남도 당진시 무수동로 36, 용원빌딩 1층 2호 (대덕동)",충청남도 당진시 대덕동 1652,,167602.527864735,376227.212170139,2025-07-28,568000001020250004
에이스동물병원,영업/정상,"인천광역시 부평구 길주로364번길 9, 2층 210호 (산곡동, 부평 IPARK)",인천광역시 부평구 산곡동 91-2 부평 IPARK 2층 210호,,173661.066592739,445144.095576627,2025-07-28,354000001020250001
해바른동물메디컬센터,영업/정상,"부산광역시 해운대구 해운대로 601, 에이치스위트 해운대 202~203호 (우동)",부산광역시 해운대구 우동 524-5 에이치스위트 해운대,051-711-5959,396451.865581511,186987.118810112,2025-07-24,333000001020250002
햇살동물병원,영업/정상,"강원특별자치도 춘천시 스포츠타운길 494, 203호 (온의동)",강원특별자치도 춘천시 온의동 82-3,033-255-7583,262522.322991753,485110.762832986,2025-07-23,418100001020250002
스킨앤케어 동물병원,영업/정상,"서울특별시 서초구 사임당로 174, 강남미래타워 203호 (서초동)",서울특별시 서초구 서초동 1337 강남미래타워 203호,02-568-7975,202463.85950988,443356.365859457,2025-07-23,321000001020250002
나온동물병원,영업/정상,"경기도 용인시 기흥구 죽전로 29, 포레스트프라자 203호 (보정동)",경기도 용인시 기흥구 보정동 1207-1 포레스트프라자,,209865.400557259,424312.013310834,2025-07-18,563000001020250001
에스앤제이 동물병원,영업/정상,경기도 용인시 처인구 포곡읍 선장1로 98-8,경기도 용인시 처인구 포곡읍 신원리 523,,218940.213175142,423846.941188597,2025-07-18,562000001020250002
소중한 동물병원,영업/정상,"경기도 안양시 만안구 관악대로 55, 안양역푸르지오더샵 근린생활시설-2 2층 203호 (안양동)",경기도 안양시 만안구 안양동 164-1 안양역푸르지오더샵 근린생활시설-2,031-360-5000,,,2025-07-18,383000001020250003
구월숲동물병원,영업/정상,"인천광역시 남동구 인하로 559, 2층 205호 (구월동)",인천광역시 남동구 구월동 1499-1,,174157.95594288,437919.842474969,2025-07-17,353000001020250003
24시이솔동물의료센터,영업/정상,"부산광역시 사하구 낙동대로 468, 평림상가 2층 (하단동)",부산광역시 사하구 하단동 534-7,051-711-7566,379408.848939089,180395.193183244,2025-07-17,334000001020250001
다나은동물의료센터,영업/정상,"경기도 용인시 수지구 현암로 136, 세종프라자 101호 (죽전동)",경기도 용인시 수지구 죽전동 1191-1 세종프라자 101호,,210956.34433362,425506.249422966,2025-07-15,564000001020250002
라비온 동물의료센터,영업/정상,"경기도 안산시 단원구 광덕3로 178, 화승타운 209호 (고잔동)",경기도 안산시 단원구 고잔동 768-2 화승타운 209호,031-8042-6788,185068.249590875,423353.993234263,2025-07-15,393000001020250003
오페라 동물병원,영업/정상,대구광역시 북구 침산남로 187 (침산동),대구광역시 북구 침산동 116-3,053-710-8575,344073.411661687,266403.732567584,2025-07-15,345000001020250003
별빛동물병원,영업/정상,"서울특별시 노원구 덕릉로127길 25, 104호 (상계동, 불암산센트럴아파트)",서울특별시 노원구 상계동 1320 불암산센트럴아파트,,207098.659548494,463287.58273428,2025-07-15,310000001020250002
정담동물병원,영업/정상,"서울특별시 송파구 중대로 105, 가락 ID TOWER 103호 (가락동)",서울특별시 송파구 가락동 99-7 가락 ID TOWER 103호,02-400-0075,210544.064382887,443492.364981682,2025-07-14,323000001020250007
솜길동물의료센터,영업/정상,"경기도 화성시 동탄구 동탄순환대로20길 124, 우성스타파크 A 201,202,203,204호 (목동)",경기도 화성시 동탄구 목동  487-8 우성스타파크 A 201호~204호,,,,2025-07-11,577000001020250004
김해온드림동물병원,영업/정상,"경상남도 김해시 주촌면 선천남로 32, 201호",경상남도 김해시 주촌면 천곡리 1554-2,055-311-7525,367383.214629254,194228.595443979,2025-07-11,535000001020250002
온누리동물병원(출장 진료 전문),영업/정상,"충청남도 당진시 시청2로 6-30, 501호 (수청동)",충청남도 당진시 수청동 1016,,168158.828276407,376493.286065244,2025-07-09,568000001020250003
로이스 동물병원,영업/정상,"경기도 남양주시 퇴계원읍 퇴계원로 112, 1층",경기도 남양주시 퇴계원읍 퇴계원리 75-15,031-522-5279,212679.728777858,461549.185201025,2025-07-07,399000001020250007
용산마음동물병원,영업/정상,"서울특별시 용산구 백범로 340, 2층 (원효로2가)",서울특별시 용산구 원효로2가 1-36,02-711-7580,196979.093087733,448380.524209959,2025-07-07,302000001020250002
하얀마음동물병원,영업/정상,"경기도 고양시 일산동구 중산로 67, 중산동 아카메디 108,109호 (중산동)","경기도 고양시 일산동구 중산동 1835-2 중산동 아카메디 108, 109호",031-976-7555,180692.668718764,463997.838740289,2025-07-04,394000001020250007
에이원동물병원,영업/정상,"경기도 성남시 수정구 수정로 291, 산성역포레스티아아파트 서문상가동 1층 101호 (신흥동)",경기도 성남시 수정구 신흥동 6953 산성역포레스티아아파트,031-733-2010,212949.442256228,438781.878208469,2025-07-04,378000001020250002
내손동물병원,영업/정상,"경기도 의왕시 내손중앙로 68, 102,103호 (내손동)",경기도 의왕시 내손동 683,031-360-8276,198163.659397763,431464.349787681,2025-07-02,403000001020250002
발걸음동물병원,영업/정상,"제주특별자치도 제주시 구좌읍 세화5길 25, 1층",제주특별자치도 제주시 구좌읍 세화리 1500-29,064-783-7576,186610.621996839,3250.21934103266,2025-07-01,651000001020250003
큰그릇동물병원,영업/정상,"경상북도 포항시 남구 오천읍 세계길 37, B동 1층 103호",경상북도 포항시 남구 오천읍 세계리 857-39 B동 103호,,417815.960311959,276633.406284267,2025-07-01,502000001020250001
동물병원 숲,영업/정상,"서울특별시 강서구 마곡서1로 132, 상가동 101호 (마곡동, 마곡엠밸리3단지)",서울특별시 강서구 마곡동 736 마곡엠밸리3단지,02-6954-7533,184039.446537083,451777.675326573,2025-07-01,315000001020250002
왕실동물병원,영업/정상,"전남광주통합특별시 무안군 무안읍 무안로 449, 1층",전남광주통합특별시 무안군 무안읍 성남리 157-1 1층,,151955.523563034,165237.070222267,2025-06-30,588000001020250001
미사랑동물병원,영업/정상,"서울특별시 강동구 고덕로14길 61, 1층 (암사동)",서울특별시 강동구 암사동 469-2,02-475-1023,211524.201721477,449971.203655506,2025-06-30,324000001020250004
견우동물병원,영업/정상,전남광주통합특별시 보성군 보성읍 송재로 191,전남광주통합특별시 보성군 보성읍 보성리 556,,207345.09431171,141614.736356528,2025-06-27,585000001020250001
봄봄동물병원,영업/정상,"전북특별자치도 군산시 역전로 29, 202호 (내흥동)",전북특별자치도 군산시 내흥동 1039-4,,177850.748041476,277556.752985676,2025-06-27,467100001020250001
목련동물병원,영업/정상,"대구광역시 수성구 용학로 194, 1층 (지산동)",대구광역시 수성구 지산동 1193-14 1층,053-782-5475,347215.7532862,259206.726740093,2025-06-27,346000001020250003
믿음동물병원,영업/정상,"전남광주통합특별시 나주시 빛가람로 731, KS프라자 103호 (빛가람동)",전남광주통합특별시 나주시 빛가람동 208-1,,180921.935217086,169195.848607042,2025-06-26,579500001020250002
에이플동물병원,영업/정상,"경기도 의왕시 내손로 84, 테라팰리스인덕원 1층 101호 (내손동)",경기도 의왕시 내손동 643,031-422-1191,198169.151400702,431709.013952648,2025-06-26,403000001020250001
청해 산업동물병원(출장진료전문병원),영업/정상,"충청남도 아산시 음봉면 연암산로 280, 1층 2호",충청남도 아산시 음봉면 원남리 94-21 2호,,203138.122541926,373548.751824677,2025-06-25,452000001020250009
브라운동물병원,영업/정상,경기도 안성시 양성면 범티길 98-24,경기도 안성시 양성면 노곡리 756,070-8064-3973,221214.876578393,399741.772851947,2025-06-23,408000001020250001
엘로이 동물병원,영업/정상,"경기도 수원시 장안구 대평로 80, 정연메이져1동 111,123호 (정자동)","경기도 수원시 장안구 정자동 877-4 정연메이져1동 111,123호",031-546-2804,199363.753036764,421508.111841259,2025-06-23,374000001020250005
윤은채 재활 한방 동물병원,영업/정상,"부산광역시 해운대구 센텀동로 9, 2층 215호 (우동, 트럼프월드센텀아파트)",부산광역시 해운대구 우동 1498 트럼프월드센텀아파트,051-710-6020,394201.81589403,187760.860165772,2025-06-20,333000001020250001
다산아이동물병원,영업/정상,"경기도 남양주시 다산중앙로123번길 22-26, 230호 (다산동)",경기도 남양주시 다산동 6058-1,031-522-4183,213377.735664805,458090.648881496,2025-06-19,399000001020250006
샤인고양이메디컬센터,영업/정상,"서울특별시 송파구 오금로 147, JS빌딩 5층 (방이동)",서울특별시 송파구 방이동 108-7,02-2088-7775,209787.947726029,445412.46295026,2025-06-18,323000001020250006
소담동물병원,영업/정상,"서울특별시 송파구 삼전로 99, 대성빌딩 1층 (잠실동)",서울특별시 송파구 잠실동 242-17 대성빌딩,02-424-7582,207901.308017173,445010.07306849,2025-06-17,323000001020250005
현대동물병원,영업/정상,강원특별자치도 춘천시 춘천로 267 (후평동),강원특별자치도 춘천시 후평동 677-21,033-256-7582,265284.969468858,486645.369481824,2025-06-16,418100001020250001
오복동물치과병원,영업/정상,"서울특별시 마포구 독막로 257, 1층 (대흥동)",서울특별시 마포구 대흥동 405-4,02-711-2876,194822.363341535,449344.730012139,2025-06-16,313000001020250005
위즈동물메디컬센터,영업/정상,"경기도 고양시 일산서구 킨텍스로 255, 일산 디엠시티 스카이뷰 215, 216, 217, 227호 (대화동)","경기도 고양시 일산서구 대화동 2307-12 일산 디엠시티 스카이뷰 215, 216, 217, 227호",,177849.195871901,462962.312594668,2025-06-13,394000001020250006
스마일동물병원,영업/정상,"대구광역시 북구 칠성남로 30, 301동 106호 (고성동1가, 힐스테이트 대구역오페라)",대구광역시 북구 고성동1가 265 힐스테이트 대구역오페라,053-355-2875,,,2025-06-13,345000001020250002
반려담동물병원,영업/정상,"서울특별시 강남구 봉은사로44길 61, 2층 (역삼동)",서울특별시 강남구 역삼동 690-11 2층,,203679.445613252,444841.09782076,2025-06-12,322000001020250004
티앤디 동물병원,영업/정상,"충청북도 청주시 상당구 월평로 309, 1층 101호 (용암동)",충청북도 청주시 상당구 용암동 3644,043-715-7584,245944.55733986,344664.136634947,2025-06-11,572000001020250001
반려동물보호센터 동물병원,영업/정상,"전남광주통합특별시 여수시 여수산단로 292-62, 여수시 반려동물보호센터 (평여동)",전남광주통합특별시 여수시 평여동 578 여수시 반려동물보호센터,,261693.626182214,145632.864252191,2025-06-10,578500001020250001
전수의과 동물병원,영업/정상,"경상북도 상주시 인봉2길 30, 102호 (인봉동)",경상북도 상주시 인봉동 35-1,,304360.698785257,324698.344240821,2025-06-10,511000001020250002
일로동물병원,영업/정상,경상북도 상주시 경상대로 3029 (무양동),경상북도 상주시 무양동 287-5,,303145.732153274,324675.912965688,2025-06-10,511000001020250001
24시 리엔동물의료센터,영업/정상,"충청남도 아산시 탕정면 한들물빛6로 46, 탕정금정시티 3층 301~304호",충청남도 아산시 탕정면 매곡리 1206,041-424-1100,207776.867432376,365245.18416428,2025-06-09,452000001020250008
당진시 반려동물보호소 동물병원,영업/정상,충청남도 당진시 고대면 삼포길 180,충청남도 당진시 고대면 옥현리 421-1,041-356-8210,161131.263910532,378409.091372225,2025-06-02,568000001020250002
밤비동물병원,영업/정상,"충청남도 아산시 모종로 9-7, 아산세명프라자 1층 112호 (모종동)",충청남도 아산시 모종동 345-2 아산세명프라자 112호,041-532-7588,201472.127651583,364825.069430049,2025-06-02,452000001020250007
한걸음 동물병원,영업/정상,"경기도 수원시 영통구 덕영대로 1400, 상가에이동 104,105호 (망포동, 영통아이파크캐슬2단지)",경기도 수원시 영통구 망포동 760 영통아이파크캐슬2단지,031-895-6008,203682.901989481,415678.03854995,2025-06-02,374000001020250004
온새동물의료센터,영업/정상,"경기도 수원시 영통구 봉영로 1587, 다모아프라자 201호 (영통동)",경기도 수원시 영통구 영통동 959-4 다모아프라자,031-306-8275,206343.756970653,416825.453773178,2025-06-02,374000001020250003
목동찬동물의료센터,영업/정상,"서울특별시 양천구 오목로 285, 1층 (목동)",서울특별시 양천구 목동 406-293,02-2038-8119,188362.123149396,447056.174139728,2025-06-02,314000001020250002
아나동물메디컬센터,영업/정상,"서울특별시 강동구 올림픽로78길 60, B101동 16호 (천호동, 강동 밀레니얼 중흥S-클래스)",서울특별시 강동구 천호동 423-200 강동 밀레니얼 중흥S-클래스,02-6952-3375,211150.812213612,448805.145144628,2025-05-30,324000001020250003
아떼꼬떼 동물병원,영업/정상,"서울특별시 마포구 대흥로 183, 마포그랑자이 상가2동 201호 (대흥동)",서울특별시 마포구 대흥동 806 마포그랑자이,02-2088-5055,195024.767399686,450346.134756933,2025-05-30,313000001020250004
강서하이동물병원,영업/정상,"충청북도 청주시 흥덕구 서현북로 28, 1층 (가경동)",충청북도 청주시 흥덕구 가경동 1846,043-237-7580,238089.525057415,346597.091918853,2025-05-29,573000001020250004
청주24시동물병원,영업/정상,"충청북도 청주시 흥덕구 직지대로 585, 1층 (봉명동)",충청북도 청주시 흥덕구 봉명동 1617,043-267-4119,240892.593753788,349246.986328046,2025-05-29,573000001020250003
바로외과동물병원,영업/정상,"경기도 안양시 동안구 경수대로 707, 1층 101호 일부, 102호 (호계동)",경기도 안양시 동안구 호계동 923,031-360-7597,195605.793247312,431405.786216646,2025-05-29,383000001020250002
오뜨동물의료센터,영업/정상,"인천광역시 검단구 고산후로 279, 현해타워3 201,202호 (불로동)",인천광역시 검단구 불로동 0 현해타워3 201호,032-716-5954,,,2025-05-29,356500001020250003
동물의료센터24인치,영업/정상,"서울특별시 영등포구 가마산로 496, JS타워 205~207,303~304,306~307호 (신길동)",서울특별시 영등포구 신길동 236 JS타워,02-6953-2427,192103.614282017,444816.002381357,2025-05-26,318000001020250001
오래봄동물병원,영업/정상,"서울특별시 마포구 서강로 65, 창평빌딩 1층 (창전동)",서울특별시 마포구 창전동 122,02-322-7582,193883.598502011,449649.564332315,2025-05-26,313000001020250003
중부스와인 병원(출장진료전문병원),영업/정상,"충청남도 아산시 둔포면 둔포로 33, 101호",충청남도 아산시 둔포면 둔포리 396-1 101호,,203369.623975954,380671.682228795,2025-05-23,452000001020250006
서울대학교동물검진센터,영업/정상,"서울특별시 광진구 구의강변로 46, 금성빌딩 1,2층 (구의동)",서울특별시 광진구 구의동 594-4 금성빌딩,02-6930-5747,208073.305054801,448077.378533521,2025-05-22,304000001020250001
고덕 365 동물의료센터,영업/정상,"경기도 평택시 고덕국제5로 145, 2층 210-212호 (고덕동)",경기도 평택시 고덕동 0,031-647-4365,,,2025-05-21,391000001020250002
서리풀동물병원,영업/정상,"서울특별시 서초구 동작대로 190, 2층 (방배동)",서울특별시 서초구 방배동 782-3,,198436.425413458,443476.803138415,2025-05-21,321000001020250001
홍예동물병원,영업/정상,전남광주통합특별시 영광군 대마면 동삼로 670,전남광주통합특별시 영광군 대마면 월산리 407-1,,161782.845648982,199962.558619337,2025-05-20,589000001020250001
히어로동물병원,영업/정상,"인천광역시 검단구 동화시로 106, 현해타워1 206호 (불로동)",인천광역시 검단구 불로동 0 현해타워1 206호,032-719-7579,,,2025-05-20,356500001020250002
허브동물메디컬센터,영업/정상,"경기도 남양주시 화도읍 경춘로 1937, 2층",경기도 남양주시 화도읍 창현리 497-17,031-522-5933,226735.299939648,461081.809801238,2025-05-16,399000001020250005
끌림 동물병원,영업/정상,"경기도 고양시 덕양구 오부자로 25, 106, 107호 (지축동)","경기도 고양시 덕양구 지축동 864 106호, 107호",02-2135-7729,,,2025-05-15,394000001020250005
지금동물병원,영업/정상,"경기도 남양주시 다산지금로 129, 1층 106호 (다산동)",경기도 남양주시 다산동 6216-1,031-567-0307,215332.444137337,455467.503833423,2025-05-14,399000001020250004
이수동물병원,영업/정상,전북특별자치도 부안군 보안면 영전길 15,전북특별자치도 부안군 보안면 영전리 521-14,,170028.576175367,234581.20011717,2025-05-13,479100001020250001
모리동물병원,영업/정상,"경기도 고양시 덕양구 삼송로 141, 101호 (삼송동)",경기도 고양시 덕양구 삼송동 78-50 101호,02-381-1119,190176.634746025,461157.484857767,2025-05-13,394000001020250004
현대동물병원,영업/정상,"경기도 고양시 일산서구 고봉로 317, 102호 (일산동)",경기도 고양시 일산서구 일산동 573 102호,,180268.401484211,465036.886425374,2025-05-12,394000001020250003
용산동물의료센터,영업/정상,"대전광역시 유성구 배울1로 132, 용산써밋프라자 Ⅰ 2층 201, 202호 (용산동)",대전광역시 유성구 용산동 740 용산써밋프라자 Ⅰ,042-710-7428,,,2025-05-08,367000001020250002
우리동물병원,영업/정상,경기도 양주시 광적면 광적로16번길 27-24,경기도 양주시 광적면 가납리 862-1,,198577.644102483,479971.815184979,2025-05-02,559000001020250001
동감동물의료센터,영업/정상,"서울특별시 송파구 거마로 56, 상가동 지하1층 제1-3, 1-4호 (거여동, 송파시그니처롯데캐슬)",서울특별시 송파구 거여동 697 송파시그니처롯데캐슬,02-6958-8575,213149.522764117,443705.473072412,2025-05-02,323000001020250004
슬찬동물병원,영업/정상,경기도 의정부시 오목로 33 (용현동),경기도 의정부시 용현동 39-9,031-821-9111,207545.453468932,470103.923346115,2025-04-30,382000001020250001
24시 인천 이음동물의료센터,영업/정상,인천광역시 서해구 서곶로 326 (심곡동),인천광역시 서해구 심곡동 278-11,032-721-5665,,,2025-04-30,356100001020250001
24시 에피소드 동물 메디컬 센터,영업/정상,"대구광역시 동구 동대구로 425, 1층,2층 (신천동)",대구광역시 동구 신천동 137-4,,346772.20028008,264355.53434199,2025-04-30,342000001020250001
서현동물의료센터,영업/정상,"충청북도 청주시 흥덕구 서현남로 28, 203호 (가경동)",충청북도 청주시 흥덕구 가경동 627 203호,043-233-7463,237956.936161855,346051.169321757,2025-04-29,573000001020250002
라엘동물병원,영업/정상,"경기도 광주시 벼루개로 20, 1층 103호 (태전동)",경기도 광주시 태전동 84-33,,220331.929968109,431183.057615555,2025-04-29,554000001020250001
새봄동물병원,영업/정상,"전남광주통합특별시 남구 서문대로 339, 1동 208,209호 (임암동)",전남광주통합특별시 남구 임암동 893 1동 208호,062-710-7599,188700.896364858,177751.429805143,2025-04-24,581500001020250001
클로버동물병원,영업/정상,"서울특별시 양천구 신정로 312, 뉴프라자 115호 (신정동)",서울특별시 양천구 신정동 1267 뉴프라자,,187158.467033065,445678.076325463,2025-04-24,314000001020250001
두근동물병원,영업/정상,"충청북도 청주시 흥덕구 직지대로 571, 윤성열내과의원 1층 (봉명동)",충청북도 청주시 흥덕구 봉명동 1612 윤성열내과의원,043-715-7675,240750.239654692,349252.850058717,2025-04-23,573000001020250001
라온동물의료센터,영업/정상,"충청남도 당진시 수청4길 60, 104∼105호 (수청동)",충청남도 당진시 수청동 1306,041-358-8270,168477.402827857,377115.32017858,2025-04-22,568000001020250001
온유동물병원,영업/정상,"전북특별자치도 정읍시 명덕1길 7, 온유동물병원 (연지동)",전북특별자치도 정읍시 연지동 14-24 온유동물병원,,186095.371490733,230838.232709539,2025-04-22,469100001020250001
리연외과동물병원,영업/정상,"경기도 하남시 미사강변동로 127, 경서타워 203호 (망월동)",경기도 하남시 망월동 1093 203호,031-8027-0223,216809.580749603,451560.940535611,2025-04-22,404000001020250002
24시 마이동물의료센터,영업/정상,"경기도 파주시 청석로 122, 3층 313~320호 (동패동)",경기도 파주시 동패동 1661,031-945-5000,175338.870754278,467930.772509999,2025-04-18,406000001020250003
오남호수동물병원,영업/정상,"경기도 남양주시 오남읍 진건오남로 556, 201호",경기도 남양주시 오남읍 오남리 342-1,031-575-7581,218530.10721899,464530.523263721,2025-04-17,399000001020250003
지인동물병원,영업/정상,"경기도 안산시 상록구 안산천동로1길 29, 103호 (월피동, 이화)",경기도 안산시 상록구 월피동 448-2 이화상가 103호,,186688.937447649,425374.689498598,2025-04-17,393000001020250002
뿌리동물병원 치과센터,영업/정상,"경기도 수원시 팔달구 세지로 178, 3층 (인계동)",경기도 수원시 팔달구 인계동 986-16,,201902.436425236,418363.500867324,2025-04-16,374000001020250002
숲속노을 동물병원,영업/정상,"경기도 파주시 숲속노을로 128, 2층 (동패동)",경기도 파주시 동패동 2078,031-946-7582,,,2025-04-15,406000001020250002
24시 케어동물의료센터,영업/정상,"대구광역시 수성구 화랑로 10, 2,3층 (만촌동)","대구광역시 수성구 만촌동 416-2 2,3층",053-716-2475,347206.892509129,264268.601499496,2025-04-15,346000001020250002
서정동물병원,영업/정상,"서울특별시 노원구 동일로 1640, 오아시스빌딩 1,2층 (상계동)",서울특별시 노원구 상계동 1025-20 오아시스빌딩,02-930-7161,204831.422731672,463584.885015414,2025-04-08,310000001020250001
FM동물영상의학센터,영업/정상,"경기도 김포시 김포한강1로78번길 5, 김포한강장기빌딩 5층 (장기동)",경기도 김포시 장기동 1366,031-982-7587,170825.878063501,460339.308281825,2025-04-04,409000001020250002
강북24시 N동물의료센터,영업/정상,"서울특별시 강북구 도봉로 104, 1, B1, B2층 (미아동)",서울특별시 강북구 미아동 138-19,02-984-0075,202549.340719961,457334.840983492,2025-04-03,308000001020250001
대경동물병원(출장진료전문동물병원),영업/정상,전남광주통합특별시 함평군 함평읍 함장로 1015,전남광주통합특별시 함평군 함평읍 수호리 411-1,,155382.564468868,172658.178989443,2025-04-02,588500001020250001
보은옥천영동축협 옥천지점 동물병원,영업/정상,"충청북도 옥천군 옥천읍 금장로 25, 축협",충청북도 옥천군 옥천읍 금구리 171 축협,043-740-7841,250880.338076659,311428.741445656,2025-04-02,443000001020250001
더오래 동물병원,영업/정상,"경기도 고양시 일산서구 고양대로 632, 아카메디 105호 (일산동)",경기도 고양시 일산서구 일산동 955 아카메디 105호,031-977-7588,179311.215713947,464812.311698401,2025-04-02,394000001020250002
다나은 동물의료센터,영업/정상,"충청남도 부여군 부여읍 성왕로 202-3, 1층",충청남도 부여군 부여읍 구아리 141-5,,191847.170451837,309081.702031859,2025-04-01,457000001020250002
라온동물병원,영업/정상,"서울특별시 마포구 월드컵북로 151, 성미빌딩 1층 (성산동)",서울특별시 마포구 성산동 94-4 성미빌딩,02-375-7575,192051.837086207,451527.748667617,2025-04-01,313000001020250002
닥터장 동물의료센터,영업/정상,"경상남도 창원시 의창구 동읍 의창대로 870-5, 지하2층 204호",경상남도 창원시 의창구 동읍 용잠리 390-4,,353394.077181446,198950.661270257,2025-03-28,567000001020250001
셀레네 동물병원,영업/정상,강원특별자치도 삼척시 봉황로 163 (교동),강원특별자치도 삼척시 교동 545,033-576-0142,391903.062575512,441097.189695775,2025-03-28,424100001020250001
희망로H동물병원,영업/정상,"대구광역시 남구 희망로 52, 1층 (이천동)",대구광역시 남구 이천동 551-20,053-472-2468,344865.549709775,261995.939390726,2025-03-28,344000001020250001
유스동물병원,영업/정상,"전북특별자치도 익산시 선화로6길 40-5 (모현동1가, 라움엘포레)",전북특별자치도 익산시 모현동1가 743 라움엘포레,,193936.375196599,271866.322936321,2025-03-27,468100001020250001
유동물병원,영업/정상,"충청남도 아산시 신창면 천우물로 22, 제301동 제지1층 2호 (아산 삼부르네상스 더힐)",충청남도 아산시 신창면 남성리 852 아산 삼부르네상스 더힐 제301동 제지1층2호,,,,2025-03-26,452000001020250005
리더스 외과 동물병원,영업/정상,"경기도 성남시 분당구 성남대로 45, 2층 201호 (구미동)",경기도 성남시 분당구 구미동 157,031-715-7407,209533.890682103,426450.173468859,2025-03-26,378000001020250001
선부중앙동물의료센터,영업/정상,"경기도 안산시 단원구 선부광장1로 69, 한양3차산호아파트 2층 205-1호 (선부동)",경기도 안산시 단원구 선부동 1081 한양3차산호아파트 205-1호,031-8042-7542,183383.417231998,426090.369202267,2025-03-25,393000001020250001
특수동물 행동정신병원,영업/정상,"경기도 파주시 조리읍 뇌조로 123, 2층",경기도 파주시 조리읍 뇌조리 250,,183701.878694182,472422.540744707,2025-03-24,406000001020250001
24시 이오동물병원,영업/정상,"경기도 안양시 동안구 관악대로 177, 2층 (비산동)",경기도 안양시 동안구 비산동 424-165,031-360-2575,,,2025-03-24,383000001020250001
리디아 동물병원,영업/정상,서울특별시 강남구 압구정로46길 6 (신사동),서울특별시 강남구 신사동 639-6,02-515-2223,203164.438870531,447338.157199407,2025-03-24,322000001020250003
한성동물병원(양수지점),영업/정상,"경기도 남양주시 조안면 북한강로 130, 1층 102호",경기도 남양주시 조안면 조안리 172-1,,226700.150453813,448308.424099916,2025-03-20,399000001020250002
모루 동물의료센터,영업/정상,"서울특별시 중랑구 망우로 373, 1층 (상봉동)",서울특별시 중랑구 상봉동 74-43,02-2038-7533,208199.991565216,455149.744971697,2025-03-20,306000001020250001
신광목장동물병원,영업/정상,"전남광주통합특별시 나주시 상야4길 10, 패션페이스 1층 144호 (빛가람동)",전남광주통합특별시 나주시 빛가람동 203-5 패션페이스 144호,,181057.042364533,169326.805135358,2025-03-18,579500001020250001
오산25시종합동물병원,영업/정상,경기도 오산시 성호대로 97 (오산동),경기도 오산시 오산동 869-35,031-378-1114,206337.482365146,405250.919821318,2025-03-17,400000001020250002
24시하나린동물의료센터,영업/정상,"경기도 오산시 문헌공로 3, 인피니트타워 201호, 202호 (금암동)","경기도 오산시 금암동 502-5 인피니트타워 201호, 202호",070-7537-3724,204436.075052915,408075.264039273,2025-03-14,400000001020250001
메이트 동물병원,영업/정상,"경기도 화성시 만세구 남양읍 남양로 671, 105호",경기도 화성시 만세구 남양읍 남양리 2320-5,031-356-7975,184483.696564592,410747.684917781,2025-03-13,574000001020250003
견우동물병원,영업/정상,"제주특별자치도 제주시 승천로 88, 1층 (아라이동)",제주특별자치도 제주시 아라이동 3011-4,064-803-8977,157501.425227982,-483.262700235291,2025-03-12,651000001020250002
오디세이 동물심장내과,영업/정상,"경기도 화성시 동탄구 동탄역로 150, 에이동 201호 (오산동, 동탄역 롯데캐슬)",경기도 화성시 동탄구 오산동  1089 동탄역 롯데캐슬,031-378-7515,,,2025-03-12,577000001020250002
에니메드동물병원(출장진료전문병원),영업/정상,"충청남도 아산시 배방읍 희망로46번길 46-2, 에이스빌딩 2층",충청남도 아산시 배방읍 장재리 1805,041-901-1344,209532.51336928,365269.944904162,2025-03-12,452000001020250004
여울동물병원,영업/정상,"경기도 용인시 수지구 신봉3로7번길 31, 1층 12호 (신봉동, 수지스카이뷰푸르지오)",경기도 용인시 수지구 신봉동 1034 수지스카이뷰푸르지오 112호,031-262-0408,206132.35241711,424941.138125341,2025-03-12,564000001020250001
한남심장내과동물병원,영업/정상,"서울특별시 용산구 독서당로 46, 111호 (한남동, 한남아이파크)",서울특별시 용산구 한남동 828 한남아이파크,02-6085-4777,200571.725921493,447793.924058853,2025-03-12,302000001020250001
가람 동물병원,영업/정상,"대전광역시 동구 옥천로 193, 1층 (판암동)",대전광역시 동구 판암동 873 1층,042-345-7588,241356.37023734,313160.869592412,2025-03-11,364000001020250001
원성준영상의학과동물병원,영업/정상,"서울특별시 강남구 도곡로 167, 성우빌딩 2층 (역삼동)",서울특별시 강남구 역삼동 799-25 성우빌딩 2층,02-6204-7511,203285.044272499,443285.630755972,2025-03-11,322000001020250002
팜솔동물병원,영업/정상,"전북특별자치도 완주군 이서면 애통길 164, 1호",전북특별자치도 완주군 이서면 은교리 757-2,,199779.292258413,257573.540476345,2025-03-10,472100001020250001
24시 황금동물의료센터,영업/정상,"대구광역시 수성구 청수로 135, 1층 (황금동)",대구광역시 수성구 황금동 848-1 1층,053-247-0124,346586.592141664,261240.200239507,2025-03-07,346000001020250001
리본동물병원,영업/정상,"전남광주통합특별시 서구 금화로 283, 스타빌딩 1층 (화정동)",전남광주통합특별시 서구 화정동 400-28 스타빌딩,062-373-5575,188808.829466896,182089.598025705,2025-03-04,581000001020250001
이프동물의료센터,영업/정상,"경기도 화성시 동탄구 동탄대로5길 15, 그랑파사쥬 3층 3030,3031,3032호 (송동)",경기도 화성시 동탄구 송동 725-4 더샵 동탄센텀폴리스 1단지,,209358.316672081,407254.706735502,2025-03-04,577000001020250001
김해 24시 르엘동물의료센터,영업/정상,"경상남도 김해시 장유로 412, 2층 (신문동)",경상남도 김해시 신문동 567-3,055-724-0737,365702.826535303,189474.917986496,2025-03-04,535000001020250001
코너동물병원,영업/정상,"대구광역시 중구 명덕로 297, 코너동물병원 (대봉동)",대구광역시 중구 대봉동 179-28,,344694.134829451,262882.769550171,2025-03-04,341000001020250001
아이랑 동물병원,영업/정상,"서울특별시 동대문구 이문로35길 12, 상가 A동 101호 (이문동, 래미안라그란데아파트)",서울특별시 동대문구 이문동 257-42 래미안라그란데아파트,,205249.265435832,455308.651763587,2025-03-04,305000001020250002
남부여 보호소 동물병원,영업/정상,"충청남도 부여군 임천면 위덕로47번길 36-12, 제4동",충청남도 부여군 임천면 점리 922,041-837-8277,190025.03504291,301631.766786808,2025-02-28,457000001020250001
온동물병원,영업/정상,부산광역시 기장군 기장읍 차성동로 108,부산광역시 기장군 기장읍 동부리 365-12,,401727.549646357,196478.775878953,2025-02-27,340000001020250001
김포24시힐동물의료센터,영업/정상,"경기도 김포시 김포한강2로 11, 113동 2층 201~203호 (장기동, 수정마을 쌍용예가아파트)",경기도 김포시 장기동 2004-4 수정마을 쌍용예가아파트,,171753.894748616,460035.056751384,2025-02-26,409000001020250001
정겨운 동물병원,영업/정상,"충청북도 청주시 서원구 구룡산로 386, 1층 (수곡동)",충청북도 청주시 서원구 수곡동 79-7,,243506.230332285,346436.69673002,2025-02-24,572500001020250001
문화동물병원,영업/정상,"경상북도 문경시 당교12길 5-23, 주1동 1층 (모전동)",경상북도 문경시 모전동 1316,,306582.72706083,343174.881805517,2025-02-18,512000001020250001
대경동물병원,영업/정상,"대구광역시 북구 한강로8길 13-4, 501호 (금호동)",대구광역시 북구 금호동 804 501호,053-745-4571,337038.178030288,267193.009006102,2025-02-18,345000001020250001
포레온 동물병원,영업/정상,"서울특별시 강동구 양재대로 1360, 포레온스테이션5 2층 2029호 (둔촌동)",서울특별시 강동구 둔촌동 170-1 포레온스테이션5,02-2135-8833,212195.109947109,447197.273286818,2025-02-18,324000001020250002
행복동물의료센터,영업/정상,충청남도 예산군 예산읍 벚꽃로155번길 49,충청남도 예산군 예산읍 산성리 633-2,,184846.401030221,354877.189387471,2025-02-17,461000001020250002
24시이스턴동물의료센터,영업/정상,"경기도 남양주시 호평로68번길 26, 무세빌딩 3층 (호평동)",경기도 남양주시 호평동 660-3 무세빌딩,,221858.031825806,461318.085869534,2025-02-14,399000001020250001
페토피아 동물병원,영업/정상,"서울특별시 송파구 오금로 203, 남양빌딩 2층 (방이동)",서울특별시 송파구 방이동 124-8 남양빌딩,02-449-7500,210245.052534968,445108.572829289,2025-02-13,323000001020250003
늘곁에동물병원,영업/정상,"충청남도 아산시 탕정면 한들물빛5로 5, 젤존메디컬시티 204호",충청남도 아산시 탕정면 매곡리 1220,,207418.645963115,365048.098870141,2025-02-12,452000001020250002
큰동물병원(출장진료전문병원),영업/정상,충청남도 아산시 온천대로 1571 (온천동),충청남도 아산시 온천동 72-1,,201010.309967981,364288.330700919,2025-02-12,452000001020250001
이즈 동물병원,영업/정상,"서울특별시 동대문구 이문로35길 12, 상가 C동 102호 (이문동, 래미안라그란데아파트)",서울특별시 동대문구 이문동 257-42 래미안라그란데아파트,02-2138-0514,205249.265435832,455308.651763587,2025-02-12,305000001020250001
다래동물병원,영업/정상,"인천광역시 남동구 석산로 156, 107호 (간석동)",인천광역시 남동구 간석동 939-1,,174325.457146305,439672.231031271,2025-02-11,353000001020250001
한수동물병원,영업/정상,"서울특별시 송파구 송이로 244, 1층 (문정동)",서울특별시 송파구 문정동 115-12,02-6478-7575,211585.501242193,442816.765898197,2025-02-10,323000001020250002
동물병원 All Pets,영업/정상,강원특별자치도 강릉시 주문진읍 매맥이아랫길 30-4,강원특별자치도 강릉시 주문진읍 교항리 1182-3 동물병원,033-661-0045,360588.22763267,487433.434167911,2025-02-03,420100001020250002
아우름 동물병원,영업/정상,"서울특별시 동작구 사당로 268, 1층 (사당동)",서울특별시 동작구 사당동 1001-33,02-2138-2977,197932.620226881,442381.630987122,2025-01-31,319000001020250001
윤쌤동물병원,영업/정상,"충청남도 예산군 삽교읍 청사로192번길 20, 에드가프라자 1차 3층 306-1호",충청남도 예산군 삽교읍 목리 964,,171321.23,351197.315,2025-01-24,461000001020250001
민해동물병원,영업/정상,"강원특별자치도 강릉시 회산로 276, 2층 (회산동)",강원특별자치도 강릉시 회산동 370-5,033-646-8964,364094.552525446,471835.668872133,2025-01-24,420100001020250001
내과동물병원 루미나,영업/정상,"서울특별시 강남구 선릉로 340, 대치 EM 프라자 105호 (대치동)",서울특별시 강남구 대치동 908-20 대치 EM 프라자 105호,02-558-0275,204488.50118906,444220.202228971,2025-01-24,322000001020250001
제주24시숨동물의료센터,영업/정상,"제주특별자치도 제주시 연북로 632, 지1층, 1층 (아라이동)",제주특별자치도 제주시 아라이동 1280-10,064-805-8365,157705.365318263,-628.378542097357,2025-01-23,651000001020250001
클리어동물병원,영업/정상,"경기도 수원시 권선구 서수원로 435, 1층 (호매실동)",경기도 수원시 권선구 호매실동 1375-7,031-895-6780,196580.646330125,418170.824810782,2025-01-22,374000001020250001
사랑나무동물병원,영업/정상,경기도 가평군 가평읍 가화로 155,경기도 가평군 가평읍 읍내리 624-3,,244957.088397569,481295.90855951,2025-01-21,416000001020250001
퍼스트 동물메디컬 센터,영업/정상,"경기도 평택시 고덕로 250, 2층 2호 (고덕동)",경기도 평택시 고덕동 2708-2,031-647-3234,,,2025-01-21,391000001020250001
양양동물병원,영업/정상,"강원특별자치도 양양군 양양읍 군청길 73, 1층",강원특별자치도 양양군 양양읍 남문리 1-7,033-673-7582,342609.394199667,509625.09187197,2025-01-18,435100001020250001
유일비전동물병원[출장진료전문],영업/정상,"충청남도 천안시 동남구 양지2길 18-2, 한일베스트룸 101호 (봉명동)",충청남도 천안시 동남구 봉명동 65-17 한일베스트룸 101호,,212081.636741418,367458.539541045,2025-01-17,565000001020250001
광주광역시 동물보호센터,영업/정상,"전남광주통합특별시 북구 본촌마을길 25-1, 광주환경보건연구원 (본촌동)",전남광주통합특별시 북구 본촌동 379-2 광주환경보건연구원,062-613-6773,189200.417432455,191470.633072992,2025-01-14,582000001020250001
튼튼동물병원,영업/정상,강원특별자치도 양구군 국토정중앙면 소양석현길 118-8,강원특별자치도 양구군 국토정중앙면 심포리 333-28,,286403.094805449,505116.787629554,2025-01-14,432100001020250001
아야진동물병원,영업/정상,"강원특별자치도 고성군 토성면 아야진옛길 3, 1층",강원특별자치도 고성군 토성면 청간리 217-10,,335920.329875362,530639.024942245,2025-01-13,434100001020250001
모여라동물병원,영업/정상,"서울특별시 강동구 고덕로80길 99, 제B동 1층 제B103호 (상일동, 고덕센트럴 IPARK)",서울특별시 강동구 상일동 513 고덕센트럴 IPARK,,214664.448707872,449988.903849666,2025-01-10,324000001020250001
만금동물병원,영업/정상,전남광주통합특별시 곡성군 곡성읍 곡성로 748,전남광주통합특별시 곡성군 곡성읍 죽동리 40-3,,226040.711857071,197340.175510159,2025-01-09,583500001020250001
기운찬 동물병원,영업/정상,"경기도 하남시 신장동로 35, 유니온 1층 101,102호 (신장동)","경기도 하남시 신장동 589-1 유니온, 101,102호",031-8027-9575,218585.130617564,449033.14745778,2025-01-09,404000001020250001
준 동물병원,영업/정상,"경기도 고양시 덕양구 화중로130번길 48, 삼원프라자 303-1호 (화정동)",경기도 고양시 덕양구 화정동 906 삼원프라자 303-1호,,185304.626049075,459555.359416184,2025-01-08,394000001020250001
송파새날동물병원,영업/정상,"서울특별시 송파구 동남로 198, 1층 (가락동)",서울특별시 송파구 가락동 193-6,02-2088-3377,211501.100033916,443653.933826778,2025-01-08,323000001020250001
하늘동물병원,영업/정상,전남광주통합특별시 구례군 구례읍 중앙로 33,전남광주통합특별시 구례군 구례읍 봉남리 299-1,,242490.149910453,190032.176593529,2025-01-06,584000001020250001
예스동물병원(출장진료전문),영업/정상,"전남광주통합특별시 담양군 담양읍 추성로 1326, 3층",전남광주통합특별시 담양군 담양읍 지침리 175-6,,198393.35084841,202262.436288655,2025-01-06,583000001020250001
바른동물병원,영업/정상,"경상남도 하동군 하동읍 경서대로 216, 쌍용자동차, 삼성화재 1층","경상남도 하동군 하동읍 비파리 654-11 쌍용자동차, 삼성화재",,268867.318306392,174972.303572412,2025-01-06,544000001020250001
소망동물병원,영업/정상,"경상북도 봉화군 봉화읍 봉화로 784, 2층",경상북도 봉화군 봉화읍 적덕리 289-5,,351672.791746098,377015.351966902,2025-01-06,524000001020250001
본외과동물의료센터,영업/정상,"서울특별시 강서구 공항대로 103, 제판매시설2동 2층 202,203호 (마곡동, 마곡 엠밸리 9단지)",서울특별시 강서구 마곡동 744 마곡 엠밸리 9단지,,,,2025-01-02,315000001020250001
포인핸드 건강검진센터,영업/정상,"서울특별시 마포구 큰우물로 18, 목암빌딩 202호 (대흥동)",서울특별시 마포구 대흥동 778-1 목암빌딩,,194727.183785394,449122.284224263,2025-01-02,313000001020250001
고래동물병원,영업/정상,경기도 포천시 영중면 양문로4길 9-1,경기도 포천시 영중면 양문리 806-11,,221107.64449449,499832.984204761,2024-12-30,560000001020240003
누리팜동물병원,영업/정상,경기도 포천시 신북면 호국로 2013,경기도 포천시 신북면 기지리 818-12,031-535-8037,219597.720556865,491952.575975987,2024-12-30,560000001020240002
데이즈동물의료센터,영업/정상,"경기도 화성시 동탄구 동탄대로 537, 1023,1024호 (오산동)","경기도 화성시 동탄구 오산동  1019 1023,1024호",,208624.936086903,411151.948385108,2024-12-30,577000001020240006
동탄원더스동물의료센터,영업/정상,"경기도 화성시 동탄구 동탄신리천로4길 47, B111~B113호 (신동, 힐스테이트 동탄포레)",경기도 화성시 동탄구 신동  561-1 힐스테이트 동탄포레 B111~B113호,031-8019-8822,211972.55862379,408153.44114525,2024-12-30,577000001020240005
나랑동물병원,영업/정상,"경상북도 구미시 선산읍 성황6길 23, 103호",경상북도 구미시 선산읍 이문리 603-3 103호,,315823.090847427,304826.526338858,2024-12-30,508000001020240004
두리동물병원,영업/정상,"충청남도 서산시 성암1로 58, 1층 (읍내동)",충청남도 서산시 읍내동 619-11,,150383.60200537,364794.202535932,2024-12-30,453000001020240001
미소동물 의료센터,영업/정상,"경기도 김포시 유현로 242, 2층 205호 (풍무동)",경기도 김포시 풍무동 1002,031-8049-9600,176230.029441259,456650.526493252,2024-12-30,409000001020240005
효산동물병원,영업/정상,"경상북도 영천시 금호읍 금호로 360-22, 2층",경상북도 영천시 금호읍 신월리 220-5,,371192.023129767,272594.454766739,2024-12-26,510000001020240002
하루동물병원,영업/정상,"경기도 고양시 일산서구 강성로214번길 8-18, 1층 (대화동)",경기도 고양시 일산서구 대화동 2172-6,,178244.057220042,463610.85227593,2024-12-26,394000001020240006
베베동물병원,영업/정상,"서울특별시 강동구 올림픽로78길 60, 2동 206호 (천호동)",서울특별시 강동구 천호동 423-200,02-475-7579,211150.812213612,448805.145144628,2024-12-26,324000001020240006
소망동물병원(출장전문),영업/정상,충청남도 보령시 천북면 천광로 428,충청남도 보령시 천북면 낙동리 304-4,,161082.898121725,332551.497547696,2024-12-24,451000001020240002
구포동물병원,영업/정상,"부산광역시 북구 낙동대로 1656, 1층 (구포동)",부산광역시 북구 구포동 1067-9,051-332-1213,381526.237909357,191143.819758424,2024-12-23,332000001020240002
창원시 동물보호센터 동물병원,영업/정상,"경상남도 창원시 성산구 공단로474번길 117, 펫빌리지 (상복동)",경상남도 창원시 성산구 상복동 564-1 펫빌리지,055-225-5701,351404.059734868,189956.003373093,2024-12-19,567000001020240003
효천동물병원,영업/정상,"전북특별자치도 전주시 완산구 천잠로 52, 1층 (삼천동2가)",전북특별자치도 전주시 완산구 삼천동2가 763-5,063-222-7975,209545.271689118,254927.814084767,2024-12-18,464100001020240006
맑은 동물의료센터,영업/정상,"인천광역시 검단구 이음3로 145, 206-207호 (당하동)",인천광역시 검단구 당하동 1246-7 206호,,,,2024-12-17,356500001020240005
파인트리 동물병원,영업/정상,경상남도 사천시 축동면 화당산로 10-13,경상남도 사천시 축동면 가산리 405-1,,295071.225635025,177960.671001725,2024-12-16,534000001020240001
푸른동물병원,영업/정상,"충청남도 예산군 오가면 충서로 381, 예산홍성패션타운 6동",충청남도 예산군 오가면 월곡리 142-18,,180276.580660657,352254.247397341,2024-12-16,461000001020240003
도곡동행동물병원,영업/정상,"서울특별시 강남구 남부순환로363길 16, 1층 109,110호 (도곡동)",서울특별시 강남구 도곡동 902-2,02-573-1233,203304.684521205,442693.039067585,2024-12-16,322000001020240007
24시 서초바른동물병원,영업/정상,"서울특별시 서초구 서초중앙로 72, 1층 (서초동)",서울특별시 서초구 서초동 1624-1,02-588-7511,201247.715304571,442893.421443575,2024-12-12,321000001020240005
원 동물병원,영업/정상,경상남도 김해시 진례면 서부로 875,경상남도 김해시 진례면 신월리 93-8,,360646.772088913,193594.016242056,2024-12-11,535000001020240002
초곡나무동물병원,영업/정상,"경상북도 포항시 북구 흥해읍 초곡지구로58번길 15, 1층",경상북도 포항시 북구 흥해읍 초곡리 1431,054-262-7555,410506.299143673,290942.299602079,2024-12-11,502000001020240001
아이숲동물병원,영업/정상,"경기도 광명시 시청로 33-1, 1층 (철산동)",경기도 광명시 철산동 210-6,02-6951-5100,187879.858536369,441978.287161812,2024-12-09,390000001020240002
와니동물병원,영업/정상,경상북도 의성군 봉양면 도리원3길 27-5,경상북도 의성군 봉양면 화전리 519-6,,341553.563211123,312182.661178017,2024-12-06,515000001020240002
천안이화동물병원(출장진료전문),영업/정상,"충청남도 천안시 동남구 수신면 5산단4로 162-4, 1층",충청남도 천안시 동남구 수신면 신풍리 599,,223881.01660924,359747.526201519,2024-12-06,565000001020240004
Dr루아동물병원,영업/정상,경기도 동두천시 정장로35번길 32 (생연동),경기도 동두천시 생연동 597-2,031-858-9982,204777.133391977,489222.648558829,2024-12-06,392000001020240001
동산동물병원,영업/정상,"전남광주통합특별시 나주시 상야4길 21, 죤프라자 117호 (빛가람동)",전남광주통합특별시 나주시 빛가람동 205-1 죤프라자 117호,061-335-9909,180951.870052395,169252.567990124,2024-12-05,579500001020240005
정규호 동물병원,영업/정상,전남광주통합특별시 화순군 화순읍 진각로 34,전남광주통합특별시 화순군 화순읍 삼천리 560-2,,198651.156318305,172852.129730408,2024-12-04,585500001020240002
다온동물병원,영업/정상,"제주특별자치도 제주시 과원로 60, 1층 (연동)",제주특별자치도 제주시 연동 1395-1,,152474.529286208,-2145.35707928094,2024-12-02,651000001020240004
미래동물병원,영업/정상,"경기도 평택시 팽성읍 신흥북로49번길 34, 지하1층",경기도 평택시 팽성읍 안정리 68-6,,204111.48752525,384874.876780816,2024-12-02,391000001020240003
푸른별안과동물병원,영업/정상,"충청북도 청주시 흥덕구 2순환로 1130, 스타로미안 6층 (비하동)",충청북도 청주시 흥덕구 비하동 236-10 6층,,237848.326072866,348169.583871011,2024-11-28,573000001020240004
디테일 동물의료센터,영업/정상,"경기도 광명시 시청로 67, 102,201호 (철산동)",경기도 광명시 철산동 160,02-6952-7988,188034.760623902,442268.633304328,2024-11-27,390000001020240001
지한동물병원,영업/정상,경상남도 산청군 신안면 원지로 6-4,경상남도 산청군 신안면 하정리 744-29,,288422.167393031,200818.9422501,2024-11-26,545000001020240001
강원특별자치도 축산기술연구소 동물병원,영업/정상,강원특별자치도 횡성군 둔내면 현궁로 101,강원특별자치도 횡성군 둔내면 현천리 1028-3,033-340-6945,303025.239386832,444188.933915344,2024-11-22,426100001020240003
나눔동물병원(출장전문병원),영업/정상,"경상북도 구미시 금오시장로1길 16, 4층 406호 (원평동)",경상북도 구미시 원평동 1029-2,,320468.060705273,292558.820665745,2024-11-21,508000001020240002
숲 동물병원 펫스테이션점,영업/정상,"부산광역시 수영구 수영로 지하576, 도시철도 광안역 E1~E3호 (광안동)",부산광역시 수영구 광안동 205 도시철도 광안역 E1~E3호,051-743-7599,392732.128348688,186381.350041617,2024-11-21,338000001020240002
청량리 슬기 동물병원,영업/정상,"서울특별시 동대문구 왕산로 186, 청량리역 우남SL타워300 218, 219호 (전농동)",서울특별시 동대문구 전농동 620-15 청량리역 우남SL타워300,02-3293-7582,203816.673034515,453023.128996239,2024-11-21,305000001020240001
예일동물병원,영업/정상,충청남도 예산군 삽교읍 수암천로 11 (이지더원아파트),충청남도 예산군 삽교읍 목리 894-1 이지더원아파트 제상가 116동 102호,,170480.669069699,351364.336253667,2024-11-19,461000001020240002
데일리 동물병원,영업/정상,전북특별자치도 전주시 완산구 서원로 168 (효자동2가),전북특별자치도 전주시 완산구 효자동2가 1-2,,210124.532157364,257022.196097167,2024-11-18,464100001020240005
바로동물병원,영업/정상,강원특별자치도 영월군 영월읍 중앙로 62,강원특별자치도 영월군 영월읍 영흥리 938-4,,330526.583600314,410069.754572156,2024-11-18,427100001020240001
홍제24시모아동물의료센터,영업/정상,"서울특별시 서대문구 통일로 426, 1,2층 (홍제동)",서울특별시 서대문구 홍제동 137-12,02-2138-2030,195184.096878203,453892.979937057,2024-11-18,312000001020240002
닥터펫 동물의료센터,영업/정상,"경기도 용인시 기흥구 중부대로 375, 1층 1호 (신갈동, 기흥역 롯데캐슬스카이)",경기도 용인시 기흥구 신갈동 63 기흥역 롯데캐슬스카이 1호,031-281-8275,209561.848956988,418928.960809078,2024-11-15,563000001020240001
수정동물병원,영업/정상,"충청북도 괴산군 사리면 방축길 4, 2호",충청북도 괴산군 사리면 방축리 365-9,,257796.355442033,367924.68870726,2024-11-12,446000001020240001
나성 펫 동물병원,영업/정상,대전광역시 중구 평촌로 92 (유천동),대전광역시 중구 유천동 197-11,,235576.147658731,313557.325884971,2024-11-12,365000001020240001
오즈동물병원,영업/정상,"서울특별시 강남구 논현로132길 37, 1층 (논현동)",서울특별시 강남구 논현동 85-17,02-6958-7515,202885.066618507,445947.783035063,2024-11-08,322000001020240006
선진동물병원,영업/정상,"경상북도 영주시 구성로349번길 53, 2층 (영주동)",경상북도 영주시 영주동 425-12,,344580.6535679,370090.902669809,2024-11-06,509000001020240003
스마트동물병원,영업/정상,"인천광역시 미추홀구 경인로 154, 하람엘스퀘어 2층 (숭의동)",인천광역시 미추홀구 숭의동 1-5 하람엘스퀘어,032-716-5539,169816.446801743,440484.384215727,2024-11-06,351050001020240002
정수동물병원,영업/정상,전남광주통합특별시 영광군 영광읍 천년로 1405,전남광주통합특별시 영광군 영광읍 신하리 70-1,,154221.67331709,196956.52658945,2024-11-05,589000001020240002
처음동물병원,영업/정상,"충청남도 천안시 서북구 불당29길 18-2, 2동 1층 101~103호 (불당동)",충청남도 천안시 서북구 불당동 1797,,209026.702926361,367516.62837694,2024-10-30,566000001020240002
여기로양한방동물병원,영업/정상,"경기도 과천시 과천대로2길 6, 과천 테라스 원 308,309,310호 (갈현동)","경기도 과천시 갈현동 79-1 과천 테라스 원 308,309,310호",02-2088-3388,198130.045581293,433997.521428805,2024-10-27,397000001020240001
24시 고덕동물의료센터,영업/정상,"경기도 평택시 고덕중앙로 218, 우성메디컬센터 2층 (고덕동)",경기도 평택시 고덕동 1975-1,1833-3339,203929.10415398,394024.031563431,2024-10-24,391000001020240002
민트동물병원,영업/정상,"경기도 광주시 초월읍 경충대로 1031, 102호",경기도 광주시 초월읍 쌍동리 178-8,,226669.407465791,429914.771755455,2024-10-23,554000001020240003
존스홉킨스 동물병원,영업/정상,경기도 평택시 팽성읍 안정로 89,경기도 평택시 팽성읍 안정리 22-9,031-615-4472,204573.94943049,384639.792178838,2024-10-23,391000001020240001
도곡 치유 동물병원,영업/정상,"서울특별시 강남구 도곡로 189, 정금빌딩 1층 (역삼동)",서울특별시 강남구 역삼동 798-20 정금빌딩,,203469.119368837,443359.53202957,2024-10-17,322000001020240005
깨비동물병원,영업/정상,"서울특별시 마포구 마포대로 53, 마포트라팰리스 C동 203호 (도화동)",서울특별시 마포구 도화동 559 마포트라팰리스,02-711-7582,195266.07314617,448799.641804029,2024-10-16,313000001020240003
노창섭동물병원,영업/정상,전남광주통합특별시 화순군 능주면 죽수길 78,전남광주통합특별시 화순군 능주면 관영리 102-8,,196163.187066794,165693.936106977,2024-10-14,585500001020240001
멍냥 동물병원,영업/정상,"경기도 오산시 죽담3로 6, 201호 (궐동)",경기도 오산시 궐동 781-1 201호,031-373-1110,,,2024-10-14,400000001020240001
제이디 동물병원(JD Equine clinic hospital),영업/정상,제주특별자치도 제주시 애월읍 유수암평화2길 35-16,제주특별자치도 제주시 애월읍 유수암리 1091-3,,145000.000384113,-8604.83560280253,2024-10-11,651000001020240003
SK동물병원(출장진료전문),영업/정상,"경상남도 함안군 군북면 월촌안길 119, 1층",경상남도 함안군 군북면 월촌리 1545-10 엔젤커피숍,,318078.279153085,200819.025115621,2024-10-10,540000001020240001
으뜸원동물병원,영업/정상,"경기도 용인시 수지구 수지로 475, 경성렌트카 1층 (동천동)",경기도 용인시 수지구 동천동 361-1 1층,031-898-4750,208569.543964087,426379.141896872,2024-10-10,564000001020240004
24시김승현외과동물메디컬센터,영업/정상,전남광주통합특별시 남구 대남대로 388 (월산동),전남광주통합특별시 남구 월산동 963-14 스타빌딩,062-710-7119,189966.865591178,182967.64254067,2024-10-07,581500001020240001
해솔동물병원,영업/정상,"경기도 파주시 가온로 200, 근린생활시설동 120,121호 (와동동, 해솔마을8단지 운정 아이파크 더 테라스)",경기도 파주시 와동동 1411 해솔마을8단지 운정 아이파크 더 테라스,031-8088-8119,178266.10340925,468724.232332418,2024-10-07,406000001020240001
비비동물병원,영업/정상,"서울특별시 광진구 능동로 21, 1층 (자양동)",서울특별시 광진구 자양동 65-1,02-2039-7770,205877.28221374,447919.248318372,2024-10-07,304000001020240003
이퀴피스 말동물병원,영업/정상,제주특별자치도 제주시 조천읍 남조로 1785-12,제주특별자치도 제주시 조천읍 교래리 619,,169444.252650566,-7603.05207789612,2024-10-04,651000001020240002
다산 마스터동물의료센터,영업/정상,"경기도 남양주시 다산중앙로 132, 214호 (다산동)",경기도 남양주시 다산동 6056 214호,031-512-0075,213465.986919386,458131.768703582,2024-09-27,399000001020240005
키다리아저씨 동물병원,영업/정상,"강원특별자치도 원주시 양지뜰4길 17, 1층 (반곡동)",강원특별자치도 원주시 반곡동 1854-7,033-813-0212,287169.618020395,425508.490553175,2024-09-13,419100001020240004
상무동물병원,영업/정상,"전남광주통합특별시 서구 쌍촌로 17, 1층 (쌍촌동)",전남광주통합특별시 서구 쌍촌동 1210-8,,187608.448230142,183043.581367536,2024-09-12,581000001020240003
유니동물병원,영업/정상,"전북특별자치도 순창군 순창읍 장류로 300, 대신파크맨션",전북특별자치도 순창군 순창읍 순화리 465-1 대신파크맨션,,212220.097176275,208514.724346478,2024-09-12,477100001020240001
청담 장튼튼내과동물병원,영업/정상,"서울특별시 강남구 도산대로 537, RNF537 5층 (청담동)",서울특별시 강남구 청담동 125-14 RNF537,02-549-7581,204559.800838069,446996.519590524,2024-09-10,322000001020240004
람파스동물병원,영업/정상,"충청남도 천안시 서북구 충무로 136, 102호 (쌍용동)",충청남도 천안시 서북구 쌍용동 435-3,041-575-8287,210880.09865879,365712.983055295,2024-09-09,566000001020240001
아이콘 동물병원,영업/정상,"경기도 고양시 일산동구 호수로430번길 58-16, 1층 (백석동)",경기도 고양시 일산동구 백석동 1427-5 1층,031-994-3200,180712.966466348,460253.502167092,2024-09-06,394000001020240004
쭈니동물병원,영업/정상,"서울특별시 관악구 관악로 260, 1층 101호 (봉천동, 에스클래스)",서울특별시 관악구 봉천동 37-82 에스클래스,02-878-7588,196214.85780253,442780.470789265,2024-09-05,320000001020240001
도그원동물의료센터,영업/정상,"서울특별시 은평구 연서로29길 24, 2층 (갈현동)",서울특별시 은평구 갈현동 431-5,02-358-1591,192667.438048047,457480.990067897,2024-09-05,311000001020240001
하음 동물병원,영업/정상,"충청남도 보령시 주공로 5, 명빌딩(서광정형외과) 2층 (동대동)",충청남도 보령시 동대동 1920,,164224.118393822,316173.319306529,2024-09-02,451000001020240001
다올동물병원,영업/정상,"인천광역시 서해구 장고개로337번길 7, 104,105호 (가좌동)",인천광역시 서해구 가좌동 42-2 104호,,,,2024-09-02,356100001020240004
나봄동물병원,영업/정상,충청북도 증평군 증평읍 삼보로 114-1,충청북도 증평군 증평읍 초중리 8-1,,251390.667904978,364467.984257541,2024-08-28,557000001020240001
온동물병원,영업/정상,"전북특별자치도 전주시 완산구 유연로 158, 1층 105호 (효자동3가)",전북특별자치도 전주시 완산구 효자동3가 1627-4,063-909-8275,209231.741270689,258311.027401661,2024-08-28,464100001020240004
단주리 동물병원,영업/정상,"전남광주통합특별시 영광군 영광읍 옥당로 172, 제1호",전남광주통합특별시 영광군 영광읍 단주리 550-5,,154512.993419637,197678.523901059,2024-08-26,589000001020240001
초이스외과동물병원,영업/정상,"인천광역시 연수구 인천타워대로 365, B동 201,202호 (송도동, 힐스테이트 송도 더스카이)",인천광역시 연수구 송도동 30-2 힐스테이트 송도 더스카이,032-713-9000,167026.143765355,433287.005927092,2024-08-23,352000001020240004
24시청주다옴동물의료센터,영업/정상,충청북도 청주시 흥덕구 송화로116번길 14 (송절동),충청북도 청주시 흥덕구 송절동 600-8 2층,,239919.482850978,351377.953761255,2024-08-21,573000001020240003
가남동물병원,영업/정상,"경기도 여주시 가남읍 대명산길 3, 103호",경기도 여주시 가남읍 태평리 165,,248198.927687558,411479.495024114,2024-08-19,570000001020240001
민경현동물병원,영업/정상,강원특별자치도 횡성군 우천면 한우로 1203,강원특별자치도 횡성군 우천면 우항리 619-5,,293849.655487307,440708.300736272,2024-08-16,426100001020240002
나은동물병원,영업/정상,"경기도 안양시 동안구 귀인로 108, 206호,207호 (호계동)",경기도 안양시 동안구 호계동 927-9,031-360-0750,195663.107349691,431109.676362076,2024-08-14,383000001020240004
본 동물 건강검진영상센터,영업/정상,"대구광역시 달서구 월곡로 332, 2층 (상인동)",대구광역시 달서구 상인동 54-5,053-633-7585,338562.819092095,259125.395875578,2024-08-09,347000001020240001
문 동물병원,영업/정상,"울산광역시 울주군 언양읍 읍성로 68, 1층",울산광역시 울주군 언양읍 동부리 345-8,,391996.793576178,232005.82981033,2024-08-06,373000001020240003
서울든든동물병원,영업/정상,"인천광역시 미추홀구 소성로294번길 17-32, 로얄캐슬 상가 105-106호 (문학동)",인천광역시 미추홀구 문학동 0,032-432-8575,,,2024-08-02,351050001020240001
우리동물병원,영업/정상,강원특별자치도 횡성군 횡성읍 앞들동2로 68,강원특별자치도 횡성군 횡성읍 읍상리 195-80,,286889.947394652,442825.563820625,2024-07-30,426100001020240001
아이맘동물의료센터,영업/정상,"경기도 부천시 원미구 상동로 69, 새롬프라자(15차) 204호 (상동)",경기도 부천시 원미구 상동 544-11 새롬프라자(15차),032-710-6605,178022.823328285,444644.745702961,2024-07-30,386000001020240002
왕십리동물병원,영업/정상,"서울특별시 성동구 무학로6길 50, 101동 225호 (도선동, 성동삼성쉐르빌)",서울특별시 성동구 도선동 69 성동삼성쉐르빌 101동 225호,02-2138-1888,203017.021457357,451346.281102634,2024-07-26,303000001020240004
유동물병원,영업/정상,"강원특별자치도 강릉시 강릉대로 337-5, 101동 106호 (포남동)",강원특별자치도 강릉시 포남동 1117,033-822-2020,367664.006397338,475433.376817276,2024-07-25,420100001020240002
뿌리동물병원,영업/정상,"경기도 수원시 팔달구 세지로 178, 1,2층 (인계동)",경기도 수원시 팔달구 인계동 986-16,031-546-0375,201902.436425236,418363.500867324,2024-07-24,374000001020240005
펫가든동물병원,영업/정상,"경기도 의왕시 계원대학로 7, 롯데마트 2층 (내손동)",경기도 의왕시 내손동 743 롯데마트,031-422-4475,197598.213989563,430907.769943711,2024-07-19,403000001020240001
수청포근동물병원,영업/정상,"충청남도 당진시 남부로 242, 능원빌딩 101호 (수청동)",충청남도 당진시 수청동 1078,041-430-7567,168141.895426555,376073.943372928,2024-07-17,568000001020240001
훈동물병원,영업/정상,"부산광역시 해운대구 좌동순환로 174, 거성빌딩 3층 301호 (좌동)",부산광역시 해운대구 좌동 1289-2 거성빌딩,051-702-0100,398071.706222876,188659.056491948,2024-07-17,333000001020240001
우리동물병원,영업/정상,"경상남도 의령군 의령읍 의병로22길 21-1, 101호",경상남도 의령군 의령읍 중동리 434-6 101호,055-817-7582,314812.143771098,202794.567573538,2024-07-16,539000001020240001
가이드 동물의료센터,영업/정상,"경기도 군포시 금정로 47, 디 싸이트(D Site) (금정동)",경기도 군포시 금정동 726-1 디 싸이트(D Site),031-360-7555,194643.186938406,429272.445272456,2024-07-15,402000001020240001
두카메디컬센터,영업/정상,"경기도 안양시 동안구 벌말로 126, 평촌 오비즈타워 2층 217호 (관양동)",경기도 안양시 동안구 관양동 1802 평촌 오비즈타워 217호,031-422-7534,197294.653649091,433065.342670877,2024-07-15,383000001020240003
필 동물병원,영업/정상,"전남광주통합특별시 서구 마륵복개로 157, 101동 B101-2호 (쌍촌동)",전남광주통합특별시 서구 쌍촌동 870-11,062-381-3733,186651.727411762,183098.816308245,2024-07-12,581000001020240002
자연동물병원,영업/정상,전북특별자치도 군산시 공단대로 252 (수송동),전북특별자치도 군산시 수송동 819-3,063-462-7733,174099.89060444,273305.372511524,2024-07-09,467100001020240001
강덕훈 동물병원,영업/정상,강원특별자치도 정선군 정선읍 정선로 1311,강원특별자치도 정선군 정선읍 봉양리 233-1,,346912.865398548,432076.133692756,2024-07-09,429100001020240001
우리아이동물병원,영업/정상,"인천광역시 연수구 인천타워대로 365, B동 2층 219호 (송도동, 힐스테이트 송도 더스카이)",인천광역시 연수구 송도동 30-2 힐스테이트 송도 더스카이,,167026.143765355,433287.005927092,2024-07-09,352000001020240003
호수동물병원,영업/정상,"전남광주통합특별시 해남군 황산면 시등로 111, 호수동물병원",전남광주통합특별시 해남군 황산면 남리리 1-3 호수동물병원,,147824.465322453,119863.570702136,2024-07-08,587000001020240001
한국고양이혈액센터,영업/정상,"서울특별시 양천구 중앙로 349, 2층 (신월동)",서울특별시 양천구 신월동 456-8,02-544-7975,186583.853430927,447197.797629393,2024-07-05,314000001020240001
윤동물병원,영업/정상,"경기도 남양주시 다산중앙로82번안길 118, 111-1,112호 (다산동)",경기도 남양주시 다산동 6169,031-563-8875,214462.593698774,456646.946502346,2024-07-04,399000001020240004
미유펫 동물병원,영업/정상,"전남광주통합특별시 서구 마륵복개로 154, 4층 501호 (쌍촌동)",전남광주통합특별시 서구 쌍촌동 891-49,,186595.87687558,183073.365061358,2024-07-01,581000001020240001
동진동물병원,영업/정상,"경상남도 진주시 상대로 131, 1층 (하대동)",경상남도 진주시 하대동 74-23,,302536.360462726,187895.17343505,2024-07-01,531000001020240001
인천동물심장내과,영업/정상,"인천광역시 연수구 인천타워대로180번길 11, A동 210호 (송도동, 더샵송도센트럴파크Ⅲ)",인천광역시 연수구 송도동 92 더샵송도센트럴파크Ⅲ,032-710-6686,167928.264343359,431957.799657822,2024-07-01,352000001020240002
파크동물의료센터,영업/정상,"인천광역시 검단구 이음대로 479, 108호 (당하동)",인천광역시 검단구 당하동 1286-11 108호,032-719-7576,,,2024-06-26,356500001020240003
돌봄동물병원,영업/정상,"전남광주통합특별시 나주시 공산면 공산로 120, 공산철물",전남광주통합특별시 나주시 공산면 금곡리 853-4 공산철물,,164209.506707989,160464.30349125,2024-06-25,579500001020240004
네오 동물병원,영업/정상,"충청북도 충주시 예성로 226, A동 2층 좌측호 (교현동)",충청북도 충주시 교현동 416-19,,283231.492302827,386518.785188425,2024-06-24,439000001020240001
튼튼동물병원,영업/정상,"경기도 김포시 김포한강11로 300, 에비뉴파크 101호 (운양동)",경기도 김포시 운양동 1297-3,,171899.581064739,461501.531645164,2024-06-24,409000001020240004
아이튼튼동물병원,영업/정상,"서울특별시 성북구 길음로 11, 2층 241호 (길음동, 길음역롯데캐슬트윈골드아파트)",서울특별시 성북구 길음동 542-1 길음역롯데캐슬트윈골드아파트 241호,,201973.88683884,455713.244570106,2024-06-24,307000001020240001
평화동물병원,영업/정상,"전북특별자치도 정읍시 충정로 159, 평화동물병원 1층 (상동)",전북특별자치도 정읍시 상동 541-24 평화동물병원,,187482.802880542,229572.149361434,2024-06-21,469100001020240001
덕계 원 동물병원,영업/정상,"경기도 양주시 덕계로 132-12, 제이타워 2층 2호 (덕계동)",경기도 양주시 덕계동 928-7,031-928-4815,204818.198656222,479562.802632092,2024-06-20,559000001020240002
정직 동물병원,영업/정상,"경기도 하남시 미사강변중앙로 180, 힐스테이트 미사역 그랑파사쥬(11-1BL) 2층 2017,2018호 (망월동)",경기도 하남시 망월동 1099-1 힐스테이트 미사역 그랑파사쥬(11-1BL),,216790.504619651,451214.590007646,2024-06-20,404000001020240002
뉴로동물암센터,영업/정상,"부산광역시 연제구 중앙대로 1084, 진도사옥 1층 (연산동)",부산광역시 연제구 연산동 702-10 진도사옥,051-711-8251,389473.281486449,189228.061082038,2024-06-20,337000001020240001
가디언 비뇨기&최소침습수술동물병원,영업/정상,"서울특별시 서초구 방배로 110, 석교빌딩 2층 201호 (방배동)",서울특별시 서초구 방배동 907-4 석교빌딩,02-442-8287,199608.78194237,442434.716931667,2024-06-20,321000001020240002
김포시 반려동물 공공진료센터,영업/정상,"경기도 김포시 김포한강1로 242, 운양역 환승센터 공영주차장 A동 1층 (운양동)",경기도 김포시 운양동 1307-2,031-5186-1941,172070.579840871,461263.118265603,2024-06-17,409000001020240003
씽씽 동물의료센터,영업/정상,"경기도 양주시 회천중앙로 225, 2층 4,5호 (덕계동)",경기도 양주시 덕계동 883-1,031-8088-7077,204500.487519986,479521.65496467,2024-06-14,559000001020240001
강동큰숲동물병원,영업/정상,"서울특별시 강동구 양재대로 1384, 미림빌딩 1층 7,8,9호 (둔촌동)",서울특별시 강동구 둔촌동 517 미림빌딩,02-6958-7975,212071.095285346,447496.789395109,2024-06-13,324000001020240004
밀양대동물진료센터,영업/정상,경상남도 밀양시 부북면 사포로 86,경상남도 밀양시 부북면 전사포리 386-3,,358314.225499102,220603.617499979,2024-06-07,536000001020240001
한가람 동물병원(출장진료전문병원),영업/정상,"충청남도 천안시 동남구 통정6로 5-40, 1층 101호 (신방동)",충청남도 천안시 동남구 신방동 1848,,211957.377261128,363562.728164268,2024-06-06,565000001020240003
고산동물병원,영업/정상,"전남광주통합특별시 완도군 고금면 농상도남48번길 6-1, 고산동물병원",전남광주통합특별시 완도군 고금면 농상리 335,,181908.93819254,99527.8558078004,2024-06-04,590000001020240001
삼성펫클리닉,영업/정상,"서울특별시 강남구 봉은사로 640, 에스빌딩 1층 (삼성동)",서울특별시 강남구 삼성동 163 에스빌딩,,205706.786116703,445848.83840572,2024-06-04,322000001020240003
하누동물병원,영업/정상,"강원특별자치도 홍천군 홍천읍 설악로 1628-16, 2호",강원특별자치도 홍천군 홍천읍 연봉리 75,,277678.449487557,464564.585020264,2024-06-01,425000001020220001
상암 진 동물의료센터,영업/정상,서울특별시 마포구 월드컵북로 308 (상암동),서울특별시 마포구 상암동 27-61,,190847.209850162,452482.356035014,2024-05-31,313000001020240002
24시 바덴동물메디컬,영업/정상,"전남광주통합특별시 광산구 임방울대로 790, 1층 (월계동)",전남광주통합특별시 광산구 월계동 868-7,062-710-2475,185782.5225,190898.29,2024-05-30,582500001020240003
라온펫동물병원,영업/정상,대전광역시 동구 계족로 405 (홍도동),대전광역시 동구 홍도동 9-4,,238665.75684542,316417.338755893,2024-05-30,364000001020240001
아침동물병원,영업/정상,"경기도 용인시 수지구 성복2로 238, 1층 (성복동)",경기도 용인시 수지구 성복동 409-12,031-8019-5575,205373.419523379,424193.154832274,2024-05-28,564000001020240003
아크로벳 내과동물병원,영업/정상,"서울특별시 광진구 광나루로 582, 세종빌딩 1층 (구의동)",서울특별시 광진구 구의동 202-3 1층,02-2088-7119,208181.517388785,448984.848324887,2024-05-24,304000001020240002
동물병원 비헤이브,영업/정상,"대전광역시 서구 계룡로 639, 에이스침대 대전사옥 1층 6호 (탄방동)",대전광역시 서구 탄방동 81-7 에이스침대 대전사옥,,235256.468631985,315429.233420818,2024-05-23,366000001020240001
큰별동물의료원,영업/정상,"부산광역시 동래구 금강로8번가길 9, 아크원빌딩 1층 (온천동)",부산광역시 동래구 온천동 791-12 아크원빌딩,051-903-7588,388615.691869983,192241.679420001,2024-05-22,330000001020240001
황금누리동물병원,영업/정상,"대구광역시 수성구 청호로 297, 골든게이트 1층 (황금동)",대구광역시 수성구 황금동 92 골든게이트 1층,053-763-7599,347961.846005777,261675.403758111,2024-05-21,346000001020240002
호호동물병원,영업/정상,"제주특별자치도 제주시 과원로 36, 지하2층 1호 (연동)",제주특별자치도 제주시 연동 1360-4,064-748-7555,152239.725253775,-2153.93644352672,2024-05-20,651000001020240001
더블리스동물의료센터,영업/정상,"전남광주통합특별시 여수시 시청로 15, 1층 101호 (학동)",전남광주통합특별시 여수시 학동 68-21,,260577.851143551,140722.738750678,2024-05-20,578500001020240001
탕정동물의료센터,영업/정상,"충청남도 아산시 탕정면 매곡한들1길 11, 202호",충청남도 아산시 탕정면 매곡리 1478,041-533-7581,208084.918489783,364573.262413464,2024-05-17,452000001020240001
이지웰 동물병원(산업동물 출장진료전문동물병원),영업/정상,충청남도 천안시 동남구 목천읍 동평1길 21-8,충청남도 천안시 동남구 목천읍 동평리 221-5,,220702.369223312,363366.165635938,2024-05-16,565000001020240002
동물병원 누리에뜰,영업/정상,"서울특별시 마포구 신촌로 248, 1~4층 (아현동)",서울특별시 마포구 아현동 331-11,02-364-3517,195806.533554405,450529.146481834,2024-05-10,313000001020240001
예송동물병원,영업/정상,"충청남도 예산군 예산읍 예산로212번길 17, 1층",충청남도 예산군 예산읍 예산리 483-9,,186341.175987578,353166.969412361,2024-05-09,461000001020240001
기장i동물의료센터,영업/정상,"부산광역시 기장군 일광읍 해빛1로 74, 2층 202호",부산광역시 기장군 일광읍 삼성리 809-1,,402219.626863894,197940.580311167,2024-05-09,340000001020240001
루리동물병원,영업/정상,"서울특별시 강동구 고덕로 353, 고덕그라시움(제1상가) 1층 제비104호 (고덕동)",서울특별시 강동구 고덕동 693 고덕그라시움(제1상가),02-2088-1010,214299.644266879,450637.954760292,2024-05-09,324000001020240003
아담동물병원,영업/정상,경상북도 예천군 예천읍 시장로 118,경상북도 예천군 예천읍 동본리 518-1,,330209.490690288,351607.071465215,2024-05-07,523000001020240004
동물병원 The 개치동,영업/정상,"부산광역시 수영구 광안해변로284번길 38, 해링턴타워광안 디오션오피스텔 101동 114호 (민락동)",부산광역시 수영구 민락동 181-169 해링턴타워광안 디오션오피스텔,051-757-0590,393553.229464968,185974.276546763,2024-05-07,338000001020240001
미르동물의료센터,영업/정상,"서울특별시 강남구 선릉로 48, 1층 101,102호 (개포동)",서울특별시 강남구 개포동 168-11,,205216.255,442383.585,2024-05-07,322000001020240002
돌봄동물병원,영업/정상,"경기도 안양시 동안구 관평로 183, 평촌자이엘라 107,108호 (관양동)",경기도 안양시 동안구 관양동 1591-12 평촌자이엘라,031-687-8749,196348.623611046,432336.522653627,2024-05-03,383000001020240002
내곁에 동물병원,영업/정상,"서울특별시 노원구 덕릉로 753, 노원 롯데캐슬 시그니처 상가 101동 1-1호 (상계동, 노원 롯데캐슬 시그니처)",서울특별시 노원구 상계동 95-3 노원 롯데캐슬 시그니처,02-952-7599,206799.020098051,462509.638445514,2024-05-03,310000001020240001
드림동물병원,영업/정상,전남광주통합특별시 고흥군 동강면 고흥로 4263,전남광주통합특별시 고흥군 동강면 유둔리 198-20,,230434.410625055,142423.004010051,2024-05-02,584500001020240001
포레스트(4rest) 동물메디컬센터,영업/정상,"전북특별자치도 전주시 덕진구 동부대로 1139, 2층 (송천동2가)",전북특별자치도 전주시 덕진구 송천동2가 453-20,063-247-8875,210974.594833316,263260.921638503,2024-05-02,464100001020240003
미소동물병원(출장진료전문동물병원),영업/정상,전남광주통합특별시 함평군 함평읍 광남길 14,전남광주통합특별시 함평군 함평읍 내교리 401,,155815.859670725,173969.372645921,2024-04-30,588500001020240001
로고스 동물병원,영업/정상,"경기도 용인시 처인구 낙은로 32, 1층 (역북동)",경기도 용인시 처인구 역북동 464-9,031-323-5511,217562.668613964,415377.155326296,2024-04-30,562000001020240003
별담동물병원,영업/정상,"충청북도 청주시 흥덕구 오송읍 오송생명7로 151, 상가 227동 401, 402호 (오송역 파라곤 센트럴시티)","충청북도 청주시 흥덕구 오송읍 봉산리 798 오송역 파라곤 센트럴시티 상가 227동 401,2호",043-715-3255,228014.817337788,346824.282014071,2024-04-29,573000001020240002
나음동물병원,영업/정상,"경상북도 구미시 봉곡남로 70, 1층 (봉곡동)",경상북도 구미시 봉곡동 362-4,,317805.867545359,295027.285337272,2024-04-26,508000001020230005
아빠 동물병원,영업/정상,"인천광역시 연수구 아카데미로 442, 106호 (송도동, 힐스테이트 레이크 송도3차)",인천광역시 연수구 송도동 397-5 힐스테이트 레이크 송도3차,032-833-4642,166087.445593305,432444.038558868,2024-04-26,352000001020240001
우리동물메디컬센터,영업/정상,"경기도 광주시 경안로41번길 6, D209호, D210-2호, D208호 (경안동, 경기광주역 금호리첸시아)","경기도 광주시 경안동 447 경기광주역 금호리첸시아 D209호, D210-2호, D208호",,222618.188936667,434045.266636268,2024-04-25,554000001020240002
오송 봄봄 동물병원,영업/정상,"충청북도 청주시 흥덕구 오송읍 오송생명8로 175, 오송 다니엘플라자 2층 204-2, 205호",충청북도 청주시 흥덕구 오송읍 봉산리 1003,043-715-7560,228384.570358517,346465.170338533,2024-04-24,573000001020240001
아틀라스동물의료센터,영업/정상,"대구광역시 군위군 군위읍 군청로 49-18, 2층",대구광역시 군위군 군위읍 서부리 151-126,,340861.475319319,304231.367858892,2024-04-20,514100001020240001
본바른 동물의료센터,영업/정상,"경기도 남양주시 별내중앙로 24, 201호 (별내동)",경기도 남양주시 별내동 1006-3,031-522-5778,211072.098602199,460349.607768839,2024-04-19,399000001020240003
드림동물의료센터,영업/정상,"세종특별자치시 도움3로 105-7, 메디케어빌딩 1층 107,108호 (종촌동)",세종특별자치시 종촌동 658 메디케어빌딩,,222293.501934887,333750.702890304,2024-04-18,569000001020240002
바른동물병원,영업/정상,"강원특별자치도 강릉시 경강로2223번길 2, 1층 (포남동)",강원특별자치도 강릉시 포남동 1133-3,033-643-0750,367916.943736914,475102.614754634,2024-04-18,420100001020240001
라온 동물 메디컬센터,영업/정상,경상북도 구미시 송정대로 35 (송정동),경상북도 구미시 송정동 33-8,054-510-8100,320776.477469527,291666.04944079,2024-04-16,508000001020240001
다은동물병원,영업/정상,"부산광역시 북구 금곡대로 180, 해창빌딩 1층 102호 (화명동)",부산광역시 북구 화명동 898-20 해창빌딩,051-363-7942,382941.565667465,193588.337169141,2024-04-15,332000001020240001
프라임 동물의료센터,영업/정상,"서울특별시 강동구 올림픽로 820, 서연빌딩 1층 (암사동)",서울특별시 강동구 암사동 462-3 서연빌딩,02-426-8875,211349.725354409,450207.018195483,2024-04-15,324000001020240002
그레이스 고양이 심장&치과병원,영업/정상,"서울특별시 강남구 선릉로152길 17, 아시아청담부띠끄 3층 301호 (청담동)",서울특별시 강남구 청담동 88-37 아시아청담부띠끄 301호,,203559.800138386,446912.293422992,2024-04-15,322000001020240001
더봄동물병원,영업/정상,"경상남도 창원시 성산구 원이대로473번길 9, 노블파크아파트 2층 217호 (반림동)",경상남도 창원시 성산구 반림동 15 노블파크아파트,055-266-7975,351896.017437962,194111.813017382,2024-04-09,567000001020240002
에프엠(FM)동물메디컬센터 김포점,영업/정상,"경기도 김포시 김포한강1로 77-5, 2층 (장기동)",경기도 김포시 장기동 1857,031-982-7587,170690.679817329,460386.330857609,2024-04-08,409000001020240002
덕은하이동물병원,영업/정상,"경기도 고양시 덕양구 으뜸로 130, 위프라임트윈타워 214,215호 (덕은동)",경기도 고양시 덕양구 덕은동 0 위프라임트윈타워,02-3158-0275,,,2024-04-08,394000001020240003
마음 동물병원,영업/정상,"경기도 수원시 장안구 이목로 17, 105(일부),106호 (이목동)",경기도 수원시 장안구 이목동 338-6,031-8067-7559,198459.659511707,423178.312122611,2024-04-08,374000001020240004
바른 정 동물병원,영업/정상,"강원특별자치도 원주시 치악로 1639, 1,2층 (단구동)",강원특별자치도 원주시 단구동 626-9,033-813-0004,284953.388911272,425669.406988032,2024-04-07,419100001020240003
치즈동물병원,영업/정상,"경기도 부천시 소사구 범안로 227, 서영아너시티1차 3층 8,9호 (옥길동)",경기도 부천시 소사구 옥길동 777-4 서영아너시티1차,02-6180-7575,183359.335317051,440015.365621298,2024-04-05,386000001020240001
24시 해든동물의료센터 의정부점,영업/정상,경기도 의정부시 평화로 448 (의정부동),경기도 의정부시 의정부동 378,031-951-9499,204186.385,469943.775,2024-04-05,382000001020240001
산들동물병원,영업/정상,"서울특별시 중랑구 용마산로 670, C동 129,130호 (망우동, 신내역 프라디움 더 테라스)",서울특별시 중랑구 망우동 584 신내역 프라디움 더 테라스,02-435-7582,208947.072330515,456501.735079654,2024-04-05,306000001020240002
성수 숲속 피부과 동물병원,영업/정상,"서울특별시 성동구 서울숲2길 32-14, 지하1층 B114호 (성수동1가, 갤러리아 포레)",서울특별시 성동구 성수동1가 685-696 갤러리아 포레 지하1층 B114호,02-2205-2975,203684.281166499,449280.97521227,2024-04-04,303000001020240003
동물병원 더 메이,영업/정상,"대전광역시 유성구 대덕대로 594, 108호 (도룡동, 타워코리아나 주상복합)",대전광역시 유성구 도룡동 385-16 타워코리아나 주상복합 108호,042-861-7588,233935.620312857,320627.37372755,2024-04-03,367000001020240002
다봄 동물병원,영업/정상,"서울특별시 광진구 자양로 163, 우남빌딩 (구의동)",서울특별시 광진구 구의동 254-36 우남빌딩 1층,02-456-7775,207334.35237407,448890.470998334,2024-04-03,304000001020240001
메리트원 동물의료센터,영업/정상,"서울특별시 구로구 고척로 156, 2,3층 (고척동)",서울특별시 구로구 고척동 265-7,02-2611-1925,186772.546947449,444563.542190545,2024-04-02,316000001020240001
홍예동물병원,영업/정상,충청남도 홍성군 홍북읍 용봉산3길 20-13,충청남도 홍성군 홍북읍 상하리 105-5,,169626.181709087,348994.808913006,2024-03-29,460000001020240001
바른동물메디컬센터,영업/정상,"서울특별시 서대문구 거북골로 100, 상가동 19,20호 (남가좌동, 래미안 루센티아)","서울특별시 서대문구 남가좌동 390 래미안 루센티아 상가동 19,20호",02-6956-3383,192641.14591065,452652.059898055,2024-03-29,312000001020240001
한결동물병원,영업/정상,"경상남도 양산시 물금읍 화합10길 19, 1층",경상남도 양산시 물금읍 범어리 2686-10,055-388-7975,382933.006615481,205227.031634156,2024-03-28,538000001020240002
리틀버드서울 버드앤주클리닉,영업/정상,"서울특별시 송파구 오금로 332, 다윤빌딩 2층 (가락동)",서울특별시 송파구 가락동 160-3 다윤빌딩,02-403-7588,211290.306609617,444364.073052691,2024-03-28,323000001020240002
늘봄동물병원,영업/정상,"경기도 용인시 수지구 수풍로 112, 1층 (풍덕천동)",경기도 용인시 수지구 풍덕천동 660,031-265-7579,208241.856372636,425741.536371651,2024-03-27,564000001020240001
다정동물병원,영업/정상,"울산광역시 동구 서부로 50, 1동 지하층 202호 (서부동)",울산광역시 동구 서부동 1049 지하층 1동 202호,052-233-7222,,,2024-03-27,371000001020240001
광주첨단YB동물병원,영업/정상,"전남광주통합특별시 북구 첨단연신로 100, 첨단2지구 대성베르힐 A동 206~7호 (신용동)",전남광주통합특별시 북구 신용동 860 첨단2지구 대성베르힐 A동 206~7호,062-574-1888,187648.302840683,189734.61218906,2024-03-25,582000001020240003
참좋은동물병원,영업/정상,충청남도 부여군 부여읍 석탑로 지하62-1,충청남도 부여군 부여읍 관북리 157-2,,192100.354586953,308987.762461312,2024-03-25,457000001020240001
리움동물의료센터,영업/정상,서울특별시 송파구 동남로 115 (가락동),서울특별시 송파구 가락동 107-1,,210874.46580602,443154.570251567,2024-03-22,323000001020240001
엘림동물병원,영업/정상,"서울특별시 영등포구 가마산로 584, 제흥한의원 1층 (신길동)",서울특별시 영등포구 신길동 720 제흥한의원,,192955.313671889,444637.094833567,2024-03-22,318000001020240001
서울앤 동물병원,영업/정상,"전남광주통합특별시 광산구 하남대로 269, 1층 102호 (신가동)",전남광주통합특별시 광산구 신가동 930-1,,183801.520781014,186711.652611139,2024-03-21,582500001020240002
백동물의료센터,영업/정상,"경기도 화성시 효행구 봉담읍 동화역말길 73-2, 1층",경기도 화성시 효행구 봉담읍 동화리 238-91 1층,031-278-7631,197121.517331734,412805.795065062,2024-03-21,575000001020240003
다올동물병원,영업/정상,"전남광주통합특별시 북구 양산로71번길 2, 103호 (양산동)",전남광주통합특별시 북구 양산동 777 103호,062-434-5252,189230.788956978,190094.701512471,2024-03-19,582000001020240002
분당 피엘 동물피부클리닉,영업/정상,"경기도 성남시 분당구 수내로 39, 223호 (수내동, 분당지웰푸르지오)",경기도 성남시 분당구 수내동 1-1 분당지웰푸르지오,031-8039-7554,210336.219223619,431064.038078129,2024-03-15,378000001020240005
온유동물병원,영업/정상,"전남광주통합특별시 광산구 풍영로 273, 1층 (장덕동)",전남광주통합특별시 광산구 장덕동 1068,062-951-0075,183108.912453935,188513.967171006,2024-03-14,582500001020240001
H.B.(꿀벌)동물병원,영업/정상,"충청북도 보은군 마로면 관기송현로 108, 태화슈퍼",충청북도 보은군 마로면 관기리 292-4 태화슈퍼,,273519.68297281,326306.589936011,2024-03-14,442000001020240001
구민동물병원,영업/정상,"서울특별시 강동구 양재대로127길 31, 1층 (천호동)",서울특별시 강동구 천호동 43-3,,212388.04155829,449247.738023803,2024-03-13,324000001020240001
빛가람동물병원,영업/정상,"전남광주통합특별시 나주시 그린로 339, 리버빌딩 1층 108호 (빛가람동)",전남광주통합특별시 나주시 빛가람동 330-3 리버빌딩 108호,,181126.757303274,168664.326349019,2024-03-12,579500001020240002
구름동물병원,영업/정상,"경상북도 영주시 영주로72번길 14-1, 1층 (가흥동)",경상북도 영주시 가흥동 1549-7,,343387.865797623,370085.878695768,2024-03-12,509000001020240002
청학동물병원,영업/정상,"경기도 남양주시 별내면 청학로68번길 13, 삼화빌딩",경기도 남양주시 별내면 청학리 413-3 삼화빌딩,031-848-8575,210453.866965467,467351.751617154,2024-03-11,399000001020240002
마음담은 동물병원,영업/정상,"경기도 남양주시 다산중앙로82번안길 28, 213,214호 (다산동)",경기도 남양주시 다산동 6113 213호,031-556-7588,214431.535748668,457278.968896733,2024-03-11,399000001020240001
최지영 재활한방 동물병원,영업/정상,"경기도 고양시 일산서구 일산로 539, 가람빌딩 101호 (일산동)",경기도 고양시 일산서구 일산동 1084-3 101호,031-912-7582,179459.928318467,463906.049359777,2024-03-11,394000001020240002
원주더봄동물의료센터,영업/정상,"강원특별자치도 원주시 시청로 528, 103-104호 (관설동)",강원특별자치도 원주시 관설동 1399-25,033-762-7582,285566.842353589,424120.017865798,2024-03-06,419100001020240002
선 동물병원(출장전문),영업/정상,경기도 안성시 원곡면 가천중앙3길 12,경기도 안성시 원곡면 외가천리 264-2,,211331.947331052,393012.912881508,2024-03-06,408000001020240002
유진동물병원,영업/정상,"세종특별자치시 한누리대로 2165, 호려울마을7단지 근린생활시설 A동 208, 209호 (보람동)",세종특별자치시 보람동 738 호려울마을7단지 근린생활시설,,225630.340605741,330672.827929489,2024-03-04,569000001020240001
위케어동물의료센터,영업/정상,"경기도 고양시 일산동구 위시티4로 46, 상가동 302,303,303A,304호 (식사동, 위시티일산자이2단지아파트)",경기도 고양시 일산동구 식사동 1498 위시티일산자이2단지아파트 상가동,031-994-6346,183717.666945749,464491.443942879,2024-02-29,394000001020240001
웰니스 동물병원,영업/정상,"경기도 광명시 소하로 97, 3층 (소하동)",경기도 광명시 소하동 1339-3,,189714.449800306,438279.937828733,2024-02-29,390000001020110002
휴 동물병원,영업/정상,경기도 용인시 처인구 원삼면 보개원삼로 1361-1,경기도 용인시 처인구 원삼면 목신리 723,031-323-3383,227164.181741574,401863.256645643,2024-02-27,562000001020240002
이웃집 동물병원,영업/정상,"경기도 수원시 권선구 삼천병마로1566번길 13, 1층 6호 (오목천동)",경기도 수원시 권선구 오목천동 478-4,031-295-0975,196749.786480284,415687.014576308,2024-02-27,374000001020240003
경기도동물위생시험소 부설 동물병원,영업/정상,"경기도 수원시 권선구 칠보로1번길 63, 경기도동물위생시험소 (금곡동)",경기도 수원시 권선구 금곡동 746-15 경기도동물위생시험소,031-8008-6300,194146.288771817,418404.19022362,2024-02-27,374000001020240002
김천 내일동물병원,영업/정상,"경상북도 김천시 혁신4로 81, 101호 (율곡동)",경상북도 김천시 율곡동 675,054-911-1190,307099.134008657,291871.17732346,2024-02-26,506000001020240001
위런한방재활동물병원,영업/정상,"서울특별시 용산구 한강대로 95, 225호 (한강로2가, 래미안용산 더 센트럴)",서울특별시 용산구 한강로2가 422 래미안용산 더 센트럴 225호,02-2138-3877,197011.737528847,447430.100250997,2024-02-26,302000001020240001
에스동물병원,영업/정상,"강원특별자치도 원주시 지정면 조엄로 397, 102,103,104호 (원주기업도시 유보라 아이비파크 2단지)",강원특별자치도 원주시 지정면 가곡리 1470-1 원주기업도시 유보라 아이비파크 2단지,033-733-0275,276963.715257045,430755.346295523,2024-02-23,419100001020240001
푸른힐동물병원,영업/정상,"경기도 안양시 동안구 흥안대로456번길 24, 201호 (평촌동)",경기도 안양시 동안구 평촌동 68-14 201호,031-425-7579,197895.66551382,432448.695661864,2024-02-23,383000001020240001
한마음동물의료원,영업/정상,"경기도 안성시 공도읍 공도로 116-16, 101,201,202호",경기도 안성시 공도읍 승두리 60-10,031-657-7778,215339.631567845,388643.656065943,2024-02-22,408000001020240001
우주동물병원,영업/정상,"인천광역시 영종구 영종대로327번길 17, 101호 (운서동)",인천광역시 영종구 운서동 2929-4,032-721-7475,,,2024-02-22,349100001020240002
삼정동물병원,영업/정상,전북특별자치도 전주시 덕진구 가재미로 34 (인후동1가),전북특별자치도 전주시 덕진구 인후동1가 894-6,063-717-7155,214655.114418898,258651.303814809,2024-02-20,464100001020240002
울산 강일웅고양이메디컬센터,영업/정상,"울산광역시 남구 화합로 200, 2층 (삼산동)",울산광역시 남구 삼산동 1551-7,,412126.240997665,229492.693260911,2024-02-19,370000001020240001
노아동물병원,영업/정상,"대구광역시 동구 반야월로 334, 1층 (신서동)",대구광역시 동구 신서동 621-22,053-963-8882,355720.71307953,264899.996991166,2024-02-19,342000001020240003
국립생태원 멸종위기종복원센터 동물병원,영업/정상,"경상북도 영양군 영양읍 고월길 23, 국립멸종위기종복원센터",경상북도 영양군 영양읍 대천리 360 국립멸종위기종복원센터,054-680-7451,392603.043665043,351799.287534307,2024-02-07,517000001020190001
마음동물병원,영업/정상,"서울특별시 서초구 바우뫼로 53, 상가동 105호 (우면동, 코오롱아파트)",서울특별시 서초구 우면동 70 코오롱아파트,,202376.71465204,441157.646670749,2024-02-07,321000001020240001
BK심장동물병원,영업/정상,"서울특별시 성동구 고산자로6길 40, 행당동 레몬프라자 1층 113호 (행당동)",서울특별시 성동구 행당동 140 행당동 레몬프라자 1층 113호,02-790-9808,203071.959180897,450665.532604254,2024-02-07,303000001020240002
정 동물병원,영업/정상,"경상북도 상주시 중앙로 271, 2층 (복룡동)",경상북도 상주시 복룡동 293-37,,304705.201168068,324547.615845888,2024-02-06,511000001020240001
해오름 동물병원,영업/정상,"대구광역시 중구 달성로 123 (달성동, 달성파크푸르지오힐스테이트)",대구광역시 중구 달성동 352 달성파크푸르지오힐스테이트,053-522-5500,,,2024-02-06,341000001020240001
윤성진 안과/외과 동물병원,영업/정상,경기도 성남시 수정구 설개로21번길 7 (시흥동),경기도 성남시 수정구 시흥동 42-2,031-758-0824,209411.782172121,435455.412352012,2024-02-05,378000001020240004
우리동물병원,영업/정상,울산광역시 울주군 온양읍 남창1길 3,울산광역시 울주군 온양읍 남창리 264-9,,407103.208385587,215742.041843582,2024-02-02,373000001020240002
24시 파티마동물의료센터,영업/정상,"대구광역시 동구 동대구로 590, 301동 101호 (신암동, 동대구역화성파크드림아파트)",대구광역시 동구 신암동 255-14 동대구역화성파크드림아파트,053-710-2475,346820.578617528,265984.99477102,2024-02-02,342000001020240002
천안시 동물보호센터 동물병원,영업/정상,"충청남도 천안시 동남구 목천읍 충절로 577, 천안시 동물보호센터",충청남도 천안시 동남구 목천읍 응원리 273-12,041-566-5320,216019.786146769,363497.050053071,2024-01-31,565000001020240001
큰사랑동물병원,영업/정상,"경기도 이천시 이섭대천로 1229, 이천IS타워빌딩 203호 (창전동)",경기도 이천시 창전동 165-1 이천IS타워빌딩,031-632-5975,239534.972298879,419881.625080739,2024-01-30,407000001020240001
스타필드 수원 화서점 웰니스 동물병원,영업/정상,"경기도 수원시 장안구 수성로 175, 1층 1252(일부)호 (정자동)",경기도 수원시 장안구 정자동 111-14,031-690-1175,199161.380909543,420620.351156652,2024-01-24,374000001020240001
한별피그크리닉,영업/정상,"경기도 성남시 분당구 정자일로213번길 19, 201동 208호 (정자동, 아이파크분당2)",경기도 성남시 분당구 정자동 10-1 아이파크분당2,031-556-9008,209217.597324441,429862.701329193,2024-01-19,378000001020240003
더편한동물병원,영업/정상,"경기도 성남시 중원구 광명로 176, 상가동 2층 216호 (중앙동, 신흥역 하늘채 랜더스원 1단지)",경기도 성남시 중원구 중앙동 3001 신흥역 하늘채 랜더스원 1단지,031-747-1175,213051.899880908,437448.672543604,2024-01-18,378000001020240002
YS동물병원,영업/정상,"전남광주통합특별시 나주시 배멧2길 17, 퍼스트빌딩 1동 4층 401-4호 (빛가람동)",전남광주통합특별시 나주시 빛가람동 287-1,,181065.216749735,168953.774098424,2024-01-17,579500001020240001
고은동물병원,영업/정상,"경상남도 창원시 마산합포구 가포로 86-2, 1층 (월영동)",경상남도 창원시 마산합포구 월영동 615-12,055-244-1214,342314.688813493,187481.222575273,2024-01-17,567000001020240001
김영대 동물병원,영업/정상,전남광주통합특별시 순천시 용당둑길 183 (조곡동),전남광주통합특별시 순천시 조곡동 353-4,,244802.498040464,161994.994746836,2024-01-16,579000001020240001
24시 봉담동물의료센터,영업/정상,"경기도 화성시 효행구 봉담읍 상리중심상가길 28-8, 망고타운 203, 204, 205호","경기도 화성시 효행구 봉담읍 상리 688-2 망고타운 203, 204, 205호",031-227-3175,195145.796663982,413818.098530311,2024-01-12,575000001020240002
전동물병원,영업/정상,"경기도 화성시 만세구 향남읍 상신하길로135번길 9-15, 101호",경기도 화성시 만세구 향남읍 상신리 1289 101호,,190860.668563776,400429.311525123,2024-01-12,574000001020240001
위례 바른 동물의료센터,영업/정상,"경기도 성남시 수정구 위례광장로 310, 우성트램타워 A동 201호 (창곡동)",경기도 성남시 수정구 창곡동 509-1 우성트램타워,031-8039-7753,212552.60409159,441182.813544656,2024-01-12,378000001020240001
다올동물병원,영업/정상,전북특별자치도 전주시 완산구 용머리로 132 (효자동1가),전북특별자치도 전주시 완산구 효자동1가 181-4,063-717-0102,211202.34990424,256171.899541568,2024-01-10,464100001020240001
글로벌꿀벌동물병원,영업/정상,"전남광주통합특별시 북구 서암대로 188, 진선빌딩 2층 (신안동)",전남광주통합특별시 북구 신안동 240-36,062-511-5007,191230.704780585,185465.184295476,2024-01-09,582000001020240001
진심동물내과심장병원,영업/정상,"대구광역시 수성구 동대구로 346, 상가동 4-1호 (범어동, 범어서한포레스트)",대구광역시 수성구 범어동 177-1 범어서한포레스트 상가동 4-1호,,346925.376846101,263556.846946078,2024-01-09,346000001020240001
수 동물병원,영업/정상,전남광주통합특별시 광양시 중마용소6길 9 (중동),전남광주통합특별시 광양시 중동 1390-5,,262811.24237605,160540.036355853,2024-01-04,580000001020240001
바이오드동물병원,영업/정상,"전북특별자치도 익산시 고봉로 79, 전북대학교익산캠퍼스 제1수의학관 312호 (마동)",전북특별자치도 익산시 마동 194-5 전북대학교익산캠퍼스 제1수의학관 312호,063-850-0685,196293.182574154,271394.642230452,2024-01-04,468100001020240001
화천동물병원,영업/정상,"강원특별자치도 화천군 화천읍 중앙로2길 40, 1층",강원특별자치도 화천군 화천읍 하리 39-7 1층,,261669.580385189,511415.1275808,2024-01-04,431100001020240001
웰니스 동물병원,영업/정상,"경기도 하남시 미사대로 750, 스타필드 하남 1층 G242호 (신장동)",경기도 하남시 신장동 616 스타필드 하남,,219699.010520355,449270.371200837,2024-01-04,404000001020240001
파머스,영업/정상,경상남도 거제시 하청면 하청로 10,경상남도 거제시 하청면 하청리 667-11,,351066.349297024,163080.752857119,2024-01-03,537000001020240001
중랑차동물병원,영업/정상,"서울특별시 중랑구 중랑천로 81, 101호 (상봉동)",서울특별시 중랑구 상봉동 137-16,02-433-0787,206345.47354923,454460.821850917,2024-01-02,306000001020240001
인우동물병원,영업/정상,"충청북도 청주시 청원구 오창읍 중부로 1555, 1층",충청북도 청주시 청원구 오창읍 화산리(華山) 278-8,,243879.976817261,362715.936147966,2023-12-29,573500001020230001
원동물병원,영업/정상,경상남도 창녕군 대합면 십이리길 62,경상남도 창녕군 대합면 십이리 222-7,,333257.598902489,235889.336562036,2023-12-29,541000001020230001
유니온동물병원,영업/정상,경상북도 구미시 해평면 해평시장3길 17-1,경상북도 구미시 해평면 낙성리 153-1,,325062.8138065,300311.203623191,2023-12-29,508000001020230006
바른동물병원,영업/정상,경기도 이천시 구만리로 114 (진리동),경기도 이천시 진리동 367-1,031-637-7959,239715.500262086,418572.125696158,2023-12-29,407000001020230005
애니피아동물병원,영업/정상,"충청남도 청양군 청양읍 칠갑산로9길 1, 1동 1층 101호",충청남도 청양군 청양읍 읍내리 162-6,,182459.080706116,327776.27968546,2023-12-28,459000001020230003
서봉동물병원,영업/정상,"전남광주통합특별시 광산구 어등대로 289-5, 1층 102호 (서봉동)",전남광주통합특별시 광산구 서봉동 169-7,,177661.696296753,183624.980594578,2023-12-26,582500001020230002
낭만고양이병원,영업/정상,"대전광역시 유성구 현충원로347번길 79-5, 101호 (구암동)",대전광역시 유성구 구암동 663-8,,227413.063378242,317839.184920257,2023-12-26,367000001020230002
야당마을동물병원,영업/정상,"경기도 파주시 송학1길 88, 1층 (야당동)",경기도 파주시 야당동 192-22,031-949-7553,179079.935628383,467887.926924129,2023-12-22,406000001020230007
아이디펫 동물병원,영업/정상,"부산광역시 연제구 중앙대로 1068, 1층 (연산동)",부산광역시 연제구 연산동 703-9,,389379.874389864,189095.987755202,2023-12-22,337000001020230001
곰곰동물병원,영업/정상,"강원특별자치도 강릉시 범일로 646, 1층 (내곡동)",강원특별자치도 강릉시 내곡동 427-3,033-823-2008,365936.4697518,472955.887008199,2023-12-21,420100001020230001
전남동물의료센터,영업/정상,전남광주통합특별시 나주시 빛가람로 746 (빛가람동),전남광주통합특별시 나주시 빛가람동 279-2 에스타워 101호,061-333-8575,181063.731516762,169112.990478925,2023-12-19,579500001020230003
24시 연희동물의료센터,영업/정상,"인천광역시 연수구 청능대로 93, 이리옴프라자 301동 1호 (청학동)",인천광역시 연수구 청학동 503-4 이리옴프라자,032-821-8088,171219.186363769,434738.827797912,2023-12-18,352000001020230005
해피동물병원,영업/정상,경상남도 남해군 남해읍 화전로 143,경상남도 남해군 남해읍 아산리 177-3,055-864-7778,281729.143623495,149848.298314227,2023-12-13,543000001020230001
신사동물병원,영업/정상,"충청남도 청양군 정산면 정현2길 3, 1동 1층 101호",충청남도 청양군 정산면 서정리 170-2,,195204.656129189,323416.714123441,2023-12-11,459000001020230002
이화동물병원,영업/정상,충청남도 천안시 동남구 병천면 아우내순대길 16,충청남도 천안시 동남구 병천면 병천리 230-1,,226507.907504318,362015.383955851,2023-12-11,565000001020230003
엘림동물병원,영업/정상,전남광주통합특별시 무안군 일로읍 월평길 9,전남광주통합특별시 무안군 일로읍 용산리 728-5,,154144.986024611,150618.256485526,2023-12-07,588000001020230001
행복튼튼동물병원,영업/정상,"경기도 파주시 중앙로 241, 한샘파주키친프라자 1호 (금촌동)",경기도 파주시 금촌동 777-4 한샘파주키친프라자,,180417.472295956,472842.218127721,2023-12-07,406000001020230006
도담동물의료센터동물병원,영업/정상,경기도 이천시 이섭대천로 1458 (증포동),경기도 이천시 증포동 22-1,031-638-8875,240579.939547367,421811.035500827,2023-12-06,407000001020230004
진수동물병원,영업/정상,전북특별자치도 익산시 함열읍 함낭로 533,전북특별자치도 익산시 함열읍 와리 168-1,,196924.387474814,285984.838001474,2023-12-04,468100001020230001
서림동물병원,영업/정상,충청남도 서산시 공림3길 51 (예천동),충청남도 서산시 예천동 1091-1,,149122.360077014,363172.077342969,2023-12-04,453000001020230001
건강하게 동물병원,영업/정상,"경기도 하남시 위례학암로14번길 27, 디에이치타워 위례 2층 201호 (학암동)",경기도 하남시 학암동 647-5 디에이치타워 위례 201호,,213842.911220009,442798.493856424,2023-12-04,404000001020230004
잠실 스무살의꿈동물병원,영업/정상,"서울특별시 송파구 석촌호수로 140, 잠실레이크타워 202, 203호 (삼전동)",서울특별시 송파구 삼전동 22-2 잠실레이크타워,02-423-2010,208106.510001185,444988.080002931,2023-12-04,323000001020230009
좋은말동물병원(출장진료전문),영업/정상,"경상남도 함양군 안의면 종로길 9-2, 1층",경상남도 함양군 안의면 금천리 118,,273574.260922682,236760.502633571,2023-12-01,546000001020230001
내마음의 동물병원,영업/정상,"경상남도 진주시 초전북로61번길 34-17, 혜진빌 1층 (초전동)",경상남도 진주시 초전동 1719-10,,301445.565738573,190866.646443104,2023-11-29,531000001020230003
가평동물병원,영업/정상,"경기도 가평군 가평읍 보납로 11, 센트럴더스카이 근린생활시동 105호",경기도 가평군 가평읍 읍내리 457-5,,245013.115244781,481096.792130088,2023-11-22,416000001020230001
북천동물병원,영업/정상,경상남도 하동군 북천면 경서대로 2441-4,경상남도 하동군 북천면 직전리 597-28 597-27번지,,281249.929953133,179794.466417556,2023-11-21,544000001020230002
부산 다솜고양이메디컬센터 금정점,영업/정상,"부산광역시 금정구 금강로 624, 2~3층 (남산동)",부산광역시 금정구 남산동 81,051-515-7586,389987.440709764,197984.628662275,2023-11-20,335000001020230004
부산 24시다솜동물메디컬센터 금정점,영업/정상,"부산광역시 금정구 금강로 624, 1층 (남산동)",부산광역시 금정구 남산동 81,051-515-7582,389987.440709764,197984.628662275,2023-11-20,335000001020230003
천사섬 동물병원,영업/정상,"전남광주통합특별시 신안군 지도읍 서촌길 17-14, 크레지움캐슬 116동 2층 201호",전남광주통합특별시 신안군 지도읍 읍내리 1702 크레지움캐슬 116동 201호,,,,2023-11-15,591000001020230001
다나동물병원,영업/정상,"대전광역시 중구 계백로 1588, 1층 101호 (유천동)",대전광역시 중구 유천동 210-3,042-255-3351,235540.580958595,313085.968528723,2023-11-14,365000001020230001
행복한 동물병원,영업/정상,대구광역시 달성군 유가읍 테크노순환로12길 4,대구광역시 달성군 유가읍 용리 887,053-611-7585,332873.58844066,244686.529495474,2023-11-09,348000001020230001
광명 24 아이디동물의료센터,영업/정상,"경기도 광명시 오리로 870, 서희스타힐스빌딩 2층 (철산동)",경기도 광명시 철산동 259,02-6952-2475,188074.631692048,441551.823004094,2023-11-06,390000001020190001
혜원동물병원,영업/정상,"서울특별시 중랑구 면목로 341, 1층 (면목동)",서울특별시 중랑구 면목동 497-7,02-439-8300,207729.175659582,453342.232542102,2023-11-06,306000001020230003
동물병원 왓슨,영업/정상,"인천광역시 부평구 동수천로 76-1, 1층 (부개동)",인천광역시 부평구 부개동 128-4 1층,032-715-7124,176640.887862494,443371.139358877,2023-11-02,354000001020230001
고려동물병원,영업/정상,강원특별자치도 인제군 북면 예술인촌길 57,강원특별자치도 인제군 북면 한계리 1218-22,033-462-5777,309785.804675974,516415.231615959,2023-11-01,433100001020230001
표쌤동물병원,영업/정상,"충청북도 영동군 영동읍 계산로 107-1, 표쌤동물병원",충청북도 영동군 영동읍 계산리 866-31 표쌤동물병원,,270856.543888805,297014.635120189,2023-10-31,444000001020230002
헬로우동물병원 여의도점,영업/정상,"서울특별시 영등포구 국제금융로7길 22, 대교B상가 2층 202호 (여의도동)",서울특별시 영등포구 여의도동 41-1 대교B상가 202호,02-784-7588,194015.180457719,446777.454528971,2023-10-31,318000001020230003
조이동물병원,영업/정상,"전남광주통합특별시 서구 월드컵4강로 38, 에이치제이그린빌딩 1층 (화정동)",전남광주통합특별시 서구 화정동 856-16,062-229-0075,188632.278850398,182396.966456213,2023-10-30,581000001020230001
백동물병원,영업/정상,전남광주통합특별시 영광군 영광읍 옥당로 233-12 (사직스카이아파트),전남광주통합특별시 영광군 영광읍 단주리 370-12 사직스카이아파트 101호,,154365.343526484,198313.470007021,2023-10-27,589000001020230001
기찬동물병원,영업/정상,전남광주통합특별시 영암군 신북면 호산로 611-3,전남광주통합특별시 영암군 신북면 이천리 683-1,,170593.581225153,153538.865471028,2023-10-26,587500001020230002
포항보담동물병원,영업/정상,경상북도 포항시 북구 중흥로 218 (죽도동),경상북도 포항시 북구 죽도동 617-13,054-281-7582,412542.940139602,282831.26156097,2023-10-26,502000001020230002
다솜동물병원,영업/정상,"충청북도 충주시 중앙탑면 원앙4길 25, 104호",충청북도 충주시 중앙탑면 용전리 1026,043-863-7585,273635.209709278,390969.498342085,2023-10-26,439000001020230002
동물병원 유피,영업/정상,"서울특별시 송파구 가락로 69, 푸른바둑교실 1층 (석촌동)",서울특별시 송파구 석촌동 251-4 푸른바둑교실,02-6479-7582,209110.621910902,444219.84748826,2023-10-24,323000001020230008
북부대동물병원,영업/정상,강원특별자치도 철원군 갈말읍 두루미로 103,강원특별자치도 철원군 갈말읍 문혜리 1109-3,,227989.769410003,520292.771558717,2023-10-19,430100001020230001
온하루 동물의료센터,영업/정상,"경기도 용인시 수지구 만현로 88, 상현종합상가 상가동 2층 203,204호 (상현동)","경기도 용인시 수지구 상현동 66-9 상현종합상가 상가동 2층 203,204호",,207486.780775167,422987.4803328,2023-10-13,564000001020230001
킨텍스꿈동물병원,영업/정상,"경기도 고양시 일산서구 킨텍스로 240, 판매시설동 1층 179호 (대화동, 킨텍스 꿈에그린)",경기도 고양시 일산서구 대화동 2603 킨텍스 꿈에그린 판매시설동 179호,031-919-7582,177925.172169511,462673.381313058,2023-10-13,394000001020230005
튼튼동물병원,영업/정상,"세종특별자치시 아름서1길 13-1, 마드리드R 109, 110호 (아름동)",세종특별자치시 아름동 1327 마드리드R,,221654.869950633,334469.573632298,2023-10-12,569000001020230002
자이동물병원,영업/정상,"대구광역시 서구 고성로 33, 404동 2층 206호 (원대동3가, 서대구센트럴자이)",대구광역시 서구 원대동3가 1401 서대구센트럴자이,053-352-8277,341984.17906069,266278.887114727,2023-10-12,343000001020230001
고등동물병원,영업/정상,"경기도 성남시 수정구 고등로1길 6-4, 101호 (고등동)",경기도 성남시 수정구 고등동 575-1 101호,,208301.937856202,436361.475141614,2023-10-11,378000001020230009
소랑동물병원,영업/정상,"경기도 성남시 분당구 판교대장로7길 16, 1층 102호 (대장동, 힐스테이트 판교 엘포레 A6BL)",경기도 성남시 분당구 대장동 595 힐스테이트 판교 엘포레 A6BL 102호,,,,2023-10-10,378000001020230008
진솔동물병원,영업/정상,"서울특별시 은평구 연서로 72, 삼성프라임 101,102호 (역촌동)",서울특별시 은평구 역촌동 22-48,02-356-7547,192499.264952138,455920.490562559,2023-10-06,311000001020230004
스무해 동물병원,영업/정상,"서울특별시 동작구 서달로 150, 2층 222호 (흑석동, 이랜드해가든)",서울특별시 동작구 흑석동 332 이랜드해가든,02-6953-0475,196587.030630143,444939.455414947,2023-10-05,319000001020230001
도담도담동물병원,영업/정상,울산광역시 울주군 서생면 용리길 136-25,울산광역시 울주군 서생면 용리 36-1,052-239-2236,411162.02652423,209614.037372686,2023-09-26,373000001020230001
아는수의사 동물병원,영업/정상,"대구광역시 중구 남산로 39, 1층 (남산동)",대구광역시 중구 남산동 2466-26,053-431-0825,342856.914363029,263364.097215347,2023-09-26,341000001020230002
두티동물병원,영업/정상,"대구광역시 중구 달구벌대로 2208, 서정희피부과 4층 (대봉동)",대구광역시 중구 대봉동 20-65 서정희피부과,053-719-0050,344855.365642187,263678.876402168,2023-09-26,341000001020230001
청담 고운 피부과 동물병원,영업/정상,"서울특별시 강남구 도산대로 537, RNF537 3층 (청담동)",서울특별시 강남구 청담동 125-14 RNF537,02-545-8875,204559.800838069,446996.519590524,2023-09-26,322000001020230007
백제동물병원,영업/정상,충청남도 부여군 부여읍 성왕로 202,충청남도 부여군 부여읍 구아리 141-3,,191852.896157724,309093.514617458,2023-09-25,457000001020230002
상일 쓰담쓰담 동물병원,영업/정상,"서울특별시 강동구 구천면로 670, 2층 (상일동)",서울특별시 강동구 상일동 226,02-2135-8257,215162.624131128,449857.296853071,2023-09-25,324000001020230002
동행동물병원,영업/정상,"전남광주통합특별시 북구 설죽로 298, 1,2층 (오치동)",전남광주통합특별시 북구 오치동 785-6,062-251-7582,190689.842498306,187448.233407851,2023-09-22,582000001020190003
포레스트동물의료센터,영업/정상,"경기도 수원시 팔달구 팔달로 63, 103,104호 (고등동)",경기도 수원시 팔달구 고등동 141-22,031-241-5953,200111.247343846,419156.173051222,2023-09-22,374000001020230008
서울동물복지지원센터 동대문 동물병원,영업/정상,서울특별시 동대문구 무학로 201 (용두동),서울특별시 동대문구 용두동 726-1,02-921-2413,202523.469147286,453317.110098416,2023-09-21,305000001020230001
성남 시립동물병원,영업/정상,"경기도 성남시 수정구 탄리로 59, 공영주차장(수정커뮤니티센터) 지하1층 B103-B106호 (수진동)",경기도 성남시 수정구 수진동 587 공영주차장(수정커뮤니티센터) B103-호,,211974.456940369,437662.283076186,2023-09-19,378000001020230007
브리즈 동물병원,영업/정상,"인천광역시 검단구 서곶로 821, 2층 (당하동)",인천광역시 검단구 당하동 1082-10 2층호,032-710-8559,,,2023-09-19,356500001020230004
도담동물의료센터,영업/정상,강원특별자치도 홍천군 홍천읍 소옥개로 66,강원특별자치도 홍천군 홍천읍 갈마곡리 551-1,,279329.274282394,466494.194927197,2023-09-18,425100001020230001
링크늘푸른동물병원,영업/정상,전북특별자치도 전주시 완산구 서원로 225 (중화산동2가),전북특별자치도 전주시 완산구 중화산동2가 528-5,,210706.317094193,256973.117132461,2023-09-15,464100001020230002
바론동물병원,영업/정상,충청남도 부여군 부여읍 성왕로 347,충청남도 부여군 부여읍 쌍북리 169-6,,193265.071171596,309262.975312235,2023-09-15,457000001020230001
올림픽동물의료센터,영업/정상,"서울특별시 송파구 양재대로 1164, 홍일빌딩 2층 1, 2호 (오금동)",서울특별시 송파구 오금동 1 홍일빌딩,02-6956-5259,211282.308702926,445435.901904076,2023-09-15,323000001020230006
울산 쉼표동물병원,영업/정상,"울산광역시 중구 성안로 192, 1층 (성안동)",울산광역시 중구 성안동 401-8,052-700-9797,410054.241412614,233282.092027907,2023-09-14,369000001020230001
튼튼동물병원(출장진료전문병원),영업/정상,충청북도 충주시 예성6길 27 (교현동),충청북도 충주시 교현동 600-4,,282814.122023545,386546.591345814,2023-09-13,439000001020230001
국동물병원,영업/정상,"전남광주통합특별시 화순군 능주면 죽수길 43, 102호",전남광주통합특별시 화순군 능주면 잠정리 152-1 102호,,196207.321413227,165374.537875389,2023-09-12,585500001020230002
The Ark(디아크),영업/정상,"서울특별시 강남구 논현로149길 35, 402호 (논현동)",서울특별시 강남구 논현동 10-5 402호,,202197.721059247,446152.916710472,2023-09-08,322000001020230006
웜벳동물병원,영업/정상,"충청북도 청주시 서원구 수곡로 98, 한마음2차 10동 106호 (수곡동)",충청북도 청주시 서원구 수곡동 775 한마음2차 10동 106호,,242118.022301503,346716.123839224,2023-09-07,572500001020230003
24시 로운동물의료센터,영업/정상,"서울특별시 양천구 등촌로 10, 1~2층 (목동)",서울특별시 양천구 목동 807-1,02-6953-7576,187932.730876252,447620.266190948,2023-09-07,314000001020230004
미소 동물병원,영업/정상,전북특별자치도 군산시 대야면 만자로 28,전북특별자치도 군산시 대야면 지경리 808-3,,182624.871058064,271672.664404628,2023-09-06,467100001020230001
다정한 동물병원,영업/정상,"경기도 하남시 감일백제로180번길 17, 퀸즈에비뉴 2층 217,218,219호 (감이동)","경기도 하남시 감이동 440-2 퀸즈에비뉴 ,2층 217,218,219호",02-2135-1350,213621.00717382,445226.554488452,2023-09-06,404000001020230003
아인동물의료센터,영업/정상,"인천광역시 연수구 해돋이로 160-4, 301,302,303호 (송도동)",인천광역시 연수구 송도동 21-53 301-3호,032-721-7595,168600.861131788,432566.650841361,2023-09-06,352000001020230004
도원동물병원(출장전문),영업/정상,"충청남도 예산군 오가면 충서로 552-47, 3동",충청남도 예산군 오가면 역탑리 86-43 3동,,,,2023-09-04,461000001020230002
라비동물병원,영업/정상,"경기도 김포시 김포한강1로 238, 라비드퐁네프 레드동 115호 (운양동)",경기도 김포시 운양동 1340-1,,171970.945357311,461198.395861121,2023-08-31,409000001020230004
안양김준동물병원,영업/정상,"경기도 안양시 만안구 안양로 180, 204호 (안양동, 안양 KCC 스위첸)",경기도 안양시 만안구 안양동 433-1 안양 KCC 스위첸,031-447-1175,,,2023-08-31,383000001020230002
세림동물병원(출장진료 전문),영업/정상,"경기도 평택시 청북읍 청원로 386, B동 104호",경기도 평택시 청북읍 어연리 732-30,,197515.337464998,394008.966228586,2023-08-30,391000001020230004
장승준동물치과병원,영업/정상,"서울특별시 서대문구 가좌로 113, 1층 (홍은동)",서울특별시 서대문구 홍은동 400-1 1층 우측상가,02-302-7502,193354.603526305,453367.066997333,2023-08-30,312000001020230001
수색동물병원,영업/정상,"서울특별시 은평구 수색로 322, DMC SK뷰 아이파크 포레 2동 1층 105호 (수색동)",서울특별시 은평구 수색동 341-6,02-304-7772,190470.571086776,453719.226761577,2023-08-30,311000001020230002
W 인천심장동물병원,영업/정상,"인천광역시 서해구 청라커낼로260번길 27, 청라한신더휴커낼웨이 2층 212,213호 (청라동)",인천광역시 서해구 청라동 157-21 청라한신더휴커낼웨이 212호,032-565-8270,,,2023-08-29,356100001020230003
한걸음더 재활한방 동물병원,영업/정상,"서울특별시 송파구 백제고분로 294, 금산빌딩 1층 (석촌동)",서울특별시 송파구 석촌동 235-2 금산빌딩,02-423-2088,208716.224790006,444472.55590963,2023-08-29,323000001020230005
OK동물병원,영업/정상,전북특별자치도 진안군 진안읍 진무로 994,전북특별자치도 진안군 진안읍 군하리 330-18,,238178.098666621,253973.160130034,2023-08-28,473100001020230001
계절엔 동물의료센터,영업/정상,"대전광역시 유성구 테크노1로 12-28, 152,153,163,164호 (관평동)",대전광역시 유성구 관평동 1343,042-368-7575,234660.71778544,325443.517137843,2023-08-28,367000001020230001
선진브릿지랩동물병원「산업동물 출장진료 전문」,영업/정상,경기도 이천시 부발읍 신아로 58,경기도 이천시 부발읍 아미리 766-1,031-637-5248,243266.516445693,417484.592072027,2023-08-25,407000001020230003
반려동물병원,영업/정상,경기도 파주시 조리읍 내산길 9,경기도 파주시 조리읍 봉일천리 181-7,,182800.5089858,471656.650691161,2023-08-23,406000001020230005
산청동물의료센터,영업/정상,경상남도 산청군 산청읍 산엔청로 13,경상남도 산청군 산청읍 옥산리 443-1,,279403.671285728,213171.373206859,2023-08-21,545000001020230001
석촌호수동물병원,영업/정상,"서울특별시 송파구 송파대로49길 52, 석촌호수 나인파크 A 1층 101호 (석촌동)",서울특별시 송파구 석촌동 24-11 석촌호수 나인파크 A,02-419-5959,208681.402223879,444879.056733741,2023-08-21,323000001020230004
뉴욕동물병원,영업/정상,"서울특별시 종로구 창경궁로35길 19, 2층 (혜화동)",서울특별시 종로구 혜화동 53-11 2층,02-762-7582,200079.663985257,453836.098562833,2023-08-21,300000001020230001
웰니스동물병원,영업/정상,"서울특별시 강서구 화곡로 398, 홈플러스강서점앤본사사옥 4층 (등촌동)",서울특별시 강서구 등촌동 639-11 홈플러스강서점앤본사사옥,02-3663-6575,187119.948165892,450691.593173724,2023-08-17,315000001020230003
정원동물병원,영업/정상,"부산광역시 부산진구 성지로 34, 2층 (연지동)",부산광역시 부산진구 연지동 31-26,051-934-7575,387146.323980807,187992.362337026,2023-08-11,329000001020230002
통영숲동물의료센터,영업/정상,"경상남도 통영시 광도면 죽림1로 79, 골프의모든것",경상남도 통영시 광도면 죽림리 1580-15 골프의모든것,055-648-8456,329901.70283453,154033.942054343,2023-08-09,533000001020230001
YJ Animal Clinic,영업/정상,"경기도 수원시 권선구 권선로 715, 2층 일부호 (권선동)",경기도 수원시 권선구 권선동 1022-7,,202556.937357192,417421.935882249,2023-08-09,374000001020230007
헤이든동물병원,영업/정상,"서울특별시 강남구 언주로7길 6, 101,102,103,113호 (개포동, 개포자이르네)",서울특별시 강남구 개포동 1283 개포자이르네,02-6207-5551,204824.676141018,441809.561685082,2023-08-04,322000001020230005
서울동물병원,영업/정상,"경기도 성남시 중원구 산성대로 388-1, 1층 (금광동)",경기도 성남시 중원구 금광동 4403,031-741-8119,213920.192888635,438281.71088848,2023-08-03,378000001020230006
바른동물병원,영업/정상,"경기도 남양주시 늘을1로 3, 104호 (평내동)",경기도 남양주시 평내동 123-9 104호,031-559-4001,221078.4952354,461125.496428013,2023-08-02,399000001020230003
호랑이 동물병원,영업/정상,"인천광역시 연수구 송도문화로28번길 28, 205동 110호 (송도동, 송도글로벌캠퍼스푸르지오)",인천광역시 연수구 송도동 190-2 송도글로벌캠퍼스푸르지오 205동 110호,032-815-7522,169268.772668463,430570.255303601,2023-08-01,352000001020230003
하이동물병원,영업/정상,"부산광역시 부산진구 거제대로 18, 1, 2층 (양정동)",부산광역시 부산진구 양정동 401-12,051-852-7570,388297.793971458,187623.946709662,2023-08-01,329000001020230001
건강한동물병원,영업/정상,전남광주통합특별시 영암군 영암읍 서남역로 22,전남광주통합특별시 영암군 영암읍 서남리 69-1,,172036.332291287,144604.220497224,2023-07-28,587500001020230001
서울하이동물의료센터,영업/정상,"경기도 파주시 청암로 75, 상상메디컬프라자 2층 203호 (다율동)",경기도 파주시 다율동 1044-8 203호,,,,2023-07-28,406000001020230004
정담 동물메디컬센터,영업/정상,"경기도 부천시 소사구 경인로 141, 국일빌딩 1층 (송내동)",경기도 부천시 소사구 송내동 563 국일빌딩,032-653-0119,179676.48544207,442480.174774737,2023-07-27,386000001020230003
은쌤동물병원,영업/정상,"경기도 수원시 권선구 효원로94번길 14, 메디컬플라자 1층 103,104호 (세류동)",경기도 수원시 권선구 세류동 1258-3 메디컬플라자,031-233-7975,200950.966677128,418237.752258559,2023-07-27,374000001020230006
보타닉동물병원,영업/정상,"서울특별시 강서구 강서로 506, 가양골프장 A동 102,103호 (가양동)",서울특별시 강서구 가양동 1458 가양골프장,02-6952-3676,185983.836659693,452051.602909992,2023-07-27,315000001020230002
순천시 반려동물 공공진료소,영업/정상,"전남광주통합특별시 순천시 역전길 50, 순천시 반려동물 문화센터 2층 (조곡동)",전남광주통합특별시 순천시 조곡동 131-5,061-749-8715,245361.51777706,161203.118903388,2023-07-26,579000001020230001
다란동물병원,영업/정상,경기도 여주시 북벌로 66 (하거동),경기도 여주시 하거동 646-1,,256092.89356877,415249.366177067,2023-07-25,570000001020230005
대경동물병원,영업/정상,경상북도 구미시 선산읍 조남로 164,경상북도 구미시 선산읍 화조리 188,,318597.904441833,304858.372848035,2023-07-25,508000001020230004
PNH 동물병원,영업/정상,충청남도 홍성군 홍북읍 내용길 617-58,충청남도 홍성군 홍북읍 용산리 372,041-631-8657,173206.302301817,349080.306444081,2023-07-25,460000001020230002
안양동물병원,영업/정상,경기도 안양시 만안구 안양로 347 (안양동),경기도 안양시 만안구 안양동 695-94,031-466-0075,,,2023-07-24,383000001020230001
수현동물병원,영업/정상,"전남광주통합특별시 함평군 함평읍 광남길 14, 101호",전남광주통합특별시 함평군 함평읍 내교리 401,,155815.859670725,173969.372645921,2023-07-21,588500001020230001
정이동물병원,영업/정상,"전남광주통합특별시 강진군 강진읍 향교로 82, 103호",전남광주통합특별시 강진군 강진읍 동성리 282-1 103호,,179091.830584653,127577.230448862,2023-07-21,586500001020230001
해마루 동물병원,영업/정상,경기도 성남시 분당구 황새울로319번길 8-6 (서현동),경기도 성남시 분당구 서현동 272-5 수의과학회관,031-781-2992,210654.986591999,431519.970467175,2023-07-21,378000001020230005
로얄동물외과수술센터,영업/정상,"서울특별시 중랑구 동일로 640, 지하1, 지상4층 (면목동)",서울특별시 중랑구 면목동 146-75,070-8660-0936,207017.81527047,453914.639780644,2023-07-21,306000001020230002
이로운동물병원(출장진료전문병원),영업/정상,경상북도 구미시 선산읍 동교2길 8,경상북도 구미시 선산읍 동부리 791,,317142.896367255,305751.803607251,2023-07-19,508000001020230003
선산동물병원,영업/정상,"경상북도 구미시 선산읍 조남로 194-20, 1층",경상북도 구미시 선산읍 독동리 493-4,,319040.507782672,305100.343159698,2023-07-18,508000001020230002
경서동물병원,영업/정상,"경기도 고양시 덕양구 중앙로 170, 1층 (화전동)",경기도 고양시 덕양구 화전동 575-30 1층,02-3158-0733,188495.479333919,455656.748985687,2023-07-18,394000001020230004
더 포레 동물병원,영업/정상,"경기도 하남시 위례대로6길 20-2, 위례 호반써밋 1층 116,117호 (학암동)","경기도 하남시 학암동 652 위례 호반써밋, 1층 116,117호",02-2039-7734,213350.190461363,442530.253078794,2023-07-17,404000001020230002
가양동물의료센터,영업/정상,대전광역시 동구 동대전로 280 (가양동),대전광역시 동구 가양동 416-9,042-636-8855,239937.956296874,316224.036522683,2023-07-14,364000001020230003
동물진료법인피케이동물병원,영업/정상,대전광역시 동구 한밭대로 1249 (용전동),대전광역시 동구 용전동 13-5,042-636-2947,239076.734892677,317387.41781067,2023-07-12,364000001020230002
포레동물병원,영업/정상,"부산광역시 동래구 명장로 58, 1층 (명장동)",부산광역시 동래구 명장동 145-6,051-526-7588,391830.34990624,191510.498252435,2023-07-11,330000001020230001
소정동물병원,영업/정상,"충청남도 예산군 삽교읍 신촌길 11-12, 지상동 1층",충청남도 예산군 삽교읍 신리 316-46,041-338-7541,170788.203005645,352895.432472389,2023-07-10,461000001020230001
합천동물병원,영업/정상,"경상남도 합천군 합천읍 동서로 51-1, 1층",경상남도 합천군 합천읍 합천리 550,,304922.237683161,230341.649240489,2023-07-07,548000001020230002
청송영양축협 동물병원(출장진료전문),영업/정상,경상북도 청송군 진보면 진보로 264,경상북도 청송군 진보면 각산리 226,054-873-1195,384382.380216232,338739.351354417,2023-07-07,516000001020230002
늘봄 동물병원,영업/정상,"충청남도 천안시 서북구 직산읍 봉주로 17, 삼은리 빌딩 1층 102호",충청남도 천안시 서북구 직산읍 삼은리 76-118,041-585-7575,213166.607594957,375077.344704054,2023-07-07,566000001020230001
한샘동물병원,영업/정상,"충청북도 청주시 서원구 복대로 40, 2층 (개신동)",충청북도 청주시 서원구 개신동 623,,239760.00365387,346717.653134771,2023-07-06,572500001020230002
해뜨는 동물병원,영업/정상,"경상남도 진주시 개양로 112, 신진주역세권 줌테라스 1층 103호 (가좌동)",경상남도 진주시 가좌동 2068-1 신진주역세권 줌테라스,055-921-5959,301820.651373678,184497.755951052,2023-07-06,531000001020230002
뉴욕동물병원「산업동물 출장진료 전문」,영업/정상,경기도 이천시 설봉로55번길 28 (관고동),경기도 이천시 관고동 20-14,,238662.263520558,420075.628825429,2023-07-06,407000001020230002
소나무동물병원(출장전문),영업/정상,강원특별자치도 횡성군 횡성읍 문정로 9-1,강원특별자치도 횡성군 횡성읍 읍하리 92,,287029.117405616,443589.498388407,2023-07-05,426100001020230001
마레동물병원,영업/정상,"부산광역시 기장군 일광읍 해송4로 16, 일광역에코테라스 209호",부산광역시 기장군 일광읍 삼성리 893 일광역에코테라스 209호,,403041.008063594,198635.198496978,2023-07-04,340000001020230001
하 수의과 동물병원,영업/정상,"경상북도 봉화군 봉화읍 내성로 121-1, 성광빌딩 1층 102호",경상북도 봉화군 봉화읍 내성리 353-39 성광빌딩 102호,,354996.832595231,378256.096102656,2023-06-29,524000001020230002
새별동물병원,영업/정상,경상북도 의성군 단북면 안계길 225-1,경상북도 의성군 단북면 노연리 363-10,,328293.308510436,321988.688707007,2023-06-29,515000001020230001
정선동물병원,영업/정상,강원특별자치도 정선군 정선읍 정선로 1321,강원특별자치도 정선군 정선읍 봉양리 220-6,033-563-0198,347018.990761488,432107.590878187,2023-06-29,429100001020230001
동물병원 더 하임,영업/정상,"경기도 성남시 수정구 수정로 273, 수정빌딩 1층 (신흥동)",경기도 성남시 수정구 신흥동 34 수정빌딩,031-746-7582,212818.475436898,438579.588327304,2023-06-29,378000001020230003
신길S동물의료센터,영업/정상,"서울특별시 영등포구 도신로 86, 1층 (신길동)",서울특별시 영등포구 신길동 362-22,,191259.378434391,444946.729697606,2023-06-28,318000001020230002
지웅동물병원,영업/정상,"전남광주통합특별시 나주시 재신길 10, 미도방 1층 (송월동)",전남광주통합특별시 나주시 송월동 1130-1 미도방,061-337-9737,173846.388234849,169274.036416519,2023-06-27,579500001020230002
바로슬동물병원,영업/정상,"서울특별시 송파구 백제고분로 506, 2층 (방이동, 올림픽타워빌)",서울특별시 송파구 방이동 180-3 올림픽타워빌,02-6953-7599,210147.649377402,445888.044710065,2023-06-27,323000001020230003
양주 센트럴 동물병원,영업/정상,"경기도 양주시 옥정로 208, 선양프라자 (옥정동)",경기도 양주시 옥정동 963-9 선양프라자,031-928-6569,208044.986593821,479742.223660366,2023-06-23,559000001020230002
다가온 동물병원,영업/정상,"경기도 안성시 공도읍 서동대로 4081, 216호",경기도 안성시 공도읍 용두리 752 216호,031-655-7533,214064.706384236,388658.651874416,2023-06-23,408000001020230003
휴SMC 동물병원,영업/정상,충청북도 진천군 이월면 중미로 471,충청북도 진천군 이월면 신월리 366-43,,241323.70226161,380336.983090005,2023-06-22,445000001020230001
동물치과병원 케어덴,영업/정상,"서울특별시 강남구 언주로 813, 3층 (신사동)",서울특별시 강남구 신사동 627-21 3층,02-540-7522,202836.742008108,446751.323242159,2023-06-22,322000001020230003
화순동물병원,영업/정상,"전남광주통합특별시 화순군 화순읍 진각로 16-1, 1층 1호",전남광주통합특별시 화순군 화순읍 삼천리 488-1,,198669.443564368,172677.916799546,2023-06-20,585500001020230001
늘봄 동물병원,영업/정상,"경기도 양주시 옥정로 218, 신운정튼튼프라자 2층 3-1호 (옥정동)",경기도 양주시 옥정동 963-6 신운정튼튼프라자,,208043.505,479832.631327799,2023-06-20,559000001020230001
중동우리아이동물병원,영업/정상,"경기도 부천시 원미구 소향로 181, 상가동 1층 125호 (중동, 센트럴파크 푸르지오)",경기도 부천시 원미구 중동 1300 센트럴파크 푸르지오,032-724-9898,179405.695792369,444449.660787061,2023-06-20,386000001020230002
스타동물의료센터,영업/정상,"경기도 성남시 수정구 수정로 287, 2층 (신흥동)",경기도 성남시 수정구 신흥동 30-2 2층,031-8023-9073,212888.115677533,438697.984598845,2023-06-16,378000001020230002
동물병원 비아츠,영업/정상,서울특별시 도봉구 우이천로 446-3 (쌍문동),서울특별시 도봉구 쌍문동 474-4,,201440.396062205,461200.881241907,2023-06-14,309000001020230002
해담동물병원,영업/정상,경상북도 경산시 박물관로7길 4 (사동),경상북도 경산시 사동 642-8,,359235.399384456,258725.359324338,2023-06-13,513000001020230001
정직한 동물병원,영업/정상,"부산광역시 사하구 하신중앙로 182, 2층 201호 (신평동)",부산광역시 사하구 신평동 409-1,051-205-2323,378878.340180499,179069.667015558,2023-06-12,334000001020230001
더에스동물병원,영업/정상,"부산광역시 수영구 수영로464번길 6, 목원빌딩 3층 302호 (남천동)",부산광역시 수영구 남천동 29-19 목원빌딩,051-913-7582,392264.147233364,185152.279567038,2023-06-09,338000001020230002
치료해주오 동물병원 김포장기점,영업/정상,"경기도 김포시 김포한강4로212번길 16, 1층 (장기동)",경기도 김포시 장기동 1870-28,,169945.475971443,460874.184201086,2023-06-08,409000001020230003
뉴하트동물병원,영업/정상,"경기도 의정부시 서광로 135, 센타프라자 2층 201-1호 (산곡동)",경기도 의정부시 산곡동 690-1 센타프라자,031-928-6356,209708.259220973,469615.392092955,2023-06-07,382000001020230001
원 ANIMAL CNC,영업/정상,"경상북도 영천시 금호읍 금호로 360-22, 2층",경상북도 영천시 금호읍 신월리 220-5,,371192.023129767,272594.454766739,2023-06-01,510000001020230002
농림축산검역본부 부설 동물병원,영업/정상,"경상북도 김천시 혁신8로 177, 농림축산검역본부 질병진단동 1층 (율곡동)",경상북도 김천시 율곡동 960 농림축산검역본부,054-912-0473,307989.404889277,292526.436811,2023-06-01,506000001020230001
리온동물병원,영업/정상,"대구광역시 수성구 동대구로 62, 1,2층 (지산동)","대구광역시 수성구 지산동 998-3 1,2층",053-768-7975,346698.303426222,260750.507617235,2023-06-01,346000001020230001
펫사랑동물병원,영업/정상,"서울특별시 양천구 목동동로 309, 중소기업유통센터(행복한백화점) 지하2층 (목동)",서울특별시 양천구 목동 917-6 중소기업유통센터(행복한백화점),02-2062-7982,188977.171050288,447466.355031447,2023-06-01,314000001020230003
24시 딜라이트 동물의료센터,영업/정상,"서울특별시 도봉구 도봉로 578, 2층 2호 (창동)",서울특별시 도봉구 창동 715-1,02-904-1004,203439.44750178,461539.552727474,2023-06-01,309000001020230001
대성동물병원,영업/정상,"전남광주통합특별시 장흥군 장흥읍 북부로 39, 1층 101호 (수창아트빌아파트)",전남광주통합특별시 장흥군 장흥읍 건산리 670 수창상가 101호,,191418.875839316,131920.95386555,2023-05-30,586000001020230001
한강동물메디컬센터,영업/정상,"경기도 김포시 모담공원로 131, 1층 (운양동)",경기도 김포시 운양동 1338-8,,172832.705967814,460905.5398963,2023-05-30,409000001020230002
율동물의료센터,영업/정상,"서울특별시 강서구 공항대로 228, 2층 201,202,203,211,212호 (마곡동)",서울특별시 강서구 마곡동 800-5,02-2135-5611,185148.900294753,450719.380288227,2023-05-30,315000001020230001
루원 센트럴 동물의료센터,영업/정상,"인천광역시 서해구 봉오대로 270, 302동 B121호 (가정동, 루원시티2차 SK Leaders' VIEW)",인천광역시 서해구 가정동 0 루원시티2차 SK Leaders' VIEW 302동 B121호,032-579-7582,,,2023-05-26,356100001020230002
한림동물병원,영업/정상,경기도 포천시 영중면 양문로 82,경기도 포천시 영중면 양문리 772-12,,221257.170561553,499726.452473379,2023-05-25,560000001020230001
모던동물병원,영업/정상,"전남광주통합특별시 동구 중앙로290번길 2, 1층 (계림동)",전남광주통합특별시 동구 계림동 250-68,062-226-0075,192716.928450047,184264.431297295,2023-05-24,580500001020230001
패밀리 동물병원,영업/정상,"전북특별자치도 전주시 덕진구 동부대로 877, 남촌빌딩 A동 2층 (호성동1가)",전북특별자치도 전주시 덕진구 호성동1가 836-4 남촌빌딩 A동,,213343.678299992,262698.858853152,2023-05-24,464100001020230001
하늘동물병원,영업/정상,"경기도 수원시 권선구 곡반정로 155-1, 2층 (곡반정동)",경기도 수원시 권선구 곡반정동 532-5,031-8067-7570,202855.408478632,415540.425998597,2023-05-23,374000001020230005
위드동물병원,영업/정상,"경상북도 구미시 선산읍 선주로 16-7, 1층",경상북도 구미시 선산읍 이문리 647-1,,316171.083349443,305112.835439327,2023-05-22,508000001020230001
24시 공감365동물의료센터,영업/정상,"경기도 남양주시 진접읍 해밀예당1로 220, 엠타워 201~203호",경기도 남양주시 진접읍 금곡리 1042 엠타워 201~3호,031-575-8275,217778.358641152,468642.326585464,2023-05-18,399000001020230002
강우동물병원,영업/정상,"경상남도 거창군 거창읍 거함대로4길 59, 2층",경상남도 거창군 거창읍 김천리 54,,282677.944286655,242928.630443906,2023-05-17,547000001020230005
라온동물병원,영업/정상,강원특별자치도 양양군 양양읍 성안길 27,강원특별자치도 양양군 양양읍 구교리 192-3,033-943-9949,341943.122025739,509562.199876788,2023-05-12,435000001020230001
베리굿동물병원,영업/정상,"서울특별시 노원구 동일로203가길 29, 263,264,265호 (중계동, 브라운스톤중계)",서울특별시 노원구 중계동 506 브라운스톤중계,,205601.926027171,459732.128595514,2023-05-12,310000001020230001
조은동물병원,영업/정상,"경상남도 거창군 거창읍 강변로 191, 201호",경상남도 거창군 거창읍 대동리 905-1,,282986.219882218,243363.845831297,2023-05-11,547000001020230004
상동물병원,영업/정상,"경상남도 거창군 거창읍 송정2길 33, 3층 303호 (거창푸르지오)",경상남도 거창군 거창읍 송정리 1097 거창푸르지오상가 303호,,281414.722488724,242763.52572463,2023-05-11,547000001020230003
주동물병원,영업/정상,"충청남도 계룡시 계룡대로 245, 반석빌딩 1층 (금암동)",충청남도 계룡시 금암동 72-4 반석빌딩,042-551-0530,223241.298303936,307571.224960624,2023-05-10,558000001020230001
아림동물병원,영업/정상,경상남도 거창군 거창읍 강남로 258,경상남도 거창군 거창읍 대평리 444-2,,283639.955932332,243454.787704859,2023-05-10,547000001020230002
권앤정 동물외과병원,영업/정상,"경기도 수원시 영통구 덕영대로 1509, 2(일부)층 (영통동)",경기도 수원시 영통구 영통동 979-4,031-202-0119,204893.089110681,416027.58740846,2023-05-10,374000001020230004
보경동물병원,영업/정상,"경상남도 거창군 거창읍 소만1길 15-19, 1층",경상남도 거창군 거창읍 대동리 984-2,055-943-3998,283208.495957009,244020.885188028,2023-05-09,547000001020230001
이영수 고양이 병원,영업/정상,"인천광역시 서해구 봉오재3로 120, 301,302호 (가정동)",인천광역시 서해구 가정동 645-1 301호,032-205-0279,,,2023-05-08,356100001020230001
테디펫닥터동물병원,영업/정상,"부산광역시 강서구 명지국제6로232번길 14-8, 1층 (명지동)",부산광역시 강서구 명지동 3455-6,,375325.187106334,179093.406392957,2023-05-04,336000001020230001
여울동물병원,영업/정상,"경기도 화성시 동탄구 동탄광역환승로 73, 207동 1층 E025호 (오산동, 동탄역 반도유보라 아이비파크 8.0)",경기도 화성시 동탄구 오산동  973 동탄역 반도유보라 아이비파크 8.0 207동 E025호,031-373-0575,207987.268517449,411169.459964605,2023-05-03,577000001020230004
이루동물병원,영업/정상,"경기도 화성시 동탄구 동탄대로 181, 판매시설A동 214~216호 (송동, 동탄린스트라우스더레이크)",경기도 화성시 동탄구 송동  694 동탄린스트라우스더레이크 214호,031-378-7575,209253.387443815,407725.114639407,2023-05-03,577000001020230003
춘양동물병원(출장진료전문),영업/정상,경상북도 봉화군 춘양면 춘양로 1472-110,경상북도 봉화군 춘양면 서벽리 1700,,362848.560937232,391726.232627327,2023-05-02,524000001020230001
한울산업동물병원,영업/정상,충청남도 홍성군 홍성읍 월산로50번길 29,충청남도 홍성군 홍성읍 월산리 827-1,,168365.228516885,344467.695105551,2023-05-02,460000001020230001
정동물병원,영업/정상,"경기도 성남시 중원구 금상로 72, 1층 (상대원동)",경기도 성남시 중원구 상대원동 2316,,214414.730766097,437683.265009098,2023-04-30,378000001020230001
스텔라동물의료센터,영업/정상,"경기도 남양주시 다산중앙로123번길 22-8, 리더스퀘어 303,304호 (다산동)","경기도 남양주시 다산동 6060 리더스퀘어 303,4호",031-522-6675,213261.027634004,458003.084933955,2023-04-28,399000001020230001
24시 송도 온 동물의료센터,영업/정상,"인천광역시 연수구 인천타워대로180번길 11, B동 213-215호 (송도동, 더샵송도센트럴파크Ⅲ)",인천광역시 연수구 송도동 92 더샵송도센트럴파크Ⅲ,032-831-7580,167928.264343359,431957.799657822,2023-04-26,352000001020230002
메이동물병원,영업/정상,"충청북도 청주시 서원구 성봉로 174, 2층 (개신동)",충청북도 청주시 서원구 개신동 307,,240283.64138963,346729.122763977,2023-04-24,572500001020230001
한국동물병원,영업/정상,경상북도 영천시 금호읍 금호로 360-22,경상북도 영천시 금호읍 신월리 220-5,054-335-0896,371192.023129767,272594.454766739,2023-04-19,510000001020230001
해든고양이병원,영업/정상,"경기도 부천시 원미구 신흥로 190, 위브더스테이트 1단지 202,203,204호 (중동)",경기도 부천시 원미구 중동 1106 위브더스테이트,032-719-7939,180230.147459412,444378.254519656,2023-04-19,386000001020230001
아라i동물병원,영업/정상,"제주특별자치도 제주시 인다6길 45, 1층 101호 (아라일동)",제주특별자치도 제주시 아라일동 6114-14,064-753-7575,157912.262859647,-2262.96394674174,2023-04-18,651000001020230002
힘찬동물메디컬센터,영업/정상,"제주특별자치도 제주시 연북로 556, 1층 (아라일동)",제주특별자치도 제주시 아라일동 2476,,157085.528442793,-1014.54857698081,2023-04-18,651000001020230001
어썸펫동물병원,영업/정상,"충청남도 당진시 시청2로 6-11, 1층 102호 (수청동)",충청남도 당진시 수청동 1022,041-355-2008,168146.554684939,376610.176957126,2023-04-18,568000001020230001
메이플동물병원,영업/정상,"충청북도 옥천군 옥천읍 삼양로 40, 메이플 동물병원",충청북도 옥천군 옥천읍 삼양리 200-28 메이플 동물병원,043-732-7579,250771.407940531,311888.385934489,2023-04-17,443000001020230001
김앤정동물병원,영업/정상,"서울특별시 영등포구 선유로 52, 1층 우측호 (문래동3가)",서울특별시 영등포구 문래동3가 77-45,,190148.374147923,446256.213232429,2023-04-17,318000001020230001
발편한동물병원,영업/정상,전남광주통합특별시 장성군 장성읍 역전로 142,전남광주통합특별시 장성군 장성읍 기산리 478-50,,180038.346186745,200636.282708085,2023-04-14,589500001020230001
힘찬동물병원,영업/정상,경상남도 하동군 진교면 강변길 27-1,경상남도 하동군 진교면 진교리 425-5,,282292.385905942,170655.406109971,2023-04-14,544000001020230001
푸르메 동물병원,영업/정상,"전북특별자치도 완주군 고산면 고산로 120, 1층",전북특별자치도 완주군 고산면 읍내리 547-8,,218856.326556774,274905.903136408,2023-04-13,472100001020230001
동물병원 감동,영업/정상,"경기도 용인시 기흥구 구성로 88, (주)시간과공간 1층 102~103호 (언남동)",경기도 용인시 기흥구 언남동 412-2 (주)시간과공간,031-275-8080,210477.031591564,421360.498868516,2023-04-13,563000001020230001
샤인아이안과동물병원,영업/정상,"서울특별시 송파구 오금로 147, 1층 (방이동)",서울특별시 송파구 방이동 108-7,,209787.947726029,445412.46295026,2023-04-12,323000001020230002
소앤소동물병원(출장전문),영업/정상,전북특별자치도 김제시 봉남로 984 (황산동),전북특별자치도 김제시 황산동 643-11,063-542-9765,192229.078209299,253810.237907041,2023-04-11,471100001020230002
더엘동물의료센터,영업/정상,"전남광주통합특별시 북구 서하로 319-1, 1층 (오치동)",전남광주통합특별시 북구 오치동 1028-27 1층,062-224-7582,192235.320008497,187547.250035065,2023-04-10,582000001020230003
로얄동물메디컬센터 본원,영업/정상,"서울특별시 중랑구 동일로 640, 2층, 3층 (면목동)",서울특별시 중랑구 면목동 146-75,070-8660-0904,207017.81527047,453914.639780644,2023-04-09,306000001020230001
블루축산동물병원,영업/정상,"경기도 여주시 청심로 50, 2층 201호 (하동)",경기도 여주시 하동 436-2,,255437.021272673,422274.723931218,2023-04-05,570000001020230004
제일동물병원,영업/정상,충청남도 금산군 금산읍 비단로 59,충청남도 금산군 금산읍 상옥리 115,,243792.89024174,288869.863441977,2023-04-05,455000001020230001
내안에 동물병원,영업/정상,"충청남도 천안시 동남구 서부대로 285, 1층 106호 (신방동)",충청남도 천안시 동남구 신방동 1-7,041-572-7577,211366.188606695,365788.038800854,2023-04-05,565000001020230002
청당동물의료센터,영업/정상,"충청남도 천안시 동남구 청당5로 36, 2층 201-202호 (청당동)",충청남도 천안시 동남구 청당동 127-36,041-552-7599,213560.505993968,364338.088412272,2023-04-03,565000001020230001
행운동물병원,영업/정상,경상북도 예천군 지보면 지보로 184,경상북도 예천군 지보면 소화리 912-43,,324061.104977441,338935.766158536,2023-03-28,523000001020230003
플러스동물의료센터,영업/정상,대구광역시 북구 중앙대로 526(칠성동2가),대구광역시 북구 칠성동2가 371-2,053-424-2455,344112.795565257,265558.35343692,2023-03-27,345000001020230003
통일산업동물병원(산업동물에 대한 출장진료를 전문으로 함),영업/정상,경기도 파주시 적성면 감악산로 1230,경기도 파주시 적성면 구읍리 162-7,,193537.260271996,494837.9241089,2023-03-24,406000001020230003
공원옆동물의료센터,영업/정상,"서울특별시 양천구 목동서로 349, 센트럴프라자 203호 (신정동)",서울특별시 양천구 신정동 321-6 센트럴프라자 203호,02-2650-8275,188039.543424546,446149.197185122,2023-03-24,314000001020230002
사송 동물 메디컬센터,영업/정상,경상남도 양산시 동면 내송내안2길 13,경상남도 양산시 동면 내송리 870-3,,,,2023-03-23,538000001020230001
도청동물병원,영업/정상,"경상북도 예천군 호명읍 오천길 20-2, 가동",경상북도 예천군 호명읍 오천리 199-3 가동,,331491.748963653,344627.611057317,2023-03-21,523000001020230002
우리동물병원,영업/정상,"경상북도 예천군 호명읍 수변로 95, 호반프라자 110호",경상북도 예천군 호명읍 산합리 1486 호반프라자 110호,,332695.60984969,342533.450758924,2023-03-21,523000001020230001
보담동물의료센터,영업/정상,"부산광역시 금정구 식물원로 11, 2층 (장전동)",부산광역시 금정구 장전동 607-37,051-953-2000,389912.897024777,193614.583650675,2023-03-21,335000001020230002
24시 포항 이음동물의료센터,영업/정상,경상북도 포항시 남구 효성로93번길 4(효자동),경상북도 포항시 남구 효자동 587,054-612-2475,411285.995659502,280970.940412177,2023-03-16,502000001020230001
에스동물병원,영업/정상,"서울특별시 용산구 서빙고로 17, 헤링턴스퀘어 센트럴파크 몰동 1146, 1147호 (한강로3가)",서울특별시 용산구 한강로3가 98,,197056.728931087,447077.126289262,2023-03-16,302000001020230002
안산 센트럴 동물병원,영업/정상,"경기도 안산시 단원구 중앙대로 899, 롯데프라자 2층 (고잔동)",경기도 안산시 단원구 고잔동 537-4 롯데프라자 2층,031-439-7582,185430.424306732,423951.686644527,2023-03-15,393000001020230002
조이앤동물병원,영업/정상,"경기도 화성시 만세구 향남읍 발안양감로 187, 1동 205호",경기도 화성시 만세구 향남읍 하길리 1465-2 1동 205호,031-353-7522,192012.658168745,401627.876324313,2023-03-14,574000001020230002
수현동물병원,영업/정상,"충청북도 보은군 보은읍 풍취신함길 100, 주택 주2동",충청북도 보은군 보은읍 신함리 743-1 주택 주2동,,265324.960658087,333504.488021344,2023-03-14,442000001020230001
비마 클리닉,영업/정상,"경기도 김포시 월곶면 김포대학로 30, 1층 102호",경기도 김포시 월곶면 포내리 131-2,,159416.661114418,469273.651488823,2023-03-13,409000001020230001
운정튼튼동물병원,영업/정상,"경기도 파주시 심학산로423번길 7-21, 광성빌딩 (목동동)",경기도 파주시 목동동 1136,031-942-7524,176767.938397805,468515.192767501,2023-03-13,406000001020230002
괜찮아동물병원,영업/정상,"경기도 평택시 고덕갈평5길 32, 그랜드메디컬타워 3층 311~314호 (고덕동)",경기도 평택시 고덕동 1886-1 그랜드메디컬타워,031-662-9990,204145.419315301,394985.050482899,2023-03-13,391000001020230002
소로동물병원,영업/정상,"충청북도 청주시 흥덕구 옥산면 오송가락로 1041-1, 203호",충청북도 청주시 흥덕구 옥산면 가락리 270-9,,234731.847041624,352628.634502093,2023-03-08,573000001020230001
다나동물의료센터,영업/정상,"경기도 파주시 청석로 115, 반석프라자 201호 (동패동)",경기도 파주시 동패동 2080-3,031-944-7975,,,2023-03-07,406000001020230001
조아동물병원,영업/정상,"대구광역시 북구 공항로 12-2, 1층 (복현동)",대구광역시 북구 복현동 209-9,053-286-7500,345894.547719094,267565.880321876,2023-03-07,345000001020230002
피카소동물병원,영업/정상,"서울특별시 강동구 고덕로83길 32, 2층 (고덕동)",서울특별시 강동구 고덕동 191-3,02-3427-6419,214846.333741577,450705.80005269,2023-03-07,324000001020230001
강민동물병원(출장진료전문병원),영업/정상,충청북도 제천시 백운면 천등박달로 1305,충청북도 제천시 백운면 원월리 85-2,,290640.471137578,404294.828019541,2023-03-02,440000001020230001
9월의 소원 동물병원,영업/정상,"인천광역시 남동구 구월남로 174, 그랜드프라자 2층 204,205호 (구월동)","인천광역시 남동구 구월동 1199-1 그랜드프라자 204,205호",,174188.43021921,438998.31938794,2023-03-02,353000001020230001
배다리동물병원,영업/정상,경기도 평택시 죽백5로 37(죽백동),경기도 평택시 죽백동 772,031-618-8867,210598.577163059,389150.099022058,2023-02-27,391000001020230001
상상동물병원,영업/정상,"서울특별시 양천구 목동서로 295, 1층 102호 (신정동, 우림필유)",서울특별시 양천구 신정동 319 우림필유 102호,02-2038-8877,188354.229938082,446527.460013466,2023-02-27,314000001020230001
돈워리동물병원,영업/정상,전북특별자치도 김제시 황산면 봉월10길 16,전북특별자치도 김제시 황산면 봉월리 472-2,,195317.396749202,255182.549954418,2023-02-23,471100001020230001
라퓨클레르 동물피부클리닉,영업/정상,"서울특별시 강남구 압구정로 445, 5층 502호 (청담동)",서울특별시 강남구 청담동 100-17 502호,,204006.088316959,447146.536071146,2023-02-22,322000001020230002
힐스타운 동물병원,영업/정상,"서울특별시 중구 다산로 32, 스포츠상가동 106-2호 (신당동, 남산타운)",서울특별시 중구 신당동 844 남산타운,02-2237-7582,200750.455125653,449638.824308081,2023-02-22,301000001020230001
바른동물병원,영업/정상,"충청북도 영동군 영동읍 동정로 64, 1층",충청북도 영동군 영동읍 동정리 80-2,043-742-8706,270851.4536759,297332.131038347,2023-02-20,444000001020230001
사랑실천동물병원,영업/정상,경상북도 김천시 시청로 37 (신음동),경상북도 김천시 신음동 1042-7,,300521.761430334,292925.952183079,2023-02-17,506000001020230002
해나동물병원,영업/정상,"경기도 화성시 동탄구 동탄신리천로 406, 리더스퀘어 102, 103호 (목동)",경기도 화성시 동탄구 목동  496-2 102호,031-378-7599,,,2023-02-16,577000001020230001
칠곡온동물의료센터,영업/정상,대구광역시 북구 학정로 500-1(학정동),대구광역시 북구 학정동 942-7,,341146.912778692,273245.416941331,2023-02-16,345000001020230001
청하산업동물병원,영업/정상,"전북특별자치도 정읍시 벚꽃로 35, 청하산업동물병원 (농소동)",전북특별자치도 정읍시 농소동 49-63,,185669.491455115,231562.760454194,2023-02-13,469100001020230001
정직한동물의료센터,영업/정상,"경기도 수원시 권선구 경수대로 411, 1층 (권선동)",경기도 수원시 권선구 권선동 941-5,031-222-7617,202120.904579256,417923.686898267,2023-02-13,374000001020230003
VIP 반려동물 암센터,영업/정상,"서울특별시 강남구 삼성로133길 7, 베디베로스퀘어 2층 (청담동)",서울특별시 강남구 청담동 46 베디베로스퀘어 2층,02-511-7522,204264.723996402,446357.616710484,2023-02-13,322000001020230001
말바우동물병원,영업/정상,"전남광주통합특별시 북구 동문대로 79, 1층 (우산동)",전남광주통합특별시 북구 우산동 232-10 1층,062-262-5535,192872.097145115,185795.706104298,2023-02-10,582000001020230001
반려마루 동물병원,영업/정상,경기도 여주시 명품1로 1-2(상거동),경기도 여주시 상거동 380-4,031-8030-4462,254294.98677137,415177.512538324,2023-02-10,570000001020230002
조이 동물 재활클리닉,영업/정상,"경기도 안산시 단원구 화랑로 103, 라성프라자 C동 203호 (원곡동)",경기도 안산시 단원구 원곡동 846-3 라성프라자,,182294.985340242,425039.319016326,2023-02-10,393000001020230001
합강동물병원,영업/정상,강원특별자치도 인제군 인제읍 인제로 227,강원특별자치도 인제군 인제읍 상동리 30-7,033-463-9713,303045.946919557,508194.803396144,2023-02-09,433000001020230001
탑동물병원,영업/정상,경기도 고양시 덕양구 토당로 4(토당동),경기도 고양시 덕양구 토당동 870-5,031-970-7765,184411.913479589,457246.336206171,2023-02-08,394000001020230002
정창수외과동물병원,영업/정상,"경기도 고양시 일산서구 중앙로 1547, KINTEX ZONE 203,204호 (대화동)",경기도 고양시 일산서구 대화동 2239 KINTEX ZONE,031-911-7577,177837.471764641,463631.424521537,2023-02-08,394000001020230001
강남동물병원,영업/정상,"전남광주통합특별시 광양시 광양읍 대림오성로 67, 1층",전남광주통합특별시 광양시 광양읍 덕례리 1665-15,061-763-9987,251986.196724567,163296.417790263,2023-02-07,580000001020230001
보현동물병원,영업/정상,"경기도 수원시 영통구 봉영로1759번길 8-15, 현명빌딩 2층 (영통동)",경기도 수원시 영통구 영통동 946-7 현명빌딩 2층,031-203-5525,207134.899019577,418326.246687309,2023-02-07,374000001020230002
베스트프렌드 동물병원,영업/정상,부산광역시 수영구 연수로 296(망미동),부산광역시 수영구 망미동 803-10,051-753-2966,391527.430747669,187966.629623499,2023-02-07,338000001020230001
허그미동물병원,영업/정상,경기도 여주시 향교로 50(교동),경기도 여주시 교동 213-4,031-881-2279,255663.473301719,420769.896353177,2023-02-01,570000001020230001
이상윤동물병원,영업/정상,"서울특별시 용산구 이촌로 248, 31동 105-2호 (이촌동, 한강맨션)",서울특별시 용산구 이촌동 300-23 한강맨션,02-792-5455,197722.571038558,446344.591216568,2023-02-01,302000001020230001
명휘동물병원             *출장진료전문병원,영업/정상,"강원특별자치도 원주시 판부면 매봉길 2-10, 한숲빌 201호",강원특별자치도 원주시 판부면 서곡리 1987-11 한숲빌,,283366.635409477,424739.596723367,2023-01-30,419000001020230001
내아이 동물병원,영업/정상,"충청북도 청주시 상당구 중고개로 104, 상가2동 1층 102호 (용암동, 칸타빌 더 테라스 2단지)",충청북도 청주시 상당구 용암동 3157 칸타빌 더 테라스 2단지,,246586.354583223,346047.369767343,2023-01-27,572000001020230001
드림벳 동물병원,영업/정상,경상남도 고성군 고성읍 중앙로 100,경상남도 고성군 고성읍 동외리 224,,321452.94631141,164831.93535899,2023-01-20,542000001020230001
시아동물병원,영업/정상,"경상남도 진주시 남강로29번길 30-3, 1층 (평거동)",경상남도 진주시 평거동 1090-2,055-746-6013,294966.384322372,185665.473377004,2023-01-20,531000001020230001
미소 동물 병원,영업/정상,"대전광역시 동구 계족로 10, 일신빌딩 106호 (효동)",대전광역시 동구 효동 132-14,042-272-3141,239558.518223973,312881.784872595,2023-01-17,364000001020230001
호크종합동물병원,영업/정상,세종특별자치시 금남면 원봉오룡길 32,세종특별자치시 금남면 원봉리 422-3,,,,2023-01-16,569000001020230001
로아클리닉(ROAR clinic),영업/정상,"경기도 하남시 미사대로 540, 현대지식산업센터 한강미사2차(26BL) 제AC03동 3층 029호 (덕풍동)",경기도 하남시 덕풍동 833 현대지식산업센터 한강미사2차(26BL),,218091.759753711,450614.564841249,2023-01-16,404000001020230001
묘연고양이병원,영업/정상,"경상남도 김해시 경원로73번길 1, 2층 201호 (내동)",경상남도 김해시 내동 1141-4 201호,055-312-1222,369963.069954294,194687.678271418,2023-01-12,535000001020230001
태전동물병원,영업/정상,"경기도 광주시 고산길62번길 49-7, 1층 (고산동)",경기도 광주시 고산동 370-1,,,,2023-01-10,554000001020230001
웰니스동물병원,영업/정상,"경기도 안성시 공도읍 서동대로 3930-39, 스타필드 안성 1층 1142호",경기도 안성시 공도읍 진사리 354 스타필드 안성,031-8029-5080,213062.918998049,388093.036705258,2023-01-10,408000001020230001
시흥탑동물의료센터,영업/정상,"경기도 시흥시 은계호수로 31, 그린타워 207, 208, 209, 210, 211호 (은행동)",경기도 시흥시 은행동 611-1 그린타워,031-316-0750,182534.522918138,438060.268325518,2023-01-10,401000001020230001
같은마음 동물병원,영업/정상,"경기도 광명시 광명로832번길 5, 센트럴광명 2층 205,206호 (광명동)",경기도 광명시 광명동 342-5,02-6949-5915,186873.516040687,441259.092209727,2023-01-06,390000001020230001
플러스동물의료센터,영업/정상,"경기도 수원시 영통구 봉영로 1590, 밀레니엄 프라자 2층 201호, 202호 (영통동)",경기도 수원시 영통구 영통동 995-5 밀레니엄 프라자,,206445.522485926,416761.597380214,2023-01-05,374000001020230001
케어동물병원,영업/정상,"인천광역시 연수구 컨벤시아대로42번길 20, 303동 122, 123호 (송도동, 송도 더 프라우 3단지)",인천광역시 연수구 송도동 15-10 송도 더 프라우 3단지,032-833-4875,169000.787685902,433157.802791843,2023-01-03,352000001020230001
다나동물병원,영업/정상,"전남광주통합특별시 해남군 해남읍 중앙2로 116, 해남축협고도지점 2층",전남광주통합특별시 해남군 해남읍 고도리 106-32 해남축협고도지점,,162823.792776034,118874.005332651,2023-01-02,587000001020230001
강남동물병원,영업/정상,"경기도 양평군 서종면 북한강로 767, 2층",경기도 양평군 서종면 문호리 768-11,031-774-8375,230756.08509853,455985.581229725,2022-12-29,417000001020220002
부산 24시 더휴동물의료센터,영업/정상,"부산광역시 동래구 온천장로 20, 1층 (온천동, 신화타워아파트)",부산광역시 동래구 온천동 456-29 신화타워아파트,051-513-6060,389289.767473942,192509.994182307,2022-12-28,330000001020220003
효성동물병원,영업/정상,충청남도 공주시 사곡면 해월길 50-48,충청남도 공주시 사곡면 해월리 118-5,,201370.751134237,334720.279385622,2022-12-26,450000001020220002
발라드동물병원(출장전문),영업/정상,"경기도 안성시 일죽면 서동대로 7381-8, 1,2층 102,202호",경기도 안성시 일죽면 송천리 458,031-672-7831,241426.756832809,398710.772714351,2022-12-26,408000001020220002
아라양돈동물병원,영업/정상,"경기도 용인시 처인구 학산로 17-2, 더 하우스 1층 (김량장동)",경기도 용인시 처인구 김량장동 203-37 더 하우스 1층,,217727.15591113,415277.688020882,2022-12-26,562000001020220003
강산동물병원,영업/정상,경상북도 경주시 영불로 9(시래동),경상북도 경주시 시래동 1147-4,,408751.710829101,254590.592992982,2022-12-23,505000001020220003
아산시 동물복지지원센터 부속 동물병원,영업/정상,"충청남도 아산시 환경공원로 158, 동물복지지원센터 (배미동)",충청남도 아산시 배미동 9-29,041-537-3845,197919.455929766,366593.703569842,2022-12-22,452000001020220005
나음동물의료센터,영업/정상,서울특별시 강서구 강서로 206(화곡동),서울특별시 강서구 화곡동 1026-12,02-2690-9990,185617.497941805,449153.637971735,2022-12-21,315000001020220002
피그스토리 동물병원,영업/정상,충청북도 청주시 흥덕구 옥산면 성재사정로 78-77,충청북도 청주시 흥덕구 옥산면 사정리 23,,227861.827737025,358030.110581391,2022-12-15,573000001020220001
선주동물병원,영업/정상,"경상북도 구미시 선산읍 선주로 3, 1층",경상북도 구미시 선산읍 이문리 458-10,,316148.343747494,304935.705734886,2022-12-12,508000001020220003
도담도담동물병원,영업/정상,강원특별자치도 양구군 양구읍 관공서로43번길 4,강원특별자치도 양구군 양구읍 중리 13-5,,286684.840163429,512262.239519438,2022-12-09,432000001020220001
해온동물의료센터,영업/정상,"경기도 고양시 일산동구 고양대로 762, 하늘빌딩 104호 (중산동)",경기도 고양시 일산동구 중산동 1688,031-975-7580,180597.587643605,464407.466890319,2022-12-08,394000001020220008
조형선외과동물병원,영업/정상,"서울특별시 성동구 금호로 146, 제1, 2층 (금호동1가)",서울특별시 성동구 금호동1가 526,02-2282-0119,201774.580419376,450208.959848768,2022-12-08,303000001020220002
군위종합동물병원,영업/정상,대구광역시 군위군 군위읍 군청로 49-18,대구광역시 군위군 군위읍 서부리 151-126,,340861.475319319,304231.367858892,2022-12-07,514000001020220001
베이시티 동물병원,영업/정상,"부산광역시 서구 송도해변로 192, 상가B동 2층 201호 (암남동, 송도힐스테이트이진베이시티아파트)",부산광역시 서구 암남동 123-15 송도힐스테이트이진베이시티아파트,051-710-0719,384495.066651637,177326.029548321,2022-12-06,326000001020220001
정다운 동물병원(출장진료전문),영업/정상,경상남도 진주시 금곡면 무선산로 527-15,경상남도 진주시 금곡면 인담리 626,,306561.971455235,180473.295182977,2022-12-05,531000001020220005
옥과동물병원,영업/정상,전남광주통합특별시 곡성군 옥과면 리문5길 19,전남광주통합특별시 곡성군 옥과면 리문리 409-14,061-363-7582,212362.013135583,197246.747993426,2022-12-01,583500001020220001
치유동물병원,영업/정상,"전남광주통합특별시 광산구 풍영로 189, 1층 (장덕동)",전남광주통합특별시 광산구 장덕동 1597,062-945-1275,182975.912199301,187702.464936581,2022-11-30,582500001020220001
송전휴동물병원,영업/정상,"경기도 용인시 처인구 이동읍 경기동로705번길 13-17, 1층 101호",경기도 용인시 처인구 이동읍 송전리 714-3 1층 101호,031-323-0775,217481.754521845,404267.8786278,2022-11-30,562000001020220002
나래동물의료센터,영업/정상,"충청북도 청주시 서원구 모충로35번길 6, 2층 (개신동)",충청북도 청주시 서원구 개신동 438-1,,241788.629667179,347246.403539003,2022-11-29,572500001020220004
삼성동물병원(출장진료전문병원),영업/정상,충청북도 충주시 대림9길 28(문화동),충청북도 충주시 문화동 157-6,,281783.272255134,385609.350216425,2022-11-29,439000001020220001
물금 본 동물병원,영업/정상,경상남도 양산시 물금읍 황산로 441,경상남도 양산시 물금읍 가촌리 1319-7,,380930.476761766,203540.419158538,2022-11-28,538000001020220003
춘천한우진료소,영업/정상,"강원특별자치도 춘천시 우두2길 3-1, 101호 뒤쪽 (우두동)",강원특별자치도 춘천시 우두동 1092-4,,264872.85261306,490145.857993628,2022-11-25,418000001020220005
가족동물병원,영업/정상,경상북도 영주시 대학로284번길 9-4 (가흥동),경상북도 영주시 가흥동 1532-4,,343235.334422652,370050.337487626,2022-11-24,509000001020220001
윤동물병원,영업/정상,"충청남도 청양군 청양읍 중앙로 66, 가동 1층 104호",충청남도 청양군 청양읍 읍내리 376-5,,182134.942454506,327192.600541184,2022-11-24,459000001020220001
누리팜산업동물병원(출장전문),영업/정상,경기도 안성시 삼죽면 용두동길 2,경기도 안성시 삼죽면 용월리 16-1,031-665-5740,235067.938918972,397006.254136574,2022-11-24,408000001020220001
도담가축병원,영업/정상,경상북도 구미시 고아읍 선산대로 1002,경상북도 구미시 고아읍 관심리 612-1,,319225.698870873,302057.413563666,2022-11-23,508000001020220002
청담동물병원,영업/정상,"경기도 평택시 만세로 1725, 2층 (죽백동)",경기도 평택시 죽백동 486-7,031-658-3500,209864.201248523,390102.354312312,2022-11-23,391000001020220003
대구경북양돈농협 동물병원,영업/정상,"대구광역시 달서구 월암로 26, 4층 (월성동)",대구광역시 달서구 월성동 1871,,337261.268559679,258951.023597752,2022-11-23,347000001020220002
동행동물병원,영업/정상,"대구광역시 달서구 진천로 117, 월배이타운 1층 117, 118호 (대천동)",대구광역시 달서구 대천동 511-3 월배이타운,053-636-8720,337417.783464014,258691.523744791,2022-11-23,347000001020220001
태산 우리동물병원,영업/정상,"충청남도 당진시 우강면 면천로 1783, 1층 4호",충청남도 당진시 우강면 창리 246-5,,180494.276893131,367854.992512576,2022-11-18,568000001020220001
동물심장병원 진심,영업/정상,"충청남도 천안시 서북구 오성6길 4, 이젠빌딩 301호 (두정동)",충청남도 천안시 서북구 두정동 571 이젠빌딩 301호,041-569-7975,211315.436742867,370047.586140109,2022-11-18,566000001020220002
비타민 동물병원,영업/정상,"경기도 시흥시 배곧4로 32-27, 광장프라자 2층 205호 (배곧동)",경기도 시흥시 배곧동 131 광장프라자,031-432-9199,175621.112587005,430662.360321249,2022-11-18,401000001020220006
김포보듬동물의료센터,영업/정상,"경기도 김포시 김포한강4로 162, 한강메트로 101호 (장기동)",경기도 김포시 장기동 1868-11 한강메트로,,170298.818455576,460565.549180865,2022-11-15,409000001020220004
이솝동물병원,영업/정상,"경기도 화성시 만세구 남양읍 남양천로 17, 상가동 106호 (화성남양시티프라디움3차아파트)",경기도 화성시 만세구 남양읍 남양리 2251 화성남양시티프라디움3차아파트,031-357-3776,184009.348890443,411948.936247179,2022-11-07,574000001020220007
미래동물병원(산업동물진료),영업/정상,경상남도 사천시 축동면 배춘1길 6-15,경상남도 사천시 축동면 배춘리 557-1,,299807.662819091,178087.374509287,2022-11-07,534000001020220001
황수의동물병원,영업/정상,경상북도 포항시 북구 기계면 자조길 19,경상북도 포항시 북구 기계면 현내리 101-1,,399174.906988641,287913.979196845,2022-11-04,502000001020220004
리베동물메디컬센터,영업/정상,"서울특별시 송파구 삼전로 56, 1~4층 (삼전동)",서울특별시 송파구 삼전동 28-2,02-6953-7502,207700.777656302,444619.911018948,2022-11-04,323000001020220008
리움 동물의료센터,영업/정상,"경기도 부천시 오정구 소사로 818, 유림빌딩 2층 (원종동)",경기도 부천시 오정구 원종동 262-2 유림빌딩,032-710-0040,182703.377161226,447436.84847304,2022-11-03,386000001020220002
하수의과병원,영업/정상,경상북도 경주시 안강읍 구부랑길 52,경상북도 경주시 안강읍 산대리 2398,,398029.669626284,280206.424009482,2022-11-01,505000001020220002
새로이동물병원,영업/정상,"경기도 고양시 일산동구 호수로 340-25, 동문굿모닝힐II 110,111호 (백석동)",경기도 고양시 일산동구 백석동 1320 동문굿모닝힐II,031-907-7579,181196.280524901,459636.807109425,2022-11-01,394000001020210004
나우동물메디컬센터 신불당본원,영업/정상,"충청남도 천안시 서북구 불당22대로 79, 강남타워 1,2층 101~106,202~203호 (불당동)",충청남도 천안시 서북구 불당동 1528 강남타워,041-414-2676,209535.543036226,368325.050811268,2022-10-31,566000001020220001
회인동물병원,영업/정상,"충청북도 보은군 회인면 회인로 59, 소매점",충청북도 보은군 회인면 중앙리 167-3 소매점,,253471.988800931,332591.371606757,2022-10-28,442000001020220002
힐동물병원,영업/정상,"서울특별시 강동구 동남로49길 60-4, 102호 (둔촌동)",서울특별시 강동구 둔촌동 618-13,,212895.281369666,447860.859271611,2022-10-27,324000001020220004
모아동물병원,영업/정상,전남광주통합특별시 영암군 군서면 구림로 26,전남광주통합특별시 영암군 군서면 동구림리 63-3,,166012.572870842,140492.622395251,2022-10-26,587500001020220001
으뜸원동물병원,영업/정상,"경상남도 통영시 여황로 399-4, 104호 (북신동, 진우일성타운)",경상남도 통영시 북신동 702 진우일성타운,,330236.684736043,151809.582129645,2022-10-26,533000001020220002
로뎀동물병원,영업/정상,경기도 파주시 문산읍 방촌로 1692,경기도 파주시 문산읍 당동리 89-3,031-952-7576,180830.512,484633.41,2022-10-26,406000001020170005
광주동물병원,영업/정상,"전남광주통합특별시 해남군 북평면 달량진길 25-1, 광주동물병원",전남광주통합특별시 해남군 북평면 남창리 376 땅넘어식당,,165650.98425154,101053.19630337,2022-10-25,587000001020220001
모코동물의료센터,영업/정상,"인천광역시 계양구 오조산로 53, 연세차메디칼센터 103호 (계산동)",인천광역시 계양구 계산동 1080-2 연세차메디칼센터 103호,032-548-1101,176796.663536397,448179.632664956,2022-10-25,355000001020220001
강동 아이안동물의료센터,영업/정상,"서울특별시 강동구 고덕로 262, 고덕역 효성해링턴 타워 더퍼스트 122,123호 (명일동)",서울특별시 강동구 명일동 46-2 고덕역 효성해링턴 타워 더퍼스트 123호,02-441-2202,213593.137875629,450274.382514974,2022-10-24,324000001020220003
포포동물병원,영업/정상,"서울특별시 성북구 보문로 51, (주)참존글로벌워크 1층 (보문동7가)",서울특별시 성북구 보문동7가 102 (주)참존글로벌워크,,201873.076353983,453075.559973991,2022-10-24,307000001020220001
지안동물의료센터,영업/정상,"경상남도 진주시 진주대로 881, 2층 (강남동)",경상남도 진주시 강남동 242-4,055-754-0079,299279.57478653,187198.629187478,2022-10-21,531000001020220004
안심동물병원,영업/정상,충청북도 청주시 서원구 남이면 청남로 1486-3,충청북도 청주시 서원구 남이면 수대리 1-6,,240692.217970052,341527.199215166,2022-10-19,572500001020220003
시니어 동물병원,영업/정상,"서울특별시 서초구 서초중앙로 45, 서초레몬 2층 201호 (서초동)",서울특별시 서초구 서초동 1600-11 서초레몬 201호,02-521-0525,201296.398171062,442621.276121873,2022-10-18,321000001020220002
진접솔동물병원,영업/정상,"경기도 남양주시 진접읍 금강로 1557, 101~103호",경기도 남양주시 진접읍 장현리 84-3,031-574-1112,216945.739085211,469716.7900643,2022-10-14,399000001020220002
온정동물병원,영업/정상,"부산광역시 동래구 안연로 72, 동림빌딩 1층 (안락동)",부산광역시 동래구 안락동 633-4 동림빌딩,051-531-8275,391100.176187961,190292.650878917,2022-10-14,330000001020220002
양지가축동물병원,영업/정상,서울특별시 강동구 천호대로191길 6(길동),서울특별시 강동구 길동 402-10,02-478-2208,212700.316125213,448138.401469213,2022-10-12,324000001020220002
영광동물병원,영업/정상,전남광주통합특별시 영광군 군서면 천년로 1275-17,전남광주통합특별시 영광군 군서면 남죽리 101,061-352-2315,153235.496793414,196029.889031424,2022-10-05,589000001020220002
이든동물병원,영업/정상,"대구광역시 북구 동북로 254, 1층 (복현동)",대구광역시 북구 복현동 427-5 1층,053-939-1175,346059.366805082,267231.32753542,2022-09-30,345000001020220002
국립백두대간수목원 동물병원,영업/정상,경상북도 봉화군 춘양면 문수로 2160-53 (산림환경연구동),경상북도 봉화군 춘양면 서벽리 1422-12,054-679-0977,360635.103715387,390502.864339734,2022-09-27,524000001020170002
화순축협 동물병원,영업/정상,전남광주통합특별시 화순군 화순읍 광덕로 6-33,전남광주통합특별시 화순군 화순읍 다지리 447-1,,199594.244045305,171644.414167478,2022-09-26,585500001020220001
대한동물병원,영업/정상,"경기도 화성시 만세구 우정읍 버들로 110, 107호",경기도 화성시 만세구 우정읍 조암리 533,,182460.022343801,397664.7142213,2022-09-26,574000001020220006
이든동물병원,영업/정상,충청북도 진천군 이월면 중미로 471,충청북도 진천군 이월면 신월리 366-43,,241323.70226161,380336.983090005,2022-09-22,445000001020220001
정다운동물병원,영업/정상,"경기도 부천시 원미구 부흥로315번길 69, 2층 (중동)",경기도 부천시 원미구 중동 1127,032-328-0119,180181.892969151,443947.644093222,2022-09-22,386000001020220001
아람동물의료센터,영업/정상,"인천광역시 검단구 발산로 6, 아인시티 주차타워 2층 201~3호 (원당동)",인천광역시 검단구 원당동 0 아인시티 주차타워,032-866-1111,,,2022-09-22,356500001020220006
중산동물메디컬센터,영업/정상,"경기도 고양시 일산서구 고봉로 299, 1,2층 (일산동)",경기도 고양시 일산서구 일산동 555-9,031-976-8939,180284.985178722,464853.379037857,2022-09-21,394000001020220007
지축오투동물의료센터,영업/정상,"경기도 고양시 덕양구 지축로 86, 207~208호 (지축동)",경기도 고양시 덕양구 지축동 0,02-381-0275,,,2022-09-16,394000001020220006
안산 반함동물의료센터,영업/정상,"경기도 안산시 단원구 화랑로 122, 상가2동 219-222호 (원곡동)",경기도 안산시 단원구 원곡동 1002,031-494-7975,,,2022-09-16,393000001020220002
팜스플랜동물병원 경기북부센터,영업/정상,"경기도 포천시 영중면 호국로 3042, 다동 104호",경기도 포천시 영중면 성동리 895-6,031-535-9533,221681.591957438,501292.78421825,2022-09-15,560000001020220001
숲속동물병원,영업/정상,"전북특별자치도 전주시 완산구 공북로 64, 1층 (태평동)",전북특별자치도 전주시 완산구 태평동 22-11,,212476.306751658,258410.781232648,2022-09-15,464100001020220001
청사동물메디컬센타,영업/정상,"대전광역시 서구 한밭대로 701, 107, 108호 (월평동, 갤러리빌 럭스)",대전광역시 서구 월평동 298 갤러리빌 럭스,042-488-7999,233758.554903063,317549.339740767,2022-09-14,366000001020220001
바른동물병원,영업/정상,전북특별자치도 부안군 부안읍 오리정로 52,전북특별자치도 부안군 부안읍 서외리 455-72,,175269.888965363,247043.184639437,2022-09-08,479100001020220002
동편동물혈액검진센터,영업/정상,"서울특별시 서초구 동작대로 20, 3층 (방배동)",서울특별시 서초구 방배동 444-15,02-588-8661,198345.279900118,441782.304771715,2022-09-08,321000001020220001
야로동물병원,영업/정상,"경상남도 합천군 야로면 가야산로 350-11, 1호",경상남도 합천군 야로면 구정리 254,,305816.732872811,245718.468063119,2022-09-06,548000001020220003
정자현대동물병원,영업/정상,"경기도 성남시 분당구 판교역로 136, 비1048호 (백현동)",경기도 성남시 분당구 백현동 540,031-714-9978,209711.48509119,432271.963293607,2022-09-06,378000001020220007
허그동물의료센터,영업/정상,"부산광역시 북구 금곡대로 366, 대진빌딩 1층 (화명동)",부산광역시 북구 화명동 190-2 대진빌딩,051-714-5251,383283.302724162,195388.510308474,2022-09-05,332000001020220001
한국동물병원,영업/정상,전남광주통합특별시 보성군 보성읍 일림로 1567,전남광주통합특별시 보성군 보성읍 쾌상리 1017-3,,205163.231222318,139076.57826509,2022-09-01,585000001020220001
해랑동물병원,영업/정상,"경기도 고양시 덕양구 토당로 115, 금호프라자 101호 (토당동)",경기도 고양시 덕양구 토당동 282-23 금호프라자,031-811-8991,183778.634287111,458154.129982535,2022-08-29,394000001020220005
시민동물병원,영업/정상,"인천광역시 부평구 경인로 855, DS 까사 101호 (부평동)",인천광역시 부평구 부평동 756-151 DS 까사 101호,032-426-4545,174766.771412241,442499.552622331,2022-08-29,354000001020220003
권앤정 24시수원동물메디컬센터,영업/정상,"경기도 수원시 영통구 덕영대로 1509, 1,2(일부)층 (영통동)",경기도 수원시 영통구 영통동 979-4,031-202-0119,204893.089110681,416027.58740846,2022-08-26,374000001020220005
더좋은 동물병원,영업/정상,"경기도 시흥시 서울대학로278번길 61, 서영베니스스퀘어 2층 233호 (배곧동)",경기도 시흥시 배곧동 204 서영베니스스퀘어,031-431-0075,176072.60072494,429602.843996773,2022-08-24,401000001020220005
해밀동물병원,영업/정상,"세종특별자치시 해밀3로 43, 스카이드림 2층 201~202호 (해밀동)",세종특별자치시 해밀동 산 5-2 스카이드림,044-864-5952,223660.220701043,336453.660886989,2022-08-18,569000001020220002
서울은내과동물병원,영업/정상,"서울특별시 은평구 응암로 278, 3층 (응암동)",서울특별시 은평구 응암동 107-19,02-354-9990,192839.136288113,454893.196550943,2022-08-18,311000001020220001
늘품동물병원,영업/정상,"충청북도 청주시 서원구 1순환로 1059, THE STYLE 108,109,110호 (분평동)","충청북도 청주시 서원구 분평동 1425 THE STYLE  108,109,110",,243256.65266229,345172.825363045,2022-08-17,572500001020220001
청도펫동물병원,영업/정상,"경상북도 청도군 청도읍 청도신기길 2, 1층",경상북도 청도군 청도읍 고수리 785-5,054-372-0045,357931.685176342,239532.480587913,2022-08-10,519000001020220002
제이에스 동물병원,영업/정상,전북특별자치도 정읍시 수성4로 3-17(수성동),전북특별자치도 정읍시 수성동 903-4,,186962.107541645,231877.261507133,2022-08-10,469100001020220004
아이비유동물병원,영업/정상,"인천광역시 검단구 이음5로 65, 103,104호 (원당동, 검단 금호어울림 센트럴)","인천광역시 검단구 원당동 1024 검단 금호어울림 센트럴 103, 104호",,,,2022-08-09,356500001020220005
으뜸동물의료센터,영업/정상,"인천광역시 미추홀구 미추홀대로 662, 1층, 지하1층 (주안동)",인천광역시 미추홀구 주안동 465-2,032-713-4904,171641.925842083,439417.901731528,2022-08-08,351050001020220001
해원 동물병원,영업/정상,"인천광역시 부평구 세월천로 77, 1층 104호~105호 (산곡동)",인천광역시 부평구 산곡동 51-3 1층 104호~105호,032-505-7975,173477.034856764,445716.370344994,2022-08-05,354000001020220002
샘터동물병원,영업/정상,"전남광주통합특별시 북구 임방울대로1042번길 17, 2동 111호 (용두동, 첨단 용두 산이고운)",전남광주통합특별시 북구 용두동 1116 첨단 용두 산이고운 2동 111호,062-573-9988,188259.786054034,190227.571753664,2022-08-02,582000001020220002
다온동물병원,영업/정상,전북특별자치도 완주군 고산면 고산로 74,전북특별자치도 완주군 고산면 읍내리 882,,218416.217077693,274979.286620989,2022-07-29,472100001020220002
아비넥스트 부설 동물병원,영업/정상,충청북도 청주시 상당구 남일면 쌍암동길 30-7,충청북도 청주시 상당구 남일면 고은리 156-2,,246985.991557102,340752.874864622,2022-07-27,572000001020220001
온리동물병원,영업/정상,"인천광역시 부평구 열우물로 90, F동 105호 (십정동, 더샵부평센트럴시티)",인천광역시 부평구 십정동 289-8 더샵부평센트럴시티 상가동 F동 105호,032-719-4812,173203.244129782,441511.67815385,2022-07-27,354000001020220001
고성작은동물병원,영업/정상,"경상남도 고성군 고성읍 송학로149번길 8-1, 1층",경상남도 고성군 고성읍 송학리 318-18,055-673-7582,320958.951604992,165156.858473617,2022-07-26,542000001020220001
명성동물병원,영업/정상,"충청북도 보은군 보은읍 풍취신함길 98, 주택 주 2동",충청북도 보은군 보은읍 신함리 743 주택,,265302.284496314,333507.38959775,2022-07-25,442000001020220001
온아동물의료센터,영업/정상,"경기도 김포시 김포한강8로 410, 스타프라자 204, 205호 (구래동)",경기도 김포시 구래동 6884-3 스타프라자,031-986-7550,166714.986493674,460134.632987089,2022-07-22,409000001020220003
두리동물병원,영업/정상,경상북도 상주시 경상대로 3138(만산동),경상북도 상주시 만산동 696-6,,303239.820853096,325732.733273206,2022-07-21,511000001020220001
24시월드펫동물메디컬센터,영업/정상,서울특별시 양천구 신월로 208(신월동),서울특별시 양천구 신월동 602-1,02-2698-7582,186262.212835837,446486.385297147,2022-07-21,314000001020220001
나음동물병원,영업/정상,"충청북도 청주시 청원구 1순환로197번길 65, 1층 (내덕동)",충청북도 청주시 청원구 내덕동 415-3,,243786.120073885,351263.610421723,2022-07-18,573500001020220001
에드워드동물병원,영업/정상,"경기도 고양시 일산동구 위시티로 24, 101호 (식사동)",경기도 고양시 일산동구 식사동 1582-4,031-962-0926,183010.449303417,463628.682529205,2022-07-18,394000001020220004
서울웰동물의료센터,영업/정상,"경상남도 거제시 중곡로1길 49, 황제빌딩 2층 (고현동)",경상남도 거제시 고현동 1018 황제빌딩 2층,,348486.032130718,156044.608324008,2022-07-15,537000001020220002
어울림동물메디컬센터,영업/정상,"부산광역시 강서구 명지국제8로 270, 1동 202호 (명지동)",부산광역시 강서구 명지동 3420-7,051-711-7581,375192.293289532,179291.255522836,2022-07-12,336000001020220002
서서동물의료센터,영업/정상,"경기도 하남시 미사강변대로 84, 미사탑프라자 2층 204.205호 (풍산동)","경기도 하남시 풍산동 504 미사탑프라자, 2층 204,205호",031-8027-6991,216546.156202862,450600.707368205,2022-07-08,404000001020220002
명지 수동물병원,영업/정상,"부산광역시 강서구 명지국제2로 29, 203호 (명지동)",부산광역시 강서구 명지동 3597-5,051-710-7574,373808.756413418,178891.030281072,2022-07-08,336000001020220001
미르동물병원,영업/정상,경상남도 양산시 동면 금오12길 1,경상남도 양산시 동면 석산리 1472-26,055-912-0957,384084.817773599,203597.178898453,2022-07-07,538000001020220002
판교포레동물병원,영업/정상,"경기도 성남시 분당구 판교대장로6길 10, 207,208호 (대장동)",경기도 성남시 분당구 대장동 627-4,031-715-7975,205999.04784078,429415.205749322,2022-07-07,378000001020220005
투게더 동물병원,영업/정상,"인천광역시 연수구 인천타워대로197번길 16, 리치센트럴 2층 237호 (송도동)",인천광역시 연수구 송도동 96 리치센트럴 2층 237호,032-710-7578,167630.628037892,431952.05649671,2022-07-07,352000001020220005
더바른 동물병원,영업/정상,"부산광역시 사하구 다대로 700, 2층 (다대동)",부산광역시 사하구 다대동 1548-47,051-717-2316,379207.725445896,173951.800373379,2022-07-06,334000001020220003
온유동물병원,영업/정상,전남광주통합특별시 순천시 서면 삼산로 291,전남광주통합특별시 순천시 서면 선평리 245-1,061-755-0155,245990.314079555,165539.627916651,2022-07-05,579000001020220001
24시 스탠다드 동물의료센터,영업/정상,"서울특별시 송파구 위례송파로 77, 2층 201호, 3층 303-310호 (거여동)",서울특별시 송파구 거여동 605-4,02-448-6400,212530.183908899,442594.787881412,2022-07-05,323000001020220007
우주동물병원,영업/정상,"경기도 성남시 중원구 양현로405번길 5, 신야탑푸르지오시티 1 101,102호 (여수동)","경기도 성남시 중원구 여수동 205 신야탑푸르지오시티 1 101,102호",031-778-6420,211162.515413291,435024.300090444,2022-07-04,378000001020220004
마리동물병원,영업/정상,"경기도 파주시 경의로 1813, 2층 202호 (아동동)",경기도 파주시 아동동 296-11,,180215.309519896,474072.614448208,2022-07-01,406000001020220001
더파크동물의료센터,영업/정상,"서울특별시 강동구 성내로 48, 씨네월드 1층 (성내동)",서울특별시 강동구 성내동 549-1 씨네월드,02-6949-2475,210992.497270009,447372.617182859,2022-06-30,324000001020220001
명덕동물병원,영업/정상,"대구광역시 남구 명덕로40길 109, 1,2층 (대명동)",대구광역시 남구 대명동 1795-9,070-7763-1230,343564.927404001,262473.525214009,2022-06-29,344000001020220001
잠실동물병원,영업/정상,"서울특별시 송파구 올림픽로 329, 403호 (신천동)",서울특별시 송파구 신천동 17-6,02-6953-7587,209393.076054654,446147.977949052,2022-06-29,323000001020220006
마인동물의료센터,영업/정상,"서울특별시 강북구 덕릉로 133, 해솔빌딩 1층 102호, B1층 102호 (번동)","서울특별시 강북구 번동 411-8 해솔빌딩 1층 102호, B1층 102호",02-2039-8900,202450.017901847,459211.324321126,2022-06-29,308000001020220001
유앤아이 동물병원,영업/정상,"경상남도 창원시 마산회원구 삼호로 46, 1층 (양덕동)",경상남도 창원시 마산회원구 양덕동 151-18,055-298-7585,344324.733207794,192569.032605289,2022-06-24,567000001020220003
오월드 동물병원,영업/정상,"대전광역시 중구 사정공원로 70, 동물병원 1층 (사정동)",대전광역시 중구 사정동 142 대전동물원,042-580-4960,235490.247349194,310249.358480676,2022-06-24,365000001020220001
돌봄동물병원,영업/정상,"세종특별자치시 한누리대로 1864, 수루배마을1단지 근린생활시설 c동 103~105호 (반곡동)",세종특별자치시 반곡동 34-4 수루배마을1단지 근린생활시설,044-862-7277,227406.09906694,333133.604890953,2022-06-20,569000001020220001
동물병원 오월의산책,영업/정상,"경기도 안양시 동안구 경수대로 563, 현대제우스타워 201호 (호계동)",경기도 안양시 동안구 호계동 949-3 현대제우스타워 201호,031-452-0119,196131.752151859,430105.708731959,2022-06-17,383000001020220001
샘골동물병원,영업/정상,"전북특별자치도 정읍시 이평면 황토현로 298, 2층 1호",전북특별자치도 정읍시 이평면 두지리 195,,185270.307816263,240487.309875549,2022-06-15,469100001020220003
정산동물병원,영업/정상,"전북특별자치도 정읍시 이평면 황토현로 298, 2층 2호",전북특별자치도 정읍시 이평면 두지리 195,,185270.307816263,240487.309875549,2022-06-14,469100001020220002
NS대흥동물병원,영업/정상,충청남도 논산시 부적면 백일헌로 19,충청남도 논산시 부적면 덕평리 35-10,,212865.625131701,301531.579638755,2022-06-14,454000001020200001
빌리브동물병원,영업/정상,"경기도 성남시 분당구 성남대로 449, 111,112,113호 (정자동, 로얄팰리스)","경기도 성남시 분당구 정자동 28-1 로얄팰리스 111,112,113호",031-8088-7500,209740.647579877,430352.980132984,2022-06-14,378000001020220003
폴라동물병원,영업/정상,"서울특별시 종로구 낙산길 311, 지1층 (숭인동)",서울특별시 종로구 숭인동 20-138 지1층,,201451.464239337,453137.690825347,2022-06-13,300000001020220001
온담동물의료센터,영업/정상,"경기도 안산시 단원구 원선1로 9, 센트럴포레상가 1층 (원곡동)",경기도 안산시 단원구 원곡동 842-1,031-362-4097,182292.033232214,424715.354381266,2022-06-09,393000001020220001
송도 아이본 동물의료센터,영업/정상,"인천광역시 연수구 능허대로 271, 1,2층 (동춘동)","인천광역시 연수구 동춘동 816-4 1,2층",032-833-7585,169317.371949958,434553.693630083,2022-06-09,352000001020220004
24시연동물의료센터,영업/정상,"서울특별시 강서구 화곡로 191, 남서울수영장 1층 (화곡동)",서울특별시 강서구 화곡동 1060-30 남서울수영장,,185983.844739412,448981.902246047,2022-06-09,315000001020220001
건동물병원,영업/정상,경상남도 창녕군 창녕읍 여초길 168,경상남도 창녕군 창녕읍 퇴천리 122-5,,336477.535833481,225298.447953501,2022-06-08,541000001020220001
김포쎈텀동물병원,영업/정상,"경기도 김포시 고촌읍 수기로 109, 캐슬힐 115호, 208호",경기도 김포시 고촌읍 신곡리 880-1,031-992-8275,179083.912543635,454630.74437622,2022-06-08,409000001020220002
플러스동물병원,영업/정상,"인천광역시 연수구 송도과학로27번길 15, 104동 104,105호 (송도동, 송도아메리칸타운아이파크)","인천광역시 연수구 송도동 155 송도아메리칸타운아이파크 104동 104,105호",032-816-2588,170015.390865756,431495.248140507,2022-06-03,352000001020220002
송산종합동물병원,영업/정상,경기도 화성시 만세구 송산면 송산동로 6-23,경기도 화성시 만세구 송산면 사강리 630-10,031-357-1177,176559.150593822,412563.158965151,2022-05-31,574000001020220005
도킹어바웃 동물병원,영업/정상,"서울특별시 강남구 논현로 18, 지수빌딩 2층 (개포동)",서울특별시 강남구 개포동 1191-4 지수빌딩,02-529-7577,204341.548746846,441204.99665215,2022-05-30,322000001020220003
검단이담동물의료센터,영업/정상,"인천광역시 검단구 이음1로 383, 세중시그니쳐 2층 201~3호 (원당동)",인천광역시 검단구 원당동 0 세중시그니쳐,032-710-2440,,,2022-05-27,356500001020220004
연희동물의료원,영업/정상,"경기도 시흥시 인선1길 8, 301, 302호 (장곡동)",경기도 시흥시 장곡동 345-1,031-315-5119,181144.705842846,430654.098350972,2022-05-25,401000001020220004
허브동물병원,영업/정상,"서울특별시 금천구 독산로 70-1, 1층 (시흥동)",서울특별시 금천구 시흥동 837,02-867-7776,191643.472408667,439056.514601277,2022-05-24,317000001020220001
아이조은동물병원,영업/정상,"서울특별시 도봉구 해등로26길 7, 111, 112호 (쌍문동)",서울특별시 도봉구 쌍문동 215-1,,202807.230907617,461791.719629655,2022-05-24,309000001020220002
24시 더원 동물병원,영업/정상,"인천광역시 검단구 발산로 41, 4층 (원당동)",인천광역시 검단구 원당동 0,032-569-6677,,,2022-05-23,356500001020220003
한양동물병원,영업/정상,"서울특별시 송파구 가락로 162, 1층 (송파동)",서울특별시 송파구 송파동 103-29,02-420-9993,209960.669881595,444566.344556444,2022-05-23,323000001020220005
하이 동물병원,영업/정상,"경기도 남양주시 오남읍 진건오남로 778, 선일프라자 205호",경기도 남양주시 오남읍 양지리 94-1 선일프라자,031-571-4009,218023.898490593,466105.995760389,2022-05-19,399000001020220001
모아동물병원,영업/정상,"부산광역시 사하구 장림번영로 41, 1층 (장림동)",부산광역시 사하구 장림동 325-67,051-265-0114,379594.34622821,177529.777142661,2022-05-19,334000001020220002
제주우리동물병원,영업/정상,"제주특별자치도 제주시 구좌읍 충렬로 12, 1층",제주특별자치도 제주시 구좌읍 세화리 1217-1,,186523.118807989,2587.81127429049,2022-05-18,651000001020220003
다올동물의료센터 망포점,영업/정상,"경기도 수원시 영통구 덕영대로 1478, 망포역 포레 스퀘어 2층 212,213호 (망포동)",경기도 수원시 영통구 망포동 41-1 망포역 포레 스퀘어,031-239-0208,204581.347405536,415915.437454216,2022-05-18,374000001020220004
청아동물병원,영업/정상,"인천광역시 연수구 용담로 11, 시대아파트 상가동 1층 118호 (청학동)",인천광역시 연수구 청학동 451 시대아파트 상가동 1층 118호,032-710-7217,170681.89889168,435649.139531741,2022-05-18,352000001020220001
블루밍동물의료센터,영업/정상,"전남광주통합특별시 북구 대자로 36, MVG#78 202호 (운암동)",전남광주통합특별시 북구 운암동 439-1 MVG#78,062-416-7975,188635.146213491,186022.483072668,2022-05-17,582000001020220001
벤지동물병원,영업/정상,"전남광주통합특별시 나주시 빛가람로 789, 103호 (빛가람동)",전남광주통합특별시 나주시 빛가람동 256-2 103호,,181499.207500154,169190.434074828,2022-05-17,579500001020220001
고수 동물병원,영업/정상,경상북도 청도군 청도읍 고수구길 34,경상북도 청도군 청도읍 고수리 271-3,054-372-9395,357324.836363865,239857.177456391,2022-05-13,519000001020220001
해담동물의료센터,영업/정상,"경상북도 포항시 북구 장량로139번길 59, 대박빌딩 1층 (장성동)",경상북도 포항시 북구 장성동 1407-1,054-726-2232,415409.732540905,289936.163279276,2022-05-13,502000001020220002
KB동물병원(출장진료전문),영업/정상,"경상남도 진주시 사봉면 모곡길 76-28, 2동",경상남도 진주시 사봉면 봉곡리 49-6,,317996.020400716,189386.46675205,2022-05-10,531000001020220003
하나동물병원,영업/정상,"경상북도 영천시 금강길 21, 하나동물병원 (완산동)",경상북도 영천시 완산동 981-8,,374908.40203455,275466.18539267,2022-05-10,510000001020220001
오션동물병원,영업/정상,"전북특별자치도 군산시 백릉로 151, 더테라스 205호 (조촌동)",전북특별자치도 군산시 조촌동 2-67 205호,,176744.590998702,275094.105387808,2022-05-10,467100001020220001
마음든 동물병원,영업/정상,"경상남도 진주시 관문로 7, 율곡스퀘어 프런티어 2층 207, 208호 (가좌동)",경상남도 진주시 가좌동 2064-2 율곡스퀘어 프런티어,,301691.987946763,184243.196934861,2022-05-06,531000001020220002
백두 동물병원,영업/정상,"경상북도 안동시 강남8길 59, 허브향기 (정하동)",경상북도 안동시 정하동 308-4 허브향기,,355271.698872811,339993.570791284,2022-05-06,507000001020220002
닥터서동물심장병원,영업/정상,"경기도 고양시 일산동구 태극로 11, 일산 한류월드 유보라 더 스마트 234,235,236호 (장항동)",경기도 고양시 일산동구 장항동 1758-1 일산 한류월드 유보라 더 스마트,031-994-7953,177997.524143115,462337.940572527,2022-05-04,394000001020220003
성경완 동물병원,영업/정상,"부산광역시 동구 고관로 48, 신화하니엘 더시티 주건축물제1동 103호 (초량동)",부산광역시 동구 초량동 1145-9 신화하니엘 더시티 주건축물제1동,051-465-7582,386216.078022384,182410.08251643,2022-05-04,327000001020220001
참좋은동물병원(출장진료전문 동물병원),영업/정상,"충청남도 천안시 동남구 원성4길 21, 대전충남양계축산업협동조합 2층 (원성동)",충청남도 천안시 동남구 원성동 480-5 대전충남양계축산업협동조합,,214327.819842623,367439.328424593,2022-05-03,565000001020220002
동그라미 동물의료센터,영업/정상,"경기도 시흥시 진말1로 18, 310호 (장곡동)",경기도 시흥시 장곡동 260-21,,181268.875221092,430651.776551747,2022-05-03,401000001020220003
그린동물병원,영업/정상,"경기도 화성시 만세구 수노을중앙로 160, 2층 (새솔동)",경기도 화성시 만세구 새솔동 76-13,,183880.034473926,420121.444800251,2022-05-02,574000001020220004
신촌 숲 동물병원,영업/정상,"서울특별시 마포구 광성로 17, 상가동 135, 136호 (신수동, 신촌숲아이파크)",서울특별시 마포구 신수동 462 신촌숲아이파크,,194134.552742402,449869.274982304,2022-05-02,313000001020220001
행복한 동물병원,영업/정상,"부산광역시 사하구 을숙도대로 713, 1층 (신평동)",부산광역시 사하구 신평동 569-51,051-714-2435,380804.677300506,178043.918864001,2022-04-29,334000001020220001
동물치과병원메이,영업/정상,"서울특별시 강남구 테헤란로8길 46, 2층 (역삼동)",서울특별시 강남구 역삼동 827-67,02-797-4408,202780.126797022,443740.045139197,2022-04-27,322000001020220002
닥터펫보리 특수클리닉,영업/정상,"서울특별시 관악구 낙성대로 32, 관악구재향군인회 301호 (봉천동)",서울특별시 관악구 봉천동 300-17 관악구재향군인회,,196283.107476338,441498.769579572,2022-04-27,320000001020220001
사랑해요동물병원,영업/정상,"서울특별시 도봉구 시루봉로 59, 104호 (쌍문동)",서울특별시 도봉구 쌍문동 262-10 104호,,202376.452513796,461534.679833377,2022-04-27,309000001020220001
윤 동물병원,영업/정상,경기도 용인시 처인구 남사읍 경기동로 338,경기도 용인시 처인구 남사읍 북리 54-18,,214347.075396097,404449.505695247,2022-04-26,562000001020220001
24시 동대문 루시드 동물메디컬센터,영업/정상,"서울특별시 동대문구 전농로 57-1, 1층,2층,지하1층 동대문 루시드 동물메디컬센터 (답십리동)",서울특별시 동대문구 답십리동 259-22,02-6217-0202,204958.890769622,451983.572742918,2022-04-26,305000001020220001
캐나다동물병원,영업/정상,경기도 양주시 남면 감악산로244번길 33,경기도 양주시 남면 신산리 72-10,031-863-8370,198081.737320688,487332.698787941,2022-04-25,559000001020220001
다인동물병원,영업/정상,경상북도 안동시 태화중앙로 53(태화동),"경상북도 안동시 태화동 231-23 1층, 우측",,353068.106677883,341111.402283593,2022-04-25,507000001020220001
미사 센트럴 동물병원,영업/정상,"경기도 하남시 미사강변대로54번길 125, 상아프라자2 2층 201호 (풍산동)","경기도 하남시 풍산동 502-1 상아프라자2, 2층 201호",031-791-8275,216583.121429789,450640.477245547,2022-04-25,404000001020220001
남산연합동물병원,영업/정상,"대구광역시 중구 남산로6안길 47, 1층 101, 105호 (남산동, 로하스남산)",대구광역시 중구 남산동 2118-2 로하스남산 101호,,343206.428865692,263018.963789842,2022-04-22,341000001020220003
이브동물의료센터,영업/정상,"경상남도 양산시 웅상대로 825, 2층 201호 (덕계동)",경상남도 양산시 덕계동 724-4,055-781-2028,395571.999995248,210403.068830503,2022-04-18,538000001020220001
눈이튼튼 동물병원,영업/정상,"경기도 수원시 팔달구 권광로 208, 인송빌딩 204, 205호 (인계동)","경기도 수원시 팔달구 인계동 1114-10 인송빌딩 204, 205호",031-526-7333,202938.71678925,418217.110663808,2022-04-14,374000001020220003
부산 리브동물의료센터,영업/정상,부산광역시 동래구 충렬대로125번길 6(온천동),부산광역시 동래구 온천동 1434-10,051-552-5553,388853.616249747,191635.463685208,2022-04-14,330000001020220001
함께하는 동물병원,영업/정상,"전남광주통합특별시 영광군 영광읍 신남로 180, 1층 105호",전남광주통합특별시 영광군 영광읍 신하리 10-1,061-352-3353,154604.794130273,197506.292795883,2022-04-13,589000001020220001
숲속동물병원,영업/정상,"경기도 화성시 만세구 수노을중앙로 126, 202-203호 (새솔동)",경기도 화성시 만세구 새솔동 76-5,,183748.51562678,420379.489402973,2022-04-12,574000001020220003
신규동물병원,영업/정상,경상북도 김천시 양금로 196-1(황금동),경상북도 김천시 황금동 132-4,,301039.974396804,290707.599692462,2022-04-07,506000001020220001
담양군 반려유기동물 공공진료소,영업/정상,"전남광주통합특별시 담양군 담양읍 지침5길 35, 1층",전남광주통합특별시 담양군 담양읍 지침리 34-2,061-380-2738,198922.151394496,202165.139203931,2022-04-06,583000001020220001
소원동물병원,영업/정상,"전북특별자치도 완주군 봉동읍 원둔산1길 31, 101동",전북특별자치도 완주군 봉동읍 둔산리 900-3,,211395.234306594,273371.55133798,2022-04-06,472100001020220001
동물병원예지,영업/정상,"서울특별시 영등포구 신길로 29, 105동 116호 (대림동, e편한세상 영등포 아델포레)",서울특별시 영등포구 대림동 1127 e편한세상 영등포 아델포레,02-2135-7228,191711.319229969,443582.203546963,2022-04-06,318000001020220002
논산시 동물보호센터,영업/정상,충청남도 논산시 계백로665번길 100(등화동),충청남도 논산시 등화동 534-1,041-746-8474,205152.141545731,298202.309147044,2022-04-05,454000001020220001
이기쁨동물병원,영업/정상,"인천광역시 서해구 가정로 437, 301동 B119호 (가정동, 루원시티 SK Leaders' VIEW)",인천광역시 서해구 가정동 0 루원시티 SK Leaders' VIEW 301동 B119호,032-579-7778,,,2022-04-04,356100001020220002
양지동물병원,영업/정상,"경상북도 경산시 삼성현로15길 44, 아름다운빌 (옥산동)",경상북도 경산시 옥산동 820-1 아름다운빌,,355456.008431352,259751.445871153,2022-03-31,513000001020220002
베를린 동물치과센터,영업/정상,"서울특별시 송파구 백제고분로 506, 4층 (방이동, 올림픽타워빌)",서울특별시 송파구 방이동 180-3 올림픽타워빌,02-830-1494,210147.649377402,445888.044710065,2022-03-31,323000001020220003
신비한 동물병원 인센텀,영업/정상,"부산광역시 해운대구 센텀중앙로 60, 106호 (우동)",부산광역시 해운대구 우동 1459 퍼스트인센텀,051-744-7500,393868.69459854,188144.721879896,2022-03-29,333000001020220001
정 메디컬 동물병원,영업/정상,"경상남도 창원시 성산구 마디미서로 4, KT빌딩 201호 (상남동)",경상남도 창원시 성산구 상남동 7-1 KT빌딩,,353250.171584637,192958.944784814,2022-03-28,567000001020220002
참동물병원,영업/정상,"충청남도 아산시 배방읍 광장로 210, A211호 (요진 와이시티)",충청남도 아산시 배방읍 장재리 1767 요진 와이시티,041-566-8575,209607.678241892,366057.870585316,2022-03-25,452000001020220003
바른동물병원,영업/정상,경상북도 칠곡군 왜관읍 석전로10길 92,경상북도 칠곡군 왜관읍 석전리 706-41,,326750.524804878,278312.716237134,2022-03-24,522000001020220001
녹십자동물병원,영업/정상,충청남도 부여군 부여읍 성왕로 177-1,충청남도 부여군 부여읍 구아리 413,,191671.645366854,308938.831943112,2022-03-22,457000001020220001
루나동물병원,영업/정상,"전남광주통합특별시 남구 봉선2로 53, 101호 (봉선동)",전남광주통합특별시 남구 봉선동 465-3 101호,062-654-7500,191942.969645531,180771.643848266,2022-03-15,581500001020220001
나온동물병원,영업/정상,"경기도 용인시 기흥구 죽전로 29, 포레스트프라자 2층 3호 (보정동)",경기도 용인시 기흥구 보정동 1207-1 포레스트프라자,031-8019-7897,209865.400557259,424312.013310834,2022-03-15,563000001020220002
제마동물병원,영업/정상,"제주특별자치도 제주시 조천읍 비자림로 702-57, 1층",제주특별자치도 제주시 조천읍 교래리 580,,170002.245173704,-7177.12715708655,2022-03-14,651000001020220002
바른동물의료센터,영업/정상,"전남광주통합특별시 무안군 삼향읍 남악로 234, 트리폴리앙프라자  C동 2층 203호",전남광주통합특별시 무안군 삼향읍 남악리 2551,,150902.079093362,145250.294061718,2022-03-14,588000001020220002
하나동물의료센터,영업/정상,"충청남도 아산시 배방읍 월천6길 9, 101호",충청남도 아산시 배방읍 북수리 1789,041-533-7572,206713.432809916,363276.539043548,2022-03-14,452000001020220002
노원 바른 동물의료센터,영업/정상,"서울특별시 노원구 동일로 1598, 부흥빌딩 1, 2층 (상계동)",서울특별시 노원구 상계동 964-5 부흥빌딩,02-936-5500,204909.464271165,463186.271687248,2022-03-14,310000001020220001
이산동물의료센터,영업/정상,"경기도 시흥시 능곡번영길 22, 304,305호 (능곡동)",경기도 시흥시 능곡동 457-12,031-8042-6016,182922.65075394,430097.802602658,2022-03-10,401000001020220002
뉴케어동물병원,영업/정상,"경기도 용인시 기흥구 흥덕2로65번길 2-20, 1층층 (영덕동)",경기도 용인시 기흥구 영덕동 989-6,,206485.835,419146.575,2022-03-08,563000001020220001
썬 애니멀 클리닉(S.A.clinic)(출장진료전문),영업/정상,"충청남도 천안시 동남구 신부12길 19, 신부동오피스텔 6층 601호 (신부동)",충청남도 천안시 동남구 신부동 489-1 신부동오피스텔 601호,,214231.247956309,368563.891273545,2022-03-07,565000001020220001
도천동물병원,영업/정상,"경상남도 통영시 중앙로 45, 101호 (도천동)",경상남도 통영시 도천동 278-3 101호,055-646-1525,329377.757972253,149882.267178348,2022-03-03,533000001020220001
24시 해든동물의료센터 민락점,영업/정상,"경기도 의정부시 천보로 68, 201호 (민락동)",경기도 의정부시 민락동 805,031-851-7007,208228.520689409,471445.862093797,2022-03-03,382000001020220001
청우 동물병원,영업/정상,전남광주통합특별시 장흥군 장흥읍 칠거리예양로 65,전남광주통합특별시 장흥군 장흥읍 예양리 1-2,,190955.328953368,131041.972549402,2022-03-02,586000001020220001
품속동물병원,영업/정상,"강원특별자치도 춘천시 안마산로 97, 102호 (퇴계동)",강원특별자치도 춘천시 퇴계동 532-10 102호,033-242-7559,263881.281114526,483867.606009445,2022-02-28,418000001020220002
치료해주오 동물병원 인천논현점,영업/정상,"인천광역시 남동구 논현로46번길 22, 코아루파크 B동 103,104,105호 (논현동)",인천광역시 남동구 논현동 637-2 코아루파크,,174288.785346545,433299.517471586,2022-02-28,353000001020220001
화이트동물메디컬센터,영업/정상,"경상북도 포항시 북구 두호로 31-1, 1층 (두호동)",경상북도 포항시 북구 두호동 1052-9,054-614-7578,413917.26350775,286993.963034331,2022-02-25,502000001020220001
박영우안과동물병원,영업/정상,"대구광역시 중구 달구벌대로 2208, 서정희피부과 5층 (대봉동)",대구광역시 중구 대봉동 20-65 서정희피부과,,344855.365642187,263678.876402168,2022-02-25,341000001020220002
문수의과병원,영업/정상,"경상남도 합천군 합천읍 남정길 34, 101호",경상남도 합천군 합천읍 합천리 965-2,,304786.900116551,229984.214077711,2022-02-24,548000001020220002
누리동물병원(출장진료전문병원),영업/정상,"충청북도 음성군 맹동면 장성1길 9, 4동 1층 104호 (충북혁신도시 영무예다음3차)",충청북도 음성군 맹동면 동성리 523 충북혁신도시 영무예다음3차,,247885.582657689,378811.3508055,2022-02-23,447000001020220001
과천우주동물병원,영업/정상,경기도 과천시 별양로 39(원문동),경기도 과천시 원문동 10 과천위버필드근린생활시설 1동 101호,02-6949-0883,199091.900989804,435651.977842872,2022-02-23,397000001020220001
화서동물병원,영업/정상,"경기도 수원시 장안구 대평로 27, 201동 205호 (정자동, 화서역 파크푸르지오)",경기도 수원시 장안구 정자동 950 화서역 파크푸르지오 201동 205호,031-271-5975,199460.301398641,420871.789200422,2022-02-22,374000001020220002
헤아림동물병원,영업/정상,"경상남도 거제시 아주1로3길 52, 1층 (아주동)",경상남도 거제시 아주동 1694-15,,354323.609226163,153156.267008289,2022-02-21,537000001020220001
내포조은동물병원,영업/정상,"충청남도 홍성군 홍북읍 청사로 36, 승우빌딩 2층 203-1호",충청남도 홍성군 홍북읍 신경리 1181 승우빌딩,041-631-2202,170839.795832234,349705.888303377,2022-02-21,460000001020220001
수 동물병원,영업/정상,"충청남도 태안군 태안읍 중앙로 305, 1호",충청남도 태안군 태안읍 평천리 708-11,,139090.633008496,361466.824594284,2022-02-18,462000001020220001
규범동물병원,영업/정상,경상북도 경주시 건천읍 작원4길 7-6,경상북도 경주시 건천읍 건천리 207-22,,390142.130810129,263138.623471678,2022-02-17,505000001020220001
시지W동물의료센터,영업/정상,"대구광역시 수성구 달구벌대로 3223, 1층 (신매동)",대구광역시 수성구 신매동 362-4 1층,053-721-7879,354377.744409687,261384.402138793,2022-02-17,346000001020220001
로아동물병원,영업/정상,"경기도 군포시 고산로 707, 1,2층 (산본동)",경기도 군포시 산본동 106-21,031-399-8875,194286.534194718,430093.538426015,2022-02-16,402000001020220001
우성동물병원,영업/정상,충청남도 공주시 우성면 옥성길 439-71,충청남도 공주시 우성면 방문리 72-1,,206442.404928189,329942.019946066,2022-02-15,450000001020220001
시흥시동물누리보호센터 동물병원,영업/정상,경기도 시흥시 뒷방울길 218(정왕동),경기도 시흥시 정왕동 산 15-7,031-310-6943,,,2022-02-14,401000001020220001
리브동물의료센터,영업/정상,"인천광역시 검단구 검단로 455, 105,201,202호 (왕길동, 검단KB빌딩)",인천광역시 검단구 왕길동 641-10 검단KB빌딩,032-567-2475,,,2022-02-14,356500001020220001
올케어 동물의료센터,영업/정상,"부산광역시 부산진구 동평로 356, 1층 (양정동)",부산광역시 부산진구 양정동 511-2,051-714-0011,387967.681867242,188102.714194775,2022-02-14,329000001020220001
메디스동물병원,영업/정상,"경기도 화성시 동탄구 동탄대로4길 39, 2층 204호 (장지동)",경기도 화성시 동탄구 장지동  971-1,,209721.874407526,406673.380942227,2022-02-11,577000001020220002
뉴본동물의료센터,영업/정상,"경기도 평택시 동삭1로22번길 19-13, 2층 (동삭동)",경기도 평택시 동삭동 0,031-647-6679,,,2022-02-11,391000001020220001
삼화동물병원,영업/정상,"제주특별자치도 제주시 건주로4길 28, 1층 (도련일동)",제주특별자치도 제주시 도련일동 1963-2,064-757-7585,160806.111395415,2343.78039230117,2022-02-10,651000001020220001
라이언펫 수원광교동물병원,영업/정상,"경기도 수원시 영통구 센트럴파크로127번길 154, 1층 (이의동)",경기도 수원시 영통구 이의동 1319-10,031-211-7589,204885.145352705,421342.694302602,2022-02-03,374000001020220001
어반동물병원,영업/정상,"경상남도 창원시 의창구 중동중앙로 47, 어반브릭스 제스튜디오몰동 1층 1027호 (중동)",경상남도 창원시 의창구 중동 784-1 어반브릭스,,347814.77580011,196470.322284895,2022-01-28,567000001020220001
청운동물병원,영업/정상,"경상북도 문경시 매봉2길 15-11, 1층층 (모전동)",경상북도 문경시 모전동 877-4,,305852.152884148,343386.895770567,2022-01-27,512000001020220001
김포위브동물의료센터,영업/정상,"경기도 김포시 고촌읍 태리로 293, 베스트프라자 202호",경기도 김포시 고촌읍 신곡리 0,031-987-1191,,,2022-01-26,409000001020220001
힐링페츠동물병원,영업/정상,"부산광역시 기장군 기장읍 대청로 8, 1층",부산광역시 기장군 기장읍 대라리 162-18,,401207.227677017,195404.067219125,2022-01-26,340000001020220001
라온펫동물병원,영업/정상,"서울특별시 송파구 가락로 169, 1층 102호 (송파동)",서울특별시 송파구 송파동 122-7,,209999.117811662,444657.925461296,2022-01-25,323000001020220002
송파 마리동물병원,영업/정상,"서울특별시 송파구 오금로 185, 금천빌딩 1층 (방이동)",서울특별시 송파구 방이동 115-4 금천빌딩,02-415-7555,210092.736422553,445214.179933705,2022-01-25,323000001020220001
바하 고양이 병원,영업/정상,"경기도 의왕시 내손로 82, 내손신성프라자 404호 (내손동)",경기도 의왕시 내손동 643-6 내손신성프라자,031-425-8875,198150.345010149,431681.71634854,2022-01-21,403000001020220001
대야축산컨설팅,영업/정상,경상남도 합천군 대양면 동부로 7,경상남도 합천군 대양면 정양리 103-8,,305348.483749775,229135.88920704,2022-01-20,548000001020220001
영종H동물의료센터,영업/정상,"인천광역시 영종구 자연대로 47, 스타타워2 101호 (중산동)",인천광역시 영종구 중산동 1873-3,032-752-7515,,,2022-01-20,349100001020220001
영양동물병원(출장진료전문병원),영업/정상,"경상북도 영양군 영양읍 옥골1길 1, 대동빌딩 3층",경상북도 영양군 영양읍 서부리 189 대동빌딩,,388896.862207453,353548.876706774,2022-01-17,517000001020220001
올리브 동물병원,영업/정상,"전북특별자치도 순창군 순창읍 장류로 289-2, 1층",전북특별자치도 순창군 순창읍 순화리 471-2,063-652-9951,212133.665915122,208532.565701331,2022-01-17,477100001020220001
시민동물병원,영업/정상,"경기도 광주시 순암로 54, 1층 2호 (장지동)",경기도 광주시 장지동 83-13,,221469.0145978,432556.494372953,2022-01-14,554000001020220001
클린피부전문동물병원,영업/정상,"경상남도 김해시 전하로246번길 11, 102호 (전하동)",경상남도 김해시 전하동 27-1,,370526.751963484,193446.387668951,2022-01-14,535000001020220001
대구동물심장내과,영업/정상,"대구광역시 중구 명덕로 315, 1층 (대봉동)",대구광역시 중구 대봉동 195-31,,344888.793857757,262881.845015451,2022-01-14,341000001020220001
동물병원 산책,영업/정상,경기도 양평군 양평읍 중앙로 49,경기도 양평군 양평읍 공흥리 731-6,031-773-8275,243689.171017797,443879.1750773,2022-01-13,417000001020220001
쥬만지동물의료센터,영업/정상,"경기도 화성시 동탄구 동탄치동천로3길 42, 1층 (영천동)",경기도 화성시 동탄구 영천동  745-12,031-374-0275,210913.621413828,411212.752118953,2022-01-12,577000001020220001
와일드 동물병원,영업/정상,강원특별자치도 춘천시 샘물단지길 22-26(사농동),강원특별자치도 춘천시 사농동 437-105,,263377.452786188,489852.795460358,2022-01-07,418000001020220001
우일축산 AH,영업/정상,대구광역시 북구 워터폴리스로15길 29 (검단동),대구광역시 북구 검단동 1556,053-381-0044,,,2022-01-05,345000001020220001
나리울동물병원,영업/정상,"서울특별시 강남구 영동대로 22, 5동 2층 518~519호 (일원동, 디에이치 자이 개포)",서울특별시 강남구 일원동 743 디에이치 자이 개포,02-423-5755,206573.648227777,443195.189239438,2021-12-31,322000001020210009
뉴로동물의료센터24시,영업/정상,"부산광역시 연제구 중앙대로 1084, 진도사옥 2~3층 (연산동)",부산광역시 연제구 연산동 702-10 진도사옥,051-711-8253,389473.281486449,189228.061082038,2021-12-28,337000001020210002
한솔동물병원,영업/정상,전남광주통합특별시 영광군 영광읍 와룡로1길 23,전남광주통합특별시 영광군 영광읍 월평리 301,,154579.235641391,198918.749588813,2021-12-27,589000001020210003
마음편한동물메디컬센터,영업/정상,"경상북도 성주군 성주읍 성주순환로2길 41, 1층",경상북도 성주군 성주읍 예산리 860,054-931-7582,315648.505155019,270054.155588463,2021-12-24,521000001020210002
몽마르뜨 동물병원,영업/정상,"서울특별시 서초구 방배중앙로 198, 오릭스오피스텔 202호 (방배동)",서울특별시 서초구 방배동 755-5 오릭스오피스텔 202호,02-595-7588,198660.616347373,443855.573402136,2021-12-24,321000001020210002
사랑동물병원,영업/정상,"제주특별자치도 제주시 애월읍 일주서로 6254-3, 1층",제주특별자치도 제주시 애월읍 애월리 1414-1,,136958.200072439,-3721.70094773611,2021-12-23,651000001020210007
겨울나는나비 동물병원,영업/정상,"경상남도 사천시 용현면 진삼로 953-6, 2동",경상남도 사천시 용현면 선진리 103-7,055-853-9101,297182.289595617,171932.179262769,2021-12-23,534000001020210001
아너스 동물병원,영업/정상,"울산광역시 남구 화합로 197, 1층 (삼산동)",울산광역시 남구 삼산동 1550-12,052-281-3567,412066.532831996,229485.246354265,2021-12-23,370000001020210002
바른길동물병원,영업/정상,"경상북도 성주군 성주읍 성주읍1길 24-1, 노블레스 1층",경상북도 성주군 성주읍 성산리 2092-7 노블레스,,316400.844695603,269600.262833036,2021-12-21,521000001020210001
맑은눈 동물병원,영업/정상,"대전광역시 유성구 도안대로 591, 명동프라자 205호 (봉명동)",대전광역시 유성구 봉명동 553-4,,230517.56341683,316979.395445547,2021-12-21,367000001020210004
수 동물병원,영업/정상,충청남도 논산시 부적면 백일헌로 19,충청남도 논산시 부적면 덕평리 35-10,,212865.625131701,301531.579638755,2021-12-20,454000001020210001
웰니스동물병원,영업/정상,"경기도 안산시 상록구 항가울로 422, 롯데마트 2층 (성포동)",경기도 안산시 상록구 성포동 590 롯데마트(2층),031-414-1275,186396.067737112,423947.236380533,2021-12-20,393000001020210002
중부동물병원약품,영업/정상,강원특별자치도 횡성군 서원면 금대길 50,강원특별자치도 횡성군 서원면 금대리 225,,280296.398792826,445313.352172955,2021-12-16,426000001020210001
24시도안동물메디컬센터,영업/정상,"대전광역시 서구 계백로 1159, 1층 (도안동)",대전광역시 서구 도안동 1789,042-710-1502,231527.199678779,311666.138801462,2021-12-16,366000001020210002
숲속의 동물병원,영업/정상,전남광주통합특별시 장흥군 장흥읍 우드랜드길 175-8,전남광주통합특별시 장흥군 장흥읍 우산리 18-7,,193908.215574041,130272.91993983,2021-12-15,586000001020210001
동물병원 이음,영업/정상,"경기도 용인시 기흥구 흥덕2로75번길 25-3, 1층 (영덕동)",경기도 용인시 기흥구 영덕동 994-10 1층,031-213-7572,206262.297501423,419126.999392824,2021-12-14,563000001020210003
경주동물메디컬센터,영업/정상,경상북도 경주시 알천남로 130(성동동),경상북도 경주시 성동동 188-10,054-727-2475,400089.938476113,263627.123260883,2021-12-13,505000001020210002
소다온 동물병원,영업/정상,전남광주통합특별시 고흥군 남양면 고흥로 3867,전남광주통합특별시 고흥군 남양면 중산리 751-6,,230218.433433306,138696.030250996,2021-12-10,584500001020210001
애플벳 동물병원,영업/정상,충청북도 진천군 이월면 중미로 473-1,충청북도 진천군 이월면 신월리 364-37,,241290.329933896,380374.102253591,2021-12-10,445000001020210001
대영동물병원,영업/정상,전북특별자치도 정읍시 정읍사로 512-2(시기동),전북특별자치도 정읍시 시기동 82-10,,187435.210895964,227705.310039188,2021-12-09,469100001020210003
디아동물병원,영업/정상,"서울특별시 강남구 선릉로4길 13, 2층 (개포동)",서울특별시 강남구 개포동 158-8,02-572-2772,205433.088647908,442288.846543022,2021-12-09,322000001020210008
청양축협 동물병원,영업/정상,"충청남도 청양군 정산면 서정2길 5, 축협정산지소",충청남도 청양군 정산면 서정리 99-22 축협정산지소,041-942-3118,195388.121843909,323497.61192268,2021-12-07,459000001020210001
케이씨비디에이 펫클리닉,영업/정상,"경기도 남양주시 순화궁로 272, 동광 비즈타워 별내 104호 (별내동)",경기도 남양주시 별내동 974-1 동광 비즈타워 별내,031-523-2731,211348.256031066,461027.650120853,2021-12-07,399000001020210005
노형 꿈 동물병원,영업/정상,제주특별자치도 제주시 월광로 32(노형동),제주특별자치도 제주시 노형동 2924-2,064-744-1128,150192.410813408,-1230.95973618488,2021-12-03,651000001020210006
수정동물병원,영업/정상,울산광역시 남구 중앙로28번길 2(야음동),울산광역시 남구 야음동 717-2,052-936-0075,410251.340401678,227382.998551969,2021-12-03,370000001020210001
누리동물병원,영업/정상,전남광주통합특별시 나주시 동수농공단지길 76(동수동),전남광주통합특별시 나주시 동수동 386-3,,171209.988390697,165136.958175739,2021-12-01,579500001020210001
오즈동물병원,영업/정상,전남광주통합특별시 남구 회재로 1158 (주월동),전남광주통합특별시 남구 주월동 536-24,062-654-1275,189748.579486405,181304.147691293,2021-11-26,581500001020210002
탑 동물병원,영업/정상,"경상남도 창원시 의창구 용동로 85, 한마음 빌딩 304호 (사림동)",경상남도 창원시 의창구 사림동 165-14,055-715-7582,354744.207961162,194567.631214745,2021-11-26,567000001020210004
군위축협 동물병원,영업/정상,"대구광역시 군위군 군위읍 군청로 49-33, A동 1층",대구광역시 군위군 군위읍 서부리 154-17,054-383-7728,340732.562529959,304317.193519872,2021-11-25,514000001020210002
경주시 동물사랑보호센터 동물병원,영업/정상,"경상북도 경주시 천북면 천북로 8-4, 경주시 동물보호센터",경상북도 경주시 천북면 신당리 915-21 경주시 동물보호센터,054-760-2885,402054.277064002,268149.956475235,2021-11-22,505000001020210001
슬기로운동물병원,영업/정상,"경기도 안성시 공도읍 서동대로 4486, 1층 1호",경기도 안성시 공도읍 양기리 298-8,031-655-5946,217772.342933868,389702.003749343,2021-11-19,408000001020210003
"에스디(SD)동물의료센터,서울",영업/정상,"서울특별시 중구 왕십리로 407, 신당 파인힐 하나유보라 B1층 03,04,05호 (신당동, 신당 파인힐 하나유보라)",서울특별시 중구 신당동 855 신당 파인힐 하나유보라,02-2039-0303,202131.747052459,451330.482879118,2021-11-17,301000001020210002
"에스디(SD)동물영상센터,서울",영업/정상,"서울특별시 중구 왕십리로 407, B1-1호 (신당동, 신당 파인힐 하나유보라)",서울특별시 중구 신당동 855 신당 파인힐 하나유보라,,202131.747052459,451330.482879118,2021-11-17,301000001020210001
풍경동물병원,영업/정상,부산광역시 부산진구 성지로 110-1(초읍동),부산광역시 부산진구 초읍동 203-17,051-818-1101,386858.342380953,188687.240923566,2021-11-12,329000001020210002
송도 클로버동물병원,영업/정상,"인천광역시 연수구 하모니로178번길 22, 220호 (송도동)",인천광역시 연수구 송도동 10-7 220호,032-851-8119,168123.374869713,431284.384909565,2021-11-10,352000001020210002
리라동물병원,영업/정상,"인천광역시 영종구 하늘중앙로195번길 20, 1층 104호 (중산동)",인천광역시 영종구 중산동 1884-2,,,,2021-11-10,349100001020210001
고덕 동물의료센터,영업/정상,"서울특별시 강동구 고덕로 399, 209호 (고덕동, 고덕센트럴푸르지오)",서울특별시 강동구 고덕동 210-1 고덕센트럴푸르지오 209호,02-441-7585,214956.131343654,450617.923583608,2021-11-09,324000001020210005
마루동물병원,영업/정상,충청북도 괴산군 청천면 청천3길 7,충청북도 괴산군 청천면 청천리 65-3,043-833-7588,265845.834839525,351168.937170513,2021-11-07,446000001020210002
삼성종합동물병원,영업/정상,인천광역시 서해구 건지로 269 (석남동),인천광역시 서해구 석남동 579-3,032-584-0075,,,2021-11-05,356100001020180002
다나을동물병원,영업/정상,"경기도 하남시 미사강변동로 100-1, 미사역 파라곤 스퀘어 2층 2002,2002-1,2003호 (망월동)","경기도 하남시 망월동 1125 미사역 파라곤 스퀘어, 2002,2002-1,2003호",031-8027-0975,217057.174856799,451355.879802577,2021-11-04,404000001020210006
박순석동물메디컬센터,영업/정상,"대구광역시 남구 대명로 72, 더원빌딩 2층 (대명동)",대구광역시 남구 대명동 1057,,341377.582220186,261000.404686793,2021-11-03,344000001020210001
성실동물병원(출장진료전문동물병원),영업/정상,전남광주통합특별시 함평군 손불면 석산로 333-63,전남광주통합특별시 함평군 손불면 석창리 522-14,,148355.383133366,178748.45364564,2021-11-02,588500001020210001
토비동물병원,영업/정상,"인천광역시 연수구 아트센터대로 131, 커낼워크D2 SUMMER 211호 (송도동)",인천광역시 연수구 송도동 19-1 커낼워크D2 SUMMER 211호,032-710-3175,167793.448241954,433082.055970154,2021-11-02,352000001020210001
율하시티동물병원,영업/정상,경상남도 김해시 율하3로 77(율하동),경상남도 김해시 율하동 1331-2 101호,055-333-9107,365365.004386785,187662.640147103,2021-10-29,535000001020210003
도하동물병원,영업/정상,"경기도 화성시 동탄구 동탄역로 54, 112동 B1031호 (오산동, 동탄역 헤리엇)",경기도 화성시 동탄구 오산동  1023 동탄역 헤리엇 112동 B1031호,,208613.927444808,409972.944095934,2021-10-27,577000001020210006
태능동물병원,영업/정상,경기도 연천군 전곡읍 평화로 599-1,경기도 연천군 전곡읍 전곡리 293-14 3호동 1층,,205773.600447462,502297.460330815,2021-10-27,414000001020210004
24시퍼스트동물의료센터,영업/정상,"인천광역시 미추홀구 경원대로 890, 101,111호 (주안동, 보미 리즌빌)",인천광역시 미추홀구 주안동 929-16 보미 리즌빌,032-435-6333,172527.500008351,440045.06513816,2021-10-25,351050001020210001
삼산평생동물병원,영업/정상,"인천광역시 부평구 체육관로 20, 유림프라자 201호 (삼산동)",인천광역시 부평구 삼산동 462-4 유림프라자 201호,032-515-3375,176407.212389032,445157.869133323,2021-10-22,354000001020210001
대구24시라이프동물의료센터,영업/정상,"대구광역시 달서구 달구벌대로 1601, 1층 (감삼동)",대구광역시 달서구 감삼동 69-1,053-567-2475,339177.026837464,262436.02687444,2021-10-22,347000001020210003
아이사랑동물병원 건강검진센터,영업/정상,"서울특별시 강북구 삼양로24길 19, 현대성우아파트 102동 1층 109호 (미아동, 현대성우아파트)",서울특별시 강북구 미아동 561-2 현대성우아파트,02-946-0011,201882.026836663,457207.459778606,2021-10-22,308000001020210002
마음동물의료센터,영업/정상,제주특별자치도 제주시 조공포길 27(외도일동),제주특별자치도 제주시 외도일동 552-2,064-749-0302,147361.952576884,-587.175696837861,2021-10-21,651000001020210005
아이편한 동물의료센터,영업/정상,"경기도 고양시 덕양구 충장로 14, 글로리아프라자  2층 201호 (행신동)",경기도 고양시 덕양구 행신동 762,031-970-8875,185316.562388048,456868.289991954,2021-10-21,394000001020210009
소망동물병원,영업/정상,"전북특별자치도 순창군 쌍치면 쌍계로 49, 1층 1호",전북특별자치도 순창군 쌍치면 쌍계리 283-3,,200255.436589363,222351.284584908,2021-10-13,477100001020210001
신항동물병원,영업/정상,"경상남도 창원시 진해구 신항4로 47-24, 그린타워 202호 (용원동)",경상남도 창원시 진해구 용원동 1343-3 그린타워,,365527.836055254,178027.256986067,2021-10-12,567000001020210003
한들동물병원(출장진료전문),영업/정상,전북특별자치도 진안군 진안읍 진장로 16,전북특별자치도 진안군 진안읍 군상리 285-9,,239074.8838325,254791.631624209,2021-10-12,473100001020210001
아이케어 동물병원,영업/정상,"대전광역시 유성구 엑스포로446번길 42, 101호 (문지동)",대전광역시 유성구 문지동 637-2,042-710-7975,236469.271315374,321763.005974814,2021-10-12,367000001020210003
웰니스동물병원(수완점),영업/정상,"전남광주통합특별시 광산구 장신로 98, 롯데쇼핑몰 2층 (장덕동)",전남광주통합특별시 광산구 장덕동 1678 롯데쇼핑몰,,183530.641093884,187845.528746071,2021-10-01,582500001020210003
이솝동물병원,영업/정상,"전남광주통합특별시 광산구 첨단중앙로 170, 1층 (쌍암동)",전남광주통합특별시 광산구 쌍암동 655-2,062-973-1255,185553.732211841,191253.597909839,2021-10-01,582500001020210002
나우동물의료센터,영업/정상,"서울특별시 노원구 동일로 1636, 1층 (상계동)",서울특별시 노원구 상계동 1025-31 1층,02-952-9111,204836.915863427,463557.063006557,2021-10-01,310000001020210001
가온동물의료센터,영업/정상,"인천광역시 서해구 염곡로464번길 15, 쓰리엠타워 2층 201,202호 (가정동)",인천광역시 서해구 가정동 619-7,032-566-7589,,,2021-09-30,356100001020210005
청라라임동물의료센터,영업/정상,"인천광역시 서해구 청라라임로 71, 진영메디피아 2층 206~207호 (청라동)","인천광역시 서해구 청라동 162-10 진영메디피아 206호, 207호",032-563-1900,,,2021-09-30,356100001020210004
한림동물병원,영업/정상,"제주특별자치도 제주시 한림읍 한림상로 110, 1층",제주특별자치도 제주시 한림읍 동명리 1597-6,064-796-7582,131550.770341545,-9387.51108543635,2021-09-29,651000001020210004
방주동물병원(출장전문),영업/정상,전북특별자치도 김제시 성산길 97(서암동),전북특별자치도 김제시 서암동 435-3,,189198.931840013,255768.191757779,2021-09-28,471100001020210002
모네동물피부과,영업/정상,"서울특별시 강북구 도봉로 110-1, 4층 (미아동)",서울특별시 강북구 미아동 137-24,070-8691-3121,202525.877302054,457397.172231594,2021-09-28,308000001020210001
강남예치과동물병원,영업/정상,서울특별시 강남구 선릉로126길 6(삼성동),서울특별시 강남구 삼성동 9-5 201호,02-517-5585,203701.139866456,445879.777518426,2021-09-27,322000001020210007
세종충북대학교 동물병원,영업/정상,"세종특별자치시 집현북로 109, 대학동4 (집현동)",세종특별자치시 집현동 650-2 대학동4,044-589-1120,229853.727927721,333470.296401097,2021-09-17,569000001020210001
순풍동물병원,영업/정상,"충청남도 공주시 무령로 550-39, 1동 1층 2호 (월송동)",충청남도 공주시 월송동 671,,213499.23327399,330166.329675402,2021-09-17,450000001020210002
하온동물의료센터,영업/정상,"경기도 성남시 분당구 느티로 27, 하나플라자빌딩 2층 203호 (정자동)",경기도 성남시 분당구 정자동 15-7 하나플라자빌딩,031-697-8978,209452.093248743,429642.688907038,2021-09-16,378000001020210006
마마동물병원,영업/정상,"충청북도 청주시 흥덕구 성봉로 251-1, 101호 (복대동)",충청북도 청주시 흥덕구 복대동 1880 101호,043-275-7975,240151.490680237,347483.959159054,2021-09-13,573000001020210002
서창사랑동물의료센터,영업/정상,"경상남도 양산시 삼호1길 36-13, 2층 (삼호동)",경상남도 양산시 삼호동 1010-8,,396829.104249164,214790.454572405,2021-09-13,538000001020170001
아이러브펫동물병원 은평점,영업/정상,"서울특별시 은평구 통일로 1050, 롯데몰 은평점 2층 (진관동)",서울특별시 은평구 진관동 63 롯데몰 은평점,02-6975-5253,192694.92374224,459461.236119623,2021-09-08,311000001020210003
진영동물병원,영업/정상,"경기도 광주시 곤지암읍 광여로 91, 103호",경기도 광주시 곤지암읍 곤지암리 93-1,,231450.730715749,427581.7355913,2021-09-07,554000001020210003
사직동물의료센터,영업/정상,"부산광역시 동래구 아시아드대로 209, 2층 (온천동, 지영아이니드빌)",부산광역시 동래구 온천동 1250-8 지영아이니드빌,051-505-7578,388064.60912229,191257.74315479,2021-09-07,330000001020210005
하이반려동물행동클리닉,영업/정상,"경기도 고양시 덕양구 권율대로 690, 삼송2차원흥역동원로얄듀크비스타 202동 2층 1호 (원흥동)",경기도 고양시 덕양구 원흥동 635,031-966-1210,188926.045538146,460940.677607166,2021-09-06,394000001020210008
엘 동물병원,영업/정상,"서울특별시 송파구 중대로 320, 이화빌딩 1층 (오금동)",서울특별시 송파구 오금동 95-1 이화빌딩,02-2088-2878,211776.359911923,445161.729493138,2021-09-06,323000001020210002
클로버 동물병원,영업/정상,"서울특별시 구로구 서해안로 2096, 203, 204호 (항동)","서울특별시 구로구 항동 121-1 203, 204호",02-2687-7582,184272.859477603,441965.79198493,2021-09-06,316000001020210002
다랑동물병원,영업/정상,"서울특별시 강남구 삼성로 11, 상가동 103,104호 (개포동, 디에이치아너힐즈)",서울특별시 강남구 개포동 1281 디에이치아너힐즈,02-577-7579,205902.133138153,442437.407528086,2021-09-04,322000001020210006
한마음동물병원,영업/정상,경상북도 영천시 금호읍 교대5길 35,경상북도 영천시 금호읍 교대리 38-3,,369256.506296595,271996.348509378,2021-09-02,510000001020210002
코지동물의료센터 서구청점,영업/정상,"인천광역시 서해구 서곶로 263, 대화빌딩 (심곡동)",인천광역시 서해구 심곡동 255-3 대화빌딩,032-566-7558,,,2021-09-01,356100001020210003
더본 외과동물의료센터,영업/정상,"부산광역시 남구 수영로 364, 4층 (대연동)",부산광역시 남구 대연동 29-1,051-711-7515,391808.915713806,184281.954658005,2021-09-01,331000001020210001
대구혁신메디컬 동물병원,영업/정상,"대구광역시 동구 메디밸리로 13, 110호,111호,112호 (대림동)",대구광역시 동구 대림동 890-2,,357916.122671764,265166.262857772,2021-08-30,342000001020210002
함께오래동물병원,영업/정상,"경기도 안성시 공도읍 공도4로 3, 우성메디컬프라자 1층 116,117호",경기도 안성시 공도읍 만정리 817-2 우성메디컬프라자,,215250.626720175,388773.25337567,2021-08-25,408000001020210002
신월라온동물의료센터,영업/정상,"서울특별시 양천구 신월로 179, 1층 (신월동)",서울특별시 양천구 신월동 536-6 1층,02-2694-7575,186052.170748482,446339.972046325,2021-08-25,314000001020210002
위례 별 동물의료센터,영업/정상,"서울특별시 송파구 위례광장로 230, 119,120호 (장지동, 위례2차아이파크)",서울특별시 송파구 장지동 884 위례2차아이파크,02-407-7579,212641.295329373,441934.252100339,2021-08-24,323000001020210001
반곡동 작은동물병원,영업/정상,강원특별자치도 원주시 오리현길 22(반곡동),강원특별자치도 원주시 반곡동 1522-10,033-747-0075,285744.576865295,426770.370276553,2021-08-20,419000001020210001
경기북부야생동물구조관리센터,영업/정상,경기도 연천군 전곡읍 양연로1113번길 179-16,경기도 연천군 전곡읍 양원리 525-2,031-8030-4452,201689.658605282,499966.432414141,2021-08-20,414000001020210003
경기동물의료원,영업/정상,"경기도 용인시 수지구 용구대로 2748, SK엔크린주유소 (죽전동)",경기도 용인시 수지구 죽전동 899-8 SK엔크린주유소,031-546-5975,209622.409190297,425429.74069991,2021-08-20,564000001020210001
정말로내과동물병원,영업/정상,"서울특별시 양천구 신월로10길 22, 2층 (신월동)",서울특별시 양천구 신월동 559-7,02-2691-8119,185860.979146266,445910.803771191,2021-08-20,314000001020210001
으뜸동물병원,영업/정상,"제주특별자치도 제주시 동문로 29, 3층 (일도일동)",제주특별자치도 제주시 일도일동 1177-2,,156251.50619346,1949.62653868994,2021-08-18,651000001020210003
훈동물병원,영업/정상,충청북도 청주시 청원구 북이면 장양길 88-36,충청북도 청주시 청원구 북이면 장양리 525,043-213-9969,247428.873901403,361607.251453275,2021-08-18,573500001020210002
삼호동물병원,영업/정상,전남광주통합특별시 영암군 삼호읍 대불주거5로3길 15,전남광주통합특별시 영암군 삼호읍 용앙리 1660-5,,149935.934254219,139639.915119408,2021-08-17,587500001020210002
류재선 동물병원,영업/정상,"전남광주통합특별시 화순군 화순읍 쌍충로 16, 화순산이고운 상가동 106호",전남광주통합특별시 화순군 화순읍 삼천리 1048 화순산이고운 상가동,,198336.048683816,172754.355787739,2021-08-17,585500001020210002
강남동물메디컬센터,영업/정상,"경기도 광주시 퇴촌면 천진암로 553, 1층",경기도 광주시 퇴촌면 관음리 525-14,031-764-7555,228967.990178962,440004.538701246,2021-08-17,554000001020210002
신호동물병원,영업/정상,"부산광역시 강서구 신호산단1로 124, 103호 (신호동)",부산광역시 강서구 신호동 304-9,051-972-0972,371138.97649161,177398.855825127,2021-08-17,336000001020210001
다솜동물병원,영업/정상,"서울특별시 은평구 응암로 152, 101호 (응암동)",서울특별시 은평구 응암동 603-52,02-3477-7677,192485.227391498,453707.588301594,2021-08-12,311000001020210002
창생동물병원,영업/정상,경상남도 창녕군 창녕읍 군청길 23,경상남도 창녕군 창녕읍 술정리 334-3,,335273.274026939,227933.89975561,2021-08-11,541000001020210001
해운대동물메디컬센터,영업/정상,"부산광역시 해운대구 양운로 40, 봉황빌딩 301호 (좌동)",부산광역시 해운대구 좌동 1486-1 봉황빌딩,051-702-8275,398342.924980877,187510.79760303,2021-08-10,333000001020210005
24시 와이즈 동물메디컬센터,영업/정상,"경기도 하남시 덕풍동로 111-50, 트윈렉스2 2층 B-201,B-202,B-207,B-208호 (덕풍동)","경기도 하남시 덕풍동 742 트윈렉스2, B-201,B-202,B-207,B-208호",031-791-8253,218366.202136734,449995.833612525,2021-08-06,404000001020210005
임수의과병원,영업/정상,"경상북도 칠곡군 가산면 송신로 243, 2층",경상북도 칠곡군 가산면 송학리 224,,336908.405024626,290237.181316917,2021-08-04,522000001020210002
천안동물의료센터 24시,영업/정상,"충청남도 천안시 서북구 서부대로 368, 씨엠타워 1동 2층 201호 (쌍용동)",충청남도 천안시 서북구 쌍용동 1235,041-575-5000,211268.193908319,366534.060545729,2021-08-03,566000001020210002
태평역 동물병원,영업/정상,"경기도 성남시 수정구 성남대로 1222, 예농빌딩 1층 (수진동)",경기도 성남시 수정구 수진동 3011 예농빌딩,031-755-7504,211283.670320813,437423.509342085,2021-08-03,378000001020210005
돌봄동물의료센터,영업/정상,"경기도 수원시 팔달구 중부대로 251, 2,3층 (우만동)",경기도 수원시 팔달구 우만동 81-7,031-217-7570,203793.831007462,419248.757353931,2021-08-02,374000001020210005
통영시 동물보호센터,영업/정상,경상남도 통영시 광도면 전두1길 9-8,경상남도 통영시 광도면 노산리 251-34,055-650-6291,328286.412749633,157077.945167442,2021-07-30,533000001020210003
효자동물병원,영업/정상,"경상북도 포항시 남구 효자동길2번길 25, 1층 (효자동)",경상북도 포항시 남구 효자동 310,,410264.571376359,281206.974014009,2021-07-29,502000001020210002
나아라 동물병원,영업/정상,"대전광역시 서구 원도안로 255, 1층 (도안동)",대전광역시 서구 도안동 1049,042-721-1346,231067.236731248,313939.240496871,2021-07-27,366000001020210001
희성동물병원,영업/정상,충청북도 괴산군 청안면 청안읍내로7길 2,충청북도 괴산군 청안면 읍내리 481,,256932.267320867,363855.988961465,2021-07-26,446000001020210001
제주온동물병원,영업/정상,"제주특별자치도 제주시 신대로 136, 102호 (연동, 코스모스태홍누리안5차아파트)",제주특별자치도 제주시 연동 304-5 코스모스태홍누리안5차아파트,064-742-8575,153082.8307255,-1141.69172608377,2021-07-21,651000001020210002
인월동물병원,영업/정상,"전북특별자치도 남원시 인월면 인월로 64, 지리산새마을금고",전북특별자치도 남원시 인월면 인월리 236-6 지리산새마을금고,063-636-2873,254591.188147128,218081.156896444,2021-07-19,470100001020210002
도림하나동물병원,영업/정상,"서울특별시 영등포구 도영로 31, 1층 (도림동)",서울특별시 영등포구 도림동 216-2,02-849-7582,190789.720923955,445203.749465884,2021-07-13,318000001020210003
봄 동물병원,영업/정상,"강원특별자치도 홍천군 홍천읍 무궁화로 44, 봄 동물병원 1동 1층",강원특별자치도 홍천군 홍천읍 연봉리 206-17,033-436-7582,277017.893374565,464937.842666543,2021-07-09,425000001020210001
뉴엘동물의료센터,영업/정상,"경기도 화성시 동탄구 동탄대로시범길 261, 리더스프라자 1층 102,103,104호 (청계동)",경기도 화성시 동탄구 청계동  514-4,031-373-7588,209007.093748907,411100.377429725,2021-07-08,577000001020210005
온마음동물병원,영업/정상,"부산광역시 동래구 중앙대로1473번길 24, 온천장역삼정그린코아더시티 상가동 109~110호 (온천동)",부산광역시 동래구 온천동 180-14 온천장역삼정그린코아더시티,051-552-6800,389550.005069422,192966.793339715,2021-07-08,330000001020210004
본동물병원,영업/정상,"전남광주통합특별시 순천시 장선배기2길 13, 백운별관 (조례동)",전남광주통합특별시 순천시 조례동 1591 백운별관,,247909.900851451,161891.528109061,2021-07-07,579000001020210001
블루베어동물병원,영업/정상,"경기도 화성시 병점구 병점서로 33, 두산탑 프라자 2층 204호 (병점동)",경기도 화성시 병점구 병점동 431-3 두산탑 프라자,031-236-7555,203461.867426191,411511.08542062,2021-07-07,576000001020210004
더힐링동물병원,영업/정상,"경기도 고양시 덕양구 오금1로 143, 자이더빌리지 상가 204호 (오금동)",경기도 고양시 덕양구 오금동 663-1,02-712-7582,191818.934039121,461971.403666674,2021-07-07,394000001020210007
우장산동물의료센터,영업/정상,"서울특별시 강서구 강서로 282, 1층 (내발산동)",서울특별시 강서구 내발산동 702-16,02-2664-8275,185490.394238292,449861.780286583,2021-07-06,315000001020210003
민동물병원,영업/정상,전남광주통합특별시 화순군 화순읍 부처샘길 1-13,전남광주통합특별시 화순군 화순읍 신기리 395-1,,199072.317928627,174310.063868889,2021-07-05,585500001020210001
수노을동물병원,영업/정상,"경기도 화성시 효행구 매송면 매송고색로422번길 9, 104호",경기도 화성시 효행구 매송면 천천리 95-3 104호,,195666.780493979,415642.738306795,2021-07-01,575000001020210003
영덕울진축산농협 동물병원,영업/정상,경상북도 울진군 매화면 매화로 672,경상북도 울진군 매화면 매화리 408,054-783-1995,412312.59230275,383379.618644576,2021-07-01,525000001020210003
행복한산책 동물병원,영업/정상,"인천광역시 서해구 푸른로8번길 7, 1층 (청라동)",인천광역시 서해구 청라동 105-26 1층,,,,2021-07-01,356100001020210002
BL불임우병원,영업/정상,경기도 화성시 만세구 우정읍 조암로 40,경기도 화성시 만세구 우정읍 조암리 203-11,,183853.160300846,398338.007173209,2021-06-30,574000001020210002
다움동물병원,영업/정상,"서울특별시 영등포구 가마산로 449-1, 영민빌딩 1층 (신길동)",서울특별시 영등포구 신길동 324-49 영민빌딩 1층,02-831-0075,191647.162754919,444844.764072362,2021-06-30,318000001020210002
행신동물의료센터,영업/정상,"경기도 고양시 덕양구 충장로 122, 블레스타운 2층 205호 (행신동)",경기도 고양시 덕양구 행신동 999-2 블레스타운,031-944-7587,185274.489902666,457918.732714533,2021-06-28,394000001020210005
시흥i동물병원,영업/정상,"경기도 시흥시 수인로3312번길 16, 상가T동 2층 227~228호 (대야동, 시흥 센트럴 푸르지오)",경기도 시흥시 대야동 693 시흥 센트럴 푸르지오,031-8042-7511,181327.055829927,437611.716007368,2021-06-25,401000001020210002
아이케어 동물병원,영업/정상,"부산광역시 해운대구 센텀동로 25, B상가동 203호 (우동, 대우월드마크센텀아파트)",부산광역시 해운대구 우동 1488 대우월드마크센텀아파트,,394112.524871033,187887.931705979,2021-06-25,333000001020210004
바스텟고양이병원,영업/정상,"대전광역시 유성구 엑스포로151번길 19, 도룡 하우스디 (도룡동)","대전광역시 유성구 도룡동 4-9 하우스디어반 E209호,E210호(도룡동)",042-867-7577,235353.719206404,319569.194753218,2021-06-22,367000001020210002
디에스 동물메디컬,영업/정상,"대구광역시 달성군 다사읍 죽곡1길 13-3, 주순빌딩 201호",대구광역시 달성군 다사읍 죽곡리 808-5,053-593-2842,332228.17448585,262881.919069944,2021-06-22,348000001020210001
동물영상진단센터/나음고양이병원,영업/정상,"서울특별시 강동구 천호대로 1171, 4층, 5층 (길동)",서울특별시 강동구 길동 236-7,02-457-0075,212426.8880544,447999.103871278,2021-06-21,324000001020210003
24시 로얄동물메디컬센터 강동,영업/정상,"서울특별시 강동구 천호대로 1171, 지하1층,2층,3층 (길동)",서울특별시 강동구 길동 236-7,02-457-0075,212426.8880544,447999.103871278,2021-06-21,324000001020210002
더 가까운 동물병원,영업/정상,"충청북도 보은군 보은읍 뱃들로 47, 상가",충청북도 보은군 보은읍 이평리 173 상가,043-543-5575,264871.170321659,331985.805173481,2021-06-18,442000001020210001
24시 청주이음동물의료센터,영업/정상,"충청북도 청주시 흥덕구 2순환로 1112, 2층 (비하동)","충청북도 청주시 흥덕구 비하동 220-1 ,2층",043-715-3133,237772.235625065,348322.961807116,2021-06-17,573000001020210001
웰펫 동물병원,영업/정상,"경기도 구리시 동구릉로136번길 57, 구리유통종합시장(롯데마트 구리점) 2층 (인창동)",경기도 구리시 인창동 430 구리유통종합시장,031-565-5275,212367.118425352,456712.576784184,2021-06-16,398000001020210001
로로동물의료센터,영업/정상,"충청북도 청주시 청원구 율봉로 38-1, 1층 (사천동)",충청북도 청주시 청원구 사천동 417,043-223-0011,242386.982267904,351468.698853639,2021-06-14,573500001020210001
구미 산동 아이엔 동물병원,영업/정상,"경상북도 구미시 산동읍 신당1로4길 20, 탑클래스 1동 202호",경상북도 구미시 산동읍 신당리 1417,,328655.606904153,295973.589910754,2021-06-13,508000001020210004
시민동물의료센터,영업/정상,"경상남도 김해시 주촌면 천곡로 10, 2층",경상남도 김해시 주촌면 천곡리 1524-3,055-312-0407,367304.616312386,194319.450735099,2021-06-10,535000001020210002
에쿠스종합동물병원(출장진료 전문),영업/정상,"경기도 평택시 고덕면 도시지원1길 111, 118호",경기도 평택시 고덕면 해창리 1272-3,,201411.081844367,391830.140707253,2021-06-09,391000001020210002
부산 24시 동행동물의료센터,영업/정상,"부산광역시 북구 금곡대로 126, 채움센트럴 3층 (덕천동)",부산광역시 북구 덕천동 561-2 채움센트럴,051-908-7575,382766.764256572,193052.688493787,2021-06-08,332000001020210001
중앙동물병원,영업/정상,인천광역시 강화군 강화읍 중앙로74번길 8,인천광역시 강화군 강화읍 남산리 279-1,032-933-6862,154712.591318798,470681.734237534,2021-06-07,357000001020210002
건국 대동물병원,영업/정상,,충청남도 서산시 읍내동 169-6,,150929.733532769,364593.631598946,2021-06-04,453000001020210003
24시 위너스동물의료센터,영업/정상,"경기도 남양주시 호평로45번길 28, 2층 201호 (호평동)",경기도 남양주시 호평동 174-10 201호,031-511-7582,221658.043624952,461782.158261089,2021-06-03,399000001020210003
미르동물병원,영업/정상,"전남광주통합특별시 광산구 왕버들로 86, 풍년빌딩 1층 105,106호 (수완동)",전남광주통합특별시 광산구 수완동 901,062-413-8275,183553.02124698,189233.443431377,2021-06-02,582500001020210001
한결동물병원,영업/정상,전북특별자치도 남원시 동문로 58 (동충동),전북특별자치도 남원시 동충동 52-17,,235009.482402327,212425.312682263,2021-06-02,470100001020210001
24시알파동물메디컬센터,영업/정상,대구광역시 서구 서대구로 15 (내당동),대구광역시 서구 내당동 469-1,053-572-7585,340544.483095547,263237.546757423,2021-06-02,343000001020210002
진주동물병원,영업/정상,"경상남도 진주시 에나로128번길 18, 다인프라자 105호 (충무공동)",경상남도 진주시 충무공동 289-1 다인프라자,,304095.869017148,186926.484415118,2021-05-26,531000001020210002
키다리 동물병원,영업/정상,"서울특별시 마포구 월드컵북로 218, 2층 (성산동)",서울특별시 마포구 성산동 151-6,02-376-7675,191539.563874532,451916.77064097,2021-05-26,313000001020210004
그린동물병원,영업/정상,"경기도 수원시 장안구 파장로 59, 그린동물병원 (정자동)",경기도 수원시 장안구 정자동 429-1 그린동물병원,031-241-7533,199390.342598491,422621.408712325,2021-05-25,374000001020210004
서울준동물병원,영업/정상,"서울특별시 마포구 대흥로24길 24, 마포프레스티지자이상가 B동 107호 (염리동)",서울특별시 마포구 염리동 14-149,02-6954-7522,195310.864204116,450080.129868689,2021-05-24,313000001020210003
25세 동물병원,영업/정상,경상북도 칠곡군 왜관읍 석전로7길 1,경상북도 칠곡군 왜관읍 석전리 536-8,054-974-0975,326928.438655053,278744.043561684,2021-05-18,522000001020210001
메이플 동물의료센터,영업/정상,"서울특별시 강동구 아리수로93나길 60, 골드프라자 202-203호 (강일동)",서울특별시 강동구 강일동 75-10 골드프라자 202-203호,02-426-7979,215401.064224577,452247.431947179,2021-05-17,324000001020210001
얼바인동물병원,영업/정상,"서울특별시 강남구 밤고개로 223, 강남센터뷰 103,104호 (자곡동)",서울특별시 강남구 자곡동 670 강남센터뷰,02-459-7515,209404.859377443,441364.430683758,2021-05-17,322000001020210005
기운내동물병원,영업/정상,"전남광주통합특별시 북구 북문대로 88, 112호 (운암동, 운암2차 남양휴튼)",전남광주통합특별시 북구 운암동 1781 운암2차 남양휴튼,062-528-7588,188760.100353208,186601.090842501,2021-05-13,582000001020210002
제이스동물병원,영업/정상,"경기도 김포시 고촌읍 장차로 13, 2층",경기도 김포시 고촌읍 신곡리 538-5 2층,,179657.500904553,455696.733746359,2021-05-13,409000001020210002
윤슬동물병원,영업/정상,"경기도 시흥시 월곶중앙로 87-1, 101호 (월곶동)",경기도 시흥시 월곶동 1011-6,031-404-8566,176524.235,431990.395,2021-05-13,401000001020210001
대구24시바른동물의료센터,영업/정상,"대구광역시 달서구 와룡로 142, 2층 (감삼동)",대구광역시 달서구 감삼동 280-5 2층,053-571-0075,338834.114433254,261660.698779651,2021-05-12,347000001020210001
삼색이동물병원,영업/정상,"서울특별시 마포구 독막로20나길 22, B106호 (상수동, 래미안밤섬리베뉴 1)",서울특별시 마포구 상수동 402 래미안밤섬리베뉴 1,02-3144-3253,193345.6350998,449376.251556511,2021-05-11,313000001020210002
해듬동물병원,영업/정상,"충청남도 아산시 탕정면 탕정면로22번길 15-5, 1층",충청남도 아산시 탕정면 명암리 929-2,041-541-0733,205303.691283985,366235.338071294,2021-05-10,452000001020210002
썬애니멀크리닉,영업/정상,"경기도 용인시 기흥구 동탄기흥로 864, 120동 비104,105호 (공세동, 공세 호수마을 공세성원상떼레이크뷰)",경기도 용인시 기흥구 공세동 692 공세 호수마을 공세성원상떼레이크뷰,,209087.359577333,414712.032991541,2021-05-07,563000001020210002
땅콩동물병원,영업/정상,서울특별시 동대문구 답십리로 224-1 (답십리동),서울특별시 동대문구 답십리동 3-125,02-3394-7075,205696.046346636,452256.64849964,2021-05-07,305000001020210001
율하 다나동물병원,영업/정상,"경상남도 김해시 율하6로 67, 201호 (장유동)",경상남도 김해시 장유동 839-2,,365988.22442546,187331.754715342,2021-05-06,535000001020210001
나만 애 동물병원,영업/정상,"경기도 하남시 감일백제로83번길 24, G골든프라자 2층 204호 (감이동)","경기도 하남시 감이동 526-1 G골든프라자, 2층 204호",02-485-0512,214174.938189976,444703.524357572,2021-05-06,404000001020210002
대곡동물병원,영업/정상,"경상남도 진주시 대곡면 진의로 1062, 1층",경상남도 진주시 대곡면 광석리 313-4,055-745-7615,306292.162653981,196476.227123415,2021-04-30,531000001020210001
우리동물병원,영업/정상,전북특별자치도 임실군 오수면 오수4길 5,전북특별자치도 임실군 오수면 오수리 348-21,063-642-5550,229719.937004468,226573.65999733,2021-04-30,476100001020210001
서산시동물보호센터,영업/정상,"충청남도 서산시 인지면 무학재1길 99, 서산시 농업기술센터",충청남도 서산시 인지면 산동리 565-22 서산시 농업기술센터,041-660-2150,147371.805828222,357872.177993743,2021-04-30,453000001020210002
24시 모두의동물병원,영업/정상,"경기도 광명시 하안로 289, 태홍빌딩 A동 2층 (하안동)",경기도 광명시 하안동 51 태홍빌딩,02-6951-2475,189332.100548374,439947.742553203,2021-04-30,390000001020210002
레이동물병원,영업/정상,"경기도 수원시 장안구 송정로 20, 1,2층 (정자동)",경기도 수원시 장안구 정자동 25-5,031-245-7707,199863.051512527,421615.843270037,2021-04-30,374000001020210003
서대구동물병원,영업/정상,"대구광역시 서구 국채보상로 270, 1층 (평리동)",대구광역시 서구 평리동 1217-24,053-219-7579,340860.510560331,264567.958022931,2021-04-30,343000001020210001
현대동물병원,영업/정상,"경상북도 구미시 상사서로 133-3, 1층 (사곡동, 굿팰리스)",경상북도 구미시 사곡동 690-1 굿팰리스,,321983.758706322,289062.001901899,2021-04-29,508000001020210003
구미TOP동물의료센터,영업/정상,경상북도 구미시 야은로 387 (도량동),경상북도 구미시 도량동 269-1,054-443-7582,319230.856707711,293835.441320114,2021-04-29,508000001020210002
24시예담동물의료센터,영업/정상,"서울특별시 은평구 연서로 122, 대광빌딩 1,2층 (역촌동)",서울특별시 은평구 역촌동 7-15 대광빌딩,02-6952-7519,192585.264208023,456365.497357858,2021-04-29,311000001020210001
동진동물병원,영업/정상,"경기도 남양주시 화도읍 경춘로 1969-9, 나동 17,18호","경기도 남양주시 화도읍 마석우리 267-7 나동 17,18호",031-593-9405,227019.344850157,461054.248039145,2021-04-28,399000001020210002
본동물메디컬센터 24시수성점,영업/정상,"대구광역시 수성구 달구벌대로 2545, 1층 (만촌동)",대구광역시 수성구 만촌동 1036-4 1층,053-634-7582,348170.233655374,263387.034634439,2021-04-27,346000001020210002
24시 신도림S동물의료센터,영업/정상,"서울특별시 구로구 경인로 619-3, 201호 (신도림동, 신도림3차푸르지오아파트)",서울특별시 구로구 신도림동 435-10 신도림3차푸르지오아파트,02-6949-3575,189681.453330502,444964.854981166,2021-04-27,316000001020210001
닥터멍동물병원,영업/정상,"서울특별시 중랑구 상봉로 17, 1층 (면목동)",서울특별시 중랑구 면목동 71-41,02-439-7582,208243.910432602,453913.946459696,2021-04-27,306000001020210002
우주동물병원,영업/정상,"서울특별시 광진구 아차산로 380, 301호 (자양동)",서울특별시 광진구 자양동 216-9,,207444.54897561,448263.89528182,2021-04-27,304000001020210001
뉴욕동물병원,영업/정상,"경기도 성남시 분당구 미금로 45, 진도훼미리프라자 211호 (구미동)",경기도 성남시 분당구 구미동 203-2 진도훼미리프라자,,210194.695426062,426176.33755936,2021-04-23,378000001020210004
魏동물병원,영업/정상,경상북도 울진군 울진읍 울진북로 637-12,경상북도 울진군 울진읍 고성리 2,,413564.542825302,391793.934017945,2021-04-22,525000001020210002
센트럴 동물메디컬센터,영업/정상,전북특별자치도 전주시 완산구 거마평로 236 (효자동3가),전북특별자치도 전주시 완산구 효자동3가 37-47,063-903-1199,210213.447452828,257006.51827792,2021-04-22,464100001020210004
진건동물병원,영업/정상,경기도 남양주시 진건읍 사릉로 411-2,경기도 남양주시 진건읍 용정리 796-3,,215682.184087499,461571.981576437,2021-04-22,399000001020210001
고고동물병원,영업/정상,경상북도 상주시 공성면 공성중앙로 105,경상북도 상주시 공성면 옥산리 171,,298183.969375469,309920.013306719,2021-04-21,511000001020210001
보듬동물병원,영업/정상,"서울특별시 도봉구 해등로 255, 101동 1층 121~123호 (쌍문동, 에벤에셀아파트)",서울특별시 도봉구 쌍문동 256 에벤에셀아파트,02-6954-7544,202422.313606872,461665.385672458,2021-04-21,309000001020210001
하나동물병원,영업/정상,"충청남도 금산군 금산읍 비범로 100, 1층",충청남도 금산군 금산읍 중도리 191-15,041-753-7599,244253.784973246,290220.959923533,2021-04-20,455000001020210001
인천종합동물병원,영업/정상,"인천광역시 제물포구 솔빛로 2, 1층 (송현동)",인천광역시 제물포구 송현동 99-15,032-765-0112,,,2021-04-15,350100001020210001
퍼스트동물병원,영업/정상,"경기도 안양시 동안구 경수대로 597, 영신빌딩 2층 202호 (호계동)",경기도 안양시 동안구 호계동 943-16 영신빌딩 202호,031-360-0818,196027.556546882,430410.652188886,2021-04-13,383000001020210001
시그널동물병원,영업/정상,"서울특별시 영등포구 신길로 119, 112동 비103호,비104호,비105호 (신길동, 신길뉴타운 한화 꿈에그린)",서울특별시 영등포구 신길동 4937 신길뉴타운 한화 꿈에그린,02-832-7505,191937.554563608,444531.729194913,2021-04-13,318000001020210001
소나무동물메디컬 센터,영업/정상,"인천광역시 계양구 안남로519번길 4, 101동 1층 101호 (효성동, 효성동메트하임)",인천광역시 계양구 효성동 75-3 효성동메트하임 101동 101호,032-556-9990,174370.852184868,447539.691141035,2021-04-12,355000001020210001
행복드림 동물병원,영업/정상,"부산광역시 해운대구 삼어로 61, 201호 (반여동, 우방신세계아파트)",부산광역시 해운대구 반여동 1190-1 우방신세계아파트,,392600.099901385,191419.5174876,2021-04-12,333000001020210003
VIP동물의료센터 청담점,영업/정상,"서울특별시 강남구 삼성로133길 7, 베디베로스퀘어 2,3,4층 (청담동)",서울특별시 강남구 청담동 46 베디베로스퀘어,02-511-7522,204264.723996402,446357.616710484,2021-04-10,322000001020210002
옥길아라동물의료센터,영업/정상,"경기도 부천시 소사구 양지로 208, 지음프라자 2층 (옥길동)",경기도 부천시 소사구 옥길동 745-7 지음프라자,032-348-7775,184358.461775744,440580.195376939,2021-04-09,386000001020210001
놀로동물행동클리닉,영업/정상,"서울특별시 강남구 삼성로133길 7, 베디베로스퀘어 5층 (청담동)",서울특별시 강남구 청담동 46 베디베로스퀘어,02-2237-7582,204264.723996402,446357.616710484,2021-04-08,322000001020210003
치료해주오,영업/정상,"경기도 광명시 금하로 464, 메이저리치안빌딩 2층 208호 (소하동)",경기도 광명시 소하동 1335,02-6951-1432,189670.336967112,438486.028934475,2021-04-06,390000001020210001
아이들 동물병원,영업/정상,"전북특별자치도 전주시 덕진구 만성중앙로 25, 미네르바빌딩 1층 101,102,103호 (만성동)",전북특별자치도 전주시 덕진구 만성동 1366-3,063-273-5575,206671.930534271,260430.243742838,2021-04-05,464100001020210003
온 동물의료센터,영업/정상,"경기도 용인시 기흥구 용구대로2394번길 2, 2층 201,202호 (마북동)",경기도 용인시 기흥구 마북동 524-1,031-286-7582,209477.003853006,421985.208931917,2021-04-05,563000001020210001
승원 동물병원,영업/정상,"경상남도 통영시 중앙로 233, 승원동물병원 (북신동)",경상남도 통영시 북신동 109-44 승원동물병원,,330496.19853936,151245.840501986,2021-04-02,533000001020210002
비타동물의료센터,영업/정상,"전남광주통합특별시 남구 봉선로 21, 1층 (봉선동, 우리덕이)",전남광주통합특별시 남구 주월동 1279-20 JM빌딩,062-675-7600,,,2021-04-01,581500001020210001
엑슬루 동물병원,영업/정상,"대전광역시 대덕구 대덕대로 1555, 상가동 114호 (석봉동, 금강엑슬루타워)",대전광역시 대덕구 석봉동 770 금강엑슬루타워,042-934-7582,237611.301406458,327916.020703911,2021-04-01,368000001020210001
VIP동물한방재활의학센터by.Dr.신사경,영업/정상,"서울특별시 강남구 삼성로133길 7, 베디베로스퀘어 7층 (청담동)",서울특별시 강남구 청담동 46 베디베로스퀘어 7층,02-511-7522,204264.723996402,446357.616710484,2021-04-01,322000001020210001
땡큐DOG동물병원,영업/정상,"경기도 김포시 김포한강8로194번길 8-16, 1층 (마산동)",경기도 김포시 마산동 647-7 1층,,168557.145,459662.14,2021-03-31,409000001020210001
24시 리본동물의료센터,영업/정상,"부산광역시 동래구 충렬대로 194, 동림빌딩 2층 (명륜동)",부산광역시 동래구 명륜동 506-13 동림빌딩,051-711-0006,389439.971767793,191276.327943946,2021-03-31,330000001020210003
24시 리본동물영상센터,영업/정상,"부산광역시 동래구 충렬대로 194, 동림빌딩 3층 (명륜동)",부산광역시 동래구 명륜동 506-13 동림빌딩,051-711-0006,389439.971767793,191276.327943946,2021-03-31,330000001020210002
고제용 동물병원,영업/정상,강원특별자치도 속초시 동해대로 4212 (교동),강원특별자치도 속초시 교동 690-13,033-633-4212,338161.639796509,522507.665266216,2021-03-30,423000001020210002
상대원 동물병원,영업/정상,"경기도 성남시 중원구 희망로 350, 1층 (상대원동)",경기도 성남시 중원구 상대원동 2999-26,031-733-1777,213942.901232111,437211.344962206,2021-03-29,378000001020210003
차암동물병원,영업/정상,"충청남도 천안시 서북구 3공단6로 50, 힐링J타워 1층층 105호 (차암동)",충청남도 천안시 서북구 차암동 435-1 차암동물병원 105호,041-522-8575,209142.305993051,371046.132117684,2021-03-26,566000001020210001
바른진료 동물병원,영업/정상,"부산광역시 기장군 일광읍 해빛로 13, 일광제일프라자 2층 203호","부산광역시 기장군 일광읍 삼성리 825-2 일광제일프라자, 2층 203호",051-724-7570,402521.177512697,198590.050510464,2021-03-26,340000001020210002
하나로 동물병원,영업/정상,"경기도 연천군 연천읍 연천로 394, 산과들에",경기도 연천군 연천읍 현가리 28-2 산과들에,,206537.571654312,512137.93695821,2021-03-25,414000001020210002
태원동물병원,영업/정상,"경상북도 구미시 선산읍 선주로9길 25, 구미선산 주공아파트 105동 102호",경상북도 구미시 선산읍 노상리 48 구미선산 주공아파트,,316215.387934085,305747.331481588,2021-03-24,508000001020210001
헤아림동물병원,영업/정상,부산광역시 동래구 충렬대로 288 (낙민동),부산광역시 동래구 낙민동 205-12,051-555-1125,390306.734115262,190985.68596868,2021-03-23,330000001020210001
선동물병원,영업/정상,"경기도 포천시 가산면 가산로309번길 1, 6호",경기도 포천시 가산면 마산리 427-4 6호,,216109.86869657,482567.081923536,2021-03-22,560000001020210001
24시 양주 힐 동물의료센터,영업/정상,"경기도 양주시 옥정동로7길 30, 2층 1~3호 (옥정동)",경기도 양주시 옥정동 1036-7,031-859-8275,208514.845620454,479857.819239391,2021-03-18,559000001020210001
돌담 동물의료센터,영업/정상,경상북도 포항시 남구 포스코대로 78 (이동),경상북도 포항시 남구 이동 52,054-274-2228,410348.790880579,283093.980148206,2021-03-18,502000001020210001
구피동물병원,영업/정상,충청남도 서산시 남부순환로 1028 (예천동),충청남도 서산시 예천동 17-9,,151053.909234139,363084.460067466,2021-03-17,453000001020210001
비나인동물병원,영업/정상,"충청남도 공주시 번영1로 102, 1층 (신관동)",충청남도 공주시 신관동 263-4,041-881-1400,212381.025127002,330348.729259441,2021-03-17,450000001020210001
팜스플랜동물병원,영업/정상,"경기도 양평군 양평읍 중앙로 53, 1층 103호",경기도 양평군 양평읍 공흥리 730-7 103호,031-771-9533,243726.873794096,443857.561244083,2021-03-16,417000001020210001
24시노아동물메디컬센터,영업/정상,전남광주통합특별시 동구 독립로 292 (대인동),전남광주통합특별시 동구 대인동 320-1,062-222-0075,192012.548345354,184186.4984734,2021-03-11,580500001020210001
경북동물병원,영업/정상,경상북도 고령군 대가야읍 왕릉로 66,경상북도 고령군 대가야읍 지산리 232-21,,314363.314315507,248047.265055956,2021-03-11,520000001020210001
나의 동물메디컬 센터,영업/정상,강원특별자치도 속초시 동해대로 4163 (조양동),강원특별자치도 속초시 조양동 1497-5,,338297.686806856,522062.092584553,2021-03-11,423000001020210001
24시 코끼리동물의료센터,영업/정상,"전북특별자치도 전주시 완산구 모악로 4769, 2층 1호 (평화동1가)",전북특별자치도 전주시 완산구 평화동1가 708-2,,211871.309264983,255014.453031228,2021-03-09,464100001020210002
서울하은동물병원,영업/정상,"경기도 고양시 덕양구 꽃내음1길 128, 101호 (향동동)",경기도 고양시 덕양구 향동동 489-11,02-6951-0275,190218.306956764,455291.086998029,2021-03-04,394000001020210001
나래동물의료센터,영업/정상,"경기도 화성시 동탄구 여울로4길 46, 2층 (능동)",경기도 화성시 동탄구 능동 1093-12,031-613-7509,204885.888440523,412714.333613102,2021-03-02,577000001020210001
나래동물의료센터,영업/정상,"경기도 화성시 여울로4길 46, 2층 (능동)",경기도 화성시 능동 1093-12,031-613-7509,,,2021-03-02,553000001020210001
하군이네 동물병원,영업/정상,"경기도 오산시 대호로 63, 휘러스빌 401호 (궐동)",경기도 오산시 궐동 701-4 휘러스빌 401호,031-8055-7803,204824.541520557,406040.728920359,2021-03-02,400000001020210001
24시 온동물의료센터,영업/정상,부산광역시 부산진구 동성로 152 (전포동),부산광역시 부산진구 전포동 876-7,051-819-6061,387881.159143105,186682.844239515,2021-03-02,329000001020210001
태산동물병원,영업/정상,"경상북도 문경시 신흥4길 5, 1층 (흥덕동)",경상북도 문경시 흥덕동 799-6,,307839.111018679,344959.294075089,2021-02-28,512000001020210001
가온동물병원,영업/정상,전북특별자치도 김제시 도작4길 28 (검산동),전북특별자치도 김제시 검산동 814-6,,191368.318998661,255394.259012133,2021-02-19,471100001020210001
일광해빛동물병원,영업/정상,"부산광역시 기장군 일광읍 해빛6로 85-4, 스타타워Ⅱ 3층 301,302호","부산광역시 기장군 일광읍 삼성리 830-8 스타타워Ⅱ, 301,302호",051-721-7975,402594.291700382,198486.932869001,2021-02-18,340000001020210001
올치동물병원,영업/정상,"전남광주통합특별시 북구 하서로 477, 지플레이스 본촌2 108,109,110호 (본촌동)",전남광주통합특별시 북구 본촌동 673-14,062-716-5775,188732.479314863,190898.665047355,2021-02-16,582000001020210001
위드동물병원,영업/정상,"강원특별자치도 강릉시 선수촌로63번길 18-7, 1층 (홍제동)",강원특별자치도 강릉시 홍제동 1026-5,033-645-5575,364581.670513117,474370.227383235,2021-02-15,420000001020210001
리안 동물병원,영업/정상,"부산광역시 해운대구 달맞이길 58, 2층 (중동)",부산광역시 해운대구 중동 942-6,051-747-1275,397748.098281193,186818.850639054,2021-02-10,333000001020210002
지음동물의료센터,영업/정상,"경기도 성남시 중원구 광명로 321, 정성빌딩 1층 (금광동)",경기도 성남시 중원구 금광동 3704 정성빌딩,031-735-0922,214217.888476238,438149.91612349,2021-02-09,378000001020210002
연향동물병원,영업/정상,전남광주통합특별시 순천시 충효로 81 (연향동),전남광주통합특별시 순천시 연향동 1437-4,061-745-0075,246888.415033667,160944.840114435,2021-02-08,579000001019970002
봄앤동물병원,영업/정상,"경기도 과천시 별양로 164, 상가동 2층 205호 (부림동, 과천센트럴파크푸르지오써밋)",경기도 과천시 부림동 49 과천센트럴파크푸르지오써밋 상가동 205호,02-2038-7718,199955.805849567,436639.068934628,2021-02-04,397000001020210001
카라동물병원,영업/정상,경기도 파주시 법원읍 술이홀로 1409,경기도 파주시 법원읍 금곡리 230,031-959-8600,189371.083440858,487869.039207143,2021-01-28,406000001020210001
일리동물의료센터,영업/정상,"경기도 수원시 영통구 법조로 25, 광교 SK VIEW Lake 근린생활비 112~114호 (하동)",경기도 수원시 영통구 하동 1016-1 광교 SK VIEW Lake 근린생활비 112~114호,031-213-1275,205273.931816708,420610.782510294,2021-01-28,374000001020210002
도그스타 동물병원,영업/정상,"경기도 수원시 권선구 호매실로218번길 124, 202호 (호매실동)",경기도 수원시 권선구 호매실동 1375-1 202호,031-291-8896,196493.875553333,418242.478823339,2021-01-26,374000001020210001
아산아이윌24시동물메디컬센터,영업/정상,"충청남도 아산시 온천대로 1676, 1층 (풍기동)",충청남도 아산시 풍기동 485,041-532-3332,201984.596450533,363902.393323585,2021-01-25,452000001020210001
소담동물병원,영업/정상,경상북도 울진군 평해읍 평해6길 7,경상북도 울진군 평해읍 평해리 897-4,,418096.680618604,361201.63037965,2021-01-22,525000001020210001
우리동물병원,영업/정상,"전북특별자치도 정읍시 학산로 97, 상가동 206호 (상동)",전북특별자치도 정읍시 상동 82 상가동 206호,,188528.478363503,228849.927320369,2021-01-22,469100001020210001
데이동물의료센터,영업/정상,"경기도 하남시 미사강변동로 121, 더랜드시티 1층 101,102호 (망월동)","경기도 하남시 망월동 1093-3 더랜드시티, 101호 102호",,216839.902363113,451475.409238152,2021-01-21,404000001020210001
마린파크 동물병원,영업/정상,"부산광역시 해운대구 마린시티2로 2, 마린파크 208~209호 (우동)",부산광역시 해운대구 우동 1405 마린파크,051-751-7585,395308.61045334,186564.639113751,2021-01-21,333000001020210001
하정 동물병원,영업/정상,"전남광주통합특별시 영광군 영광읍 백수로 1640, 나동",전남광주통합특별시 영광군 영광읍 신하리 586-8,,153063.522367906,198224.553638777,2021-01-19,589000001020210001
동물병원 Dr.정,영업/정상,"경기도 성남시 중원구 산성대로 498, 1층 102호 (은행동)",경기도 성남시 중원구 은행동 1633,031-733-9325,214315.821244898,439277.377871735,2021-01-18,378000001020210001
베스트 프렌즈 동물병원,영업/정상,경기도 평택시 송탄고가길 2 (신장동),경기도 평택시 신장동 51-2,031-662-7920,204732.87698923,398732.23573523,2021-01-14,391000001020210001
용동물메디컬센터,영업/정상,"경상남도 창원시 성산구 단정로 10, 이정빌딩 302호 (상남동)",경상남도 창원시 성산구 상남동 34-2 이정빌딩,,353028.963441148,192555.58294076,2021-01-13,567000001020210001
부산24시 연산동물의료센터,영업/정상,부산광역시 연제구 연수로 135 (연산동),부산광역시 연제구 연산동 1953-1,051-791-0175,389916.481881518,188188.04474351,2021-01-13,337000001020210001
와이제이클리닉,영업/정상,대구광역시 군위군 군위읍 중앙1길 15,대구광역시 군위군 군위읍 서부리 151-29,,340737.19653551,304472.302586224,2021-01-11,514000001020210001
해올동물병원,영업/정상,"제주특별자치도 제주시 조천읍 비자림로 685-8, 1층",제주특별자치도 제주시 조천읍 교래리 552-4,064-732-2660,170197.163592309,-6563.14011914837,2021-01-07,651000001020210001
우리동물병원,영업/정상,"전남광주통합특별시 무안군 무안읍 무안로 449, 1층",전남광주통합특별시 무안군 무안읍 성남리 157-1 1층,,151955.523563034,165237.070222267,2021-01-07,588000001020210001
KABB 동물병원,영업/정상,"대구광역시 수성구 용학로48길 24, 2/3층 (지산동)",대구광역시 수성구 지산동 1207-12,,347698.373166367,258943.394841471,2021-01-06,346000001020210001
수동물병원,영업/정상,충청남도 부여군 부여읍 나성로 83,충청남도 부여군 부여읍 구아리 365-1,,191592.870039951,309101.444034958,2021-01-04,457000001020190001
유앤아이동물병원,영업/정상,"경기도 하남시 미사강변남로 91, 르보아파크 Ⅱ 1층 119,120호 (망월동)","경기도 하남시 망월동 1119-1 르보아파크 Ⅱ,120호 119호",031-994-7582,216875.004543151,450950.316066057,2020-12-31,404000001020200004
사바나동물병원,영업/정상,"경기도 의왕시 포일로 20, 래미안에버하임아파트 상가,사바나동물병원 (내손동)","경기도 의왕시 내손동 842 래미안에버하임아파트 상가, 농협은행",031-424-7515,197856.476391935,431780.392008095,2020-12-30,403000001020200002
초원동물병원,영업/정상,"전북특별자치도 부안군 부안읍 용계길 36, 한빛수학교실",전북특별자치도 부안군 부안읍 선은리 182 한빛수학교실,,176587.661445045,247621.757264669,2020-12-29,479100001020200001
보령축협 동물병원,영업/정상,"충청남도 보령시 번영로 17, 보령축협농협 (대천동)",충청남도 보령시 대천동 438-2 보령축협농협,041-932-0036,163459.778631963,316897.513138096,2020-12-29,451000001020200001
중리 더펫 동물병원,영업/정상,"대전광역시 대덕구 계족로 544, 2층 (중리동)",대전광역시 대덕구 중리동 126-1,042-625-7588,238731.149180676,317810.49289624,2020-12-29,368000001020200001
올리브동물병원,영업/정상,"서울특별시 구로구 중앙로 64, 고척프라자 (고척동)",서울특별시 구로구 고척동 50-48 고척프라자,02-2135-5866,187798.86926511,444629.704821749,2020-12-29,316000001020200006
웰니스동물병원 스타필드 고양,영업/정상,"경기도 고양시 덕양구 고양대로 1955, 스타필드 고양 1층 1100호 (동산동)",경기도 고양시 덕양구 동산동 370 스타필드 고양 1100호,031-5173-1487,190645.314309928,460528.947974088,2020-12-23,394000001020200006
고흥미소동물병원,영업/정상,전남광주통합특별시 고흥군 고흥읍 홍교길 23,전남광주통합특별시 고흥군 고흥읍 남계리 943,,225940.970755419,123463.71555953,2020-12-18,584500001020200002
바른동물병원,영업/정상,"인천광역시 연수구 랜드마크로 68, 판매시설동 1층 8호 (송도동, 랜드마크시티센트럴더샵)",인천광역시 연수구 송도동 311 랜드마크시티센트럴더샵 판매시설동 1층 8호,032-330-7522,166239.007830646,434891.007675792,2020-12-16,352000001020200005
모두애동물병원,영업/정상,"인천광역시 연수구 센트럴로 415, 힐스테이트 송도 더테라스 판매시설S동 170호 (송도동)",인천광역시 연수구 송도동 316 힐스테이트 송도 더테라스 판매시설S동 170호,032-832-7575,166870.887070091,434329.255701773,2020-12-16,352000001020200004
임재성동물의료센터,영업/정상,"서울특별시 강남구 일원로9길 74, 1층, 지하1층 (일원동)","서울특별시 강남구 일원동 645-11 1층, 지하1층",02-451-7582,207669.423687645,443200.309707896,2020-12-16,322000001020200006
원 동물병원,영업/정상,충청북도 청주시 흥덕구 상신로 138-68 (상신동),충청북도 청주시 흥덕구 상신동 106-2,,238738.052259554,352452.14061986,2020-12-09,573000001020200003
크라운 동물병원,영업/정상,"제주특별자치도 제주시 애월읍 유수암평화5길 34-24, 1층",제주특별자치도 제주시 애월읍 유수암리 1034-25,,144620.533231601,-7622.93086166326,2020-12-07,651000001020200005
현대동물병원,영업/정상,경상북도 청도군 화양읍 청려로 1910,경상북도 청도군 화양읍 범곡리 378-7,,356318.53942001,240206.708457561,2020-12-07,519000001020200001
척척 동물의료센터,영업/정상,"울산광역시 동구 방어진순환도로 652, 테라스파크 301,302,304호 (일산동)",울산광역시 동구 일산동 945,052-232-7575,420356.274370768,224949.099099625,2020-12-05,371000001020200001
수아인동물병원,영업/정상,"충청북도 음성군 금왕읍 무극로309번길 52-3, 101호",충청북도 음성군 금왕읍 무극리 363-2 101호,,253059.335678488,388582.89541129,2020-12-04,447000001020200002
원러브동물의료센터,영업/정상,"서울특별시 성북구 아리랑로 75, 상가3동 1층 110호 (돈암동, 돈암코오롱하늘채)",서울특별시 성북구 돈암동 644 돈암코오롱하늘채,69560040,201051.072165281,455205.325182072,2020-12-03,307000001020200002
배산 동물병원,영업/정상,부산광역시 기장군 기장읍 차성로 286,부산광역시 기장군 기장읍 대라리 417-16,051-755-1175,401439.691902122,195982.257869925,2020-12-02,340000001020200001
스마트 정형외과 신경외과 동물병원,영업/정상,"서울특별시 강남구 도산대로 213, 2층 (신사동)",서울특별시 강남구 신사동 587-13 2층,,202580.58909147,446499.582136322,2020-12-02,322000001020200005
하트동물의료센터,영업/정상,"경기도 김포시 걸포2로 49, 파인스타S1 2층 204,205호 (걸포동)",경기도 김포시 걸포동 260,031-985-8075,,,2020-11-27,409000001020200006
브이동물메디컬센터,영업/정상,"제주특별자치도 제주시 수목원서길 3, 1, 2층 (노형동)",제주특별자치도 제주시 노형동 571-5,064-803-0038,151961.218449049,-2865.09277181115,2020-11-20,651000001020200004
도그마루 동물병원,영업/정상,"서울특별시 송파구 석촌호수로 104, 1층 (잠실동)",서울특별시 송파구 잠실동 242-2,070-4349-3357,207751.128125715,445064.487860419,2020-11-18,323000001020200005
고흥종합동물병원,영업/정상,전남광주통합특별시 고흥군 고흥읍 고흥로 1663,전남광주통합특별시 고흥군 고흥읍 남계리 840-3,061-832-7582,225529.763886406,122727.645087751,2020-11-17,584500001020200001
한결동물병원,영업/정상,"경기도 하남시 아리수로 570, 효성헤링턴타워더퍼스트 2048,2049호 (망월동)",경기도 하남시 망월동 1081 효성헤링턴타워더퍼스트,031-8027-8080,216753.071849967,451631.467982946,2020-11-16,404000001020200003
고양이병원 소설,영업/정상,"경기도 성남시 수정구 창업로 17, F동 309,310,311호 (시흥동)","경기도 성남시 수정구 시흥동 288-2 309,310,311호 F동",031-8039-5382,208613.865984257,434443.112052722,2020-11-12,378000001020200006
동물병원 움,영업/정상,서울특별시 은평구 불광로 59(불광동),서울특별시 은평구 불광동 276-32,02-6956-7599,193901.054217708,456670.845810295,2020-11-09,311000001020200003
치료해주오 동물병원 중랑묵동점,영업/정상,"서울특별시 중랑구 동일로 925, 3층 (묵동)",서울특별시 중랑구 묵동 238-8 하태윤산부인과,02-949-7577,206712.645739265,456738.441211434,2020-11-09,306000001020200002
춘천철원화천양구축산업협동조합 철원지점 동물병원,영업/정상,"강원특별자치도 철원군 갈말읍 명성로 209, 춘천철원축협",강원특별자치도 철원군 갈말읍 군탄리 928-6 춘천철원축협,033-452-3411,226822.14148011,516445.534832259,2020-11-05,430000001020200001
다나동물병원,영업/정상,전남광주통합특별시 영암군 영암읍 영암로 1552,전남광주통합특별시 영암군 영암읍 남풍리 205-2,,172470.416847522,144054.664746785,2020-11-04,587500001020200002
웰동물병원,영업/정상,"부산광역시 금정구 금강로403번길 1, 2층 (구서동)",부산광역시 금정구 구서동 471-8,051-515-7272,389908.895855947,195823.114881871,2020-11-03,335000001020200002
채움동물병원,영업/정상,"경기도 수원시 영통구 동탄지성로 550-24, 영통 플래티넘베이스 비 204호 (망포동)",경기도 수원시 영통구 망포동 47-12 영통 플래티넘베이스 비 204호,031-548-2582,204310.744716092,415445.778671026,2020-10-30,374000001020200008
앤(N)고양이병원,영업/정상,"서울특별시 노원구 노원로 408, (주)노원24시동물의료센터 3층 (상계동)",서울특별시 노원구 상계동 318-2 (주)노원24시동물의료센터 3층,070-4351-3854,205942.292972604,461202.004092199,2020-10-30,310000001020200002
가축유전자원센터 동물병원,영업/정상,"경상남도 함양군 서상면 덕유월성로 224, 가축유전자원센터",경상남도 함양군 서상면 상남리 1782 가축유전자원센터,,262097.422702823,246780.623160169,2020-10-29,546000001020200001
구구동물병원,영업/정상,"부산광역시 동구 중앙대로 502, 코드코 빌딩 2층 (범일동)",부산광역시 동구 범일동 110-8 코드코 빌딩,051-638-9977,387393.516271017,184043.587758615,2020-10-29,327000001020200001
포인트동물의료센터,영업/정상,인천광역시 미추홀구 낙섬중로 78 (용현동),인천광역시 미추홀구 용현동 577-42,032-882-8275,168071.336977812,439215.529780421,2020-10-26,351050001020200001
청송동물병원,영업/정상,"경상북도 청송군 진보면 진보로 135, 2층",경상북도 청송군 진보면 진안리 125-11,,383217.651305275,338355.452370169,2020-10-20,516000001020200001
대디동물병원,영업/정상,"부산광역시 부산진구 동평로 173, 207,208호 (부암동, 협성휴포레시티즌파크아파트)",부산광역시 부산진구 부암동 318-76 협성휴포레시티즌파크아파트,051-806-5000,386480.187743055,187219.306318382,2020-10-19,329000001020200004
삼포동물병원,영업/정상,"경기도 과천시 경마공원대로 107, 한국마사회 (주암동)",경기도 과천시 주암동 685 한국마사회,02-509-1944,201414.290510998,438412.741689539,2020-10-16,397000001020200002
플러스동물메디컬센터,영업/정상,"서울특별시 영등포구 양평로12가길 14, 르네상스 한강 오피스텔 1층 103호 (양평동4가)",서울특별시 영등포구 양평동4가 281 르네상스 한강 오피스텔,,191060.688283317,448289.617887109,2020-10-16,318000001020200001
24시 당신의 동물의료센터,영업/정상,"경기도 수원시 장안구 천천로 100, 천천동 롯데시네마타워 104,113,115,116,117,118,202호 (천천동)","경기도 수원시 장안구 천천동 516 천천동 롯데시네마타워 104,113,115,116,117,118,202호",031-268-6575,198520.4175406,422075.156781295,2020-10-15,374000001020200007
24시송도오케이동물의료센터,영업/정상,"인천광역시 연수구 인천타워대로 365, B동 301~306호 (송도동, 힐스테이트 송도 더스카이)",인천광역시 연수구 송도동 30-2 힐스테이트 송도 더스카이,032-832-7975,167026.143765355,433287.005927092,2020-10-14,352000001020200002
제이동물병원,영업/정상,"전북특별자치도 김제시 검산택지2길 24, 1층 (검산동)",전북특별자치도 김제시 검산동 1074-1,,191314.094540128,256044.607276718,2020-10-13,471100001020200001
생생동물병원,영업/정상,"충청남도 공주시 국고개길 48, 1층 2호 (옥룡동)",충청남도 공주시 옥룡동 289-8 1동 2호,,211533.720929662,328249.481679658,2020-10-13,450000001020200001
하랑동물의료센터,영업/정상,"경기도 남양주시 경춘로 470, 1,2층 (다산동)",경기도 남양주시 다산동 3136-2,031-522-6767,214515.285922482,456382.047954976,2020-10-12,399000001020200005
서울종합동물병원방배,영업/정상,"서울특별시 서초구 방배로19길 19, 1층 (방배동)",서울특별시 서초구 방배동 926-3,02-6925-2225,199403.05235635,442528.893128334,2020-10-12,321000001020200001
루아동물병원,영업/정상,"경기도 화성시 만세구 향남읍 상신하길로298번길 7-21, 1동 211호",경기도 화성시 만세구 향남읍 하길리 1470-2,031-352-0002,192141.289648486,401495.436799955,2020-10-07,574000001020200006
안심 동물의료센터,영업/정상,"경기도 구리시 검배로 61, 1층 (수택동)",경기도 구리시 수택동 504-2 대벌부페,,212793.614250038,454949.807250009,2020-10-07,398000001020200001
명성동물병원,영업/정상,"경기도 과천시 삼부골로 26, GT Motors 1층 (주암동)",경기도 과천시 주암동 439 GT Motors,,201928.279327517,438305.759819239,2020-10-07,397000001020200001
오리진 동물피부과병원,영업/정상,"부산광역시 수영구 광안해변로370번길 9-8, 블루오션 3층 (민락동)",부산광역시 수영구 민락동 110-82 3층,051-753-7582,394369.873081414,186131.09461975,2020-10-06,338000001020200002
소사랑 동물병원「산업동물 출장진료 전문」,영업/정상,경기도 이천시 설성면 설장로16번길 68-47,경기도 이천시 설성면 금당리 53-2,,246229.995304078,403034.533104386,2020-09-21,407000001020200003
마음을 읽어주는 마음동물병원,영업/정상,"대구광역시 수성구 화랑로 16, 1층 (만촌동)",대구광역시 수성구 만촌동 414-9,053-741-7474,347251.008083177,264317.952376567,2020-09-16,346000001020200001
아이원 동물병원,영업/정상,"서울특별시 동대문구 전농로 80, 1층 (답십리동)",서울특별시 동대문구 답십리동 52-3,02-2217-8930,205018.210432587,452185.824073309,2020-09-16,305000001020200002
레이크동물의료센터,영업/정상,"충청남도 천안시 서북구 성성8로 4, 센텀빌딩 2층 (성성동)",충청남도 천안시 서북구 성성동 674,041-621-5000,211412.651836465,370929.80080022,2020-09-15,566000001020200004
동물병원알루,영업/정상,"서울특별시 송파구 법원로4길 6, 문정아이파크 128-9호 (문정동)",서울특별시 송파구 문정동 652-5 문정아이파크,02-402-3270,,,2020-09-15,323000001020200004
해솔 동물병원,영업/정상,대구광역시 북구 신암로 73 (대현동),대구광역시 북구 대현동 340-15,053-959-7775,345209.053757738,265422.056548077,2020-09-14,345000001020200004
초원동물병원,영업/정상,"경기도 양평군 양서면 경강로 1055-22, 가동",경기도 양평군 양서면 국수리 326-13,,235395.792451972,445624.341223713,2020-09-11,417000001020200002
덕산동물의료센터,영업/정상,"경상남도 창원시 진해구 덕산로36번길 16, 1~2층 (덕산동)",경상남도 창원시 진해구 덕산동 560-11 한길학원,055-551-0825,355184.517460249,184135.194453957,2020-09-09,567000001020200003
더원동물의료센터,영업/정상,부산광역시 부산진구 새싹로 218 (초읍동),부산광역시 부산진구 초읍동 263-36,051-808-5550,386576.123573996,188193.281707173,2020-09-09,329000001020200003
항동푸른숲동물병원,영업/정상,"서울특별시 구로구 항동로3길 4, 와이제이프라자 104, 204호 (항동)","서울특별시 구로구 항동 128-14 와이제이프라자 104, 204호",02-2088-7578,184418.095297236,442097.135426473,2020-09-09,316000001020200005
다나음동물병원,영업/정상,"전북특별자치도 익산시 함열읍 미력3길 44, 상가 106호",전북특별자치도 익산시 함열읍 와리 198-5 상가 106호,,196536.760298032,286333.842507766,2020-09-08,468100001020200002
울산 잘하는동물메디컬센터,영업/정상,"울산광역시 북구 박상진11로 1, 인터메디타워 202, 203, 204, 205호 (송정동)",울산광역시 북구 송정동 1235-4 인터메디타워,052-713-7582,414148.385801716,235960.452363709,2020-09-07,372000001020200001
가경 나음 동물병원,영업/정상,"충청북도 청주시 흥덕구 서현로 90, 스카이타워 1층 (가경동)",충청북도 청주시 흥덕구 가경동 2225,,238608.827690389,346481.605171667,2020-09-02,573000001020200002
혁신동물의료센터,영업/정상,"경상남도 진주시 영천강로 172, 211호 (충무공동)",경상남도 진주시 충무공동 40-2,055-794-1030,303745.637586957,187223.423605255,2020-09-02,531000001020200001
24시 루센트동물의료센터,영업/정상,"인천광역시 남동구 소래역남로 20, 의성빌딩(논현) 2층, 3층 (논현동)",인천광역시 남동구 논현동 752-3 의성빌딩(논현),,176441.948205096,432924.67038183,2020-09-02,353000001020200002
용인해성동물병원,영업/정상,"경기도 용인시 처인구 명지로40번길 15-9, 유니버스트윈1 115호 (역북동)",경기도 용인시 처인구 역북동 754-1 유니버스트윈1,031-333-8875,216506.30580107,414444.527841065,2020-09-01,562000001020200001
건국동물병원,영업/정상,충청북도 청주시 청원구 내수읍 마산5길 18,충청북도 청주시 청원구 내수읍 마산리 159-16,,247823.395367969,358318.447833768,2020-08-31,573500001020200001
율하 위드동물병원,영업/정상,경상남도 김해시 율하로 476 (장유동),경상남도 김해시 장유동 875-4,,366354.773326712,186845.823920498,2020-08-27,535000001020200003
CM 동물메디컬센터,영업/정상,"충청북도 진천군 광혜원면 화랑2길 12-4, 1층",충청북도 진천군 광혜원면 광혜원리 529-13 1층,,238869.771399653,388077.027615003,2020-08-26,445000001020200001
어울동물의료센터,영업/정상,서울특별시 은평구 통일로 665 (녹번동),서울특별시 은평구 녹번동 28-1,,194068.721660716,455951.192726429,2020-08-26,311000001020200002
채움동물의료센터,영업/정상,"서울특별시 송파구 동남로 282, 재상빌딩 1층 (오금동)",서울특별시 송파구 오금동 151-1 재상빌딩,02-443-6933,212051.906562678,444267.350914749,2020-08-25,323000001020200003
조은동물병원,영업/정상,"전북특별자치도 정읍시 수성택지2길 1, 대한빌딩 1층 102호 (수성동)",전북특별자치도 정읍시 수성동 960-8,,186800.475902714,230824.371761034,2020-08-24,469100001020200001
혜음동물병원,영업/정상,경기도 파주시 광탄면 혜음로 345,경기도 파주시 광탄면 용미리 319-7,,190253.131341995,469399.27022393,2020-08-24,406000001020200004
박창언 동물병원,영업/정상,부산광역시 해운대구 해운대로177번길 6 (재송동),부산광역시 해운대구 재송동 369-1,051-782-7275,393347.123000645,189033.841826044,2020-08-19,333000001020200004
이도씨 동물의료센터,영업/정상,"제주특별자치도 서귀포시 신서귀로97번길 51, 2층 (강정동)",제주특별자치도 서귀포시 강정동 159-8,064-739-2070,153983.87080288,-26779.9077450291,2020-08-13,652000001020200005
훈동물병원,영업/정상,경상북도 김천시 황산로 119 (지좌동),경상북도 김천시 지좌동 440-37,,302841.096485475,291536.831556708,2020-08-11,506000001020200001
신동물병원,영업/정상,충청북도 청주시 흥덕구 오송읍 상정1길 103-2,충청북도 청주시 흥덕구 오송읍 상정리 89-34,,229429.742868452,350200.915706702,2020-08-10,573000001020200001
백현Se동물병원,영업/정상,"경기도 용인시 기흥구 동백7로 73, 경안빌딩 104호 (동백동)",경기도 용인시 기흥구 동백동 598-8 경안빌딩 104호,031-275-5275,214083.55988257,420017.166633213,2020-08-06,563000001020200002
이룸동물병원,영업/정상,"제주특별자치도 제주시 월광로 51, 이룸동물병원 (노형동)",제주특별자치도 제주시 노형동 2838,064-748-2838,150299.623610466,-1054.97083181094,2020-08-04,651000001020200003
다호동물병원,영업/정상,경상북도 의성군 봉양면 봉호로 2,경상북도 의성군 봉양면 화전리 78-8,,342215.296315252,312380.878439326,2020-08-04,515000001020200002
다온동물병원,영업/정상,경상북도 의성군 안계면 안계길 162-6,경상북도 의성군 안계면 용기리 848-23,,328783.857695726,321516.968253267,2020-08-04,515000001020200001
디디동물병원,영업/정상,인천광역시 강화군 강화읍 강화대로 254-1,인천광역시 강화군 강화읍 갑곳리 364,032-719-7533,155910.064493796,471191.655044015,2020-08-04,357000001020200001
안성동물의료센터,영업/정상,"경기도 안성시 아양1로 73, 아너스퀘어A동 2층 208,209호 (옥산동)",경기도 안성시 옥산동 591,,222932.895631286,389650.982927548,2020-07-31,408000001020200003
모두동물병원,영업/정상,"서울특별시 구로구 개봉로19길 11, 208~213호 (개봉동, 세이지움 개봉)",서울특별시 구로구 개봉동 503 세이지움 개봉,02-2060-7975,,,2020-07-28,316000001020200004
나눔 양한방동물병원,영업/정상,"세종특별자치시 보람로 15, 상가동 101호 (도담동, 도램마을9단지)",세종특별자치시 도담동 855 도램마을9단지,044-868-3793,223470.982529105,334341.909591527,2020-07-24,569000001020200004
모모동물의료센터,영업/정상,"인천광역시 부평구 경원대로 1254, 지하1층, 2~4층 (산곡동)","인천광역시 부평구 산곡동 307-12 지하1층, 2~4층",032-524-5557,174235.111463525,442974.825784424,2020-07-24,354000001020200003
산책동물병원,영업/정상,"서울특별시 양천구 목동서로 401, 1층 102호 (신정동, 대림아크로빌)",서울특별시 양천구 신정동 324-7 대림아크로빌 102호,02-2653-3335,187518.093591416,445920.374891605,2020-07-23,314000001020200003
양원주동물병원,영업/정상,전남광주통합특별시 해남군 해남읍 북부순환로 215,전남광주통합특별시 해남군 해남읍 구교리 413,,162235.49780375,119985.107845052,2020-07-17,587000001020200001
쿨펫 동물병원,영업/정상,"경기도 수원시 영통구 영통로 120, 효성빌딩 1층 (망포동)",경기도 수원시 영통구 망포동 557-1 효성빌딩,031-206-7503,204977.015984637,415193.866264221,2020-07-16,374000001020200006
연경동물병원,영업/정상,"대구광역시 북구 동화천로 241, 연경그랜드타워 204호 (연경동)",대구광역시 북구 연경동 960-1,053-985-7550,345866.119052861,272562.955096575,2020-07-10,345000001020200003
리버동물의료센터,영업/정상,울산광역시 중구 태화로 250 (태화동),울산광역시 중구 태화동 123-2,052-713-7575,408742.380038267,230578.087329673,2020-07-09,369000001020200001
소노펫 동물병원,영업/정상,"경기도 고양시 일산동구 태극로 18, 소노캄고양웨스트타워 2층 (장항동)",경기도 고양시 일산동구 장항동 1755 소노캄고양웨스트타워,031-927-5140,177899.003115642,462275.537979953,2020-07-08,394000001020200005
대정동물병원,영업/정상,"제주특별자치도 서귀포시 대정읍 일주서로 2535, 2층",제주특별자치도 서귀포시 대정읍 상모리 3723-1,064-792-7580,130868.933949722,-29535.9756358084,2020-07-07,652000001020200004
다산 봄 동물병원,영업/정상,"경기도 남양주시 다산지금로 136, 푸리마타워 2층 205호 (다산동)","경기도 남양주시 다산동 6217-3 다산지금지구 근생7-3, 7-4",031-551-1175,215253.853935577,455423.22762935,2020-07-07,399000001020200003
친구가 될 동물병원,영업/정상,"경기도 남양주시 다산중앙로 113, 라페온빌 1층 112호 (다산동)",경기도 남양주시 다산동 6089-2 다산진건지구 업무1-3,031-555-0421,213463.106253278,457886.747468734,2020-07-07,399000001020200002
연합동물병원,영업/정상,경상남도 양산시 북안남2길 26 (북부동),경상남도 양산시 북부동 485-6,055-387-8805,385097.356072898,207077.005723681,2020-07-06,538000001020200002
유어캣 고양이병원,영업/정상,"부산광역시 수영구 무학로63번길 142, 401동 2층 203호 (민락동, 센텀비스타동원2차)",부산광역시 수영구 민락동 774 센텀비스타동원2차 상가 401동 203호,051-757-1275,393053.974718045,187433.265227387,2020-07-03,338000001020200001
명수의병원,영업/정상,"경상북도 경산시 경안로 106, 2층 (삼북동)",경상북도 경산시 삼북동 250-23,,357071.403383555,258831.905024655,2020-07-02,513000001020200002
천안24시스카이동물메디컬센터,영업/정상,"충청남도 천안시 서북구 동서대로 165, 프라지움11차 2층 (성정동)",충청남도 천안시 서북구 성정동 1435,041-415-0975,212574.408631066,369393.606980811,2020-07-01,566000001020200003
더펫동물병원,영업/정상,대전광역시 유성구 온천동로 75 (봉명동),대전광역시 유성구 봉명동 678-5,,231639.425093041,317436.33792016,2020-07-01,367000001020200002
진리동물병원,영업/정상,전남광주통합특별시 곡성군 오곡면 기차마을로 226,전남광주통합특별시 곡성군 오곡면 오지리 1247-4,,227985.41827819,197526.692420616,2020-06-29,583500001020200002
우리동물병원,영업/정상,전남광주통합특별시 곡성군 곡성읍 중앙로 51,전남광주통합특별시 곡성군 곡성읍 읍내리 775-59,061-934-9825,226241.571407735,197738.438425714,2020-06-26,583500001020200001
엔케어동물의료센터,영업/정상,경기도 평택시 죽백3로 139 (죽백동),경기도 평택시 죽백동 654-4,031-657-2475,211554.997976398,389111.995139418,2020-06-26,391000001020200002
대전충청 영상안과 동물병원,영업/정상,"대전광역시 서구 둔산로 57, 4층 (둔산동)",대전광역시 서구 둔산동 1276,,234066.043109321,316817.89880737,2020-06-26,366000001020200002
웰튼동물의료센터,영업/정상,"서울특별시 중구 난계로 197, 1,2,4층 (황학동)",서울특별시 중구 황학동 1596,02-2253-2233,201985.829607973,451869.587314453,2020-06-25,301000001020200001
다나은동물병원,영업/정상,경상북도 구미시 선산읍 동교1길 13,경상북도 구미시 선산읍 동부리 552-4,,316957.332427553,305700.47038157,2020-06-23,508000001020200003
하나로 양한방 동물병원,영업/정상,경기도 김포시 초당로16번길 75 (장기동),경기도 김포시 장기동 2037-1,031-996-7975,171266.634932574,459779.788030174,2020-06-23,409000001020200005
나라동물병원,영업/정상,"충청북도 제천시 의림대로 285, 2층 (청전동)",충청북도 제천시 청전동 13-8,043-648-0750,307727.783823286,406321.830917642,2020-06-22,440000001020200002
아이케어 동물병원,영업/정상,"인천광역시 서해구 청라에메랄드로102번길 10, 청라리치아노 1층 103~105호 (청라동)",인천광역시 서해구 청라동 167-1 청라리치아노,032-564-7600,,,2020-06-22,356100001020200004
더원동물메디컬센터,영업/정상,대전광역시 동구 계족로 510 (용전동),대전광역시 동구 용전동 43-1,042-623-8461,238808.750788099,317465.331626131,2020-06-17,364000001020200001
그레이스 동물병원,영업/정상,전남광주통합특별시 순천시 비봉길 51-17 (조례동),전남광주통합특별시 순천시 조례동 802-1,061-727-0750,247506.40123158,163386.566001783,2020-06-16,579000001020200002
더키움 동물병원,영업/정상,"전남광주통합특별시 순천시 해룡면 향매로 115, 1층",전남광주통합특별시 순천시 해룡면 신대리 1988-3,061-725-7542,250360.02,159508.41,2020-06-16,579000001020200001
차지우동물병원,영업/정상,"서울특별시 강서구 강서로62길 10, 한울빌딩 1층 (등촌동)",서울특별시 강서구 등촌동 680 한울빌딩,02-2235-1533,185831.959022199,451192.093585364,2020-06-16,315000001020200003
채움동물병원,영업/정상,"전남광주통합특별시 나주시 그린로 207, 102,103호 (빛가람동)","전남광주통합특별시 나주시 빛가람동 693-3 102, 103호",,180671.160779014,167888.031234956,2020-06-10,579500001020200002
24시 더블유 동물의료센터,영업/정상,"인천광역시 서해구 청라커낼로260번길 27, 청라한신더휴커낼웨이 2층 236~239호 (청라동)",인천광역시 서해구 청라동 157-21 청라한신더휴커낼웨이,032-565-8270,,,2020-06-10,356100001020200003
레미 동물병원,영업/정상,"서울특별시 중랑구 동일로 593, 2층 (면목동)",서울특별시 중랑구 면목동 172-93,02-470-4707,206949.692364552,453453.28377601,2020-06-10,306000001020200001
두루동물병원,영업/정상,"강원특별자치도 원주시 만대로 166, 102호 (무실동)",강원특별자치도 원주시 무실동 1663-1,033-744-6722,281669.231661525,426139.378095438,2020-06-09,419000001020200003
가나다 동물병원,영업/정상,부산광역시 사상구 가야대로 325 (주례동),부산광역시 사상구 주례동 191-17,051-715-7979,382913.535188244,185404.720045194,2020-06-09,339000001020200001
류인광동물병원(출장진료전문병원),영업/정상,강원특별자치도 영월군 한반도면 강원남로 134,강원특별자치도 영월군 한반도면 쌍용리 1093-1,,316227.87475674,409469.241699188,2020-06-05,427000001020200001
마린숲 동물병원,영업/정상,"부산광역시 해운대구 마린시티3로 37, 한일오르듀 207호 (우동)",부산광역시 해운대구 우동 1435-3 한일오르듀,051-742-7585,395534.321856148,186145.130163447,2020-06-05,333000001020200003
정직한 동물병원,영업/정상,"제주특별자치도 서귀포시 대정읍 글로벌에듀로 370, 이노에듀파크 117,118호",제주특별자치도 서귀포시 대정읍 보성리 2477,070-4647-4849,132689.490395116,-23692.0295698574,2020-06-03,652000001020200003
린동물병원,영업/정상,"부산광역시 동래구 중앙대로1381번길 43, 2층 (온천동)",부산광역시 동래구 온천동 777-49,051-514-2470,388925.129760944,192172.838945786,2020-06-03,330000001020200001
라포레동물메디컬센터,영업/정상,경기도 의왕시 부곡중앙로 3-3 (삼동),경기도 의왕시 삼동 471-39,031-360-7588,195446.351227128,424354.772869474,2020-06-02,403000001020200001
바른마음동물병원,영업/정상,"경기도 시흥시 장현능곡로 178, 능곡타운 2층 204호 (능곡동)",경기도 시흥시 능곡동 719 능곡타운,031-778-7512,183094.315546217,429741.225241601,2020-06-01,401000001020200005
비바동물병원,영업/정상,"서울특별시 관악구 쑥고개로 57-1, 1층 (봉천동)",서울특별시 관악구 봉천동 1563-6,02-872-7582,194881.551431347,441956.777752834,2020-06-01,320000001020200002
신정동물병원,영업/정상,"전남광주통합특별시 나주시 남고문로 124, 신정가축약품 (죽림동)",전남광주통합특별시 나주시 죽림동 138-44 신정가축약품,,174757.261804423,170013.00383905,2020-05-29,579500001020200001
바른동물병원,영업/정상,"경상남도 창원시 마산회원구 내서읍 삼계6길 42, 삼미상가 1층 101호",경상남도 창원시 마산회원구 내서읍 삼계리 22-2 삼미상가,,336776.916651395,193788.680943995,2020-05-29,567000001020200002
24시 위드힐동물메디컬센터,영업/정상,경기도 남양주시 순화궁로 341 (별내동),경기도 남양주시 별내동 931-7,031-523-3256,211029.46850836,461651.01691927,2020-05-29,399000001020200001
팜쉴드 동물병원,영업/정상,경기도 화성시 만세구 양감면 장승백이길 7-10,경기도 화성시 만세구 양감면 요당리 338-41,,192468.003384215,396185.36752051,2020-05-27,574000001020200004
명진동물병원,영업/정상,"대구광역시 동구 아양로 81, 201호 (신암동)",대구광역시 동구 신암동 576-20 201호,053-943-8275,346475.580678867,266000.390760384,2020-05-27,342000001020200002
아리스타동물의료센터,영업/정상,"충청남도 천안시 서북구 불당23로 73-30, 불당아리스타팰리스 1동 124~127호 (불당동)",충청남도 천안시 서북구 불당동 1483 불당아리스타팰리스 1동,041-909-4141,209778.454594377,368742.601627795,2020-05-26,566000001020200001
스마일동물의료센터,영업/정상,경상북도 경주시 용황로 44-1 (황성동),경상북도 경주시 황성동 1312,,400660.673157612,266976.504922205,2020-05-25,505000001020200001
장수의과 동물병원,영업/정상,경상북도 상주시 왕산로 186 (남성동),경상북도 상주시 남성동 96-1,054-535-6496,304225.591311258,324281.652896479,2020-05-22,511000001020200003
동산동물병원,영업/정상,경기도 양주시 남면 화합로 642,경기도 양주시 남면 상수리 165-14,,200003.989538618,485387.878326567,2020-05-21,559000001020200002
커비동물병원,영업/정상,"서울특별시 강남구 강남대로122길 47, 보령빌딩 1층 104호 (논현동)",서울특별시 강남구 논현동 159-23 보령빌딩 104호,02-545-8952,202289.630505321,445195.011191798,2020-05-21,322000001020200003
금강동물병원(출장진료전문병원),영업/정상,"충청북도 제천시 용두천로 73-13, 2층 (중앙로1가)",충청북도 제천시 중앙로1가 116-1,,307448.238934788,404439.675247953,2020-05-20,440000001020200001
진현우동물병원,영업/정상,인천광역시 서해구 가정로 295 (석남동),인천광역시 서해구 석남동 454-3,032-572-7475,,,2020-05-20,356100001020200002
래온동물병원,영업/정상,"경기도 성남시 중원구 광명로 89, 성남 센트럴 푸르지오 시티 1층 134,135호 (성남동)",경기도 성남시 중원구 성남동 1404 성남 센트럴 푸르지오 시티,031-759-0242,212188.899992533,437031.101000937,2020-05-19,378000001020200005
우성동물병원,영업/정상,"충청북도 음성군 맹동면 용두3길 5, 105호",충청북도 음성군 맹동면 두성리 1343,,248788.611783613,378742.413547071,2020-05-18,447000001020200001
24시 위드유 동물의료센터,영업/정상,"경기도 시흥시 은계번영길 1, 태산W타워 207,208,209호 (은행동)",경기도 시흥시 은행동 646 태산W타워,,182373.275854102,437178.738265029,2020-05-18,401000001020200004
선동물병원,영업/정상,"서울특별시 종로구 자하문로 95, 신교빌딩 1층 (신교동)",서울특별시 종로구 신교동 70-10,02-733-6030,197278.891939281,453572.355620921,2020-05-17,300000001020200001
이서동물병원,영업/정상,대구광역시 달서구 구마로 243 (성당동),대구광역시 달서구 성당동 263-4,053-719-0205,340368.604703531,260813.784631439,2020-05-15,347000001020200002
수호동물병원,영업/정상,"대구광역시 동구 팔공로51길 3, 이시아시티빌딩 205호 (봉무동)",대구광역시 동구 봉무동 1539-3 이시아시티빌딩 205호,053-982-0275,347996.726436526,270411.68723455,2020-05-14,342000001020200001
정다운동물병원,영업/정상,경상북도 구미시 선산읍 동교2길 15-20,경상북도 구미시 선산읍 교리 1349,,317259.204156688,305857.667368695,2020-05-12,508000001020200002
도담동물병원,영업/정상,"서울특별시 강동구 상일로 153, 1층 (고덕동)",서울특별시 강동구 고덕동 172-9,02-6953-7512,214989.297025493,450945.407863605,2020-05-12,324000001020200003
미르 동물병원,영업/정상,전남광주통합특별시 보성군 보성읍 흥성로 2541-16,전남광주통합특별시 보성군 보성읍 우산리 20-16,,208101.847471982,140927.363613443,2020-05-08,585000001020200002
24시 이음동물의료센터,영업/정상,"경기도 화성시 동탄구 동탄대로6길 15, 201~204호 (산척동)",경기도 화성시 동탄구 산척동 727-4,031-831-3513,209559.943753593,407438.679446601,2020-05-08,577000001020200003
우포 따오기 구조 치료센터,영업/정상,"경상남도 창녕군 장마면 신구윗담길 180, 따오기 구조치료센터",경상남도 창녕군 장마면 신구리 125 따오기 구조치료센터,055-530-7425,332398.791722784,221359.981948789,2020-05-08,541000001020200001
링크동물의료센터,영업/정상,"서울특별시 서대문구 신촌로 209, 1,2층 (북아현동)",서울특별시 서대문구 북아현동 251-40,02-393-7577,195447.814241712,450549.737838991,2020-05-08,312000001020200002
언제나동물병원,영업/정상,"충청남도 아산시 배방읍 용연로 87, 101호",충청남도 아산시 배방읍 장재리 1517 101호,041-543-7009,208059.931764864,365305.128701068,2020-05-07,452000001020200003
유동물병원,영업/정상,"경기도 수원시 장안구 장안로 29, 103호 (영화동)",경기도 수원시 장안구 영화동 422-43,070-4647-2999,200412.997105217,420627.377444161,2020-05-07,374000001020200004
퍼스트동물병원,영업/정상,"서울특별시 성북구 한천로 713, 515동 상가 206,207호 (장위동, 래미안장위퍼스트하이)",서울특별시 성북구 장위동 173-114 래미안장위퍼스트하이,,204479.769245617,457527.065931978,2020-05-07,307000001020200001
톰과 제니 동물메디컬센터,영업/정상,"경기도 안산시 상록구 해양4로 26, 자이센터프라자 2층 207,208,209,210호 (사동)",경기도 안산시 상록구 사동 1639-24,031-365-4542,184771.899838909,420250.476032005,2020-05-06,393000001020200002
오션동물메디컬센터,영업/정상,"부산광역시 해운대구 선수촌로 78, 다솜빌딩 2층 (반여동)",부산광역시 해운대구 반여동 1441-85 다솜빌딩,051-711-5999,392947.529382953,191104.649058007,2020-05-06,333000001020200002
피움동물병원,영업/정상,"서울특별시 은평구 진관3로 37, 은평구 뉴타운2지구 에코테라스 102호 (진관동)",서울특별시 은평구 진관동 67-1 은평구 뉴타운2지구 에코테라스 102호,02-384-3100,192800.902227864,459540.593409197,2020-05-04,311000001020200001
해든동물병원,영업/정상,"강원특별자치도 원주시 천매봉길 21, 1층 (단구동)",강원특별자치도 원주시 단구동 1552-5,033-762-9944,283585.118781744,424863.365901099,2020-05-01,419000001020200002
해밀동물병원,영업/정상,"부산광역시 해운대구 송정광어골로 22, 1층 (송정동)",부산광역시 해운대구 송정동 311-22,051-710-1766,400139.139994096,188900.82719194,2020-05-01,333000001020200001
고척원동물의료센터,영업/정상,"서울특별시 구로구 경인로 403, 원메디타운 2층 201호 (고척동)",서울특별시 구로구 고척동 76-38 원메디타운 201호,02-856-7582,187923.27573024,443993.670252899,2020-05-01,316000001020200002
예스동물병원,영업/정상,"경상북도 구미시 선산읍 선산중앙로7길 24, 1층",경상북도 구미시 선산읍 이문리 690,,316196.90038778,305147.545533452,2020-04-27,508000001020200001
봄 동물병원,영업/정상,전북특별자치도 고창군 흥덕면 부안로 35,전북특별자치도 고창군 흥덕면 동사리 826,,173508.943963804,225128.891373298,2020-04-22,478100001020200001
대성동물병원,영업/정상,경상남도 고성군 영오면 옥천로 1493,경상남도 고성군 영오면 영산리 200-11,,312850.215768132,179517.067331862,2020-04-21,542000001020200001
구로다나은동물병원,영업/정상,"서울특별시 구로구 신도림로 7, 1층 110호 (신도림동)",서울특별시 구로구 신도림동 400-1 110호,02-2672-7582,189067.276002245,444891.605594405,2020-04-20,316000001020200001
메디힐동물병원,영업/정상,"경기도 광명시 신기로 21, GS steel Tower 206호 (일직동)",경기도 광명시 일직동 511-5 GS steel Tower,02-6275-0075,189636.829471084,435346.513134359,2020-04-17,390000001020200003
오늘동물병원,영업/정상,"서울특별시 성동구 왕십리로 104, 영화빌딩 2층 (성수동1가)",서울특별시 성동구 성수동1가 656-968 영화빌딩 2층,02-469-7975,203895.448794593,449401.289888823,2020-04-17,303000001020200001
김포씨엘동물의료센터,영업/정상,"경기도 김포시 김포한강11로 328, 210,211,212호 (운양동)",경기도 김포시 운양동 1296-3,,172182.734363653,461502.231964669,2020-04-16,409000001020200003
세온동물병원,영업/정상,"경기도 안산시 단원구 초지로 114, 주공프라자 111,112호 (초지동)",경기도 안산시 단원구 초지동 726-5 주공프라자,031-362-5475,183555.437866089,422997.980643807,2020-04-16,393000001020200001
채플린동물병원,영업/정상,"경기도 의정부시 용민로 493, 엘스퀘어 120, 121호 (민락동)",경기도 의정부시 민락동 905,,210383.354355243,471952.050120805,2020-04-16,382000001020200002
청라호수동물메디컬센터,영업/정상,"인천광역시 서해구 푸른로7번길 2, 청라호수동물메디컬센터 (청라동)",인천광역시 서해구 청라동 105-62,032-568-0022,,,2020-04-16,356100001020200001
새롬동물병원,영업/정상,경기도 광주시 퇴촌면 천진암로 447-1,경기도 광주시 퇴촌면 도수리 331-11,,228174.018956279,440633.874775651,2020-04-14,554000001020200002
동탄호수동물병원,영업/정상,"경기도 화성시 동탄구 동탄순환대로 127-19, 동탄에스비타운 206호 (산척동)",경기도 화성시 동탄구 산척동  728-3 동탄에스비타운 206호,031-376-7800,209456.590689976,407290.50724525,2020-04-14,577000001020200002
여수 죽림 동물병원,영업/정상,"전남광주통합특별시 여수시 소라면 죽림1길 2, 1층",전남광주통합특별시 여수시 소라면 죽림리 1213-1,061-683-7582,258148.59146388,140490.779293907,2020-04-13,578500001020200001
서면Q 외과 동물병원,영업/정상,"부산광역시 부산진구 서전로 25, 이오스프라자 201호 (전포동)",부산광역시 부산진구 전포동 667-16 이오스프라자,051-818-5975,387863.716121828,186257.507509754,2020-04-13,329000001020200002
우원동물병원,영업/정상,"충청북도 괴산군 괴산읍 남산1길 41-1, 괴산신성미소지움아파트 상가 1층 1호",충청북도 괴산군 괴산읍 동부리 811 괴산신성미소지움아파트 상가 1층 1호,,270779.693409066,367263.159226364,2020-04-10,446000001020200001
봄날동물병원,영업/정상,"서울특별시 양천구 목동중앙로 89, 1층 (목동)",서울특별시 양천구 목동 753-12,02-6949-0413,188605.762730565,448342.943184802,2020-04-10,314000001020200001
바나나동물병원,영업/정상,"인천광역시 남동구 호구포로 818, 116,117호 (구월동)",인천광역시 남동구 구월동 1264,,175127.311445245,439299.829381154,2020-04-08,353000001020200001
베이직 동물병원,영업/정상,"부산광역시 북구 만덕3로 55-1, 2층 (만덕동)",부산광역시 북구 만덕동 918-13,051-342-5999,384754.311890433,192101.496061949,2020-04-08,332000001020200001
현동물병원,영업/정상,"전북특별자치도 임실군 임실읍 중동2길 8-7, 코지하우스 A동 1층 1호",전북특별자치도 임실군 임실읍 이도리 327-12 코지하우스,,225605.989394789,234730.133827609,2020-04-07,476100001020200001
더바름동물병원,영업/정상,"경기도 고양시 덕양구 향기로 56, 스카이타워 1층 101호 (향동동)",경기도 고양시 덕양구 향동동 563,02-6953-7515,190408.596224851,454741.986219537,2020-04-07,394000001020200003
홈즈 동물병원,영업/정상,"부산광역시 강서구 명지국제8로 233, 2층 203호 (명지동)",부산광역시 강서구 명지동 3357-2,,374846.363500911,179403.949006516,2020-04-06,336000001020200001
로뎀나무 동물의료센터,영업/정상,"경기도 양주시 고읍로 166, 1,2층 전부호 (만송동)",경기도 양주시 만송동 343-2,031-847-7720,207639.605803943,476536.252300704,2020-04-03,559000001020200001
해오름동물병원,영업/정상,"경기도 성남시 중원구 희망로 402, 지하1층 (금광동)",경기도 성남시 중원구 금광동 113,031-747-0406,214105.050454279,437692.818596598,2020-04-02,378000001020200003
현대동물병원,영업/정상,"경기도 하남시 대청로 33, 현대베스코아 6층 603호 (신장동)",경기도 하남시 신장동 523-1,,219019.083032917,448782.644793748,2020-03-30,404000001020200001
밀양동물메디컬센터,영업/정상,"경상남도 밀양시 미리벌중앙로8길 2, 2층 (삼문동)",경상남도 밀양시 삼문동 714-7,055-355-7582,358561.503271187,221983.312066338,2020-03-27,536000001020200001
배곧도담동물병원,영업/정상,"경기도 시흥시 배곧1로 27-16, 제상가4동 1층 105호 (배곧동, 한라비발디캠퍼스2차)",경기도 시흥시 배곧동 245 한라비발디캠퍼스2차,,174692.009149631,428974.106106504,2020-03-25,401000001020200003
모모동물병원,영업/정상,"서울특별시 강서구 마곡중앙1로 20, 205호 (마곡동)",서울특별시 강서구 마곡동 798-14 205호,02-2662-7975,184443.12135918,450710.177910704,2020-03-25,315000001020200002
조한웅동물병원,영업/정상,"전북특별자치도 익산시 춘포면 궁성로 130, 고려온천아파트상가 107동 104호",전북특별자치도 익산시 춘포면 쌍정리 160-1 고려온천아파트상가,,204777.301221512,269332.222855955,2020-03-23,468100001020200001
표선동물병원,영업/정상,제주특별자치도 서귀포시 표선면 번영로 3510,제주특별자치도 서귀포시 표선면 표선리 1867,064-787-7582,183927.455689986,-17822.825065161,2020-03-17,652000001020200002
원주24시스카이동물메디컬센터,영업/정상,"강원특별자치도 원주시 서원대로 502, 골드프라자 1,2층 (단구동)",강원특별자치도 원주시 단구동 1599-6 골드프라자,033-813-9975,284863.761886809,425194.844467867,2020-03-16,419000001020200001
오월의 동물병원,영업/정상,"경상북도 경산시 성동로 11, 1층 (정평동)",경상북도 경산시 정평동 187-7,,355812.997988011,260861.825466349,2020-03-13,513000001020200001
내친구동물병원,영업/정상,"경기도 시흥시 서울대학로278번길 19-14, 배곧프라자 1층 115호 (배곧동)",경기도 시흥시 배곧동 193-1 배곧프라자,031-497-4479,175894.079233629,429822.55268777,2020-03-11,401000001020200002
24시 라인동물의료센터,영업/정상,"경기도 고양시 덕양구 동송로 70, 힐스테이트 삼송역 221,227~231호 (삼송동)",경기도 고양시 덕양구 삼송동 291 힐스테이트 삼송역,02-381-2475,190815.458049782,461119.342314115,2020-03-11,394000001020200002
휴동물의료센터,영업/정상,"경기도 성남시 수정구 산성대로 309, 2층,3층 (신흥동)",경기도 성남시 수정구 신흥동 2475,031-735-7582,213290.327794405,437832.98655024,2020-03-11,378000001020200002
보듬 동물병원,영업/정상,"부산광역시 부산진구 가야대로 517, 윤정빌딩 (가야동)",부산광역시 부산진구 가야동 143-48,051-894-1202,384774.798846787,185717.12959147,2020-03-11,329000001020200001
하늘동물병원,영업/정상,"경상남도 창원시 성산구 원이대로863번길 19, 213(상가)동 204호 (가음동, 창원더샵센트럴파크2단지)",경상남도 창원시 성산구 가음동 16 창원더샵센트럴파크2단지 213동 204호,055-604-1100,354602.545694836,191313.908769273,2020-03-10,567000001020200001
에이치동물메디컬센터,영업/정상,"부산광역시 금정구 부곡로 3, 1~2층 (부곡동)",부산광역시 금정구 부곡동 889-7,051-583-7575,389902.911429551,192926.693679891,2020-03-10,335000001020200001
수민동물병원,영업/정상,"경기도 파주시 경의로 1813, 2층 203호 (아동동)",경기도 파주시 아동동 296-11,,180215.309519896,474072.614448208,2020-03-05,406000001020200002
우리동물병원,영업/정상,경상북도 상주시 청리면 청리중앙로 105,경상북도 상주시 청리면 청하리 857-1,,301191.896633405,315810.558660647,2020-03-04,511000001020200002
건국가축병원,영업/정상,경상북도 상주시 상산로 110 (신봉동),경상북도 상주시 신봉동 337-5,,303978.960311723,322808.44435735,2020-03-04,511000001020200001
편안한 동물병원,영업/정상,"대전광역시 유성구 반석로 32, 양지타워 1층 101호 (반석동)",대전광역시 유성구 반석동 621-5 양지타워,042-822-8217,227835.42968903,321225.493620796,2020-03-04,367000001020200001
에스동물암센터,영업/정상,"경상남도 양산시 동면 석산3길 8, 1층",경상남도 양산시 동면 석산리 519-15,,384465.406083729,203274.644745905,2020-03-03,538000001020200001
아이튼튼 동물병원,영업/정상,"경기도 광명시 신기로 7, 골드스타빌딩 205호 (일직동)",경기도 광명시 일직동 510-8 골드스타빌딩 205호,02-899-7580,189527.641517052,435394.63715386,2020-03-03,390000001020200001
연합에이엠씨,영업/정상,"경기도 안양시 동안구 시민대로 312, 평촌칼라힐주차빌딩 2층 234~237호 (평촌동)",경기도 안양시 동안구 평촌동 897 평촌칼라힐주차빌딩,031-422-7579,196822.119978806,432554.706986554,2020-03-03,383000001020200002
수원시 동물보호센터 동물병원,영업/정상,"경기도 수원시 영통구 광교호수로 234, 수원시 동물보호센터 (하동)",경기도 수원시 영통구 하동 40-10 수원시 동물보호센터,031-5191-3561,206906.468423984,420340.351393286,2020-03-03,374000001020200003
새싹 동물병원,영업/정상,"경기도 수원시 영통구 권선로908번길 31, 103,104호 (신동)",경기도 수원시 영통구 신동 937-1,031-202-7501,203925.943175402,416153.698334847,2020-03-03,374000001020200002
한라동물의료센터,영업/정상,"제주특별자치도 제주시 남광로 20, 1층 (이도이동)",제주특별자치도 제주시 이도이동 1994-4,064-725-7577,157009.794557545,-298.46253207705,2020-02-28,651000001020200002
리봄동물의료센터,영업/정상,"경상북도 포항시 북구 신덕로 281, 1층 (장성동)",경상북도 포항시 북구 장성동 1494-1,054-251-8275,414783.348208581,290171.615689113,2020-02-27,502000001020200001
제주 현 동물병원,영업/정상,제주특별자치도 제주시 조천읍 신촌3길 15-4,제주특별자치도 제주시 조천읍 신촌리 2549,,164449.068919279,4286.17767499863,2020-02-26,651000001020200001
한국양봉농협 동물병원,영업/정상,경기도 안성시 미양면 안성맞춤대로 586,경기도 안성시 미양면 구수리 247,031-677-9323,222403.877056462,385643.531127623,2020-02-26,408000001020200001
천풍동물병원,영업/정상,"경기도 김포시 통진읍 김포대로 2248, 1층 101호",경기도 김포시 통진읍 마송리 120-1,031-987-0411,164362.684414923,465427.27445593,2020-02-25,409000001020200002
든든동물병원「산업동물 출장진료 전문」,영업/정상,경기도 이천시 모가면 진상미로 1253,경기도 이천시 모가면 진가리 67-4,,242527.412962699,407468.665956634,2020-02-24,407000001020200002
우리아이동물메디컬센터,영업/정상,"세종특별자치시 한누리대로 287, 세종포레뷰1 202~204호 (나성동)",세종특별자치시 나성동 738 세종포레뷰1,044-867-2727,222878.258517695,332117.56232649,2020-02-21,569000001020200003
남원동물병원,영업/정상,"제주특별자치도 서귀포시 남원읍 태위로 687, 민생약국",제주특별자치도 서귀포시 남원읍 남원리 100-2 민생약국,064-764-1050,173830.607619369,-24023.7712345181,2020-02-20,652000001020200001
이병훈동물병원,영업/정상,"세종특별자치시 조치원읍 장안로 27, 2층",세종특별자치시 조치원읍 명리 67-17,,226926.455689024,344266.960878963,2020-02-20,569000001020200002
또바기,영업/정상,"경기도 파주시 한울로 59, 202호 (동패동)",경기도 파주시 동패동 1899-1,,176853.302871588,467676.123809767,2020-02-17,406000001020200001
수지성복SL동물병원,영업/정상,"경기도 용인시 수지구 성복1로 62, 1층 111, 112호 (성복동, KCC스위첸)","경기도 용인시 수지구 성복동 167 KCC스위첸 1층 111, 112호",031-272-8575,206405.980889469,423687.22050375,2020-02-13,564000001020200002
안양본동물의료센터,영업/정상,경기도 안양시 동안구 시민대로 370 (관양동),경기도 안양시 동안구 관양동 900-9,031-396-8275,197413.825044719,432617.727457137,2020-02-12,383000001020200001
헬리오동물병원,영업/정상,"서울특별시 송파구 송파대로 345, 3B동 28,29호 (가락동, 헬리오시티)",서울특별시 송파구 가락동 479 헬리오시티,02-2135-6575,209412.197809542,443928.783342251,2020-02-12,323000001020200001
대전본동물병원,영업/정상,"대전광역시 서구 관저로 27, 101-1호 (관저동)",대전광역시 서구 관저동 1952-3 101-1호,042-546-7588,229222.66889422,310717.001910486,2020-02-10,366000001020200001
펫트리동물의료센터,영업/정상,"서울특별시 강동구 양재대로 1453, 베스트올 1층 (길동)",서울특별시 강동구 길동 413-46 베스트올,02-6949-5775,212205.324163557,448170.096215943,2020-02-07,324000001020200001
목포동물병원,영업/정상,전남광주통합특별시 목포시 용당로 223 (용당동),전남광주통합특별시 목포시 용당동 1079-1,061-273-7582,144855.392164612,145518.829944287,2020-02-04,578000001020200002
24시 품 동물의료센터,영업/정상,"서울특별시 동작구 상도로 195, 1층 113~120, 125~128호 (노량진동, 힐스테이트 장승배기역)",서울특별시 동작구 노량진동 336 힐스테이트 장승배기역,02-812-7585,,,2020-02-04,319000001020200001
골드퍼피동물병원 공릉점,영업/정상,"서울특별시 노원구 동일로 1014, 1층, 2층 (공릉동)",서울특별시 노원구 공릉동 596-5,02-971-5955,206546.734710454,457584.835793045,2020-02-04,310000001020200001
북부동물병원,영업/정상,전남광주통합특별시 보성군 복내면 개기로 1666-6,전남광주통합특별시 보성군 복내면 복내리 435-21,,211903.060376993,154965.212809847,2020-02-03,585000001020200001
모란동물병원,영업/정상,경기도 광주시 파발로 161-1 (경안동),경기도 광주시 경안동 96-6,031-767-7588,222305.73789471,434716.993163433,2020-01-31,554000001020200001
봉천현대동물병원,영업/정상,"서울특별시 관악구 봉천로 520, 3층 (봉천동)",서울특별시 관악구 봉천동 1612-1,02-878-9978,196011.003717419,441917.187262738,2020-01-31,320000001020200001
튼튼동물병원,영업/정상,"경기도 오산시 궐리사로 69, 구마빌딩 101호 (궐동)",경기도 오산시 궐동 632-2,031-372-8333,205273.637200392,406347.194120753,2020-01-30,400000001020200001
365동물병원위례점,영업/정상,"경기도 성남시 수정구 위례동로 153, 에이플타워 205호 (창곡동)",경기도 성남시 수정구 창곡동 513 에이플타워,,213196.788038769,441267.846008774,2020-01-30,378000001020200001
하나동물병원,영업/정상,전남광주통합특별시 무안군 일로읍 일로로 43,전남광주통합특별시 무안군 일로읍 월암리 212-30 원다방,,153438.677315273,150150.56368997,2020-01-29,588000001020200001
토마스동물병원,영업/정상,"경기도 양평군 양평읍 중앙로 93, 101,102호",경기도 양평군 양평읍 공흥리 585,031-771-7599,244102.627964218,443704.250040167,2020-01-29,417000001020200001
아이힐 동물병원,영업/정상,"서울특별시 강남구 도곡로 115, 거암빌딩 2층 (역삼동)",서울특별시 강남구 역삼동 838-9 거암빌딩,02-561-3375,202847.79751228,443115.129646286,2020-01-29,322000001020200001
서울앤탑 동물병원,영업/정상,"경기도 용인시 수지구 현암로 135, 베스트프라자 2층 (죽전동)",경기도 용인시 수지구 죽전동 1189-1 베스트프라자 2층,031-897-7577,210956.33216878,425555.733967826,2020-01-23,564000001020200001
젠틀펫동물병원,영업/정상,대구광역시 서구 와룡로66길 64 (중리동),대구광역시 서구 중리동 1136-158,,339446.665459644,263518.429682916,2020-01-23,343000001020200002
중앙동물병원,영업/정상,강원특별자치도 강릉시 주문진읍 연주로 308-1,강원특별자치도 강릉시 주문진읍 교항리 48-218,,360650.405756523,487938.773749299,2020-01-22,420000001020200001
은계동물병원,영업/정상,"경기도 시흥시 은계번영길 19, 은계 디스퀘어큐브 2층 202호 (은행동)",경기도 시흥시 은행동 646-8 은계 디스퀘어큐브,,182499.160642918,437254.491739593,2020-01-21,401000001020200001
마곡M동물의료센터,영업/정상,"서울특별시 강서구 방화대로33길 3, 1~2층 (방화동)",서울특별시 강서구 방화동 245-31,02-2662-7515,183698.098433972,451825.491934909,2020-01-21,315000001020200001
남산동물병원,영업/정상,전남광주통합특별시 화순군 화순읍 중앙로 43-1,전남광주통합특별시 화순군 화순읍 향청리 56-5,,198682.203789975,173509.750912532,2020-01-20,585500001020200002
팜그린동물약품병원,영업/정상,전북특별자치도 진안군 진안읍 진무로 887,전북특별자치도 진안군 진안읍 단양리 177-2,,238747.169532471,253087.891181819,2020-01-20,473100001020200001
김포동물병원,영업/정상,"경기도 김포시 월곶면 군하로 107-1, 104호",경기도 김포시 월곶면 갈산리 518-9,,161148.383251088,466904.161382516,2020-01-16,409000001020200001
채움동물병원,영업/정상,"경기도 부천시 원미구 길주로 129, 대신스카이빌 (상동)",경기도 부천시 원미구 상동 538-6 대신스카이빌,032-322-7505,178431.895435095,444903.33287479,2020-01-16,386000001020200001
온누리동물병원(천안점),영업/정상,"충청남도 천안시 동남구 쌍용대로 163, 2층 (봉명동)",충청남도 천안시 동남구 봉명동 451,041-414-7582,211848.132073306,367871.21819269,2020-01-14,565000001020200001
리더스동물병원,영업/정상,"경기도 화성시 동탄구 동탄대로시범길 148-22, 디스퀘어상가 203호 (청계동)",경기도 화성시 동탄구 청계동  535-6,031-372-7550,210128.213563089,410963.227069751,2020-01-12,577000001020200001
삼성동물병원,영업/정상,대구광역시 서구 서대구로 37 (내당동),대구광역시 서구 내당동 245-16,,340499.010995089,263470.649462005,2020-01-10,343000001020200001
아인스동물병원,영업/정상,"서울특별시 동대문구 장한로 44, 1층 (장안동)",서울특별시 동대문구 장안동 435-6,02-2213-0075,205883.994796584,451422.978298566,2020-01-10,305000001020200001
미래동물병원,영업/정상,"세종특별자치시 조치원읍 섭골길 51-41, 101호",세종특별자치시 조치원읍 신안리 401-1,,225269.341452265,345924.326865077,2020-01-09,569000001020200001
동계동물병원,영업/정상,"전북특별자치도 순창군 동계면 동계1길 6, 1층 3호",전북특별자치도 순창군 동계면 현포리 232-2 3호,,222011.39983917,215657.37477596,2020-01-08,477100001020200001
마리동물의료센터 경기남부 분원(출장진료 전문),영업/정상,"경기도 평택시 청북읍 청원로 45, 중앙빌딩",경기도 평택시 청북읍 현곡리 250 청북상가,,194476.329579867,393248.454275327,2020-01-08,391000001020200001
수성동물병원(일반동물병원),영업/정상,강원특별자치도 고성군 죽왕면 운봉산로 10,강원특별자치도 고성군 죽왕면 문암진리 266-3,,334412.449883461,534512.72759903,2020-01-07,434000001020200001
시소동물병원,영업/정상,"전남광주통합특별시 화순군 화순읍 진각로 131-3, 1층",전남광주통합특별시 화순군 화순읍 훈리 44-68,,,,2020-01-03,585500001020200001
현동물병원,영업/정상,전남광주통합특별시 동구 남문로 730 (학동),전남광주통합특별시 동구 학동 658-1,062-222-7585,193258.305995933,181820.278361213,2020-01-03,580500001020200001
sun동물병원,영업/정상,경기도 수원시 권선구 곡선로 37 (곡반정동),경기도 수원시 권선구 곡반정동 558-2,031-234-5550,202489.223716305,415275.875508133,2020-01-03,374000001020200001
양주 온 동물병원,영업/정상,"경기도 양주시 회천남로 76, 한덕타워 2층 01호 (옥정동)",경기도 양주시 옥정동 963-18,031-868-0075,208211.569409,479559.894066587,2019-12-31,559000001020190002
우리들동물병원,영업/정상,경상남도 거제시 고현로 107 (고현동),경상남도 거제시 고현동 38-4,055-635-7682,348417.071438243,155515.363111484,2019-12-31,537000001020190002
도담동물병원,영업/정상,강원특별자치도 춘천시 신북읍 신북로 207-1,강원특별자치도 춘천시 신북읍 산천리 352-28,,265980.9089512,493747.744034778,2019-12-31,418000001020190002
나로동물병원,영업/정상,"전남광주통합특별시 고흥군 도양읍 번영1길 3, 103호 (세라빌라)",전남광주통합특별시 고흥군 도양읍 봉암리 1614-10 세라빌라 103호,,212622.455479069,114904.705891098,2019-12-30,584500001020190001
중문동물병원,영업/정상,제주특별자치도 서귀포시 천제연로 265 (중문동),제주특별자치도 서귀포시 중문동 1886-1,064-739-3111,147085.662192563,-27039.5172275905,2019-12-26,652000001020190002
귀나은 귀전문 동물의료센터,영업/정상,"부산광역시 동래구 아시아드대로 131-1, 2층 (사직동)",부산광역시 동래구 사직동 100-2,051-506-8492,388055.224147153,190505.554749038,2019-12-26,330000001020190002
베스트동물병원,영업/정상,"전남광주통합특별시 서구 화운로 111, 1,2층 (화정동)",전남광주통합특별시 서구 화정동 755-19,062-384-7582,188891.337646305,183353.270457515,2019-12-23,581000001020190002
광주24시스카이동물메디컬센터,영업/정상,"전남광주통합특별시 서구 상무대로 879, 두왕빌딩 3,4,5층 (쌍촌동)","전남광주통합특별시 서구 쌍촌동 970-13 두왕빌딩(3,4,5층)",062-719-4275,186996.872416615,183521.06168647,2019-12-23,581000001020190001
베스트팜R동물병원(출장진료전문병원),영업/정상,경상남도 진주시 사봉면 모곡길 76-28,경상남도 진주시 사봉면 봉곡리 49-6,,317996.020400716,189386.46675205,2019-12-20,531000001020190005
월드동물병원,영업/정상,"충청남도 금산군 금산읍 비단로 102, 103호",충청남도 금산군 금산읍 하옥리 332-16 성원기계,,244203.73204304,288813.369418549,2019-12-17,455000001020190001
누리동물병원,영업/정상,"전북특별자치도 군산시 비응동로 40, C동 107호 (비응도동)",전북특별자치도 군산시 비응도동 103 새만금도매어시장,,157844.857395752,270919.800512737,2019-12-16,467100001020190002
한일동물병원,영업/정상,전북특별자치도 군산시 구영7길 54 (월명동),전북특별자치도 군산시 월명동 4-1 정명인쇄사,,173791.675570719,276230.347507736,2019-12-12,467100001020190001
중앙동물병원,영업/정상,경기도 양평군 양평읍 시민로 84,경기도 양평군 양평읍 공흥리 467-6,031-772-1261,244225.671195545,443269.481006115,2019-12-12,417000001020190004
마루한동물병원,영업/정상,"경기도 용인시 수지구 광교호수로378번길 4-6, 1층 (상현동)",경기도 용인시 수지구 상현동 1157-1,031-216-0133,207036.923181518,421768.870454162,2019-12-10,564000001020190002
행복한동물병원,영업/정상,경기도 안성시 중앙로419번길 6 (영동),경기도 안성시 영동 437-1,,224270.214861653,389517.697038572,2019-12-09,408000001020190003
프렌즈동물병원,영업/정상,"경기도 평택시 상서재로 80, 516동 132-133호 (동삭동, 평택센트럴자이 5단지)",경기도 평택시 동삭동 818-4 평택센트럴자이 5단지,031-692-5331,209166.17552146,390957.120904099,2019-12-06,391000001020190003
해맞이 동물병원,영업/정상,"서울특별시 양천구 지양로 7, 인산빌딩 1층 (신월동)",서울특별시 양천구 신월동 984-1 인산빌딩,02-2690-7579,185585.990207369,446145.094734253,2019-12-05,314000001020190003
센트럴동물병원,영업/정상,"경기도 고양시 덕양구 은빛로 45, 화정꽃무리조합프라자 202호 (화정동)",경기도 고양시 덕양구 화정동 909-3 화정꽃무리조합프라자 202호,031-967-8275,185182.791966905,459542.249296696,2019-12-03,394000001020190005
센텀동물메디컬센터 24시,영업/정상,"부산광역시 수영구 연수로 407-1, 2-3층 (수영동)",부산광역시 수영구 수영동 450-11,051-746-7582,392529.929924843,187518.105641495,2019-12-03,338000001020190003
채움동물병원,영업/정상,"충청남도 예산군 예산읍 역전로 121, 닥터차동물병원 1층",충청남도 예산군 예산읍 산성리 304-16,041-331-7582,184714.453086045,354323.633509572,2019-12-02,461000001020190001
백호동물병원,영업/정상,"경상남도 고성군 고성읍 중앙로15번길 62, 가동 1층 109호 (한솔메르빌)",경상남도 고성군 고성읍 서외리 253-23 한솔메르빌 가동 109호,055-673-7194,320677.288193188,165045.052153246,2019-11-27,542000001020190002
하동축산농협동물병원,영업/정상,"경상남도 하동군 진교면 구고속도로 524-6, 하동축산종합방역소",경상남도 하동군 진교면 안심리 229-1,,279934.219190792,169441.620519879,2019-11-26,544000001020190001
이루아동물병원,영업/정상,울산광역시 남구 대학로 27 (무거동),울산광역시 남구 무거동 584-17,052-925-1125,404499.62759355,228871.01830553,2019-11-26,370000001020190001
선진동물병원,영업/정상,강원특별자치도 횡성군 횡성읍 한우로 283-5,강원특별자치도 횡성군 횡성읍 읍하리 115-30,,287082.781417777,443474.994087221,2019-11-25,426000001020190001
김천축산농협 동물병원,영업/정상,"경상북도 김천시 자산로 192, 김천축협동물병원 (성내동)",경상북도 김천시 성내동 8-1,,300621.363567266,292462.204490876,2019-11-19,506000001020190002
감자동물병원,영업/정상,"대구광역시 수성구 달구벌대로 3179, 1층 (매호동)",대구광역시 수성구 매호동 1344-21,,353953.062939764,261520.092847805,2019-11-18,346000001020190002
광주TNR동물병원(초월),영업/정상,경기도 광주시 초월읍 현산로385번길 74-12,경기도 광주시 초월읍 지월리 713-2,031-798-7581,224382.153637013,434901.140582774,2019-11-13,554000001020190004
해피트리 동물병원,영업/정상,"충청북도 진천군 덕산읍 시가로 24, 1층 109 , 110호","충청북도 진천군 덕산읍 두촌리 2588 109,호",,247564.340072599,378100.630727639,2019-11-13,445000001020190001
청담리덴동물치과병원,영업/정상,"서울특별시 강남구 영동대로128길 15, 아크로 삼성 상가 102호 (삼성동)",서울특별시 강남구 삼성동 79 아크로 삼성 상가 102호,02-544-2882,205202.388240936,446416.863470242,2019-11-10,322000001020190005
하나동물병원,영업/정상,"충청북도 증평군 증평읍 증평로 100, 1층",충청북도 증평군 증평읍 증천리 585,,253019.866861204,364705.775957994,2019-11-08,557000001020190001
이루다 동물병원,영업/정상,"제주특별자치도 제주시 건주로3길 19, 준영빌딩 1층 101호 (도련일동)",제주특별자치도 제주시 도련일동 1917-1,064-725-1545,161034.895561942,2334.83581390031,2019-11-07,651000001020190005
동탄24시동물의료센터,영업/정상,"경기도 화성시 동탄구 동탄지성로 2, 206호 (반송동, 동탄 플래티넘)",경기도 화성시 동탄구 반송동  90-9 동탄 플래티넘,031-613-7579,206491.146821923,411458.976720896,2019-11-04,577000001020190010
더편한동물병원,영업/정상,"서울특별시 성북구 숭인로 50, 상가동 2203호 (길음동, 래미안길음센터피스)",서울특별시 성북구 길음동 498-1 래미안길음센터피스,,202337.783038524,456539.190686079,2019-11-04,307000001020190002
광주TNR동물병원(송정),영업/정상,경기도 광주시 경안천로 142(송정동),경기도 광주시 송정동 6-16,031-798-7581,224274.690311061,435059.125920527,2019-10-30,554000001020190003
24시보듬동물병원,영업/정상,강원특별자치도 강릉시 경강로 2070 (임당동),강원특별자치도 강릉시 임당동 134-6,033-655-7975,366853.602712168,473988.604008085,2019-10-30,420000001020190001
행복한고양이동물병원,영업/정상,"경기도 파주시 가람로21번길 7-5, 401호 (와동동)",경기도 파주시 와동동 1598 401호,031-946-0805,178080.743701931,470212.439396794,2019-10-25,406000001020190002
더문 동물병원,영업/정상,"대구광역시 북구 내곡로 81, 부광빌딩 102호 (사수동)",대구광역시 북구 사수동 799,053-322-1223,336497.10117595,267900.50193354,2019-10-24,345000001020190003
바론산업동물병원,영업/정상,"세종특별자치시 나성로 133-9, 세종엔에스타워 1 503호 (나성동)",세종특별자치시 나성동 792 세종엔에스타워 1,,223061.520174601,332204.756539978,2019-10-23,569000001020190002
한솔동물병원,영업/정상,경기도 용인시 처인구 백암면 죽양대로 1427-33,경기도 용인시 처인구 백암면 근곡리 707-2,,231373.692456937,407805.63178617,2019-10-21,562000001020190001
경남수의동물병원(출장진료전문병원),영업/정상,경상남도 진주시 남강로1239번길 11 (상평동),경상남도 진주시 상평동 317-2,,302402.94857431,186490.367798055,2019-10-14,531000001020190004
차오름 동물병원,영업/정상,경상남도 거창군 거창읍 수남로 2219,경상남도 거창군 거창읍 김천리 270 우성사료,,282414.612642508,242283.405321946,2019-10-01,547000001020190002
헬로우 동물병원,영업/정상,"서울특별시 서대문구 연희로 178, 1층 (연희동)",서울특별시 서대문구 연희동 79-12,02-333-7750,194255.341892024,452277.675204379,2019-10-01,312000001020190001
성신동물병원,영업/정상,"서울특별시 성북구 아리랑로 18, 1층 101호 (동선동5가)",서울특별시 성북구 동선동5가 1,,201372.378129966,454689.037598809,2019-09-27,307000001020190001
센트럴동물병원,영업/정상,"대구광역시 중구 달구벌대로 1943, 101동 2층 201호 (대신동, 대신e편한세상)",대구광역시 중구 대신동 2110 대신e편한세상,,342301.62284823,263810.36150426,2019-09-26,341000001020190001
한결산업동물병원「산업동물 출장진료 전문」,영업/정상,경기도 이천시 설성면 설성로 14-6,경기도 이천시 설성면 금당리 74-3,,246078.845128168,403603.011952312,2019-09-23,407000001020190004
포시즌 동물병원,영업/정상,"인천광역시 연수구 아트센터대로 198, 주유소 3동 2층 (송도동)",인천광역시 연수구 송도동 30-18 주유소 3동 2층호,032-858-7570,167258.94993679,432714.360270825,2019-09-20,352000001020190004
대치동물메디컬센터,영업/정상,"서울특별시 강남구 도곡로 520, 무진빌딩 1층 (대치동)",서울특별시 강남구 대치동 990-1 무진빌딩,02-501-8275,205540.46591416,444135.75996431,2019-09-20,322000001020190004
힐링동물의료센터,영업/정상,"경기도 화성시 병점구 영통로 70, 대성프라자  2층 (반월동)",경기도 화성시 병점구 반월동 27-5,031-202-7512,205379.726130873,414936.413823546,2019-09-19,576000001020190009
베이지동물병원,영업/정상,"서울특별시 성동구 왕십리로 410, D동 106호 (하왕십리동, 센트라스)",서울특별시 성동구 하왕십리동 1070 센트라스상가 D동 106호,02-2295-9888,202372.912023599,451536.680876573,2019-09-19,303000001020190003
롯데동물메디컬센터,영업/정상,"부산광역시 부산진구 거제대로 20-1, 2, 3층 (양정동)",부산광역시 부산진구 양정동 401-11,051-851-6612,388296.71776701,187645.504458632,2019-09-18,329000001020190002
청담동물병원,영업/정상,전남광주통합특별시 남구 봉선로 205 (봉선동),전남광주통합특별시 남구 봉선동 138-2 플러스존,062-710-1075,192427.177048733,180427.408678617,2019-09-09,581500001020190002
옥포태양동물병원,영업/정상,"대구광역시 달성군 옥포읍 돌미로 67, 옥포태양동물병원",대구광역시 달성군 옥포읍 교항리 2913,053-617-0313,330218.927904054,254401.793424696,2019-09-09,348000001020190001
서초이음동물병원,영업/정상,"서울특별시 서초구 효령로 347, 서광빌딩 1층 (서초동)",서울특별시 서초구 서초동 1605-5 서광빌딩,02-3474-7582,201876.147455706,442741.651989375,2019-09-07,321000001020190004
에스 클래스 동물병원,영업/정상,"경기도 수원시 영통구 광교호수공원로 277, B1층 9,10호 (원천동, 중흥 S-클래스)",경기도 수원시 영통구 원천동 589 중흥 S-클래스,031-217-7801,205026.079641798,420062.878231009,2019-09-06,374000001020190008
아이봄 동물병원,영업/정상,서울특별시 중랑구 신내로 66 (신내동),서울특별시 중랑구 신내동 563-2,02-433-7515,208374.549467469,455862.278991004,2019-09-06,306000001020190002
김미경 동물병원,영업/정상,"서울특별시 도봉구 마들로 664, 킴스타워 2층 (도봉동)",서울특별시 도봉구 도봉동 636-12 킴스타워,,204033.029526528,463003.544512347,2019-09-05,309000001020190004
한국생명공학연구원 영장류자원지원센터 부속 동물병원,영업/정상,"전북특별자치도 정읍시 입암면 넝메길 351-33, 영장류자원지원센터",전북특별자치도 정읍시 입암면 접지리 1246 영장류자원지원센터,063-570-5314,183661.945190337,224133.759386838,2019-09-02,469100001020190002
유동물병원,영업/정상,"경기도 안산시 단원구 선부광장로 71, 101호 (선부동)",경기도 안산시 단원구 선부동 1077-16,,183184.380355989,425668.752616648,2019-09-02,393000001020190003
아임동물병원,영업/정상,"경기도 평택시 고덕국제3길 122, 1층 (고덕동)",경기도 평택시 고덕동 1948-10,031-663-4987,204174.335740311,394424.345038468,2019-08-30,391000001020190002
이오동물병원,영업/정상,"인천광역시 서해구 승학로 551, 동곡프라자 108호 (검암동)",인천광역시 서해구 검암동 506-1 동곡프라자,,,,2019-08-30,356100001020190003
남양종합동물병원,영업/정상,"경상남도 창원시 성산구 대정로 102, 개나리3차아파트상가 107호 (남양동)",경상남도 창원시 성산구 남양동 23 개나리3차아파트상가 107호,055-261-5435,355099.671452122,191434.675098896,2019-08-29,567000001020190005
예동물병원,영업/정상,"인천광역시 부평구 갈월동로 13, 1층 (갈산동)",인천광역시 부평구 갈산동 385-10,032-362-8111,175977.810244326,445161.253957987,2019-08-29,354000001020190001
웰니스 동물병원,영업/정상,"경기도 용인시 수지구 성복2로 10, 지하1층 (성복동, 성복역롯데캐슬골드타운)",경기도 용인시 수지구 성복동 23 성복역롯데캐슬골드타운,031-5174-4030,207273.490731332,423410.218285701,2019-08-28,564000001020190001
우리들동물메디컬센터,영업/정상,서울특별시 양천구 신월로 355(신정동),서울특별시 양천구 신정동 982-4 M1~2층,02-2642-7588,187597.062750911,446687.543698413,2019-08-28,314000001020190002
성수동물병원,영업/정상,"충청남도 홍성군 홍성읍 충서로 1318, 3층",충청남도 홍성군 홍성읍 옥암리 1101 3층,,168983.12966405,343643.810130107,2019-08-22,460000001020190002
대전24시 센트럴동물병원,영업/정상,"대전광역시 중구 계룡로 789, 1층 (용두동)",대전광역시 중구 용두동 119-6 1층,042-719-7779,236296.038973599,314325.585382271,2019-08-22,365000001020190003
엘동물의료센터,영업/정상,"부산광역시 연제구 중앙대로 1112, 2층 (연산동)",부산광역시 연제구 연산동 726-19,051-862-8275,389545.946128419,189496.487523669,2019-08-22,337000001020190001
도그플러스 동물병원 마산점,영업/정상,"경상남도 창원시 마산회원구 삼호로 56, 삼성홈플러스 6층 (양덕동)",경상남도 창원시 마산회원구 양덕동 151-1 삼성홈플러스 6층,055-252-0075,344300.256802514,192639.515073523,2019-08-21,567000001020190004
브이아이피 동물의료센터,영업/정상,서울특별시 노원구 동일로 1333 (상계동),서울특별시 노원구 상계동 763-5,02-931-1333,205431.163482074,460607.724078245,2019-08-21,310000001020190001
어강동물병원,영업/정상,"경기도 남양주시 경춘로 925-1, 1층 (금곡동)",경기도 남양주시 금곡동 432-15,031-595-7582,217974.239901739,459007.304166892,2019-08-19,399000001020190003
첨단사랑동물병원,영업/정상,"전남광주통합특별시 광산구 월계로 217, 쌍암동 첨단프라자 118호 (쌍암동)",전남광주통합특별시 광산구 쌍암동 694-63 쌍암동 첨단프라자,062-972-5996,186207.239105514,190507.986787863,2019-08-14,582500001020190004
대성동물병원,영업/정상,전북특별자치도 정읍시 서부산업도로 178 (상평동),전북특별자치도 정읍시 상평동 95-2,,185081.511408691,229575.11706782,2019-08-14,469100001020190001
한서동물병원,영업/정상,"경기도 양평군 양평읍 충신로 280, 104호",경기도 양평군 양평읍 회현리 447-3,,244968.797986062,440705.123383836,2019-08-14,417000001020190003
러브펫 동물병원,영업/정상,"서울특별시 영등포구 영중로 15, 타임스퀘어 지하층 B104호 (영등포동4가)",서울특별시 영등포구 영등포동4가 442 타임스퀘어,02-2634-8275,191385.057392247,446098.555926507,2019-08-14,318000001020190004
안동동물의료센터,영업/정상,경상북도 안동시 광명로 154-1 (옥동),경상북도 안동시 옥동 790-8,054-854-0075,352187.838268334,341394.262904647,2019-08-12,507000001020190002
에이비씨(ABC)동물병원,영업/정상,"서울특별시 서초구 사임당로 151, 대한무지개종합상가 1층 103호 (서초동)",서울특별시 서초구 서초동 1332-2 대한무지개종합상가 103호,02-3471-0075,202216.049985624,443352.024569293,2019-08-12,321000001020190003
수동물메디컬센터,영업/정상,경상남도 진주시 진주대로 624 (가좌동),경상남도 진주시 가좌동 650,055-924-1000,300769.383774865,185365.144251345,2019-08-08,531000001020190002
연수동물메디컬센터,영업/정상,인천광역시 연수구 샘말로7번길 9 (연수동),인천광역시 연수구 연수동 600-3,032-817-5182,171361.194288949,434513.672294064,2019-08-08,352000001020190003
성신동물병원,영업/정상,"충청남도 당진시 신평면 상오로 130-24, 1동 1호",충청남도 당진시 신평면 상오리 680-2,,177916.476506602,373126.597250699,2019-08-07,568000001020190003
한솔동물병원,영업/정상,경상북도 의성군 봉양면 원지2길 53-9,경상북도 의성군 봉양면 화전리 573-1,,341220.985074221,312066.787405503,2019-08-07,515000001020190001
윤동물병원,영업/정상,"경상북도 경주시 용황로7길 8, 102동 1107호 (용강동, 협성휴포레용황)",경상북도 경주시 용강동 1611 협성휴포레용황,,401050.77541822,267236.833900143,2019-08-07,505000001020190001
이노동물병원,영업/정상,전북특별자치도 완주군 이서면 안전로 153,전북특별자치도 완주군 이서면 갈산리 664-5,063-277-0007,205187.465,259741.561,2019-08-05,472100001020190002
서울동물영상종양센터,영업/정상,"서울특별시 중구 을지로38길 20, 뉴천지관광호텔 1층 (을지로5가)",서울특별시 중구 을지로5가 133-1 뉴천지관광호텔,02-6956-7502,200225.983119633,451511.262755282,2019-08-01,301000001020190008
헬릭스동물암센터,영업/정상,"서울특별시 중구 을지로38길 20, 뉴천지관광호텔 1층 (을지로5가)",서울특별시 중구 을지로5가 133-1 뉴천지관광호텔,02-6956-7502,200225.983119633,451511.262755282,2019-08-01,301000001020190007
헬릭스동물심장수술센터,영업/정상,"서울특별시 중구 을지로38길 20, 뉴천지관광호텔 2층 (을지로5가)",서울특별시 중구 을지로5가 133-1 뉴천지관광호텔,02-6965-7502,200225.983119633,451511.262755282,2019-08-01,301000001020190006
강남메디컬동물병원,영업/정상,경상북도 안동시 충효로 4465 (정하동),경상북도 안동시 정하동 251-2,054-901-1100,355353.814908837,340365.009431322,2019-07-31,507000001020190001
리버동물의료센터,영업/정상,"세종특별자치시 한누리대로 2264, 씨티오브드림 205호 (대평동)",세종특별자치시 대평동 63-15 씨티오브드림,044-865-7599,224735.01405634,330259.832565193,2019-07-30,569000001020190001
제천종합동물병원,영업/정상,충청북도 제천시 의림대로 182-1 (중앙로2가),충청북도 제천시 중앙로2가 69-9,043-652-0075,307762.403482187,405329.113689824,2019-07-22,440000001020190002
대산서울동물병원,영업/정상,"경상남도 창원시 의창구 대산면 주남로 540-15, 2층",경상남도 창원시 의창구 대산면 제동리 821-2 2층,,355243.869917157,204910.489485186,2019-07-18,567000001020190003
동물병원 그린숲,영업/정상,"서울특별시 서초구 강남대로 589, 멀버리힐스 제1동 제지2층 제더블유 126-1호 (잠원동)",서울특별시 서초구 잠원동 27-2 멀버리힐스 제1동 제지2층 제더블유 126-1호,02-6949-3038,201623.318081585,445795.867294055,2019-07-18,321000001020190002
캣앤캣 고양이 병원,영업/정상,"서울특별시 영등포구 선유로 76, 동국메뜨리앙 206호 (문래동3가)",서울특별시 영등포구 문래동3가 84-2 동국메뜨리앙,02-2677-2720,190199.2294276,446496.865300952,2019-07-18,318000001020190003
기흥로움동물병원,영업/정상,"경기도 용인시 기흥구 기흥역로 9, 1층 상가 128호 (구갈동, 기흥역 롯데캐슬 레이시티/주상복합)",경기도 용인시 기흥구 구갈동 227-32,,210145.912268783,419178.708347552,2019-07-17,563000001020190005
도담동물병원,영업/정상,경상북도 영주시 가흥로357번길 17(가흥동),경상북도 영주시 가흥동 465-10,,343658.352414962,370966.189154852,2019-07-16,509000001020190001
아이동물병원,영업/정상,경기도 이천시 경충대로2481번길 7 (진리동),경기도 이천시 진리동 42-2,031-631-0045,240305.370192446,418816.423838025,2019-07-15,407000001020190003
장재영외과동물병원,영업/정상,"경기도 성남시 분당구 운중로 142, 판교메디칼타워 2층 (운중동)",경기도 성남시 분당구 운중동 940 판교메디칼타워,031-8017-7511,206910.998551811,432129.010258424,2019-07-15,378000001020190007
이레외과동물병원,영업/정상,"경기도 성남시 분당구 백현로101번길 11, 동현프라자 205호 (수내동)",경기도 성남시 분당구 수내동 20-6 동현프라자 205호,031-605-0190,209845.832819708,430563.671709839,2019-07-12,378000001020190006
다나 동물병원,영업/정상,"경기도 수원시 영통구 동수원로 400-1, 1층 (매탄동)",경기도 수원시 영통구 매탄동 923-6,031-211-7525,203520.20126787,418087.158655903,2019-07-11,374000001020190007
스마일 동물병원,영업/정상,경기도 오산시 내삼미로 83 (수청동),경기도 오산시 수청동 620-5,031-375-5975,205790.748774327,407536.638090089,2019-07-04,400000001020190001
조은동물병원,영업/정상,"인천광역시 남동구 남동대로370번길 113, 101호 (논현동)",인천광역시 남동구 논현동 561-2,,174438.233295836,434679.600962732,2019-07-04,353000001020190003
주안동물메디컬센터,영업/정상,"인천광역시 미추홀구 미추홀대로 594, 동경프라자 1층 (주안동)",인천광역시 미추홀구 주안동 1467 동경프라자,032-437-7588,171627.141181384,438759.048179785,2019-06-26,351050001020190002
멍멍냐옹동물병원,영업/정상,"인천광역시 남동구 구월남로 130, 105,106호 (구월동)",인천광역시 남동구 구월동 1132-15,,173720.98605445,439013.693769738,2019-06-25,353000001020190002
대심동물병원,영업/정상,"경기도 고양시 덕양구 통일로 753, 도광빌딩 1층 3호 (관산동)",경기도 고양시 덕양구 관산동 185 도광빌딩,031-962-1588,188178.643264555,464969.096093174,2019-06-24,394000001020190003
웰니스클리닉(청계천점),영업/정상,"서울특별시 중구 청계천로 400, 지하 1층 (황학동, 롯데캐슬베네치아)",서울특별시 중구 황학동 2545 롯데캐슬베네치아,02-2234-7585,201823.908977364,452076.818664092,2019-06-20,301000001020190005
24시 블레스동물메디컬센터,영업/정상,"경기도 용인시 기흥구 동백3로11번길 9, 201호 (중동)",경기도 용인시 기흥구 중동 851-2 201호,031-546-0942,213495.831963232,418649.684997473,2019-06-12,563000001020190004
더클래스동물메디컬센터,영업/정상,"경기도 성남시 분당구 성남대로 275, A동 101-1호 (정자동, 삼성아데나팰리스아파트)",경기도 성남시 분당구 정자동 169-1 삼성아데나팰리스아파트 A동 101-1호,031-713-7975,209456.999378587,428761.682082442,2019-06-09,378000001020190005
유니온동물의료센터,영업/정상,"경상남도 창원시 의창구 원이대로56번길 2-35, 1,2층 (도계동)","경상남도 창원시 의창구 도계동 원이대로56번길 2-35 (1,2층), 원이대로56번길 2-39 (1층)",055-288-5055,348508.361524536,196658.889656894,2019-06-07,567000001020190002
그랜드 동물병원,영업/정상,경상남도 김해시 율하1로 110 (율하동),경상남도 김해시 율하동 1352-1,,365333.658232915,187465.599345641,2019-06-07,535000001020190005
테오종합동물병원,영업/정상,충청북도 음성군 금왕읍 음성로 1203,충청북도 음성군 금왕읍 무극리 356-12,043-882-8975,253182.969793004,388455.600234128,2019-06-07,447000001020190002
동천 동물병원,영업/정상,"대구광역시 북구 동천로24길 3, 1층 (동천동)",대구광역시 북구 동천동 909-4,053-323-8875,340773.811723742,272436.044989014,2019-06-07,345000001020190002
아이앤지동물병원,영업/정상,"부산광역시 해운대구 대천로 114, 1층 (좌동)",부산광역시 해운대구 좌동 1295-4 메이드프롬,051-702-5575,398045.830327769,188344.089271384,2019-06-07,333000001020190003
에이드동물병원,영업/정상,"서울특별시 강남구 논현로 813, 영석빌딩 지하1층,1층 (신사동)",서울특별시 강남구 신사동 586-3 영석빌딩,02-545-4975,202383.071645959,446552.359775055,2019-06-01,322000001020190003
영등포아크로 동물병원,영업/정상,"서울특별시 영등포구 국회대로54길 10, 근린생활시설 6동 2호 (영등포동7가, 아크로타워 스퀘어)",서울특별시 영등포구 영등포동7가 203 아크로타워 스퀘어,02-2632-2307,191687.492947271,446910.540802457,2019-05-31,318000001020190002
라이프 동물병원,영업/정상,"서울특별시 영등포구 가마산로 442, 상가동 B207, 208호 (신길동, 래미안프레비뉴)",서울특별시 영등포구 신길동 4945 래미안프레비뉴,02-832-7975,191810.315721141,444749.050812048,2019-05-31,318000001020190001
제주 키움 동물병원,영업/정상,"제주특별자치도 제주시 중앙로 273, 나라키움 1층 106호 (이도이동)",제주특별자치도 제주시 이도이동 1860-1,064-725-7579,156503.983060429,86.5807571270866,2019-05-28,651000001020190004
자스민 동물병원,영업/정상,"전북특별자치도 전주시 덕진구 백석로 18, 103호 (송천동2가)",전북특별자치도 전주시 덕진구 송천동2가 1358-3 103호,063-276-3939,212237.51945734,263435.997911493,2019-05-27,464100001020190003
한신동물병원(출장전문),영업/정상,경기도 안성시 죽산면 죽산초교길 15,경기도 안성시 죽산면 죽산리 419,,237305.275966078,397161.922529079,2019-05-27,408000001020190001
미소돌봄동물병원,영업/정상,"경기도 안산시 상록구 화랑로 534, 113,114호 (성포동, 안산파크푸르지오)",경기도 안산시 상록구 성포동 747 안산파크푸르지오,,186415.582051411,424162.241593955,2019-05-27,393000001020190002
24시 라움동물의료센터,영업/정상,"경기도 평택시 비전5로 20-24, 더테라스 207,208호 (비전동)",경기도 평택시 비전동 1103-1,031-692-5022,210072.869932937,388588.911600578,2019-05-27,391000001020190001
다산마리동물병원,영업/정상,"경기도 남양주시 다산순환로 350, KB 골든타워 1층 110호 (다산동)","경기도 남양주시 다산동 6053 다산진건지구 상업2-7-1,2",,213646.133935776,458169.71770629,2019-05-24,399000001020190002
따스한 동물병원,영업/정상,"경기도 용인시 기흥구 구성로279번길 17, 1층 (청덕동)",경기도 용인시 기흥구 청덕동 528-1,,212446.876434541,421022.243583464,2019-05-21,563000001020190003
사랑애동물메디컬센터,영업/정상,"인천광역시 미추홀구 경인로 428, 1층 (주안동)",인천광역시 미추홀구 주안동 302-1 삼성생명빌딩,032-223-0119,172292.271282471,439554.234643283,2019-05-20,351050001020190001
W동물의료센터,영업/정상,"부산광역시 남구 용호로 68, 2층 (용호동)",부산광역시 남구 용호동 164,051-626-5050,392358.244600128,182741.294402904,2019-05-20,331000001020190002
24시분당리더스동물의료원,영업/정상,"경기도 성남시 분당구 성남대로 45, 계영빌딩 202, 203호 (구미동)","경기도 성남시 분당구 구미동 157 계영빌딩 202, 203호",031-711-8275,209533.890682103,426450.173468859,2019-05-17,378000001020190003
토브동물병원,영업/정상,"부산광역시 북구 화명대로 20, 대성빌딩 101호 (화명동)",부산광역시 북구 화명동 2275-2 대성빌딩,051-361-9975,382914.855661455,194677.236669963,2019-05-15,332000001020190001
광주다온동물병원,영업/정상,전남광주통합특별시 광산구 하남대로 142 (월곡동),전남광주통합특별시 광산구 월곡동 679-6,062-956-7566,182535.639311411,186749.992627307,2019-05-14,582500001020190003
이로운 동물병원,영업/정상,"경기도 화성시 동탄구 동탄순환대로 253, 203호 (산척동)",경기도 화성시 동탄구 산척동  산 118,031-8055-8075,,,2019-05-14,577000001020190006
자연앤동물병원,영업/정상,"경기도 남양주시 다산중앙로 109, 205호 (다산동)",경기도 남양주시 다산동 6089-3,031-994-7599,213476.644003742,457852.712853342,2019-05-14,399000001020190001
참동물병원,영업/정상,"서울특별시 강서구 마곡서로 133, 712동 102-1호 (마곡동, 마곡엠밸리7단지)",서울특별시 강서구 마곡동 743-4 마곡엠밸리7단지,26667990,184333.032124285,451471.100985376,2019-05-14,315000001020190002
메종동물병원,영업/정상,"서울특별시 중구 다산로 230, 하나빌딩 1층 (신당동)",서울특별시 중구 신당동 102-6,02-2038-7555,201341.792321443,451246.571908878,2019-05-13,301000001020190004
별빛동물병원,영업/정상,"경상북도 영천시 북안면 임포역길 84, 범진아파트 2동 2층 2호",경상북도 영천시 북안면 임포리 244 범진아파트,,381419.551917531,270556.157590812,2019-05-03,510000001020190001
삼화 훈 동물병원,영업/정상,"제주특별자치도 제주시 동화로 12, 1층 (화북일동)",제주특별자치도 제주시 화북일동 1221-2,064-756-8275,160208.718058763,2582.82603261069,2019-05-02,651000001020190003
우리동물병원,영업/정상,"경상남도 거창군 거창읍 거함대로5길 71, 왕우렁쌈밥",경상남도 거창군 거창읍 대평리 1498-15 왕우렁쌈밥,,283376.016662359,242960.727401668,2019-05-01,547000001020190001
다빈치동물병원,영업/정상,"경기도 의정부시 평화로 205, 1층 (호원동)",경기도 의정부시 호원동 454-23,031-875-7553,204127.389660357,467535.416693079,2019-04-30,382000001020190002
참동물의료센터,영업/정상,"경기도 안산시 단원구 고잔로 88, 207-209호 (고잔동)",경기도 안산시 단원구 고잔동 534-2,031-8042-7585,185396.684764432,424095.885316054,2019-04-29,393000001020190001
대구24시 야간응급연합동물병원,영업/정상,"대구광역시 수성구 동대구로 36, 3층 (지산동)",대구광역시 수성구 지산동 1051 3층,053-767-1190,346694.940508776,260487.502072888,2019-04-29,346000001020190001
굿모닝동물병원,영업/정상,경상북도 포항시 남구 오천읍 냉천로 310,경상북도 포항시 남구 오천읍 원리 939,054-283-8275,417259.587113025,276770.89290773,2019-04-25,502000001020190002
동성가축병원,영업/정상,강원특별자치도 평창군 평창읍 노성로 24 (태장위너빌),강원특별자치도 평창군 평창읍 하리 274-1 태장위너빌,,323138.147753983,430501.165021837,2019-04-25,428000001020190008
도그플러스 동물병원,영업/정상,"경상북도 구미시 구미대로 174, 홈플러스 구미광평점 2층 (광평동)",경상북도 구미시 광평동 792-21 홈플러스 구미광평점,054-462-0075,322735.286027559,290001.107358242,2019-04-24,508000001020190003
아이사랑동물병원,영업/정상,"서울특별시 강북구 삼양로24길 19, 102동 110호 (미아동, 현대성우아파트)",서울특별시 강북구 미아동 561-2 현대성우아파트 102동 110호,02-946-0011,201882.026836663,457207.459778606,2019-04-24,308000001020190002
타임동물메디컬센터,영업/정상,"대전광역시 서구 둔산로 57, 1~3층 (둔산동)",대전광역시 서구 둔산동 1276,042-488-2777,234066.043109321,316817.89880737,2019-04-19,366000001020190002
원스동물병원,영업/정상,"서울특별시 용산구 청파로47길 16, 지상1층 (청파동2가)",서울특별시 용산구 청파동2가 90-20 지상1층,02-719-8275,197234.131475852,449191.560826572,2019-04-19,302000001020190001
중원동물병원(출장진료전문),영업/정상,충청북도 충주시 천변로 249 (교현동),충청북도 충주시 교현동 346-20,,283207.205932021,386170.56026136,2019-04-18,439000001020190001
24시 성심동물메디컬센터,영업/정상,대전광역시 유성구 계룡로 131 (봉명동),대전광역시 유성구 봉명동 548-11,042-719-7566,230922.68885307,316964.023218492,2019-04-18,367000001020190001
대전우리동물의료센터,영업/정상,"대전광역시 중구 계룡로 926-1, 1,2층 (대사동)","대전광역시 중구 대사동 248-365 1,2층",042-222-1117,237214.559551461,313314.239801951,2019-04-18,365000001020190002
벡스코 동물병원,영업/정상,"부산광역시 해운대구 해운대로 369, 해운대센텀메디칼센터 (우동)",부산광역시 해운대구 우동 1124-26 해운대센텀메디칼센터,051-715-2228,394690.127755749,187760.697320143,2019-04-16,333000001020190002
해밀동물의료센터,영업/정상,경상남도 김해시 인제로51번길 4 (어방동),경상남도 김해시 어방동 1104-10,055-337-6890,373316.76581291,194343.040016168,2019-04-11,535000001020190003
안녕동물병원,영업/정상,"경기도 수원시 영통구 광교호수공원로 80, 154호,155호,156(일부)호 (원천동, 광교아이파크)",경기도 수원시 영통구 원천동 593 광교아이파크,031-8007-3103,205357.807142949,419119.019700523,2019-04-11,374000001020190006
고래 동물병원,영업/정상,"경기도 시흥시 은계번영길 11, 은계프라자 202, 203, 204호 (은행동)",경기도 시흥시 은행동 34,,182424.443029733,437272.273354834,2019-04-10,401000001020190002
현대종합동물병원,영업/정상,"서울특별시 도봉구 도봉로 669, 1층 (방학동)",서울특별시 도봉구 방학동 680-1 1층,34918000,203641.777148553,462446.501602808,2019-04-10,309000001020190002
당찬우리동물병원,영업/정상,"충청남도 당진시 우강면 면천로 1783, 1층 3호",충청남도 당진시 우강면 창리 246-5,,180494.276893131,367854.992512576,2019-04-09,568000001020190001
다나아 동물병원,영업/정상,강원특별자치도 홍천군 홍천읍 설악로 1475,강원특별자치도 홍천군 홍천읍 하오안리 47-13,033-435-7279,276251.014359411,464623.701714736,2019-04-09,425000001020190001
JM서울동물병원(산업동물출장진료전문),영업/정상,"경상남도 함안군 군북면 월촌안길 119, 엔젤커피숍",경상남도 함안군 군북면 월촌리 1545-10,,318078.279153085,200819.025115621,2019-04-08,540000001020190001
금샘동물병원,영업/정상,"부산광역시 동래구 중앙대로1473번길 8, 보광빌딩 2층 (온천동)",부산광역시 동래구 온천동 174-5 보광빌딩,051-529-2991,389616.543690396,192913.389227108,2019-04-08,330000001020190001
춘천철원화천양구축산업협동조합,영업/정상,강원특별자치도 춘천시 후석로 434 (후평동),강원특별자치도 춘천시 후평동 244-34,033-252-3205,265400.35106042,487577.815703786,2019-04-07,418000001020190001
기흥나무동물병원,영업/정상,"경기도 용인시 기흥구 기흥로 12, 1층 (구갈동)",경기도 용인시 기흥구 구갈동 374-1 유성빌딩,,210240.717482766,419481.600758717,2019-04-05,563000001020190002
비포유동물병원,영업/정상,경기도 이천시 마장면 중부대로 645,경기도 이천시 마장면 표교리 63-4,031-638-8803,236078.108247837,416893.567839846,2019-04-04,407000001020190002
바라다동물병원,영업/정상,"경기도 의정부시 평화로 508, 1층 (의정부동)",경기도 의정부시 의정부동 140-15,031-876-7582,204161.856178796,470551.789962667,2019-04-04,382000001020190001
동행동물병원,영업/정상,"경기도 김포시 양도로19번길 15, 2층 201,202호 (풍무동)",경기도 김포시 풍무동 209-2,,,,2019-04-03,409000001020190002
24시 굿케어동물의료센터,영업/정상,"서울특별시 관악구 남부순환로 1861, 1층 103호 (봉천동)",서울특별시 관악구 봉천동 1673-21 1층 103호,02-6956-2475,196120.039741405,441980.475413186,2019-04-03,320000001020190001
희망동물병원,영업/정상,전남광주통합특별시 순천시 삼산로 8-1 (석현동),전남광주통합특별시 순천시 석현동 207-4,,244173.479987745,163636.363948862,2019-04-02,579000001020190001
바다동물병원,영업/정상,"부산광역시 수영구 광남로 125, 1층 (광안동)",부산광역시 수영구 광안동 174-5,051-756-0075,392768.419008358,185787.101964719,2019-04-02,338000001020190001
애니컴 메디컬센터,영업/정상,"서울특별시 중구 다산로 83-1, 3층 (신당동)",서울특별시 중구 신당동 353-130,02-2232-9702,200640.466334248,449978.493556843,2019-04-01,301000001020190003
아프리카동물병원,영업/정상,"서울특별시 강동구 아리수로 421, MIDC빌딩 101호 (강일동)",서울특별시 강동구 강일동 679-2 MIDC빌딩,02-426-7722,215311.087618287,451385.841389885,2019-03-29,324000001020190001
JA 임상병리 동물병원,영업/정상,"경기도 안양시 만안구 안양로 150, 지층 (안양동)",경기도 안양시 만안구 안양동 510-6 지하 1층,031-347-0546,,,2019-03-27,383000001020190001
해와달동물병원,영업/정상,"인천광역시 남동구 논고개로 80, 202호 (논현동)",인천광역시 남동구 논현동 733-5,,175717.683386017,433046.480467474,2019-03-25,353000001020190001
라파엘 동물병원,영업/정상,"인천광역시 연수구 신송로 165-19, 2층 201,202호 (송도동)",인천광역시 연수구 송도동 21-24,032-777-0975,168683.693605625,432783.746340832,2019-03-25,352000001020190001
에코동물병원,영업/정상,"전북특별자치도 전주시 덕진구 세병로 41, B104호 (송천동2가, 에코시티 데시앙 4블럭)",전북특별자치도 전주시 덕진구 송천동2가 1311 에코시티 데시앙 4블럭,063-251-7975,211705.660208227,263756.247590835,2019-03-20,464100001020190002
수목원동물병원,영업/정상,대구광역시 달서구 갈밭로4길 20 (대곡동),대구광역시 달서구 대곡동 1071-2,053-637-5287,338275.96759402,256963.382492346,2019-03-20,347000001020190002
아이본 동물병원,영업/정상,"서울특별시 광진구 자양로 65, 화성빌딩 1층 (자양동)",서울특별시 광진구 자양동 657-5 화성빌딩 1층,02-455-5975,207386.983040962,447934.708019366,2019-03-14,304000001020190001
하임동물의료센터,영업/정상,"경기도 김포시 양도로19번길 17, 2층 201호 (풍무동)",경기도 김포시 풍무동 207-2,,,,2019-03-11,409000001020190001
24시 웰니스 동물 의료센터,영업/정상,"경기도 부천시 원미구 부흥로303번길 62, 그린프라자 (중동)",경기도 부천시 원미구 중동 1128 그린프라자,032-201-7575,180118.384127868,443927.710212979,2019-03-08,386000001020190002
수원24시 바른동물의료센터,영업/정상,"경기도 수원시 권선구 금곡로 213, 203,204,309호 (금곡동)",경기도 수원시 권선구 금곡동 1114,031-291-2475,195818.525217576,419211.743004017,2019-03-06,374000001020190004
메이 동물병원,영업/정상,울산광역시 중구 번영로 581 (남외동),울산광역시 중구 남외동 214-1,,412557.105270809,232481.414533521,2019-03-05,369000001020190001
유병국 동물병원,영업/정상,경상남도 고성군 회화면 회진로 27-13,경상남도 고성군 회화면 배둔리 819-49,,324775.461340388,173867.01826509,2019-02-25,542000001020190001
산내동물병원,영업/정상,"경기도 파주시 심학산로423번길 7-33, 준프라자 2층 201호 (목동동)",경기도 파주시 목동동 1136-3,031-948-6669,176762.627019871,468586.528991949,2019-02-25,406000001020190001
돌봄동물메디컬클리닉,영업/정상,"대구광역시 달서구 조암로 48, 원더풀스파랜드 203호 (월성동)",대구광역시 달서구 월성동 1540-2 원더풀스파랜드 203호,053-631-7975,337664.94747435,259315.187175902,2019-02-25,347000001020190001
나라 동물병원,영업/정상,경상남도 합천군 합천읍 옥산로 26,경상남도 합천군 합천읍 합천리 494-29,,304900.986390081,230488.987549529,2019-02-21,548000001020190001
닥터 홍 동물병원,영업/정상,전북특별자치도 부안군 부안읍 번영로 82-1,전북특별자치도 부안군 부안읍 서외리 432-21,063-581-7582,175442.893850923,247414.813460608,2019-02-21,479100001020190001
문정힐스 동물병원,영업/정상,"서울특별시 송파구 법원로4길 10, 힐스테이트에코문정 상가동 1층 120,121호 (문정동)","서울특별시 송파구 문정동 652-4 힐스테이트에코문정상가 1층 120,121호",,,,2019-02-20,323000001020190001
TLC 동물의료센터,영업/정상,"경기도 부천시 원미구 길주로 281, 동화빌딩 (중동)",경기도 부천시 원미구 중동 1058-5 동화빌딩,032-323-2475,179960.785170621,444645.969664946,2019-02-18,386000001020190001
전남낙농농협 동물병원,영업/정상,"전남광주통합특별시 순천시 우석로 108, 전남낙농농협 (남정동)",전남광주통합특별시 순천시 남정동 545-7 전남낙농농협,,244571.607547067,160056.306264033,2019-02-14,579000001019970003
수원 스카이 동물메디컬센터,영업/정상,"경기도 수원시 팔달구 인계로 91, 2,3층 (인계동)",경기도 수원시 팔달구 인계동 951-10,031-895-5775,202393.168110061,418513.706380998,2019-02-14,374000001020190003
다봄 동물의료센터,영업/정상,"경상남도 김해시 해반천로130번길 39, 코아루센텀 오피스텔 2층 (삼계동)",경상남도 김해시 삼계동 1505-4 코아루센텀 오피스텔,055-331-7575,370251.048629393,197278.610347812,2019-02-12,535000001020190002
은하수 동물병원,영업/정상,전남광주통합특별시 남구 서문대로 665 (진월동),전남광주통합특별시 남구 진월동 264-3,062-716-4282,190672.358950759,180040.611298187,2019-02-11,581500001020190001
성모동물병원,영업/정상,경상남도 김해시 가야로 26 (삼계동),경상남도 김해시 삼계동 1413-3,,369484.421443255,198288.01353892,2019-02-07,535000001020190001
하나카동물병원,영업/정상,"서울특별시 강남구 역삼로 138, 동광빌딩 1층 (역삼동)",서울특별시 강남구 역삼동 834-45 동광빌딩 1층,02-566-5852,202999.775290359,443558.512561106,2019-02-01,322000001020190002
24시블루밍동물병원,영업/정상,"전남광주통합특별시 북구 대자로 36, MVG#78 304,305,306호 (운암동)",전남광주통합특별시 북구 운암동 439-1 MVG#78,062-416-7975,188635.146213491,186022.483072668,2019-01-31,582000001020190002
24시루시드동물메디컬센터,영업/정상,"서울특별시 강북구 월계로 3, 덕신빌딩 4층 (미아동)",서울특별시 강북구 미아동 42-11 덕신빌딩 4층,02-941-7900,202635.07229069,456360.433254943,2019-01-30,308000001020190001
내포동물의료센터,영업/정상,"충청남도 홍성군 홍북읍 청사로174번길 25, 성원타워",충청남도 홍성군 홍북읍 신경리 553 성원타워,,171402.06532856,351071.771100058,2019-01-29,460000001020190001
가온동물병원,영업/정상,"서울특별시 양천구 등촌로 114, 목동한강팰리스 1층 (목동)",서울특별시 양천구 목동 721-1 목동한강팰리스,02-2643-2777,187917.097239178,448665.257157041,2019-01-29,314000001020190001
제주오름동물병원,영업/정상,제주특별자치도 제주시 월산남길 131 (노형동),제주특별자치도 제주시 노형동 1897-5,,150742.20111032,-3513.02654926967,2019-01-28,651000001020190002
365동판교동물병원,영업/정상,"경기도 성남시 분당구 판교역로14번길 20, (주)코레드디엔씨 2층 201호 (백현동)",경기도 성남시 분당구 백현동 564-5 (주)코레드디엔씨 201호,031-781-7582,209799.185851789,431493.961131531,2019-01-27,378000001020190002
우산동물병원,영업/정상,"경상북도 울릉군 울릉읍 도동길 166, 1층",경상북도 울릉군 울릉읍 도동리 232-3,,545061.103885371,450095.391150429,2019-01-25,526000001020190001
큰동물병원,영업/정상,"경기도 포천시 관인면 신교동로 23, 2층",경기도 포천시 관인면 중리 39,,219116.615116381,509868.846413635,2019-01-22,560000001020190002
조원 동물병원,영업/정상,"경기도 수원시 장안구 조원로 78, 1층 (조원동)",경기도 수원시 장안구 조원동 734-18,031-244-7975,201423.572412514,422034.858437053,2019-01-18,374000001020190001
새솔동물병원,영업/정상,충청북도 청주시 청원구 오창읍 공항로 996,충청북도 청주시 청원구 오창읍 창리 9-20,,240640.739799015,359796.157592438,2019-01-16,573500001020190002
킴스동물병원,영업/정상,"경상북도 울진군 울진읍 울진중앙로 39, 킴스동물병원",경상북도 울진군 울진읍 읍내리 219-6 킴스동물병원,054-781-7782,413380.415764947,389809.770467851,2019-01-16,525000001020190001
관문동물병원,영업/정상,경상북도 포항시 남구 형산강북로 99 (효자동),경상북도 포항시 남구 효자동 594-4,054-277-5809,410707.817948948,280803.510173974,2019-01-16,502000001020190001
비타민동물병원,영업/정상,"전남광주통합특별시 광산구 월계로 203, 123호 (월계동)",전남광주통합특별시 광산구 월계동 893-9,062-971-7511,186070.273622503,190523.770970184,2019-01-15,582500001020190002
마음동물병원,영업/정상,"전남광주통합특별시 북구 첨단연신로91번길 30, 106, 107호 (신용동)",전남광주통합특별시 북구 신용동 710,062-571-1275,187289.826565372,189707.523874979,2019-01-14,582000001020190001
율곡동물병원,영업/정상,"경상북도 김천시 혁신3로 5, 율곡스퀘어Ⅲ 1층 110호 (율곡동)",경상북도 김천시 율곡동 780 율곡스퀘어Ⅲ,,306462.357174905,291474.980899435,2019-01-14,506000001020190001
튼튼동물병원,영업/정상,"서울특별시 강남구 압구정로 151, 상가 1동 201호 (압구정동, 현대아파트)",서울특별시 강남구 압구정동 426 현대아파트 상가 1동 201호,02-549-9773,202094.180185533,447109.497307684,2019-01-14,322000001020190001
분당데이지동물병원,영업/정상,"경기도 성남시 분당구 내정로 58, 스포라이프 스포츠센타 107호 (정자동)",경기도 성남시 분당구 정자동 117-1 스포라이프 스포츠센타 107호,031-715-3575,210134.637941368,429264.635322598,2019-01-10,378000001020190001
진해동물의료센터,영업/정상,"경상남도 창원시 진해구 진해대로 920, 3층 (자은동)",경상남도 창원시 진해구 자은동 854-6 3층,055-551-0011,355462.737591037,184475.673478678,2019-01-08,567000001020190001
하하동물병원,영업/정상,"경기도 광주시 태전동로 25, 퍼스트타워 1층 104호 (태전동)",경기도 광주시 태전동 162-5,031-766-3463,220693.154079068,431656.711792193,2019-01-08,554000001020190002
아인스 동물병원,영업/정상,경기도 화성시 동탄구 왕배산3길 17 (목동),경기도 화성시 동탄구 목동  260,031-8055-8565,211044.630314981,408899.027131576,2019-01-04,577000001020190003
원동물병원,영업/정상,경기도 광주시 경안천로 131 (송정동),경기도 광주시 송정동 8-6,031-797-5528,224161.627119563,435030.613112865,2019-01-02,554000001020190001
만세동물병원,영업/정상,"경기도 시흥시 배곧4로 95, 지음프라자 101호 (정왕동)",경기도 시흥시 정왕동 1772-31 지음프라자,031-319-7583,176366.853612678,430275.682261144,2019-01-02,401000001020190001
푸른들동물병원,영업/정상,"서울특별시 강서구 양천로 663-1, 1층 (염창동)",서울특별시 강서구 염창동 246-11,26991222,188516.753156928,449996.484937003,2019-01-02,315000001020190001
위드펫동물병원,영업/정상,경상남도 창원시 마산회원구 3·15대로 809 (합성동),경상남도 창원시 마산회원구 합성동 130-25,055-296-4400,344297.063901355,194948.537709767,2018-12-31,567000001020180004
S동물의료센터,영업/정상,"경기도 화성시 동탄구 동탄지성로 112, 1층 (반송동)",경기도 화성시 동탄구 반송동  41-6,031-8003-3232,205536.777108235,411884.69431858,2018-12-31,577000001020180007
라이프동물병원,영업/정상,제주특별자치도 제주시 노형3길 21-1 (노형동),제주특별자치도 제주시 노형동 3794-6,064-746-7579,151223.623332152,-1403.5303111279,2018-12-29,651000001020180009
제주피그클리닉,영업/정상,제주특별자치도 제주시 한림읍 한림로 580,제주특별자치도 제주시 한림읍 동명리 1695,064-796-1136,130975.833327064,-9498.38381270605,2018-12-29,651000001020180008
호명동물병원,영업/정상,"경상북도 예천군 호명읍 새움3로 26, 에비뉴타워 203호",경상북도 예천군 호명읍 산합리 1412 에비뉴타워 203호,,333257.631238431,342744.673758271,2018-12-28,523000001020180001
한솔동물병원,영업/정상,세종특별자치시 장군면 장척로 415,세종특별자치시 장군면 도계리 162-13,044-715-7515,218417.425628499,333012.834968067,2018-12-24,569000001020180003
바른동물병원,영업/정상,"세종특별자치시 다정중앙로 51, 더다정빌딩 204호 (다정동)",세종특별자치시 다정동 7-3 더다정빌딩,044-866-7975,222198.979910711,332695.32047237,2018-12-21,569000001020180002
웰니스동물병원(고잔점),영업/정상,"경기도 안산시 단원구 광덕대로 194, 스타맥스타워1 A동 602호 (고잔동)",경기도 안산시 단원구 고잔동 725-1 스타맥스타워1,,184953.121683517,423556.960051606,2018-12-21,393000001020180004
용산동물병원,영업/정상,충청북도 충주시 형설로 54-11 (용산동),충청북도 충주시 용산동 1953,043-847-7582,283790.797168303,384575.326218745,2018-12-20,439000001020180003
마로동물병원,영업/정상,"전남광주통합특별시 곡성군 곡성읍 낙동원로 19-1, 2층",전남광주통합특별시 곡성군 곡성읍 읍내리 138-2,061-363-9482,227275.831717582,198247.567363057,2018-12-19,583500001020180001
순창 동물병원,영업/정상,"전북특별자치도 순창군 순창읍 유등로 12, LS 농업기계 순창대리점",전북특별자치도 순창군 순창읍 남계리 892-7,,213590.048726588,207973.133975396,2018-12-18,477100001020180001
위더스 동물메디컬센터 부설 동물보호센터,영업/정상,경기도 여주시 여양2로 42(천송동),경기도 여주시 천송동 20-3,,259651.491478653,423096.241924531,2018-12-17,570000001020180002
나무쉼터 동물병원,영업/정상,"대전광역시 중구 수침로 67-7, 1층 (태평동)",대전광역시 중구 태평동 264-25,042-536-5002,235828.788607626,313948.805158207,2018-12-14,365000001020180003
대구착한동물병원,영업/정상,대구광역시 달성군 다사읍 서재로12길 26,대구광역시 달성군 다사읍 서재리 181,053-710-7582,334902.493029553,264106.215422125,2018-12-13,348000001020180003
도도 동물병원,영업/정상,"경상남도 사천시 사남면 사천대로 1652, 도도 동물병원",경상남도 사천시 사남면 월성리 16-6 도도 동물병원,,297976.890976802,174628.463642829,2018-12-10,534000001020180003
송악 동물병원,영업/정상,충청남도 당진시 송악읍 샘건너길 2,충청남도 당진시 송악읍 기지시리 253-5,,172164.74294951,377955.343552421,2018-12-06,568000001020180002
더존 동물병원,영업/정상,경상북도 상주시 화남면 영남제일로 4876,경상북도 상주시 화남면 평온리 871-11,,278834.845593791,327563.45557267,2018-12-04,511000001020180001
24시 우리 동물병원,영업/정상,"서울특별시 노원구 상계로24길 7-10, 1층 (상계동)",서울특별시 노원구 상계동 387-61,02-932-8575,206123.802904008,461766.519328542,2018-12-03,310000001020180005
진영조은동물병원,영업/정상,"경상남도 김해시 진영읍 본산로 9, 3층",경상남도 김해시 진영읍 여래리 970,055-343-7586,357966.15929775,202186.156365183,2018-11-30,535000001020180004
전남광주통합특별시 광주야생동물구조관리센터,영업/정상,전남광주통합특별시 서구 무진대로 576 (유촌동),전남광주통합특별시 서구 유촌동 820-111,062-613-6651,,,2018-11-28,581000001020180003
나무동물병원,영업/정상,"경기도 화성시 병점구 떡전골로 43, 1층 101-102호 (병점동)",경기도 화성시 병점구 병점동  396-5,031-226-7582,203110.689240761,411211.170687093,2018-11-23,576000001020180006
제이준 말전문 동물병원,영업/정상,전북특별자치도 장수군 장계면 한들로 76,전북특별자치도 장수군 장계면 장계리 244-9,,252440.455558174,248094.654986233,2018-11-22,475100001020180002
유성튼튼동물병원,영업/정상,대전광역시 유성구 죽동로279번길 5-3 (죽동),대전광역시 유성구 죽동 718-6,042-825-7551,230312.96913366,318983.506701717,2018-11-22,367000001020180001
우정동물병원,영업/정상,제주특별자치도 제주시 한림읍 귀덕남동1길 2,제주특별자치도 제주시 한림읍 귀덕리 154-1,,134569.64162386,-8131.45960039772,2018-11-21,651000001020180007
동물병원루니,영업/정상,"경기도 성남시 분당구 성남대로 151, 분당엠코헤리츠 109-1호 (구미동)",경기도 성남시 분당구 구미동 9-1 분당엠코헤리츠 109-1호,031-719-9545,209526.984726257,427477.243753026,2018-11-21,378000001020180010
리더스동물병원,영업/정상,"부산광역시 해운대구 해운대로 814, 세종월드프라자 A동 301호 (좌동)",부산광역시 해운대구 좌동 1479-3 세종월드프라자,051-701-7588,398330.516530402,187771.511373596,2018-11-19,333000001020180003
도담동물병원,영업/정상,서울특별시 도봉구 도봉로 875 (도봉동),서울특별시 도봉구 도봉동 562-26,,203947.714821842,464474.910004698,2018-11-15,309000001020180006
샤인동물메디컬센터,영업/정상,서울특별시 송파구 오금로 147 (방이동),서울특별시 송파구 방이동 108-7,02-2088-7775,209787.947726029,445412.46295026,2018-11-13,323000001020180010
홍경태동물의료원,영업/정상,"경상북도 포항시 북구 새천년대로 587, 1층 (용흥동)",경상북도 포항시 북구 용흥동 618-39 1층,,412089.458333123,283238.526857558,2018-11-12,502000001020180004
콩닥 동물병원,영업/정상,"서울특별시 마포구 마포대로 127, 풍림브이아이피텔 (공덕동)",서울특별시 마포구 공덕동 404 풍림브이아이피텔,02-6383-0303,195703.425296812,449330.800717721,2018-11-12,313000001020180007
스마일동물병원,영업/정상,경상남도 김해시 분성로 116 (외동),경상남도 김해시 외동 533-2,070-4064-8275,369222.215603673,193938.550400708,2018-11-09,535000001020180003
이을동물병원,영업/정상,"서울특별시 서초구 서래로 18, 1층 (반포동)",서울특별시 서초구 반포동 89-7,02-593-7575,199787.242191413,443801.142082322,2018-11-09,321000001020180007
마루동물병원,영업/정상,"경기도 평택시 용죽3로 12, 101호 (용이동)",경기도 평택시 용이동 686-2 101호,,211134.811914974,387934.665347155,2018-11-07,391000001020180003
24시 쓰담쓰담 동물메디컬 센터,영업/정상,"경기도 용인시 기흥구 중부대로 364, 2층 (신갈동)",경기도 용인시 기흥구 신갈동 69-7,,209458.417382847,418814.940008458,2018-11-05,563000001020180003
삼동종합가축병원약품,영업/정상,"울산광역시 울주군 삼동면 삼동로 751, 2층",울산광역시 울주군 삼동면 하잠리 818,,395577.831484137,226753.467134331,2018-11-05,373000001020180002
목감시티동물병원,영업/정상,"경기도 시흥시 목감둘레로 253-24, 110호 (조남동)",경기도 시흥시 조남동 707-1,031-504-7559,187571.603834676,430994.498092742,2018-10-31,401000001020180003
아이웰 동물의료센터,영업/정상,서울특별시 마포구 백범로 130 (염리동),서울특별시 마포구 염리동 156-1,02-2088-1375,195080.452995269,449320.304598791,2018-10-31,313000001020180006
연서동물종합병원,영업/정상,"서울특별시 은평구 연서로 162, 1층 (대조동)",서울특별시 은평구 대조동 223-13 1층,02-358-7582,192679.159197802,456765.950221384,2018-10-29,311000001020180002
하니동물병원,영업/정상,서울특별시 양천구 등촌로 58 (목동),서울특별시 양천구 목동 783-2,02-2647-1772,187890.251114546,448106.571502671,2018-10-24,314000001020180001
닥터각 동물병원,영업/정상,"강원특별자치도 춘천시 지석로 11, 하나로마트(퇴계점) 별관동 1층 106호 (퇴계동)",강원특별자치도 춘천시 퇴계동 164-3 하나로마트(퇴계점) 106호,,264838.52203719,483744.542704867,2018-10-22,418000001020180002
하이응급동물메디칼센터,영업/정상,"충청북도 제천시 의림대로 41, 1층 (영천동)",충청북도 제천시 영천동 424,043-653-7588,307185.871594479,404034.207816207,2018-10-18,440000001020180002
그림책 읽어주는 동물병원,영업/정상,"서울특별시 영등포구 당산로36길 12, 111호 (당산동4가, 당산2차삼성아파트)",서울특별시 영등포구 당산동4가 94-1 당산2차삼성아파트,02-6933-0113,190952.393621063,447295.214623263,2018-10-18,318000001020180005
둘리동물병원,영업/정상,"서울특별시 도봉구 도봉로 502, 1층 (창동)",서울특별시 도봉구 창동 661-64,,203101.11094688,460856.215729699,2018-10-18,309000001020180004
씨엔에프 팜테크,영업/정상,제주특별자치도 제주시 일주서로 7800 (연동),제주특별자치도 제주시 연동 2413-4,,151585.354688044,-229.701543704558,2018-10-16,651000001020180006
on동물병원,영업/정상,경상남도 통영시 북신로 41-29 (북신동),경상남도 통영시 북신동 50-9,055-646-1550,330674.341688656,151436.741286832,2018-10-12,533000001020180001
선샤인 동물병원,영업/정상,경상북도 구미시 송선로 441 (도량동),경상북도 구미시 도량동 466-1,054-453-8585,318407.081958446,293578.493794103,2018-10-12,508000001020180002
노아 동물병원,영업/정상,"인천광역시 미추홀구 숙골로 90, 도화프라자 201호 (도화동)",인천광역시 미추홀구 도화동 0 도화프라자,032-874-2202,170164.047869527,440973.358012773,2018-10-11,351050001020180001
엘 동물의료센터,영업/정상,"경상북도 영덕군 영덕읍 영덕로 52, 1층",경상북도 영덕군 영덕읍 남산리 36-31,,412729.502669216,324747.475019572,2018-10-10,518000001020180001
Dr.G 동물병원,영업/정상,"인천광역시 강화군 선원면 중앙로 100, 희년빌딩 106호",인천광역시 강화군 선원면 창리 493 희년빌딩 106호,,154815.141818195,470483.317646312,2018-10-02,357000001020180001
산책 동물병원,영업/정상,서울특별시 마포구 창전로 50-1 (구수동),서울특별시 마포구 구수동 56-8,02-715-7575,193979.046091656,449401.774277396,2018-10-02,313000001020180005
숲속동물병원,영업/정상,"경기도 용인시 처인구 남사읍 한숲로 45, 145호",경기도 용인시 처인구 남사읍 아곡리 694 145호,,215047.724776929,405681.684861038,2018-10-01,562000001020180002
Dr.K 종합동물병원,영업/정상,"충청남도 아산시 둔포면 아산밸리남로 81, 815동 102-103호 (아산테크노밸리이지더원8단지아파트)",충청남도 아산시 둔포면 석곡리 1805 아산테크노밸리이지더원8단지아파트,,204874.58041922,379908.318963474,2018-09-20,452000001020180002
원 동물병원,영업/정상,"부산광역시 북구 금곡대로 287, 삼한골든뷰 2층 202,203호 (화명동)",부산광역시 북구 화명동 2277-4 삼한골든뷰,051-333-7584,383206.81402909,194624.503835692,2018-09-20,332000001020180003
동물병원도담도담,영업/정상,제주특별자치도 서귀포시 남원읍 일주동로 7133,제주특별자치도 서귀포시 남원읍 남원리 166-4,,173670.666063108,-23653.6414991968,2018-09-17,652000001020180002
청북 햇살동물병원,영업/정상,"경기도 평택시 청북읍 안청로2길 33-2, 105,106호",경기도 평택시 청북읍 옥길리 1158-8,031-684-8779,192619.325594008,390763.213422595,2018-09-13,391000001020180002
상문동물병원,영업/정상,"경상남도 거제시 상동5길 19, 106호 (상동동)",경상남도 거제시 상동동 188-1 106호,055-633-7582,349526.03095207,153349.750108759,2018-09-12,537000001020180002
메리 동물병원,영업/정상,"경기도 수원시 권선구 칠보로 138, 103-2호 (호매실동)",경기도 수원시 권선구 호매실동 1362-1 103-2호,031-296-7582,195837.210636248,418184.39764634,2018-09-12,374000001020180006
흥해동물병원,영업/정상,"경상북도 포항시 북구 흥해읍 흥해로 26-1, 3층",경상북도 포항시 북구 흥해읍 남성리 244,,411139.946146283,292284.634734432,2018-09-07,502000001020180003
하누동물병원,영업/정상,경상북도 의성군 의성읍 구봉길 220,경상북도 의성군 의성읍 도서리 122-1,,352336.468129937,317400.767765376,2018-09-04,515000001020180002
백산동물병원,영업/정상,경상북도 의성군 안계면 용기12길 23,경상북도 의성군 안계면 용기리 527-5,,328936.723095901,321103.692518026,2018-09-04,515000001020180001
오케이 동물병원,영업/정상,"경상북도 경산시 용성면 원효로 1421, 2층",경상북도 경산시 용성면 당리리 133-9,,369490.386967929,256393.810548928,2018-09-03,513000001020180006
배곧코코동물병원,영업/정상,"경기도 시흥시 함송로 15, 화신프라자 104,105호 (정왕동)",경기도 시흥시 정왕동 1881-11 화신프라자,031-434-0863,176035.535074099,429144.230146749,2018-08-31,401000001020180002
청주시 반려동물보호센터,영업/정상,충청북도 청주시 흥덕구 강내면 서부로 411-23,충청북도 청주시 흥덕구 강내면 태성리 477,,232771.712418827,343141.990230137,2018-08-29,573000001020180003
이루다 동물메디컬센터,영업/정상,"경기도 화성시 만세구 남양읍 남양로 839, 헤븐리2프라자 1층 110-112호",경기도 화성시 만세구 남양읍 남양리 1537-28 110-1호,031-357-7559,,,2018-08-29,574000001020180004
푸른동물병원(출장진료전문병원),영업/정상,"경상남도 진주시 진양호로626번길 15, 1층 (옥봉동)",경상남도 진주시 옥봉동 798-11,055-742-3535,299258.197914788,188608.736412067,2018-08-28,531000001020180001
현대동물병원,영업/정상,충청북도 옥천군 옥천읍 상야2길 19,충청북도 옥천군 옥천읍 장야리 11,,252586.926451148,310626.438831885,2018-08-27,443000001020180001
시지동물병원,영업/정상,대구광역시 수성구 달구벌대로 3014 (시지동),대구광역시 수성구 시지동 462-121,053-791-5945,352351.897884214,261497.338469472,2018-08-27,346000001020180003
쪼꼬동물메디컬센터,영업/정상,"인천광역시 서해구 청중로478번안길 4, 2층 (가정동)",인천광역시 서해구 가정동 606-2 2층,032-565-2943,,,2018-08-24,356100001020180004
24시동탄시티동물의료센터,영업/정상,"경기도 화성시 동탄구 동탄지성로 126, 정일프라자 109호, 202호 (반송동)",경기도 화성시 동탄구 반송동 41-1 정일프라자,031-8003-7533,205416.501107917,411942.980332719,2018-08-22,577000001020180003
변정수동물병원(산업동물출장전문동물병원),영업/정상,"경상남도 함안군 가야읍 가야로 101, 화영상가 2층","경상남도 함안군 가야읍 말산리 583-9 화영상가, 2층",,328410.212441579,198603.464796705,2018-08-22,540000001020080001
분당다원동물병원,영업/정상,"경기도 성남시 분당구 정자일로 100, 116호 (정자동, 미켈란쉐르빌)",경기도 성남시 분당구 정자동 180 미켈란쉐르빌 116호,031-711-6775,209409.021126968,428565.151174027,2018-08-20,378000001020180009
잠실 갤러리아 동물병원,영업/정상,"서울특별시 송파구 올림픽로 212, 지하1층 36-23, 36-24호 (잠실동, 갤러리아팰리스)","서울특별시 송파구 잠실동 40 갤러리아팰리스 지하1층, 36-23, 36-24호",,208233.926974585,445435.257647797,2018-08-20,323000001020180009
큰사랑동물병원,영업/정상,경상북도 경산시 백양로35길 7-1 (사동),경상북도 경산시 사동 667-16,,358999.882703044,258277.00197591,2018-08-17,513000001020180005
스마트피그클리닉,영업/정상,충청남도 천안시 서북구 성환읍 송덕1길 1,충청남도 천안시 서북구 성환읍 송덕리 114-59,,210013.195481694,379377.079257225,2018-08-17,566000001020180004
바로동물병원(출장진료전문병원),영업/정상,"충청북도 제천시 용두대로11길 22-4, 1층 101호 (하소동)",충청북도 제천시 하소동 150-19,,306340.333112419,404600.909801022,2018-08-16,440000001020180001
잠실베스트동물병원 수술재활센터,영업/정상,"서울특별시 송파구 삼학사로 88, 금보 2층 (석촌동)",서울특별시 송파구 석촌동 2-9 금보 2층,02-2203-7975,208542.14164305,444755.616935219,2018-08-16,323000001020180008
헤이븐동물병원,영업/정상,"서울특별시 서초구 동광로 15, 1층 (방배동)",서울특별시 서초구 방배동 2100,02-532-5119,198564.862361171,443205.966775478,2018-08-14,321000001020180006
미듬동물병원,영업/정상,"제주특별자치도 서귀포시 대정읍 하모중앙로 32, 서귀포시축협대정지소",제주특별자치도 서귀포시 대정읍 하모리 1423-18 서귀포시축협대정지소,064-796-3610,130222.29365546,-29806.7294616301,2018-08-13,652000001020180001
서울종합동물병원,영업/정상,"서울특별시 관악구 신림로 233, 1층 (신림동)",서울특별시 관악구 신림동 408-143 1층,02-888-8807,194203.915081889,441673.922384128,2018-08-01,320000001020180002
우리동물병원,영업/정상,전북특별자치도 김제시 남북로 213-1 (요촌동),전북특별자치도 김제시 요촌동 382-6,063-547-2670,189458.15755878,255901.389732861,2018-07-30,471100001020180001
사랑동물병원,영업/정상,서울특별시 강동구 천중로49길 4 (길동),서울특별시 강동구 길동 345-5,02-6403-1750,212572.554132433,448779.318268717,2018-07-30,324000001020180005
가온동물의료센터,영업/정상,"경상남도 창원시 성산구 가음로 88, 101호 (가음동)",경상남도 창원시 성산구 가음동 37-7,055-274-7575,355013.512932675,190902.211264287,2018-07-27,567000001020180003
사라 양한방 동물병원,영업/정상,전북특별자치도 전주시 덕진구 벚꽃로 21 (진북동),전북특별자치도 전주시 덕진구 진북동 434-91,063-901-7582,211862.888306853,258762.49010847,2018-07-27,464100001020180003
안성축협동물병원,영업/정상,"경기도 안성시 안성맞춤대로 833, 안성축산업협동조합 (계동)",경기도 안성시 계동 85-3 안성축산업협동조합,031-8046-8000,223771.205358289,387484.797282739,2018-07-26,408000001020130003
김태화동물병원,영업/정상,"서울특별시 강동구 천호대로 1186, 원경빌딩 102호 (둔촌동)",서울특별시 강동구 둔촌동 53 원경빌딩,02-486-4252,212589.743486515,447977.592820866,2018-07-26,324000001020180004
보람동물병원,영업/정상,경상북도 문경시 중앙로 247 (흥덕동),경상북도 문경시 흥덕동 653-1,,307774.125348584,345684.268725105,2018-07-25,512000001020180001
구자동동물병원,영업/정상,"경기도 과천시 별양상가1로 38, 백두빌딩 1층 110호 (별양동)",경기도 과천시 별양동 1-7 백두빌딩,02-504-7588,199359.55,436226.12,2018-07-24,397000001020180001
에이스 동물병원,영업/정상,"경기도 용인시 수지구 동천로 60, 1층 (동천동)",경기도 용인시 수지구 동천동 174-15,031-266-2900,208483.501873057,426483.280356379,2018-07-23,564000001020180003
하트펫 동물병원,영업/정상,"경기도 용인시 기흥구 탑실로 32, 1층 110, 111호 (공세동)",경기도 용인시 기흥구 공세동 734-3,,209706.964320296,415231.301939371,2018-07-23,563000001020180002
이층애 고양이동물병원,영업/정상,"서울특별시 마포구 월드컵로 46, 2층 (서교동)",서울특별시 마포구 서교동 444-5,02-3142-7298,192175.308432983,450127.186671719,2018-07-20,313000001020180002
루원하이동물병원,영업/정상,"인천광역시 서해구 염곡로464번길 7, 성도메디피아 2층 204호 (가정동)",인천광역시 서해구 가정동 619-5 성도메디피아 204호,,,,2018-07-13,356100001020180003
안 수의과병원,영업/정상,"충청남도 아산시 번영로216번길 36, 1층 20호 (모종동, 신정아파트)",충청남도 아산시 모종동 580-3 신정아파트상가 20호,,201129.60178488,364440.358504967,2018-07-12,452000001020180001
공감＋동물의료센터,영업/정상,"경기도 수원시 영통구 중부대로 293-3, 2층 (원천동)",경기도 수원시 영통구 원천동 78-3,031-214-0025,204155.925584187,419123.029040709,2018-07-12,374000001020180004
Jpet동물병원,영업/정상,부산광역시 연제구 연수로 98 (연산동),부산광역시 연제구 연산동 844-28,051-853-7579,389553.244745066,188196.935324236,2018-07-12,337000001020180003
신사동물병원,영업/정상,"서울특별시 강남구 도산대로 206, 진성빌딩 (논현동)",서울특별시 강남구 논현동 59-5 진성빌딩,02-549-4505,202495.990697494,446378.357163448,2018-07-12,322000001020180004
한결같은 동물병원,영업/정상,경상북도 경산시 하양읍 하양로 223,경상북도 경산시 하양읍 동서리 900-3,,365089.130554833,270233.725781765,2018-07-06,513000001020180004
사랑플러스 동물병원,영업/정상,"전북특별자치도 전주시 덕진구 쪽구름2길 8, 1층 (여의동2가)",전북특별자치도 전주시 덕진구 여의동2가 684-27,,206799.962986856,263707.859577445,2018-07-06,464100001020180002
달링동물병원,영업/정상,"서울특별시 성동구 왕십리로 16 (성수동1가, 트리마제)",서울특별시 성동구 성수동1가 718 트리마제,02-466-8215,203911.513091074,448508.756036449,2018-07-06,303000001020180002
닥터캣 고양이병원,영업/정상,"서울특별시 송파구 백제고분로 293, 제우빌딩 2층 202호 (석촌동)",서울특별시 송파구 석촌동 15 제우빌딩 2층 202호,02-2039-2575,208682.946639076,444522.26110806,2018-07-02,323000001020180006
애플동물병원,영업/정상,"충청북도 충주시 계명대로 15, 하나빌딩 (칠금동)",충청북도 충주시 칠금동 834 하나빌딩,043-911-8275,281503.355146569,387185.951727802,2018-06-29,439000001020180002
비글구조네트워크 동물메디컬센터,영업/정상,충청남도 논산시 벌곡면 검천길 272,충청남도 논산시 벌곡면 검천리 338-3,,224123.442911137,297061.516230975,2018-06-28,454000001020180001
길동물병원,영업/정상,인천광역시 남동구 구월로 317 (만수동),인천광역시 남동구 만수동 889-15,,175684.195995449,439316.086662477,2018-06-27,353000001020180004
아름다운 동물병원,영업/정상,"인천광역시 연수구 해돋이로 114, 서운프라자 2층 (송도동)",인천광역시 연수구 송도동 3-29 서운프라자,032-834-7583,168929.289189606,432281.368598836,2018-06-27,352000001020180004
주주동물병원,영업/정상,강원특별자치도 강릉시 성덕포남로 105 (입암동),강원특별자치도 강릉시 입암동 596-1,033-652-0075,368652.692258642,475112.699993779,2018-06-25,420000001020180004
24시 수 동물메디컬센터,영업/정상,"서울특별시 영등포구 영등포로 85-1, 지층,1,2,3층 (양평동1가)",서울특별시 영등포구 양평동1가 28-3,02-2676-7582,190309.663767451,446683.974500419,2018-06-22,318000001020180004
용문조아동물병원,영업/정상,경기도 양평군 용문면 용문로 334,경기도 양평군 용문면 다문리 743-3,031-771-7585,252276.274175384,442461.550357548,2018-06-20,417000001020180001
비엔동물전문의료센터,영업/정상,"경기도 부천시 소사구 경인로 475, 정인빌딩 (괴안동)",경기도 부천시 소사구 괴안동 111-46 정인빌딩,032-345-7559,182981.890575644,442347.94651821,2018-06-18,386000001020180001
피그랑동물병원,영업/정상,"제주특별자치도 제주시 해안마을8길 1, 1층 (해안동)",제주특별자치도 제주시 해안동 1829-1,,149218.328995312,-4494.73563839485,2018-06-15,651000001020180004
그린벨동물의료센터,영업/정상,"충청북도 음성군 맹동면 대하1길 4, 위너스타워 2층 205, 206호",충청북도 음성군 맹동면 동성리 501,043-882-7975,248149.350262001,378611.411235257,2018-06-15,447000001020180001
혜성동물병원,영업/정상,경기도 연천군 청산면 학담로 93-2,경기도 연천군 청산면 초성리 214-3,031-833-1722,206245.726023441,499429.57756525,2018-06-15,414000001020180001
튼튼동물의료센터,영업/정상,"경기도 하남시 미사강변동로 82, 서건 미사 메트로타워 2,3층 201~211,311호 (망월동)","경기도 하남시 망월동 1131 서건 미사 메트로타워, 201~211,311호",031-792-5277,217033.304762679,451151.466353678,2018-06-15,404000001020180004
하이유 동물병원,영업/정상,서울특별시 동대문구 전농로 15-3 (답십리동),서울특별시 동대문구 답십리동 490-57,02-2242-7510,204869.688144425,451594.33252299,2018-06-14,305000001020180001
천호동물병원,영업/정상,경상북도 구미시 해평면 강동로 1676-1,경상북도 구미시 해평면 월호리 464-15,,325044.007414477,300837.166330919,2018-06-08,508000001020180001
장수동물의료원,영업/정상,"경기도 오산시 성호대로 26, 1층 (오산동)",경기도 오산시 오산동 614-28,031-373-0775,205617.201831645,405268.725653857,2018-06-08,400000001020180003
해뜨는 동물병원 해질녘책방,영업/정상,"서울특별시 서초구 신반포로 257, 뉴타운 지하1층 (잠원동)",서울특별시 서초구 잠원동 58-24 뉴타운,02-536-6469,201104.26895551,445266.678558749,2018-06-08,321000001020180005
24아프리카동물메디컬센터,영업/정상,"대전광역시 서구 문정로 16, 2,3층 (탄방동)","대전광역시 서구 탄방동 605 2,3층",042-486-7581,234195.7496706,316142.475902615,2018-06-04,366000001020180001
정 동물병원,영업/정상,"경기도 용인시 수지구 만현로 120, SR프라자 112호 (상현동)",경기도 용인시 수지구 상현동 252 SR프라자,031-898-2298,207438.058551981,422689.640662557,2018-06-01,564000001020180002
용인시 동물보호센터,영업/정상,"경기도 용인시 처인구 중부대로 1074-1, 용인시 동물보호센터 (삼가동)",경기도 용인시 처인구 삼가동 164 용인시 동물보호센터,031-324-3467,214072.830423809,415719.496385386,2018-06-01,562000001020180001
혜민동물병원,영업/정상,"서울특별시 강남구 봉은사로57길 59, 대호빌딩 1층 (삼성동)",서울특별시 강남구 삼성동 10-25 대호빌딩 1층,02-454-8275,203796.465,445820.365,2018-06-01,322000001020180003
위드 동물병원,영업/정상,"서울특별시 서대문구 응암로 76, 102호 (북가좌동)",서울특별시 서대문구 북가좌동 300-2,02-373-7500,192107.367561951,453041.990025131,2018-06-01,312000001020180002
위더스동물의료센터,영업/정상,"경기도 오산시 수목원로 466, 성민리치프라자 201,202호 (금암동)",경기도 오산시 금암동 502-1,031-373-2975,204370.132051472,408160.399012975,2018-05-31,400000001020180002
라온동물병원,영업/정상,경기도 수원시 영통구 동탄원천로1109번길 100 (매탄동),경기도 수원시 영통구 매탄동 1203-6,031-215-8588,204672.819932946,418768.786859075,2018-05-31,374000001020180003
닥터팬더 동물병원,영업/정상,"인천광역시 계양구 계양문화로 119 (용종동, 인천 계양 코아루 센트럴파크)",인천광역시 계양구 용종동 207-1 인천 계양 코아루 센트럴파크,032-553-7975,176763.216208234,448874.492576232,2018-05-31,355000001020180001
노블동물병원,영업/정상,"부산광역시 동래구 아시아드대로 160, 1층 (사직동)",부산광역시 동래구 사직동 64-24,051-982-2580,388037.502130722,190778.601324209,2018-05-31,330000001020180001
서공동물병원,영업/정상,"경기도 성남시 분당구 내정로 170, 동신파크빌딩 204호 (수내동)",경기도 성남시 분당구 수내동 58-1 동신파크빌딩 204호,031-711-2244,210528.014352901,430160.207334756,2018-05-30,378000001020180008
유은동물병원,영업/정상,"경상북도 성주군 성주읍 성주순환로1길 8-30, 미라벨A 1층",경상북도 성주군 성주읍 백전리 718 미라벨A,,315347.222161616,269677.494231658,2018-05-28,521000001020180002
지누동물병원,영업/정상,경상북도 성주군 성주읍 성주순환로4길 33-6,경상북도 성주군 성주읍 예산리 855,,315951.030974523,270239.321310168,2018-05-28,521000001020180001
펫홈종합동물병원,영업/정상,"인천광역시 미추홀구 미추홀대로 620, 1층 (주안동)",인천광역시 미추홀구 주안동 1471-11,032-427-7588,171633.18354157,438995.200068521,2018-05-28,351000001020180001
베스트동물병원,영업/정상,강원특별자치도 강릉시 경강로 2129 (옥천동),강원특별자치도 강릉시 옥천동 163-1,033-922-7582,367297.040117203,474414.475933922,2018-05-25,420000001020180003
남원제일가축병원,영업/정상,"전북특별자치도 남원시 의총로 61, 성림장 (금동)",전북특별자치도 남원시 금동 252-16 성림장,,234074.580561184,211883.608455455,2018-05-21,470100001020180002
하루동물병원,영업/정상,"전북특별자치도 전주시 완산구 모악로 4691, 1층 (평화동2가)",전북특별자치도 전주시 완산구 평화동2가 315-5,063-232-5900,211709.642817273,254264.325808577,2018-05-21,464100001020180001
정동물병원,영업/정상,충청북도 청주시 청원구 충청대로 97 (율량동),충청북도 청주시 청원구 율량동 1074,043-256-2551,243995.355818823,351676.299094922,2018-05-16,573500001020180002
봄사랑 동물병원,영업/정상,"서울특별시 강남구 압구정로29길 68, 2층 203호 (압구정동, 현대아파트)",서울특별시 강남구 압구정동 455 상가 제2층 203호,02-6951-4327,202454.970010312,447748.161018109,2018-05-14,322000001020180002
한국영양전문동물병원,영업/정상,"경기도 광주시 이배재로 356-1, C동 1층 1호 (목현동)",경기도 광주시 목현동 249-15,031-761-7675,219435.565398371,437080.365336261,2018-05-11,554000001020180004
서부산동물메디컬센터,영업/정상,"부산광역시 사상구 낙동대로 786, 애진빌딩 201호 (엄궁동)",부산광역시 사상구 엄궁동 565-1,,379687.755243906,183065.344037831,2018-05-11,339000001020180001
심바동물병원,영업/정상,"서울특별시 서초구 서초대로4길 4, 대진빌딩 1층 (방배동)",서울특별시 서초구 방배동 951-3 대진빌딩,02-523-0275,198622.459419616,442586.300528954,2018-05-09,321000001020180004
닥터스종합동물병원,영업/정상,"서울특별시 노원구 월계로 336, 상천빌딩 1층 (월계동)",서울특별시 노원구 월계동 292-59 상천빌딩1층,02-905-7588,205036.765287976,458534.558853124,2018-05-09,310000001020180003
24시 사람앤동물메디컬센터,영업/정상,"경기도 용인시 수지구 포은대로 317, 24시 사람앤동물메디컬센터 (풍덕천동)",경기도 용인시 수지구 풍덕천동 554-1 24시 사람앤동물메디컬센터,031-262-0306,207671.153536708,423725.191208364,2018-05-02,564000001020180001
25시 동물병원,영업/정상,경기도 성남시 중원구 산성대로504번길 1 (은행동),경기도 성남시 중원구 은행동 1589,031-731-0025,214348.273699787,439331.909547066,2018-05-01,378000001020180006
오룡 동물병원,영업/정상,전남광주통합특별시 무안군 삼향읍 남악5로48번길 21,전남광주통합특별시 무안군 삼향읍 남악리 1854,061-282-2398,151772.095,145789.365,2018-04-30,588000001020180001
동물병원 공감,영업/정상,"서울특별시 강동구 양재대로 1609, 조희빌딩 1층 (천호동)",서울특별시 강동구 천호동 25-6 조희빌딩,02-484-7975,212605.500099383,449677.002959155,2018-04-30,324000001020180002
강한우리동물병원,영업/정상,"충청남도 당진시 우강면 면천로 1783, 1층 2호",충청남도 당진시 우강면 창리 246-5,,180494.276893131,367854.992512576,2018-04-27,568000001020180001
웰니스동물병원,영업/정상,"충청북도 청주시 청원구 오창읍 중심상업1로 8-11, 홈플러스오창점 2층",충청북도 청주시 청원구 오창읍 양청리 820,,238188.127636011,356944.128244481,2018-04-26,573500001020180001
THE힘찬동물병원,영업/정상,"경기도 용인시 기흥구 동백죽전대로527번길 98-6, 1층 (중동)",경기도 용인시 기흥구 중동 1108-1,,212709.306823582,419948.986615138,2018-04-26,563000001020180001
에이플러스 동물병원,영업/정상,"서울특별시 서대문구 연희로 114, 내풍빌딩 지층 (연희동)",서울특별시 서대문구 연희동 135-9 내풍빌딩,02-3144-7582,193916.234938739,451733.095469533,2018-04-26,312000001020180001
수존동물병원,영업/정상,강원특별자치도 춘천시 행촌로 44-1 (퇴계동),강원특별자치도 춘천시 퇴계동 901-10,033-244-9975,263750.157864317,484435.973237924,2018-04-24,418000001020180001
미사서울동물병원,영업/정상,"경기도 하남시 미사강변남로 45, 골든브릿지 1동 211호 (망월동)",경기도 하남시 망월동 1067 골든브릿지,031-795-6060,216415.268403984,450891.400433685,2018-04-24,404000001020180003
온 동물병원,영업/정상,"경상남도 사천시 사천읍 진삼로 1421, 배광용한약국 1층",경상남도 사천시 사천읍 수석리 302-9 배광용한약국,055-854-7582,298932.258426238,176008.126313062,2018-04-23,534000001020180002
진석범동물병원,영업/정상,부산광역시 연제구 과정로237번길 115 (연산동),부산광역시 연제구 연산동 417-20,051-997-8275,391835.105316178,189316.067007041,2018-04-20,337000001020180002
중산 메디컬 동물병원,영업/정상,"경상북도 경산시 펜타힐즈로 74, 힐즈스퀘어 201호 (중산동)",경상북도 경산시 중산동 632,053-813-7580,355338.379611459,260250.543290323,2018-04-19,513000001020180003
도담동물병원,영업/정상,"대구광역시 달성군 현풍읍 테크노중앙대로 243, 타임스퀘어 105, 106호",대구광역시 달성군 현풍읍 중리 491-2 타임스퀘어,,331712.474116767,244553.515554328,2018-04-19,348000001020180002
순천만동물병원,영업/정상,전남광주통합특별시 순천시 해룡면 향매로 142,전남광주통합특별시 순천시 해룡면 신대리 2007-3,061-727-9110,250587.708602617,159381.067571776,2018-04-18,579000001020180002
마일스톤피그클리닉(출장진료전문),영업/정상,충청남도 예산군 삽교읍 신촌길 11-12,충청남도 예산군 삽교읍 신리 316-46,,170788.203005645,352895.432472389,2018-04-18,461000001020180001
투투 동물병원,영업/정상,"대전광역시 중구 대흥로165번길 48, 2층 (대흥동)",대전광역시 중구 대흥동 6-9 2층,042-252-7522,238462.490793938,314114.922457117,2018-04-18,365000001020180002
스마트동물병원군자점,영업/정상,서울특별시 광진구 능동로43길 3-5 (중곡동),서울특별시 광진구 중곡동 162-8,02-464-7582,207107.928644491,450953.281007512,2018-04-18,304000001020180001
큰동물병원,영업/정상,충청북도 충주시 주덕읍 신덕로 1364-1,충청북도 충주시 주덕읍 신양리 245-8,,270802.588300474,386174.763541063,2018-04-17,439000001020180001
제주특별자치도 동물위생시험소 (동물보호센터) 동물병원,영업/정상,제주특별자치도 제주시 첨단동길 184-14 (용강동),제주특별자치도 제주시 용강동 1065,064-710-4065,161739.735597248,-4459.85516086872,2018-04-16,651000001020180003
분당밝은아이동물병원,영업/정상,"경기도 성남시 중원구 성남대로997번길 51-16, 1층 (여수동)",경기도 성남시 중원구 여수동 312,031-754-0201,211079.349181111,435001.099320059,2018-04-16,378000001020180005
도래동물병원,영업/정상,"경기도 오산시 청학로 250, 1층 104호 (수청동)",경기도 오산시 수청동 608-8 104호,031-375-7590,205353.578411803,407676.097681871,2018-04-13,400000001020180001
위례S동물의료센터,영업/정상,"서울특별시 송파구 위례광장로 200, 에스비트램스퀘어 203,204호 (장지동)","서울특별시 송파구 장지동 881-5 에스비트램스퀘어 203,204호",02-431-7575,212569.252309346,442123.304850852,2018-04-13,323000001020180005
더프라임동물의료원,영업/정상,"부산광역시 수영구 수영로 405-1, 2-4층 (남천동)",부산광역시 수영구 남천동 69-20,051-625-2345,392056.806623363,184646.206638513,2018-04-12,338000001020180003
마음가득동물병원,영업/정상,"경기도 평택시 송탄로 147, 태광 1층 (이충동)",경기도 평택시 이충동 451-7,031-667-8275,205175.291679773,395024.416466465,2018-04-11,391000001020180001
드림동물병원,영업/정상,"서울특별시 구로구 중앙로8길 11, 109동 5호 (고척동, 고척 월드메르디앙)",서울특별시 구로구 고척동 343 고척 월드메르디앙 109동 5호,02-3666-0204,187829.384737496,444534.727394834,2018-04-11,316000001020180001
최우식 동물병원,영업/정상,경상북도 경산시 하양읍 대경로 764,경상북도 경산시 하양읍 금락리 654,,364525.706641977,269602.686413345,2018-04-10,513000001020180002
더조은 동물의료센터,영업/정상,"서울특별시 금천구 시흥대로 172, 서우빌딩 (시흥동)",서울특별시 금천구 시흥동 904-6 서우빌딩,,191374.584035138,438600.409604547,2018-04-10,317000001020180001
토닥토닥동물병원,영업/정상,"인천광역시 서해구 여우재로 119, 202호 (가좌동, 인천가좌두산위브트레지움 2단지)",인천광역시 서해구 가좌동 309 인천가좌두산위브트레지움 2단지,032-574-5757,,,2018-04-06,356100001020180001
신세계 동물병원,영업/정상,"서울특별시 서초구 반포대로 287, 래미안퍼스티지 중심상가 1층 143호 (반포동)",서울특별시 서초구 반포동 18-3 래미안퍼스티지 중심상가 143호,,200005.626362552,444680.521703344,2018-04-06,321000001020180001
굿데이 동물병원,영업/정상,제주특별자치도 제주시 한림읍 금악동길 220-9,제주특별자치도 제주시 한림읍 금악리 198-80,,138319.594560305,-15027.2952758181,2018-04-04,651000001020180002
웰니스 동물병원,영업/정상,"서울특별시 노원구 마들로3길 15, 월계이마트 2층 (월계동)",서울특별시 노원구 월계동 333-1 월계이마트,02-949-0975,205391.070378059,458333.989216339,2018-04-03,310000001020180002
미담동물의료센터,영업/정상,"경기도 남양주시 별내3로 334, 다우프라자 2층 (별내동)",경기도 남양주시 별내동 826-3 다우프라자 2층,031-575-7975,210263.028322648,462743.264982535,2018-04-02,399000001020180002
조은동물병원,영업/정상,경상북도 포항시 남구 중흥로 124 (상도동),경상북도 포항시 남구 상도동 601-14,054-277-7535,412033.214969733,282031.774646281,2018-03-30,502000001020180001
중앙동물병원,영업/정상,"경상남도 사천시 중앙로 54-1, 2층 (선구동)",경상남도 사천시 선구동 22-1,055-835-8275,298202.635715467,159654.326077608,2018-03-29,534000001020180001
24시핸즈동물의료센터,영업/정상,"경기도 화성시 동탄구 동탄대로 489, 201,202호 (오산동)","경기도 화성시 동탄구 오산동  969-3 201,202호",031-8677-2115,208653.392715776,410613.194095692,2018-03-28,577000001020180002
루이스24시동물병원,영업/정상,"인천광역시 남동구 백범로 232, 1,2층 (만수동)",인천광역시 남동구 만수동 850-5,,175486.348152251,439871.627969338,2018-03-28,353000001020180003
수원화성오산축산농협 동물병원,영업/정상,경기도 화성시 만세구 팔탄면 노하길 122,경기도 화성시 만세구 팔탄면 노하리 1096-12,031-8059-3797,186404.763441829,405881.485917759,2018-03-27,574000001020180001
수원 오즈동물병원,영업/정상,"경기도 수원시 권선구 동수원로177번길 40, 1층 153호154호 (권선동, 수원아이파크시티8단지)",경기도 수원시 권선구 권선동 1364 수원아이파크시티8단지,031-232-2727,202599.794401948,416089.125805678,2018-03-27,374000001020180002
알프스동물병원,영업/정상,"경기도 광주시 고불로 32, 107호 (중대동)",경기도 광주시 중대동 28-187 107호,031-761-1600,220644.794681681,432438.006854382,2018-03-26,554000001020180003
웰동물메디컬센터,영업/정상,"인천광역시 남동구 남동대로 757, 2층 (구월동)",인천광역시 남동구 구월동 1145-6,,174013.472412526,438718.305350885,2018-03-26,353000001020180002
서울88동물의료원,영업/정상,충청남도 천안시 동남구 충절로 35 (신부동),충청남도 천안시 동남구 신부동 88-3,041-557-8275,214080.030181276,368281.359675595,2018-03-25,565000001020180001
청주지웰동물병원,영업/정상,충청북도 청주시 흥덕구 대농로 70 (복대동),충청북도 청주시 흥덕구 복대동 288-123,,238392.374734936,349010.725305678,2018-03-23,573000001020180002
범어동물의료센터,영업/정상,대구광역시 수성구 달구벌대로 2354 (수성동3가),대구광역시 수성구 수성동3가 10,,346250.446109858,263337.04915359,2018-03-23,346000001020180001
운정호수동물메디컬센터,영업/정상,"경기도 파주시 경의로 1114, 에펠타워 202,203호 (야당동)",경기도 파주시 야당동 1076,031-937-8225,178804.224364993,468269.565890856,2018-03-21,406000001020180002
원동물병원,영업/정상,대구광역시 중구 동덕로8길 2 (대봉동),대구광역시 중구 대봉동 40-135,,344945.384808178,263227.936358295,2018-03-21,341000001020180001
24시청주나음동물메디컬,영업/정상,"충청북도 청주시 상당구 1순환로 1233, 106,107, 108호 (용암동)","충청북도 청주시 상당구 용암동 1703 106,107, 108호",47012315,244938.996907581,345214.1851004,2018-03-14,572000001020180001
마리동물병원,영업/정상,"부산광역시 강서구 가락대로 929, 부산경남경마공원 (범방동)",부산광역시 강서구 범방동 1833 부산경남경마공원,051-901-7482,371094.285733231,185672.987884375,2018-03-14,336000001020180001
서서울동물병원,영업/정상,"서울특별시 강서구 양천로 674, 9,10호 (염창동)","서울특별시 강서구 염창동 265-23 9,10호",36628661,188538.531422494,449904.147360799,2018-03-14,315000001020180002
티움동물병원,영업/정상,"경기도 수원시 권선구 서수원로523번길 30-23, 1층 (금곡동)",경기도 수원시 권선구 금곡동 1135-2,031-292-7504,196128.698654473,418823.505435413,2018-03-13,374000001020180001
제이동물병원,영업/정상,"충청남도 천안시 서북구 공원로 120, 천안불당2차 중흥s클레스 프라디움레이크 상가3동 103,104호 (불당동)",충청남도 천안시 서북구 불당동 1284 천안불당2차 중흥s클레스 프라디움레이크 성가3동 103호,041-549-7582,208820.78815932,365970.960625678,2018-03-12,566000001020180001
메디 포즈 동물병원,영업/정상,"경기도 남양주시 와부읍 수레로 169, 1층",경기도 남양주시 와부읍 월문리 1244-1,,219943.79593336,454800.721740866,2018-03-08,399000001020180001
하슬라동물병원,영업/정상,강원특별자치도 강릉시 하슬라로 131 (교동),강원특별자치도 강릉시 교동 1907-2,033-645-7585,365007.834908324,474905.507573126,2018-03-07,420000001020180001
삼화 우수한동물병원,영업/정상,"제주특별자치도 제주시 건주로 65, 삼광빌딩 (도련일동)",제주특별자치도 제주시 도련일동 1995-6 삼광빌딩,,160992.391853069,1975.0276250223,2018-03-05,651000001020170001
송정동물의료센터,영업/정상,"경기도 광주시 탄벌길 7, 태경빌딩 (탄벌동)",경기도 광주시 탄벌동 140 태경빌딩,031-767-7975,221691.384376655,435257.160097244,2018-02-28,554000001020180002
고운동물병원,영업/정상,"세종특별자치시 마음로 241, 고운드림55 1~2층 (고운동)",세종특별자치시 고운동 1006 고운드림55,044-865-9575,220734.159047608,335306.795188547,2018-02-27,569000001020180001
시흥24시센트럴동물의료센터,영업/정상,"경기도 시흥시 정왕대로 174, 광개토빌딩1 2층 203호 (정왕동)",경기도 시흥시 정왕동 1726-1 광개토빌딩1 203호,031-432-2475,176313.285156484,427368.540805943,2018-02-23,401000001020180001
인천광역시 야생동물구조관리센터,영업/정상,"인천광역시 연수구 송도국제대로372번길 21, 자연학습관 (송도동)",인천광역시 연수구 송도동 13-20 자연학습관,032-858-9703,167775.571078631,429532.094343567,2018-02-23,352000001020180003
Dr.Mini 하늘다람쥐 전문병원,영업/정상,경기도 파주시 꽃창포길 16 (문발동),경기도 파주시 문발동 617-1,070-7796-0333,174178.131378231,468542.955011231,2018-02-20,406000001020180001
송파데일리동물병원,영업/정상,"서울특별시 송파구 법원로 55, 송파아이파크 1층 E204호 (문정동)",서울특별시 송파구 문정동 624 송파아이파크 1동 E204호,02-403-7582,210698.849969654,441971.271264751,2018-02-12,323000001020180002
신천동물병원,영업/정상,"서울특별시 송파구 석촌호수로 108, 리치빌딩 1층 (잠실동)",서울특별시 송파구 잠실동 242-4 리치빌딩 1층,02-420-0975,207786.293948913,445052.176136847,2018-02-12,323000001020180001
아랑동물병원,영업/정상,"경상남도 창원시 진해구 용원남로73번길 9, 1층 (용원동)",경상남도 창원시 진해구 용원동 1269-6 1층,055-552-3071,365289.818318593,179301.799774682,2018-02-08,567000001020180002
찬샘동물병원,영업/정상,"인천광역시 남동구 인주대로591번길 64, 타원벨라움 205호 (구월동)",인천광역시 남동구 구월동 1132 타원벨라움,,173668.242489173,439028.708707727,2018-02-08,353000001020180001
가온동물병원,영업/정상,부산광역시 서구 대영로 36 (서대신동1가),부산광역시 서구 서대신동1가 141-1,,383666.907197609,180751.368523232,2018-02-02,326000001020180001
사랑동물병원,영업/정상,경기도 여주시 세종로237번길 1 (교동),경기도 여주시 교동 16-1,,256506.948412243,419692.46866935,2018-02-01,570000001020180001
탑스동물병원,영업/정상,"경상남도 김해시 삼계중앙로 12, 2층 (삼계동)",경상남도 김해시 삼계동 1492-3,055-336-0075,369788.459068975,197201.160581305,2018-02-01,535000001020180001
메르시 동물병원,영업/정상,"경기도 성남시 분당구 운중로 255, 티에스로드2 201호 (판교동)",경기도 성남시 분당구 판교동 590 티에스로드2 201호,031-707-0701,208031.730776591,431939.457332015,2018-02-01,378000001020180003
더힐동물병원,영업/정상,"부산광역시 북구 만덕대로 147, 삼정그린코아아파트 3동 105호 (덕천동)",부산광역시 북구 덕천동 373-1 삼정그린코아아파트 3동 105호,051-341-3344,383934.836497921,192378.532914385,2018-01-31,332000001020180001
더블유동물병원,영업/정상,서울특별시 관악구 은천로 85 (봉천동),서울특별시 관악구 봉천동 622-74,02-883-0007,195041.466292929,442764.573973275,2018-01-31,320000001020180001
디딤동물병원,영업/정상,"전남광주통합특별시 순천시 순광로 18, 장난감백화점 (조례동)",전남광주통합특별시 순천시 조례동 1588-2 장난감백화점,,247713.324464148,161885.825555197,2018-01-26,579000001020180001
분당우리동물의료센터,영업/정상,"경기도 성남시 분당구 양현로94번길 19, 새남서울조합상가 202호 (이매동)",경기도 성남시 분당구 이매동 120-6 새남서울조합상가 202호,031-705-0175,211107.244323947,432126.81649251,2018-01-26,378000001020180002
온천천동물병원,영업/정상,부산광역시 연제구 세병로 84 (거제동),부산광역시 연제구 거제동 1466-24,051-868-7579,389618.65778335,190495.902118616,2018-01-24,337000001020180001
큰마음동물메디컬센터,영업/정상,"부산광역시 해운대구 해운대해변로357번길 17, 4~8층 (중동)",부산광역시 해운대구 중동 1262-1,051-710-2004,397433.661872297,187207.142025576,2018-01-24,333000001020180002
하남플러스 동물병원,영업/정상,"경기도 하남시 하남대로 792-1, 소원빌딩 1층 (신장동)",경기도 하남시 신장동 565-8 소원빌딩,031-792-8575,218443.487819398,448736.24420391,2018-01-23,404000001020180001
라인동물병원,영업/정상,"울산광역시 울주군 삼남면 중남로 72, 3층",울산광역시 울주군 삼남면 신화리 1481-29,,391184.614730134,228477.696712059,2018-01-22,373000001020180001
지리산 산업동물병원,영업/정상,"전북특별자치도 남원시 밤티재길 14-5, 1층 (광치동)",전북특별자치도 남원시 광치동 644-7,,233698.373481195,216572.817718321,2018-01-16,470100001020180001
닥터정 동물병원,영업/정상,"인천광역시 연수구 컨벤시아대로230번길 42, 송도아라플라자 202호 (송도동)",인천광역시 연수구 송도동 98-2 송도아라플라자,032-721-7582,167592.52558444,431851.075380967,2018-01-16,352000001020180002
서울동물메디컬센터,영업/정상,"경기도 광주시 신현로 89, 1, 2층 (신현동)",경기도 광주시 신현동 674,031-8022-7582,,,2018-01-15,554000001020180001
제일동물병원,영업/정상,"대전광역시 중구 충무로 155, 제일동물병원 (문창동)",대전광역시 중구 문창동 75-116,042-252-7575,238861.363431801,313368.899155382,2018-01-12,365000001020180001
힐 동물병원,영업/정상,"부산광역시 해운대구 좌동순환로433번길 30-1, 해운대힐스테이트위브 224~227호 (중동)",부산광역시 해운대구 중동 1809 해운대힐스테이트위브,,398546.572306113,186991.922045624,2018-01-11,333000001020180001
한마음동물약품병원,영업/정상,"전남광주통합특별시 담양군 담양읍 삼거리길 45, 1층 103호",전남광주통합특별시 담양군 담양읍 백동리 91-1,,198592.102069893,201073.071832605,2018-01-09,583000001020180001
KRA 장수동물병원,영업/정상,"전북특별자치도 장수군 장계면 육십령로 764-5, 장수경주마목장",전북특별자치도 장수군 장계면 명덕리 1 장수경주마목장,063-350-3761,259071.845053488,247319.795483379,2018-01-09,475100001020180001
광주 본 동물병원,영업/정상,전남광주통합특별시 서구 경열로 10(농성동),전남광주통합특별시 서구 농성동 645-29,062-447-8575,189715.297623462,183734.157614145,2018-01-05,581000001020180001
한국동물선진의료연구소(KASMINE) 동물심혈관신장센터,영업/정상,"경기도 성남시 분당구 미금로 43, 정운빌딩 1층 (구미동)",경기도 성남시 분당구 구미동 204-1,031-716-9001,210206.543725362,426124.700940443,2018-01-05,378000001020180001
박종현동물병원,영업/정상,"부산광역시 수영구 광남로 258, 1층 (민락동)",부산광역시 수영구 민락동 28-1 1층,051-744-4179,393723.592353314,186557.260344306,2018-01-05,338000001020180001
태일동물치과병원,영업/정상,서울특별시 도봉구 해등로 184 (쌍문동),서울특별시 도봉구 쌍문동 45-8,,203144.623158834,461728.731528367,2018-01-04,309000001020180001
유케어종합동물병원,영업/정상,"서울특별시 동작구 상도로 214, 성은빌딩 1층 (상도동)",서울특별시 동작구 상도동 27-12 성은빌딩,02-3280-8275,194835.762213041,444759.157628603,2018-01-03,319000001020180001
드림동물병원,영업/정상,경기도 용인시 처인구 경안천로 46 (마평동),경기도 용인시 처인구 마평동 717-3,031-335-7582,218619.666218215,415056.228990191,2017-12-29,562000001020170004
우랑동물병원(산업동물출장진료전문병원),영업/정상,경기도 가평군 가평읍 중촌로 11,경기도 가평군 가평읍 읍내리 602,,244728.675615824,481292.971523445,2017-12-28,416000001020170001
로하동물병원,영업/정상,전남광주통합특별시 서구 상무민주로76번길 8-1 (쌍촌동),전남광주통합특별시 서구 쌍촌동 1294-3,062-371-7512,187198.442435182,184225.348672628,2017-12-27,581000001020170003
더나은 동물병원,영업/정상,"경상남도 양산시 물금읍 물금로 96-17, 에코타워 2층 201호",경상남도 양산시 물금읍 가촌리 1275-8 에코타워 201호,055-366-4626,381292.217208079,203346.069718817,2017-12-23,538000001020170005
옐로우동물병원,영업/정상,전남광주통합특별시 장성군 삼계면 부연수남길 121-19,전남광주통합특별시 장성군 삼계면 월연리 4-1,,169593.409260057,194514.961353138,2017-12-22,589500001020170001
다올동물병원,영업/정상,"경상남도 창원시 진해구 안골로 354-1, 1층 (용원동)",경상남도 창원시 진해구 용원동 1205-5 1층,055-547-7552,364991.743958395,179682.508065453,2017-12-22,567000001020170003
한국동물병원(출장진료전문병원),영업/정상,경상남도 창녕군 성산면 창한로 188-10,경상남도 창녕군 성산면 정녕리 548,,333512.622586411,236542.527339007,2017-12-22,541000001020170002
청라공감동물병원,영업/정상,"인천광역시 서해구 중봉대로586번길 22, 128~131호 (연희동, 청라 풍림 엑슬루타워)",인천광역시 서해구 연희동 801-1 청라 풍림 엑슬루타워,032-563-0094,,,2017-12-22,356100001020170008
달성공원 동물병원,영업/정상,"대구광역시 중구 달성공원로 35, 달성공원 (달성동)",대구광역시 중구 달성동 294-1 달성공원,,342409.266570945,264889.665442922,2017-12-22,341000001020170001
하트온동물병원,영업/정상,"서울특별시 강서구 곰달래로 260, 피앤와이빌딩 1층 3호 (화곡동)",서울특별시 강서구 화곡동 796-1 피앤와이빌딩 3호,26445975,187715.476404557,447757.310480069,2017-12-20,315000001020170004
사랑동물병원,영업/정상,경상남도 진주시 일반성면 동부로 1964,경상남도 진주시 일반성면 창촌리 657-3,,316248.426082818,186475.451030889,2017-12-18,531000001020170003
제주대학교 말전문동물병원,영업/정상,제주특별자치도 제주시 산천단남길 42 (아라일동),제주특별자치도 제주시 아라일동 6-27,064-725-0175,159317.742214425,-5284.30310544135,2017-12-15,651000001020170006
용인24시 아이온동물메디컬센터,영업/정상,경기도 용인시 처인구 중부대로 1307 (역북동),경기도 용인시 처인구 역북동 428-12,031-334-6125,216802.894659338,414936.951741946,2017-12-14,562000001020170003
팔공동물병원(출장진료전문),영업/정상,"경상북도 영천시 금호읍 교대용대길 6, 1층",경상북도 영천시 금호읍 교대리 104-2,,368811.56265204,271985.380858936,2017-12-11,510000001020170002
늘봄 동물병원,영업/정상,경기도 부천시 소사구 소사로 196 (소사본동),경기도 부천시 소사구 소사본동 160-29,032-346-5454,181864.686954821,441518.411854494,2017-12-08,386000001020170004
광진24시필동물병원,영업/정상,"서울특별시 광진구 광나루로56길 66, 201, 202호 (구의동)",서울특별시 광진구 구의동 611 구의현대2단지아파트,02-446-8175,208403.746065593,448490.239179557,2017-12-08,304000001020170006
하얀기린 동물병원,영업/정상,"인천광역시 서해구 청라라임로 40, 103호 (연희동, 청라골드클래스 커낼웨이)",인천광역시 서해구 연희동 796-7 청라골드클래스 커낼웨이,032-564-3575,,,2017-12-07,356100001020170007
소담동물병원(출장전문),영업/정상,"전남광주통합특별시 북구 하서로 652-15, 2층 (지야동)",전남광주통합특별시 북구 지야동 803-11,062-574-8276,189732.301346359,192409.915652638,2017-12-06,582000001020170003
24시OK동물병원,영업/정상,"서울특별시 강남구 도곡로51길 4, 역삼프라자 1층 (역삼동)",서울특별시 강남구 역삼동 766-20 역삼프라자,02-569-7582,204335.070751145,443709.283280918,2017-12-06,322000001020170010
동물에 반하다 동물병원,영업/정상,"인천광역시 서해구 크리스탈로102번길 22, 101,102호 (청라동)",인천광역시 서해구 청라동 151-4,032-713-8275,,,2017-12-01,356100001020170005
부평24시 SKY 동물의료센터,영업/정상,"인천광역시 부평구 부흥로 351, 3층 (부평동)",인천광역시 부평구 부평동 126-8,032-710-7533,176166.183852452,444072.470950053,2017-11-30,354000001020170006
초원동물병원,영업/정상,"충청남도 부여군 규암면 계백로 10, 3층",충청남도 부여군 규암면 외리 217-16,,189277.997284541,308165.440376897,2017-11-29,457000001020170001
탑스동물메디컬센터,영업/정상,"대구광역시 달서구 월배로 166, 1, 2, 5층 (상인동)",대구광역시 달서구 상인동 1439-1,053-637-7501,338403.630091456,258465.723049314,2017-11-29,347000001020170004
25시 죽곡동물병원,영업/정상,"대구광역시 달성군 다사읍 대실역남로 34, 204호",대구광역시 달성군 다사읍 죽곡리 813 204호,,332203.336845383,262651.324928403,2017-11-24,348000001020170004
나인동물의료센터,영업/정상,경기도 화성시 동탄구 동탄산척로2가길 5 (산척동),경기도 화성시 동탄구 산척동  산 716-6,031-376-9909,,,2017-11-21,577000001020170005
해오름동물병원,영업/정상,"경기도 파주시 문산읍 당동2로 11, 104호",경기도 파주시 문산읍 당동리 888-1,031-953-7587,180921.585774435,485062.830089861,2017-11-17,406000001020170011
경희궁 바른 동물병원,영업/정상,"서울특별시 종로구 송월길 99, 상가동 2층 2229호 (홍파동, 경희궁자이 2단지)",서울특별시 종로구 홍파동 42-13 경희궁자이 2단지 상가동 2229호,,196711.256846666,452060.860508565,2017-11-16,300000001020170001
봉담우리애동물병원,영업/정상,경기도 화성시 효행구 봉담읍 동화새터길 5,경기도 화성시 효행구 봉담읍 동화리 420-1,031-293-0075,195740.839071689,413495.214594611,2017-11-15,575000001020170004
정원동물병원,영업/정상,"전남광주통합특별시 순천시 순천만정원로 78, 1층 104호 (풍덕동)",전남광주통합특별시 순천시 풍덕동 1757-4,061-745-1777,245224.819438724,159849.423751007,2017-11-14,579000001020170002
하인츠동물병원,영업/정상,"인천광역시 미추홀구 독배로 305, 201호 (용현동)",인천광역시 미추홀구 용현동 604-5 이한프라자,032-204-7707,168946.568515593,438426.65438264,2017-11-14,351000001020170001
제천 그레이스 동물병원,영업/정상,"충청북도 제천시 죽하로 5, 1층 (장락동)",충청북도 제천시 장락동 635-27,043-652-7582,308529.845218373,406307.40899694,2017-11-13,440000001020170001
서울동물의료센터,영업/정상,"서울특별시 강남구 역삼로 426, 1,2층 (대치동)","서울특별시 강남구 대치동 909-5 1,2층",02-566-8211,204673.588173269,444341.558279647,2017-11-10,322000001020170009
착한동물병원,영업/정상,세종특별자치시 조치원읍 세종로 2335,세종특별자치시 조치원읍 신흥리 278,044-868-7583,225938.858652176,343880.636404378,2017-11-09,569000001020170004
한밭동물종합병원,영업/정상,"대전광역시 유성구 봉산로6번길 9, 1층 (봉산동)",대전광역시 유성구 봉산동 290-7 1층,042-931-1187,234788.314989444,326047.412084758,2017-11-09,367000001020170004
아빠와 동물병원,영업/정상,전북특별자치도 전주시 완산구 중화산로 100 (중화산동2가),전북특별자치도 전주시 완산구 중화산동2가 591-10 기아모터스,063-245-7975,210620.659124238,257697.355586597,2017-11-08,464100001020170005
에버펫동물병원,영업/정상,"경기도 성남시 분당구 성남대로 165, 천사의도시1 오피스텔 121호 (금곡동)",경기도 성남시 분당구 금곡동 161 천사의도시1 오피스텔 121호,031-714-1175,209524.675442983,427639.852581088,2017-11-08,378000001020170013
현대종합동물병원,영업/정상,"서울특별시 동대문구 답십리로 293, 1층 (장안동)",서울특별시 동대문구 장안동 330-2,02-2212-7596,206384.176300093,452248.684634996,2017-11-06,305000001020170003
화봉GL동물병원,영업/정상,"울산광역시 북구 화동로 11, 124동 1층 113호 (화봉동, 화봉 쌍용예가)",울산광역시 북구 화봉동 1463 화봉 쌍용예가 124동 113호,052-288-9191,414529.383714243,235091.867905033,2017-11-03,372000001020170002
동탄스케치동물병원,영업/정상,"경기도 화성시 동탄구 지산2길 12-20, 101호 (영천동)",경기도 화성시 동탄구 영천동  701-10 101호,031-373-6307,209922.366266496,411510.761789232,2017-10-24,577000001020170003
해봄동물병원,영업/정상,"서울특별시 도봉구 도봉로180길 28, 도봉투웨니퍼스트2단지 (도봉동)",서울특별시 도봉구 도봉동 62-43 도봉투웨니퍼스트2단지,,204120.986290612,464460.396523556,2017-10-24,309000001020170004
서울동물복지지원센터 동물병원,영업/정상,"서울특별시 마포구 매봉산로 31, S-PLEX CENTER 지하1층 (상암동)",서울특별시 마포구 상암동 1648 S-PLEX CENTER 지하1층,02-2124-2832,190217.044298752,452599.632380465,2017-10-23,313000001020170009
반월동물병원,영업/정상,"경기도 안산시 상록구 건건로 117, 101,102호 (건건동)",경기도 안산시 상록구 건건동 536-5,,191477.156949392,423261.231904988,2017-10-19,393000001020170003
페테리안동물병원,영업/정상,"경기도 하남시 미사강변대로226번길 48, A+구산프라자 202호 (망월동)",경기도 하남시 망월동 974 A+구산프라자 202호,031-791-0306,216349.813341714,451960.872010864,2017-10-16,404000001020170006
티어하임 동물병원,영업/정상,"세종특별자치시 새롬중앙로 47, 세움빌딩 (새롬동)",세종특별자치시 새롬동 341-92 세움빌딩,044-868-0264,222409.363563422,331570.654842345,2017-10-13,569000001020170003
다나동물병원(산업동물에 대한 출장진료를 전문으로 함.),영업/정상,"충청남도 천안시 동남구 병천면 아우내장터2길 2, 102호",충청남도 천안시 동남구 병천면 병천리 278 102호,,226243.962136893,362176.263149477,2017-10-12,565000001020170002
UN동물의료센터,영업/정상,부산광역시 남구 수영로 221 (대연동),부산광역시 남구 대연동 1745-9,051-624-2475,390487.342969125,183799.204837057,2017-10-12,331000001020170001
대영동물병원,영업/정상,전북특별자치도 김제시 콩쥐팥쥐로 53 (검산동),전북특별자치도 김제시 검산동 488-10,,191882.314872577,256338.409116064,2017-10-10,471100001020170001
안단테 동물의료센터,영업/정상,"서울특별시 강동구 양재대로 1603, 약제빌딩 1층 (천호동)",서울특별시 강동구 천호동 25-15 약제빌딩,02-476-7582,212597.785244413,449625.306070748,2017-10-10,324000001020170004
아크리스동물의료센터,영업/정상,"서울특별시 강남구 봉은사로104길 10, 3층 (삼성동, 동화빌딩)",서울특별시 강남구 삼성동 160-21 3층,02-583-7582,205401.146739192,445724.810086973,2017-09-29,322000001020170008
다나동물병원,영업/정상,"충청북도 청주시 청원구 오창읍 양청택지2길 45, 가담향빌(지하) 102호",충청북도 청주시 청원구 오창읍 양청리 720-12 가담향빌(지하) 102호,,237486.868991866,357627.307322223,2017-09-28,573500001020170002
정다운동물병원,영업/정상,"충청남도 천안시 서북구 불당25로 192, 124호 (불당동, 골든주차타워)",충청남도 천안시 서북구 불당동 1487,041-557-7553,209653.480457476,368547.512101026,2017-09-28,566000001020170002
진보동물병원,영업/정상,경상북도 청송군 진보면 진보로 102-2,경상북도 청송군 진보면 진안리 465-5 카페거기,054-872-9020,382852.153021499,338390.314992434,2017-09-27,516000001020170001
위즈펫동물병원,영업/정상,"경기도 의정부시 민락로 210, 4층 (민락동, 이마트)",경기도 의정부시 민락동 849,031-852-7502,208951.542114843,471192.156816017,2017-09-27,382000001020170003
J동물병원,영업/정상,"인천광역시 서해구 청라커낼로 270, 커낼힐스빌 107,204호 (청라동)",인천광역시 서해구 청라동 157-15 커낼힐스빌 107호,032-566-7582,,,2017-09-27,356100001020170004
펫스티벌 동물병원,영업/정상,경기도 고양시 일산동구 고양대로 885 (풍동),경기도 고양시 일산동구 풍동 660-3,070-4337-5967,181734.433427662,464096.590166562,2017-09-26,394000001020170008
더힐동물의료센터,영업/정상,"서울특별시 용산구 독서당로 81-1, 아이리스프라자 지상3층 (한남동)",서울특별시 용산구 한남동 29-6 아이리스프라자 지상3층,02-792-8275,200779.182,448049.195666666,2017-09-26,302000001020170002
런던동물병원,영업/정상,경기도 부천시 소사구 경인로 102 (송내동),경기도 부천시 소사구 송내동 385,032-611-0275,179297.673723178,442423.676580682,2017-09-25,386000001020170003
이로운동물병원,영업/정상,"부산광역시 강서구 명지국제11로 35, 103동 105호 (명지동)",부산광역시 강서구 명지동 3331-7,051-916-7575,375206.590569691,180094.117903383,2017-09-25,336000001020170001
연두동물병원,영업/정상,서울특별시 광진구 광나루로 524 (구의동),,02-455-0975,207679.128954008,449166.073716992,2017-09-25,304000001020170004
로이동물병원,영업/정상,서울특별시 성북구 아리랑로 27 (동소문동6가),서울특별시 성북구 동소문동6가 237,,201321.966979776,454782.451487203,2017-09-19,307000001020170001
BAC 바른동물병원,영업/정상,경상북도 안동시 남후면 풍산단호로 471,경상북도 안동시 남후면 단호리 1122,,343062.412483342,340333.606755525,2017-09-18,507000001020170002
굿닥터동물병원,영업/정상,"경상남도 진주시 사들로 52, 105호 (충무공동, 배제빌딩)",,055-752-3365,304585.676540417,186496.840715265,2017-09-15,531000001020170002
완도동물병원,영업/정상,"전남광주통합특별시 완도군 완도읍 장보고대로 233, 1층",전남광주통합특별시 완도군 완도읍 군내리 1263-17,,176997.236220365,90985.114887306,2017-09-14,590000001020170001
무양반려동물병원,영업/정상,"경상북도 상주시 삼백로 105, 103호 (무양동)",경상북도 상주시 무양동 55-22,054-532-7512,303530.258857824,324811.769952199,2017-09-12,511000001020170001
올스타동물의료센터,영업/정상,"서울특별시 강서구 가로공원로 198, 1층 (화곡동, 청파빌딩)",서울특별시 강서구 화곡동 371-32,20657582,185605.518716441,448315.544332387,2017-09-08,315000001020170003
가든펫동물병원,영업/정상,"서울특별시 은평구 증산로9길 26-23, 지하1층 (증산동)",서울특별시 은평구 증산동 202-27 지하1층,02-373-5555,191854.460541436,453851.965367504,2017-09-07,311000001020170003
베리떼 동물병원,영업/정상,"인천광역시 연수구 신송로 157-15, 207호 (송도동)",인천광역시 연수구 송도동 21-41 207호,032-710-4575,168796.11328418,432791.049019845,2017-09-05,352000001020170002
수호동물병원,영업/정상,강원특별자치도 영월군 영월읍 하송안길 37,강원특별자치도 영월군 영월읍 하송리 184-1,033-375-9275,330024.385884869,409856.007709491,2017-09-04,427000001020170001
시너지동물메디컬센터(인천안과동물병원),영업/정상,"인천광역시 계양구 장제로 714, 세종팰리스 1, 2층 (작전동)",인천광역시 계양구 작전동 901-3 세종팰리스,,176441.189524569,447712.239851709,2017-09-04,355000001020170004
서창덕동물병원(산업동물 출장진료 전문 동물병원),영업/정상,"경상남도 김해시 한림면 한림로 376-1, 1층",경상남도 김해시 한림면 장방리 1253-26,,363876.558578793,203898.611329841,2017-09-01,535000001020170002
나은동물병원,영업/정상,"서울특별시 강남구 개포로 243, 101호 (개포동, 흥진빌딩)",서울특별시 강남구 개포동 1259-4 101호,02-577-7582,204275.917723876,441887.673971685,2017-09-01,322000001020170007
본 동물메디컬센터 외과동물병원,영업/정상,"대구광역시 달서구 월곡로 330-1, 1,2,3층 (상인동)",대구광역시 달서구 상인동 54-6,053-634-7582,338578.001272767,259111.057699825,2017-08-30,347000001020170003
우리덕구동물병원,영업/정상,"서울특별시 은평구 진관2로 77, 205동 지하1층 B104호 (진관동, 은평뉴타운우물골)",서울특별시 은평구 진관동 83 은평뉴타운우물골 205동 B104호,02-6953-8275,193537.151289241,459136.547595152,2017-08-30,311000001020170002
24시배곧스마트동물의료센터,영업/정상,"경기도 시흥시 배곧3로 86, 센터프라자2 206,207,208,209,210,211,212호 (배곧동)",경기도 시흥시 배곧동 194-2 센터프라자2,031-432-1224,175971.233747393,429834.311801204,2017-08-29,401000001020170004
일산 클래식 동물병원,영업/정상,"경기도 고양시 일산동구 중앙로 1124, 1층 (백석동, 이마트전용관)",경기도 고양시 일산동구 백석동 1194,031-902-1375,180731.148172095,460645.088503364,2017-08-26,394000001020170007
서울동물병원,영업/정상,경상남도 창녕군 대합면 대합산업단지로 107-12,경상남도 창녕군 대합면 합리 1324,,330294.44002417,236566.395579701,2017-08-25,541000001020170001
정주산업동물병원,영업/정상,"전북특별자치도 정읍시 태인면 석지로 1273, 정주산업동물병원",전북특별자치도 정읍시 태인면 오봉리 983 정주산업동물병원,,193286.401335855,240763.060531016,2017-08-25,469100001020170001
닥터차 동물병원,영업/정상,충청남도 홍성군 홍북읍 청사로 146,충청남도 홍성군 홍북읍 신경리 587,,171259.774345941,350693.775150555,2017-08-24,460000001020170002
포레브동물의료센터,영업/정상,경기도 동두천시 행선로 55-1 (지행동),경기도 동두천시 지행동 325-13,031-858-7975,205260.056520345,487857.000812481,2017-08-24,392000001020170002
날으는 동물병원,영업/정상,"서울특별시 마포구 마포대로11길 35, 공덕 메디힐스 지하1층 (공덕동)",서울특별시 마포구 공덕동 222-2 공덕 메디힐스 지하1층,02-2135-2225,195703.349698164,449630.360348104,2017-08-18,313000001020170008
24시SNC동물메디컬센터,영업/정상,"서울특별시 강남구 논현로 416, 1층 (역삼동, 운기빌딩)",서울특별시 강남구 역삼동 727-8 1층,02-562-7582,203372.036181772,443913.729321223,2017-08-17,322000001020170006
돌봄동물병원,영업/정상,"서울특별시 강동구 고덕로 133, 2층 (암사동, 강동롯데캐슬퍼스트아파트)",서울특별시 강동구 암사동 414-18,02-426-2775,212334.9584644,450346.790651613,2017-08-14,324000001020170003
송파원동물병원,영업/정상,"서울특별시 송파구 백제고분로 432, 2층 (송파동)",서울특별시 송파구 송파동 135-2,02-419-7571,209821.471238859,445231.701403715,2017-08-14,323000001020170001
본오365동물병원,영업/정상,"경기도 안산시 상록구 석호로 302-1, 1층 (본오동)",경기도 안산시 상록구 본오동 870-7,,187883.755,421268.86,2017-08-10,393000001020170002
그루동물병원,영업/정상,"인천광역시 연수구 새말로96번길 30, 이강빌딩 101호 (연수동)",인천광역시 연수구 연수동 569-9 이강빌딩 101호,032-818-1020,171518.095241901,435203.744359546,2017-08-10,352000001020170001
24시비타민동물메디컬센터,영업/정상,"경기도 안양시 동안구 관악대로 267, 1,2층 (비산동)","경기도 안양시 동안구 비산동 1052-3 1,2층",031-465-7582,195733.881296931,433399.943545934,2017-08-03,383000001020170003
해비치동물병원,영업/정상,"부산광역시 연제구 안연로 28, 1층 (연산동, 그린주택)",,051-753-9875,391228.417591138,189893.121108608,2017-08-03,337000001020170001
더케이동물병원,영업/정상,"서울특별시 동대문구 답십리로 140, 세기프라자 2층 211호 (답십리동)",서울특별시 동대문구 답십리동 1003-2 세기프라자,02-2213-8875,204845.874285687,452243.87695363,2017-08-02,305000001020170002
24시마음든든동물병원,영업/정상,"경기도 안양시 만안구 경수대로 1234, 3층 301호 (석수동, 관악센터)",경기도 안양시 만안구 석수동 168-27,031-474-2475,,,2017-08-01,383000001020170002
티플러스동물메디컬센터,영업/정상,"충청북도 청주시 청원구 1순환로 148, 201호 (율량동)",충청북도 청주시 청원구 율량동 2067,,244292.59247411,351599.223961941,2017-07-31,573500001020170001
서울샤인동물병원,영업/정상,"경기도 용인시 수지구 신봉1로 84, 228,229호 (신봉동, 상록신봉종합상가)",경기도 용인시 수지구 신봉동 40-2,031-261-7582,206706.577957859,424640.632767579,2017-07-31,564000001020170004
국립축산과학원 축산자원개발부 동물병원,영업/정상,경기도 평택시 팽성읍 노와2길 48-16,경기도 평택시 팽성읍 노와리 270,041-580-3409,208510.003953356,382933.767243944,2017-07-27,391000001020170003
강동24시 SKY 동물의료센터,영업/정상,서울특별시 강동구 천호대로 1122 (성내동),서울특별시 강동구 성내동 244-2,02-472-7579,211949.3893613,448022.078401654,2017-07-26,324000001020170002
양주24시해든동물의료센터,영업/정상,"경기도 양주시 부흥로 1938, 오션타워 2층 2~6호 (광사동)",경기도 양주시 광사동 652-1 오션타워,031-848-9111,206811.891880144,476932.875165896,2017-07-25,559000001020170002
남창원동물병원,영업/정상,경상남도 창원시 성산구 가음로 100 (가음동),경상남도 창원시 성산구 가음동 47-2,055-287-0075,355023.673412531,190749.970254235,2017-07-21,567000001020170002
야탑서울동물병원,영업/정상,"경기도 성남시 분당구 벌말로 33, 206호 (야탑동, 일심조합상가)",경기도 성남시 분당구 야탑동 274-3,031-708-8181,212139.179238817,434331.375255336,2017-07-21,378000001020170012
펫 동물병원,영업/정상,대구광역시 수성구 달구벌대로 3144 (노변동),대구광역시 수성구 노변동 4-2,,353598.690615569,261522.944853529,2017-07-21,346000001020170002
고덕 고래힐동물병원,영업/정상,"서울특별시 강동구 아리수로50길 50 (고덕동, 래미안힐스테이트고덕 상가 2층 212,213호)","서울특별시 강동구 고덕동 688 래미안힐스테이트고덕 상가 2층 212,213호",02-441-5515,212926.089912845,450751.524331915,2017-07-21,324000001020170001
트윈스동물병원,영업/정상,서울특별시 도봉구 도봉로110다길 20 (창동),서울특별시 도봉구 창동 650-11,,202904.72398945,460332.718934406,2017-07-20,309000001020170002
24일산우리동물병원,영업/정상,"경기도 고양시 일산서구 중앙로 1455 (주엽동, 대우시티프라자)",,031-913-5550,178629.075550804,463196.23551799,2017-07-19,394000001020170006
광교 우리들동물병원,영업/정상,"경기도 수원시 영통구 에듀타운로 101, 102동 2층 210,211,212호 (이의동, 에듀하임1309오피스텔)",경기도 수원시 영통구 이의동 1352,031-256-0075,203903.941042637,420852.67583606,2017-07-18,374000001020170009
24시 숨 동물병원,영업/정상,"경기도 수원시 권선구 권선로 715, 1,2(일부)층 (권선동)",경기도 수원시 권선구 권선동 1022-7,031-548-2475,202556.937357192,417421.935882249,2017-07-18,374000001020170008
봄날동물의료센터,영업/정상,경기도 평택시 만세로 1842 (비전동),경기도 평택시 비전동 996-2,031-8054-7582,209121.123062747,389247.056156953,2017-07-14,391000001020170002
길동물병원,영업/정상,"인천광역시 서해구 가정로 375, 3층 302호 (신현동, 금강아미움)",인천광역시 서해구 신현동 303 금강아미움 302호,032-578-5119,,,2017-07-14,356100001020170002
압구정메이트동물병원,영업/정상,"서울특별시 강남구 압구정로 332 (신사동, 1층,2층)","서울특별시 강남구 신사동 660-7 1층,2층",02-540-6303,203273.515312026,447329.953691113,2017-07-14,322000001020170005
호수동물병원,영업/정상,"경기도 시흥시 월곶해안로161번길 15, 월곶Ⅱ 유호N플러스빌(상가동) 108동 110호 (월곶동)",경기도 시흥시 월곶동 1012-1 월곶Ⅱ 유호N플러스빌(상가동),031-403-0075,176480.723133451,431893.660220227,2017-07-13,401000001020170003
미래동물의료센터,영업/정상,"경기도 성남시 분당구 서현로255번길 1, 1층 (서현동)",경기도 성남시 분당구 서현동 80-1,031-705-2475,211414.975241532,431396.057503657,2017-07-13,378000001020170011
검단종합동물병원,영업/정상,"인천광역시 검단구 완정로7번길 1, 1층 (마전동)",인천광역시 검단구 마전동 1020-14,032-563-8579,,,2017-07-10,356500001020170001
타잔동물병원,영업/정상,"경기도 평택시 비전2로 192 (비전동, 메가타워)",경기도 평택시 비전동 1090-3 401호,031-651-8879,209885.201144388,388783.488286258,2017-07-05,391000001020170001
주주동물병원,영업/정상,경상남도 김해시 덕정로 85 (관동동),경상남도 김해시 관동동 590,,363407.937620717,188229.284025638,2017-07-04,535000001020170001
박지호 동물병원,영업/정상,울산광역시 울주군 삼남면 하방로 27,울산광역시 울주군 삼남면 방기리 176-6,,389524.652944104,224884.242072624,2017-07-03,373000001020170002
미엘동물병원,영업/정상,"경기도 파주시 청석로 264, 201호 (동패동, 거묵프라자)",경기도 파주시 동패동 1696-1 거묵프라자 201호,031-935-5009,175093.092934159,469277.590463923,2017-06-29,406000001020170010
죽전 쿨펫동물병원,영업/정상,"경기도 용인시 수지구 포은대로 552, 3층 (죽전동, 이마트)",경기도 용인시 수지구 죽전동 1282,031-261-7512,209673.343954233,424823.677745145,2017-06-29,564000001020170003
두암동물병원,영업/정상,"서울특별시 양천구 목동중앙북로 73, 덕수프라자 2층 (목동)",서울특별시 양천구 목동 507-2 덕수프라자,,188563.746657935,449409.143621821,2017-06-28,314000001020170005
와우 동물병원,영업/정상,서울특별시 마포구 월드컵북로 167 (성산동),서울특별시 마포구 성산동 200-24,02-375-1963,191960.99393129,451640.695752773,2017-06-28,313000001020170006
한솔 동물병원,영업/정상,인천광역시 계양구 경명대로 1109 (계산동),인천광역시 계양구 계산동 918-2,,176092.127367002,449067.846567806,2017-06-27,355000001020170003
에버그린 펫 클리닉,영업/정상,"전북특별자치도 익산시 동서로63길 4 (어양동, 하모니시티)",,,198830.443061898,272513.112450942,2017-06-24,468100001020170001
본리종합동물병원,영업/정상,대구광역시 달서구 용산로 52 (장기동),대구광역시 달서구 장기동 566-4,053-567-8275,338237.896959912,261308.005600842,2017-06-22,347000001020170002
나음동물병원,영업/정상,"제주특별자치도 제주시 연북로 18, 노형이타스 2 (노형동)",제주특별자치도 제주시 노형동 711-5 노형이타스 2,064-747-7585,151883.776541734,-1512.37303279846,2017-06-21,651000001020170004
슈슈 동물병원,영업/정상,대전광역시 유성구 월드컵대로316번길 9 (상대동),대전광역시 유성구 상대동 454-4,,230035.907499722,316382.569047937,2017-06-20,367000001020170002
신한동물병원,영업/정상,"대구광역시 북구 침산로21길 23 (칠성동2가, 침산1차푸르지오)",대구광역시 북구 칠성동2가 2-2,053-352-1998,343318.955676373,266167.784875118,2017-06-20,345000001020170001
다온동물병원,영업/정상,"세종특별자치시 한누리대로 2012, 코끼리타워 (소담동)",세종특별자치시 소담동 37-3 코끼리타워,044-865-7579,226798.938789094,331630.096443848,2017-06-19,569000001020170002
보드미동물병원,영업/정상,경기도 구리시 갈매중앙로55번길 107 (갈매동),,031-572-7571,210208.472837594,458719.125304366,2017-06-16,398000001020170004
정담 동물병원,영업/정상,"대전광역시 서구 신갈마로 260, 1층 (갈마동)",대전광역시 서구 갈마동 791-3,,233195.334368293,317322.500582637,2017-06-15,366000001020170001
해운대 24시 동물의료원,영업/정상,"부산광역시 해운대구 양운로 45, 해운대베르나움 101, 111호 (좌동)",부산광역시 해운대구 좌동 1476-1 해운대베르나움,,398251.781075537,187524.318520291,2017-06-14,333000001020170002
유동물의료센터,영업/정상,부산광역시 북구 만덕대로 41 (덕천동),부산광역시 북구 덕천동 381-7,,382906.335406306,192089.322149114,2017-06-14,332000001020170002
수현동물병원,영업/정상,경상북도 구미시 선산읍 성황6길 23,경상북도 구미시 선산읍 이문리 603-3,,315823.090847427,304826.526338858,2017-06-12,508000001020170001
그레이트 동물병원,영업/정상,"경기도 성남시 분당구 정자로 80, 1층 (정자동, 정자프라자)",경기도 성남시 분당구 정자동 126-2,031-716-7975,210010.149418128,429016.742490449,2017-06-09,378000001020170010
나은동물병원,영업/정상,"경기도 파주시 새꽃로 207 (아동동, 나은동물병원)",경기도 파주시 아동동 351-14,031-944-8288,180132.241859031,473738.591713575,2017-06-08,406000001020170009
스칸디동물병원,영업/정상,"경기도 성남시 수정구 위례광장로 70, 상가동 2층 201호 (창곡동, 위례 아트리버 푸르지오 1단지)",경기도 성남시 수정구 창곡동 530 위례 아트리버 푸르지오 1단지 상가동 201호,031-759-7579,212427.289239575,440923.145827575,2017-06-08,378000001020170009
도담동물병원,영업/정상,"전북특별자치도 군산시 수송로 291, 2층 (미장동)",전북특별자치도 군산시 미장동 501-11,063-452-6700,175356.71,273819.675,2017-06-07,467100001020170002
24시 수유 바른펫 동물의료센터,영업/정상,"서울특별시 강북구 노해로 65, 1, 2층 (수유동, 리안스페이스)","서울특별시 강북구 수유동 39-10 1, 2층",02-903-7582,201895.657015169,459898.768983751,2017-06-05,308000001020170001
뿌리동물병원,영업/정상,충청남도 공주시 유구읍 중앙1길 88,충청남도 공주시 유구읍 석남리 275-10,,195555.616425175,339041.291251753,2017-06-02,450000001020170002
쿨펫동물병원 광교이마트점,영업/정상,"경기도 수원시 영통구 광교로 191, 3층 (이의동)",경기도 수원시 영통구 이의동 1240,031-211-7782,204159.790041271,421622.575799907,2017-06-01,374000001020170007
분당필동물병원,영업/정상,경기도 성남시 분당구 금곡로15번길 1 (구미동),경기도 성남시 분당구 구미동 125-3,031-718-7575,209743.913477779,426872.615569616,2017-05-30,378000001020170007
마이펫 동물병원,영업/정상,대전광역시 중구 계백로 1608 (유천동),대전광역시 중구 유천동 185-42,042-581-7555,235741.29059759,313150.772775119,2017-05-30,365000001020170001
금강동물병원(출장진료전문병원),영업/정상,전남광주통합특별시 함평군 학교면 고막천로 601-16,전남광주통합특별시 함평군 학교면 고막리 545,,162331.483406378,170339.438382212,2017-05-29,588500001020170003
신통방통 동물병원,영업/정상,인천광역시 계양구 계양대로 96 (작전동),인천광역시 계양구 작전동 863,032-552-3369,175439.143506224,447831.536994415,2017-05-29,355000001020170002
뮤동물병원,영업/정상,"세종특별자치시 노을1로 16 (한솔동, 첫마을2단지)",세종특별자치시 한솔동 946 첫마을2단지,044-868-2542,223277.394124943,331095.331572596,2017-05-26,569000001020170001
24시동탄윌동물의료센터,영업/정상,"경기도 화성시 동탄구 동탄반석로 156 (반송동, 동탄하이페리온)",경기도 화성시 동탄구 반송동  93-9,031-831-3531,206282.047890313,411164.141856201,2017-05-26,577000001020170002
형동물병원(출장전문),영업/정상,전남광주통합특별시 나주시 봉황면 금봉로 443,전남광주통합특별시 나주시 봉황면 장성리 698-11,,180469.213185528,164152.290058639,2017-05-25,579500001020170001
국립축산과학원 가금연구센터,영업/정상,"강원특별자치도 평창군 대관령면 대관령마루길 321-11, 가금연구센터",강원특별자치도 평창군 대관령면 횡계리 20 가금연구센터,033-330-9500,353309.798622577,466092.547025292,2017-05-25,428000001020170001
숲속동물병원,영업/정상,"인천광역시 영종구 자연대로 40, 109호 (중산동, 비젼프라자II)",인천광역시 영종구 중산동 1886-20,032-752-4575,,,2017-05-24,349100001020170001
하나동물병원,영업/정상,전남광주통합특별시 해남군 해남읍 남부순환로 78,전남광주통합특별시 해남군 해남읍 고도리 84-7,061-532-7582,163491.973384506,118668.606868075,2017-05-23,587000001020170001
야당동물병원,영업/정상,"경기도 파주시 경의로 1100, 201호 (야당동, 연세프라자)",경기도 파주시 야당동 1074-2 201호,031-948-7579,178782.178430861,468126.56543236,2017-05-23,406000001020170008
이리온 동물메디컬센터,영업/정상,경기도 남양주시 진접읍 해밀예당3로 167,경기도 남양주시 진접읍 장현리 240-3,031-575-9725,216855.625045042,468934.233532807,2017-05-23,399000001020170002
신길 온동물병원,영업/정상,"서울특별시 영등포구 신풍로 77, 상가동 C119호 (신길동, 래미안에스티움)",서울특별시 영등포구 신길동 2039 상가동 C119호,02-848-7975,192287.059579022,444303.222020427,2017-05-22,318000001020170004
강앤정 동물병원,영업/정상,"서울특별시 서대문구 가재울미래로 2, 204동 1층 102-2,103-1호 (남가좌동, DMC파크뷰자이)",서울특별시 서대문구 남가좌동 385 DMC파크뷰자이,02-305-7505,192672.067512964,452221.960661496,2017-05-19,312000001020170001
화정힐동물병원,영업/정상,"전남광주통합특별시 서구 화정로 211 (화정동, 유니버시아드힐스테이트2단지)",전남광주통합특별시 서구 화정동 1610,062-382-8575,188962.662317373,183033.510997011,2017-05-18,581000001020170002
힐링힐스 동물 치과병원,영업/정상,경기도 성남시 분당구 동판교로52번길 9-11 (백현동),경기도 성남시 분당구 백현동 603-3,031-708-0078,210156.255173194,431705.619218368,2017-05-18,378000001020170005
로얄동물암치료센터,영업/정상,"서울특별시 중랑구 동일로 640, 지하 2층 (면목동)",서울특별시 중랑구 면목동 146-75,02-6215-3416,207017.81527047,453914.639780644,2017-05-18,306000001020170001
고양 우리아이 동물병원,영업/정상,"경기도 고양시 덕양구 혜음로 54, 1층 (고양동)",경기도 고양시 덕양구 고양동 162,031-965-0079,191332.678957446,467000.835476001,2017-05-16,394000001020170004
경상북도 야생동물 치료관리센터,영업/정상,경상북도 안동시 도산면 퇴계로 2150-44,,054-840-8251,363148.472752383,357671.966196161,2017-05-12,507000001020120001
서산동물병원,영업/정상,충청남도 서산시 예천9로 5-1(예천동),충청남도 서산시 예천동 1643,041-667-5525,150979.825618567,362958.103840334,2017-05-12,453000001020170001
힐스동물병원,영업/정상,경상남도 양산시 물금읍 신주3길 8,경상남도 양산시 물금읍 범어리 2799-4,055-388-8275,383077.020314401,206030.581237181,2017-05-10,538000001020170004
24시 더케어 동물의료센터,영업/정상,"경기도 구리시 경춘로 294, 1층-3층 (수택동)",경기도 구리시 수택동 561-2,031-516-8585,212941.971803614,455671.937359347,2017-05-08,398000001020170003
갈매동물병원,영업/정상,"경기도 구리시 갈매중앙로 70, 202호 (갈매동, 이룸넘버원리치안)",,031-529-5088,210263.687520847,458669.198978065,2017-05-02,398000001020170002
부평종합동물의료센터,영업/정상,"인천광역시 부평구 부평대로 138, 204-2, 205-2, 206-210호 (부평동)","인천광역시 부평구 부평동 431-12 204-2, 205-2, 206-210호",032-511-6836,175349.494057685,444655.632794312,2017-05-02,354000001020170004
수원종합동물병원,영업/정상,"경기도 수원시 영통구 중부대로 263, 2층 (원천동)",경기도 수원시 영통구 원천동 79-9,031-214-5527,203902.698602323,419199.248426696,2017-05-01,374000001020170006
권오성동물병원,영업/정상,울산광역시 남구 중앙로 282 (신정동),울산광역시 남구 신정동 479-7,,409428.332068421,229802.184904901,2017-04-27,370000001020170001
훈 동물병원,영업/정상,"경기도 부천시 소사구 송내대로 14, 송내역 파인 푸르지오 2단지 (송내동)",경기도 부천시 소사구 송내동 315-3 송내역 파인 푸르지오 2단지,032-526-5500,178179.102667875,442505.117717451,2017-04-26,386000001020170001
광교호수 동물병원,영업/정상,"경기도 용인시 수지구 광교마을로 91, 102,103호 (상현동)",경기도 용인시 수지구 상현동 1130-2,031-212-7515,206551.740008927,421754.640666302,2017-04-25,564000001020170001
녹양돌봄동물병원,영업/정상,"경기도 의정부시 비우로 100, 1층 (녹양동)",경기도 의정부시 녹양동 326-5,,203269.332625966,472857.46914463,2017-04-25,382000001020170002
양산에스동물메디컬센터,영업/정상,"경상남도 양산시 물금읍 증산역로 174, 201,202호 (일선프라자)","경상남도 양산시 물금읍 증산리 1776-2 201,2호",055-382-2475,382602.981547031,202858.579657661,2017-04-24,538000001020170003
중산동물병원,영업/정상,"울산광역시 울주군 삼남면 향교로 164, 2층 202호 (울산 교동 리슈빌아파트)",울산광역시 울주군 삼남면 교동리 1555-1 울산 교동 리슈빌아파트 상가2층 202호,,391566.881701829,231231.849543119,2017-04-24,373000001020170001
웰빙동물병원,영업/정상,"경기도 수원시 영통구 웰빙타운로 47, 2층 202호 (이의동)",경기도 수원시 영통구 이의동 1201 202호,031-212-5567,204026.791121512,422569.243269316,2017-04-20,374000001020170005
국립축산과학원 난지축산연구센터 동물병원,영업/정상,"제주특별자치도 제주시 산록북로 593-40, 제17호 건물 (오등동)",제주특별자치도 제주시 오등동 산 175,,157954.005649184,-7066.41409498105,2017-04-17,651000001020170003
한마음 동물의료센터,영업/정상,"경기도 수원시 장안구 수성로 300, 1층 (영화동, 동광빌딩)",경기도 수원시 장안구 영화동 390-19,031-244-0117,200383.673322629,421006.410378185,2017-04-17,374000001020170004
봄동물병원,영업/정상,경기도 용인시 기흥구 서천서로12번길 4-8 (서천동),경기도 용인시 기흥구 서천동 730-2,031-203-4727,206494.839371894,415403.690102072,2017-04-14,563000001020170002
미사늘봄동물병원,영업/정상,"경기도 하남시 미사강변북로30번길 104, 1층 (망월동)",경기도 하남시 망월동 997-1,031-793-8875,216178.345519712,451825.514864141,2017-04-14,404000001020170004
함평축협동물병원,영업/정상,전남광주통합특별시 함평군 학교면 함장로 1202-118,,,,,2017-04-12,588500001020170002
숲속동물병원,영업/정상,"경기도 시흥시 삼미시장1길 39, 1층 (신천동)",경기도 시흥시 신천동 743 1층,031-317-8275,180628.320803485,437701.073169699,2017-04-11,401000001020170002
조은동물병원,영업/정상,"경기도 수원시 팔달구 화양로 21-2, 1층 (화서동)",경기도 수원시 팔달구 화서동 135-1,031-242-7585,199712.32396596,419798.253921532,2017-04-11,374000001020170003
신세계동물병원,영업/정상,경상북도 영주시 시청로 20 (휴천동),,,344891.431660949,368629.703887928,2017-04-10,509000001020170002
24시 서울 탑 동물병원,영업/정상,"서울특별시 양천구 신월로 326, 2,3층 (신정동)",서울특별시 양천구 신정동 1027-2,02-2601-8875,187310.712769643,446579.81892943,2017-04-10,314000001020170004
천안모아동물병원,영업/정상,"충청남도 천안시 서북구 불당34길 26, 1층 9,10,11호 (불당동)",충청남도 천안시 서북구 불당동 1817,041-554-7700,209444.88400943,367328.91793023,2017-04-07,566000001020170001
함양동물병원,영업/정상,"경상남도 함양군 함양읍 용평중앙길 43, 1층 105호",경상남도 함양군 함양읍 용평리 628-7 105호,055-963-8875,266266.293977497,224642.317049675,2017-04-06,546000001020170001
문동물병원(출장진료전문병원),영업/정상,"충청북도 충주시 대소원면 용관길 16, 1층",충청북도 충주시 대소원면 만정리 43-17,,277597.566900829,384805.797723654,2017-04-06,439000001020170001
김세영 Poultry Clinic「산업동물 출장진료 전문」,영업/정상,경기도 이천시 신둔면 경충대로 3166,경기도 이천시 신둔면 수광리 274-6,,235597.86489299,423084.123206338,2017-04-06,407000001020170001
주주종합동물병원,영업/정상,"인천광역시 부평구 경인로 1069, 1층 (부개동)",인천광역시 부평구 부개동 301-38,032-505-7262,176841.374607554,442772.511822383,2017-04-05,354000001020170002
원동물병원,영업/정상,"서울특별시 강남구 역삼로 459, 한상빌딩 1층 (대치동)",서울특별시 강남구 대치동 903-12 한상빌딩,02-555-6835,204998.941370734,444519.199406083,2017-04-05,322000001020170004
365동물병원 분당점,영업/정상,"경기도 성남시 분당구 미금일로90번길 32, 125호 (구미동)",경기도 성남시 분당구 구미동 30 125호,,209717.597753564,427437.271199733,2017-04-04,378000001020170003
울산착한동물병원,영업/정상,"울산광역시 북구 매곡산업로 177, 102호 (매곡동)",울산광역시 북구 매곡동 230 102호,052-291-1190,413866.575419883,240278.87124788,2017-03-31,372000001020170001
동물병원 돌봄,영업/정상,"경기도 성남시 분당구 서판교로 160, 101호 (판교동, 스타식스밸리)",경기도 성남시 분당구 판교동 497 101호,80165559,208324.048573148,433133.481483169,2017-03-30,378000001020170002
닥터김 동물병원,영업/정상,"경기도 수원시 영통구 봉영로 1623, 124호 (영통동, 드림피아빌딩)",경기도 수원시 영통구 영통동 958-1 124호,031-203-8277,206556.351819145,417113.766621288,2017-03-30,374000001020170002
금천 24시 K동물의료센터,영업/정상,"서울특별시 금천구 시흥대로 251 (시흥동, 도일산호시티빌)",서울특별시 금천구 시흥동 999-1,02-808-2475,191041.238206348,439333.421297264,2017-03-28,317000001020170002
쿨펫동물병원,영업/정상,"서울특별시 광진구 아차산로 272 (자양동, 이마트 자양점)",,02-2024-1253,206349.675048285,448396.939704285,2017-03-28,304000001020170002
치유동물병원,영업/정상,"충청남도 천안시 동남구 봉정로 6, 2층 (봉명동)",충청남도 천안시 동남구 봉명동 32-1,041-900-7582,212375.366637358,366828.810980111,2017-03-27,565000001020170001
24시 글로리 동물병원,영업/정상,서울특별시 금천구 시흥대로 483 (독산동),서울특별시 금천구 독산동 145-13,02-855-8575,190933.4318253,441622.967829008,2017-03-27,317000001020170001
호크마 동물병원,영업/정상,제주특별자치도 제주시 동제원길 80 (화북일동),제주특별자치도 제주시 화북일동 4144-6,,159166.915304014,2882.78516052236,2017-03-23,651000001020170002
신세계동물의료센터,영업/정상,경상남도 양산시 물금읍 새실로 159 (나래메트로시티),경상남도 양산시 물금읍 가촌리 1280-4 나래메트로시티 A동 201호,055-367-9123,382212.84247479,203607.237558395,2017-03-23,538000001020170002
세종팜스,영업/정상,충청남도 공주시 장척로 76 (송선동),충청남도 공주시 송선동 50-8,,215557.374519635,331602.860117056,2017-03-23,450000001020170001
바론동물병원,영업/정상,"서울특별시 동대문구 이문로 136, 2층 208호 (이문동, 이문동 웰츠타워)",서울특별시 동대문구 이문동 292-10 이문동 웰츠타워,02-965-0075,205396.363734301,455131.683241064,2017-03-23,305000001020170001
24시 올리몰스 동물메디컬센터,영업/정상,전북특별자치도 전주시 덕진구 송천중앙로 213 (송천동1가),전북특별자치도 전주시 덕진구 송천동1가 809-3,063-275-7979,210872.39714432,262878.736900303,2017-03-22,464100001020170002
봉선아이동물메디컬센터,영업/정상,전남광주통합특별시 남구 봉선로 77(봉선동),전남광주통합특별시 남구 봉선동 1156-9,062-412-7500,191342.179225703,180848.532080648,2017-03-20,581500001020170004
진량동물병원,영업/정상,경상북도 경산시 성암로9길 7 (옥산동),경상북도 경산시 옥산동 849-1,,355499.684205139,259511.268234908,2017-03-20,513000001020170002
다솜동물병원,영업/정상,"충청북도 진천군 진천읍 중앙동로 21, 2층",충청북도 진천군 진천읍 교성리 51-8,,239508.847914902,372355.891947469,2017-03-20,445000001020170001
나을동물병원,영업/정상,"서울특별시 동작구 사당로 196, 1층 102호 (사당동, 거묵프리미엄 상가)",서울특별시 동작구 사당동 248-5,02-521-5775,197267.513868619,442526.629721158,2017-03-20,319000001020170001
함께하는 동물병원,영업/정상,"경기도 용인시 기흥구 마북로 164, A동 1층 1,2호 (마북동, 테라스가든A빌딩)",경기도 용인시 기흥구 마북동 182,031-275-6549,210951.81305383,422446.8170224,2017-03-17,563000001020170001
이든동물병원,영업/정상,"전남광주통합특별시 북구 설죽로 471, 101-102 (삼각동)",전남광주통합특별시 북구 삼각동 780-1,062-576-7585,190722.965198995,189129.940908646,2017-03-16,582000001020170002
원흥동물의료센터,영업/정상,"경기도 고양시 덕양구 도래울로 40, 201호 (도내동, 예승골드프라자)",경기도 고양시 덕양구 도내동 1087 201호,031-966-3328,188350.18632616,458565.21352114,2017-03-14,394000001020170002
공감동물메디컬센터,영업/정상,"전남광주통합특별시 광산구 장신로 72, 301, 302호 (장덕동)",전남광주통합특별시 광산구 장덕동 1658,062-716-2979,183351.081181657,187937.97470028,2017-03-13,582500001020170002
이룸외과동물병원,영업/정상,전남광주통합특별시 남구 금화로 376 (주월동),전남광주통합특별시 남구 주월동 621-1,062-714-1755,189619.301581809,182462.455929236,2017-03-13,581500001020170003
이솝동물메디컬,영업/정상,경상남도 진주시 남강로309번길 20 (평거동),경상남도 진주시 평거동 933,055-748-7500,296722.786486996,186104.732576423,2017-03-13,531000001020170001
풍산동물병원,영업/정상,경상북도 안동시 풍산읍 풍산태사로 1077-2,,054-858-5120,340964.368000631,342915.199501652,2017-03-09,507000001020160001
나라동물병원,영업/정상,"경기도 동두천시 정장로 20-6, 3층 (생연동)",경기도 동두천시 생연동 660-47,,204570.818233677,489074.026591607,2017-03-08,392000001020170001
담은동물병원,영업/정상,"서울특별시 은평구 통일로 796, 상가동 128호, 228호 (불광동, 북한산 힐스테이트7차)","서울특별시 은평구 불광동 643 북한산 힐스테이트7차 상가동 128호, 228호",02-356-9475,193457.698457409,457135.217659827,2017-03-08,311000001020170001
베이동물병원,영업/정상,"서울특별시 용산구 이촌로 248, 11동 102호 (이촌동, 한강맨션)",서울특별시 용산구 이촌동 300-23 한강맨션 11동 102호,02-749-7588,197722.571038558,446344.591216568,2017-03-08,302000001020170001
FM 동물메디컬센터,영업/정상,"경기도 고양시 덕양구 화중로 76, 102,103호 (화정동, 대감빌딩)",경기도 고양시 덕양구 화정동 970-1 대감빌딩,031-979-7975,185023.143470242,459077.395478509,2017-03-07,394000001020170001
서재동물병원,영업/정상,대구광역시 달성군 다사읍 서재로 140,대구광역시 달성군 다사읍 서재리 134-1,,335187.054817072,265018.176179205,2017-03-07,348000001020170001
마곡나무 동물병원,영업/정상,"서울특별시 강서구 마곡중앙1로 72, 1014동 103호 (마곡동, 마곡엠밸리10단지)",서울특별시 강서구 마곡동 747 1014동 103호,26617515,183968.906835987,450822.830988735,2017-03-06,315000001020170001
라움동물병원,영업/정상,"경기도 김포시 태장로 820, 101호 (장기동, 엠프라자)",경기도 김포시 장기동 2080-2,,171422.233814788,459441.250140905,2017-03-03,409000001020170002
오남동물병원,영업/정상,경기도 남양주시 오남읍 진건오남로 865,경기도 남양주시 오남읍 양지리 498-5,031-575-7598,217401.124350336,466684.778247771,2017-03-02,399000001020170001
이선동물병원,영업/정상,경상북도 포항시 북구 새천년대로1076번길 2 (두호동),경상북도 포항시 북구 두호동 1103-1,054-241-1003,413619.546273022,287493.341413243,2017-02-27,502000001020170001
안양비산동물병원,영업/정상,"경기도 안양시 만안구 태평로52번길 37, 201호,202호 (안양동)",경기도 안양시 만안구 안양동 1390-5,031-446-6575,,,2017-02-27,383000001020170001
정다운동물병원,영업/정상,"경기도 시흥시 중심상가로 146, 105호 (정왕동, 한일프라자)",경기도 시흥시 정왕동 1731-1 105호,031-498-7582,176178.31945847,427223.954898429,2017-02-24,401000001020170001
함께하는 동물병원,영업/정상,경상북도 경산시 압량읍 화랑로 290,경상북도 경산시 압량읍 신대리 465,,359232.158152348,261452.000159322,2017-02-23,513000001020170001
센텀동물병원,영업/정상,"경상남도 창원시 진해구 여좌로 8 (여좌동, 센텀종합동물병원)",경상남도 창원시 진해구 여좌동 925-40,055-541-0075,351730.498858409,185016.890667689,2017-02-22,567000001020170001
아마존 동물병원,영업/정상,"인천광역시 계양구 장제로 873, 101호 (임학동)",인천광역시 계양구 임학동 67-7 101호,032-555-7502,176797.775577193,449237.810699217,2017-02-22,355000001020170001
물빛동물병원,영업/정상,"인천광역시 남동구 서창남로 71, 101,102호 (서창동)",인천광역시 남동구 서창동 687-1,,177667.266198282,435965.810165822,2017-02-21,353000001020170001
바른동물병원,영업/정상,"전남광주통합특별시 서구 하남대로 704 (동천동, 지선빌딩)",전남광주통합특별시 서구 동천동 630,062-523-5353,188052.763794438,185810.485228046,2017-02-20,581000001020170001
한성동물병원,영업/정상,경상북도 영주시 대학로164번길 8 (가흥동),,,343481.783806194,368913.343028457,2017-02-17,509000001020170001
이든동물의료센터,영업/정상,"서울특별시 영등포구 양평로 5, 1,2층 (당산동5가, 성원빌딩)","서울특별시 영등포구 당산동5가 11-30 1,2층",02-2635-2475,191537.003577809,447765.030228458,2017-02-16,318000001020170003
라온 반려 동물병원,영업/정상,"충청남도 태안군 태안읍 중앙로 144, 1층 (동안아파트)",충청남도 태안군 태안읍 동문리 342-3,041-675-4675,137775.334679533,361217.802645411,2017-02-15,462000001020170001
파트너 동물의료센터,영업/정상,"경기도 화성시 동탄구 동탄순환대로 708, 1동 204호 (영천동)",경기도 화성시 동탄구 영천동  681-1,031-8055-8440,209731.902478797,411794.295446047,2017-02-14,577000001020170001
패밀리동물병원,영업/정상,강원특별자치도 원주시 봄마중길 2-4 (반곡동),강원특별자치도 원주시 반곡동 1875-4,033-743-8119,286899.45894964,425286.750066293,2017-02-14,419000001020170002
운정한빛동물병원,영업/정상,"경기도 파주시 경의로 1068, 101.201,202호 (야당동, 삼융프라자)",경기도 파주시 야당동 1066-2,031-944-7179,178739.876125273,467820.837298036,2017-02-12,406000001020170004
여의도 동물병원,영업/정상,"서울특별시 영등포구 국제금융로 108, 4층 (여의도동, 미라클빌딩)",서울특별시 영등포구 여의도동 53-3 미라클빌딩 4층,02-783-7580,194056.681860495,446279.083804498,2017-02-07,318000001020170002
한국동물혈액은행 동물병원,영업/정상,강원특별자치도 속초시 번영로129번길 7-17 (동명동),강원특별자치도 속초시 동명동 513-86,,338959.79949003,524178.886879206,2017-02-06,423000001020170001
봄이온동물병원,영업/정상,"대구광역시 동구 경안로 847, 1층 107~109호 (각산동)",대구광역시 동구 각산동 1035-6,053-962-3264,354683.341215222,265567.542225793,2017-02-03,342000001020170001
늘사랑 양한방 동물병원,영업/정상,전남광주통합특별시 여수시 무선로 179 (선원동),전남광주통합특별시 여수시 선원동 1269-4,061-686-0275,259663.096648532,142159.779042745,2017-02-02,578500001020170002
현대동물병원,영업/정상,"인천광역시 부평구 경원대로 1286, 101,201호 (부평동, 부평메디아나센터)",인천광역시 부평구 부평동 274-21,032-521-6578,174450.871453336,443175.254409704,2017-02-02,354000001020170001
샘마루동물병원,영업/정상,"강원특별자치도 원주시 지정면 신지정로 153-46, 1층",강원특별자치도 원주시 지정면 가곡리 1427-2,033-747-5002,277960.040029803,430674.860466119,2017-01-31,419000001020170001
우진동물병원(출장진료전문병원),영업/정상,경상북도 영천시 최무선로 233 (성내동),경상북도 영천시 성내동 146-1,,373694.061972668,275505.41919579,2017-01-26,510000001020170001
푸른숲 동물병원,영업/정상,"서울특별시 마포구 월드컵로 98 (서교동, 서현빌딩 1층)",서울특별시 마포구 서교동 5-2,02-335-7577,191913.193127084,450573.671212346,2017-01-26,313000001020170001
파주24시동물병원,영업/정상,"경기도 파주시 교하로 87, 201호 (목동동, 삼성프라자)",경기도 파주시 목동동 941-1 삼성프라자 201호,,176475.078366768,469496.975550397,2017-01-25,406000001020170002
미사마이펫,영업/정상,"경기도 하남시 미사강변한강로158번길 56, 1층 102호 (망월동)",경기도 하남시 망월동 843-16,031-795-7590,216676.699181135,452561.776563502,2017-01-25,404000001020170002
파라곤동물병원,영업/정상,"서울특별시 광진구 광나루로 361, 2동 103호 (군자동, 광진동양파라곤)",,02-498-7588,206091.938587177,449581.249922815,2017-01-25,304000001020170001
미사숲동물의료센터,영업/정상,"경기도 하남시 미사강변대로 222, 2층 202호 (망월동, 미사중앙프라자)",경기도 하남시 망월동 966,031-791-7579,216205.094485918,451928.707292936,2017-01-19,404000001020170001
바라봄동물병원,영업/정상,"서울특별시 성동구 왕십리로 410, 127동 지하층 030호 (하왕십리동, 센트라스)",,02-2297-9300,202372.912023599,451536.680876573,2017-01-19,303000001020170001
서울동물병원,영업/정상,경기도 성남시 중원구 희망로 442 (금광동),경기도 성남시 중원구 금광동 7,,213893.624911779,438041.173983934,2017-01-18,378000001020170001
다온동물병원,영업/정상,서울특별시 양천구 중앙로 230 (신정동),서울특별시 양천구 신정동 1052-3,02-2643-8204,187079.375126738,446116.629313272,2017-01-18,314000001020170001
다나은 동물병원,영업/정상,"전남광주통합특별시 광산구 첨단강변로99번길 34, 1층 101호 (쌍암동, 루빌코리아)",전남광주통합특별시 광산구 쌍암동 694-45 루빌코리아 101호,062-971-1275,186342.612871699,190737.889023451,2017-01-16,582500001020170001
동물병원 HADA,영업/정상,"경기도 김포시 김포한강8로 398, 204호 (구래동, 지오플러스)",,031-8049-8875,166808.189992443,460158.456504123,2017-01-15,409000001020170001
파주365동물의료센터,영업/정상,"경기도 파주시 책향기로 573, 2층 206호 (목동동, 월드타워3)",경기도 파주시 목동동 939-4 월드타워 206호,031-945-5365,176514.152593411,469512.639828016,2017-01-14,406000001020170001
반여착한동물병원,영업/정상,"부산광역시 해운대구 선수촌로 65-19, 농협반여동지점 2층 (반여동)",부산광역시 해운대구 반여동 1465-57 농협반여동지점,051-927-7575,392797.465071889,190989.374771264,2017-01-13,333000001020170001
동호동물병원,영업/정상,경상남도 의령군 의령읍 백산로3길 3,경상남도 의령군 의령읍 동동리 1048-3,055-572-6001,314978.609283654,203222.403871936,2017-01-12,539000001020170001
예담동물병원,영업/정상,"대전광역시 유성구 원신흥로55번길 6-4, 1층 (원신흥동)",대전광역시 유성구 원신흥동 507-1 1층,,230657.814287486,315361.929345772,2017-01-11,367000001020170001
라파동물병원,영업/정상,"대구광역시 달서구 장기로 245, 1층 (장기동)",대구광역시 달서구 장기동 555-18,053-557-7582,338474.594846011,261434.862346349,2017-01-11,347000001020170001
오아시스 정형외과 신경외과 동물병원,영업/정상,"경기도 수원시 영통구 센트럴타운로 107, 204동 2-06,2-07,2-08,2-09호 (이의동, 광교푸르지오월드마크,월드스퀘어)",경기도 수원시 영통구 이의동 1331 광교 푸르지오 월드마크 204동,031-215-7474,204219.521658448,421105.173167299,2017-01-10,374000001020170001
대치수동물병원,영업/정상,"서울특별시 강남구 삼성로 212 (대치동, 은마상가 1층 B120, B121)","서울특별시 강남구 대치동 316 1통2반 은마상가 1층 B120, B121 101동 801호",02-539-3339,205707.089399978,443914.194133105,2017-01-09,322000001020170002
길동물병원,영업/정상,전남광주통합특별시 남구 서문대로 763 (주월동),전남광주통합특별시 남구 주월동 404-15 길동물병원,,190564.168589046,180932.714817726,2017-01-06,581500001020170001
시그니처 동물의료센터,영업/정상,"서울특별시 강남구 도산대로 213 (신사동, 1층, 지하1층)",서울특별시 강남구 신사동 587-13 1층 지하1층,02-549-0275,202580.58909147,446499.582136322,2017-01-06,322000001020170001
사단법인 한국동물구조관리협회 동물병원,영업/정상,경기도 양주시 남면 감악산로 63-37,경기도 양주시 남면 상수리 410-1,031-867-9119,198456.230853409,485280.245240617,2017-01-03,559000001020170001
양구동물병원,영업/정상,강원특별자치도 양구군 국토정중앙면 춘양로 3592,강원특별자치도 양구군 국토정중앙면 가오작리 1092,033-481-2618,291692.930102291,514281.679433756,2017-01-03,432000001020170001
쿨펫동물병원 동구점,영업/정상,"울산광역시 동구 방어진순환도로 637 (일산동, 홈플러스)",울산광역시 동구 일산동 577-1,052-232-3567,420194.506233977,224850.32369301,2017-01-01,371000001020170001
기흥동물병원,영업/정상,"경기도 용인시 기흥구 구성로 111, 102호 (언남동, 채러티디벨로퍼(주))",경기도 용인시 기흥구 언남동 242-4 102호,031-287-9900,210696.022462022,421283.214082481,2016-12-30,563000001020160002
닥터표동물병원,영업/정상,"서울특별시 강동구 올림픽로 566, 1층 (성내동)",서울특별시 강동구 성내동 322-7 1층,02-484-4063,210666.544542252,447767.967685704,2016-12-29,324000001020160005
새만금동물병원,영업/정상,전북특별자치도 부안군 부안읍 오리정로 52,전북특별자치도 부안군 부안읍 서외리 455-72,,175269.888965363,247043.184639437,2016-12-28,479100001020160001
캣츠앤독스 동물병원,영업/정상,제주특별자치도 서귀포시 일주동로 8621 (동홍동),제주특별자치도 서귀포시 동홍동 461-7,064-733-0079,159594.310434804,-26773.7901854768,2016-12-27,652000001020160005
참좋은동물병원,영업/정상,서울특별시 은평구 백련산로 29 (응암동),서울특별시 은평구 응암동 244-212,02-3152-0075,193081.852188715,453992.56368201,2016-12-27,311000001020160005
한사랑동물병원,영업/정상,경상북도 예천군 예천읍 시장로 31-1,경상북도 예천군 예천읍 남본리 245-25,054-655-7579,329439.271615171,351210.533532864,2016-12-26,523000001020160002
명동물병원,영업/정상,"충청남도 아산시 번영로 83, 명종합동물병원 (온천동)",충청남도 아산시 온천동 1353 명종합동물병원,041-549-2222,199924.051461392,365060.138585778,2016-12-26,452000001020160005
선동물병원(출장진료전문),영업/정상,"충청남도 아산시 번영로216번길 36, 30호 (모종동, 신정아파트)",충청남도 아산시 모종동 580-3 신정아파트 상가 30호,,201129.60178488,364440.358504967,2016-12-26,452000001020160004
온빛동물병원,영업/정상,경기도 광명시 오리로 352 (소하동),경기도 광명시 소하동 1269,02-898-8971,189281.58757883,436877.822660231,2016-12-26,390000001020160002
ACE동물병원,영업/정상,"인천광역시 연수구 센트럴로 160, C동 152, 153호 (송도동, 송도센트럴파크푸르지오)",인천광역시 연수구 송도동 23-5 송도센트럴파크푸르지오,032-205-7582,168405.695874811,432336.114528429,2016-12-26,352000001020160007
다원동물병원,영업/정상,경상북도 경산시 와촌면 동강길 26,경상북도 경산시 와촌면 동강리 140,,365193.883856717,274264.027935716,2016-12-23,513000001020160006
공원옆 동물병원,영업/정상,경상북도 경주시 용담로 12 (황성동),,054-771-0055,400430.595591074,264568.579341787,2016-12-23,505000001020160003
혁신동물병원,영업/정상,전북특별자치도 전주시 덕진구 기지로 72 (중동),전북특별자치도 전주시 덕진구 중동 774-1,063-229-5333,205345.450257527,259774.940372228,2016-12-23,464100001020160007
다솜동물병원,영업/정상,"충청남도 천안시 동남구 수곡2길 8-3, 이화빌딩 (신방동)",충청남도 천안시 동남구 신방동 49-14 이화빌딩,,211392.415594479,365298.790803978,2016-12-22,565000001020160005
수암동물병원,영업/정상,충청북도 괴산군 괴산읍 임꺽정로 159,충청북도 괴산군 괴산읍 서부리 712-6,,269469.798239924,368596.272100249,2016-12-22,446000001020160002
김재원 동물병원,영업/정상,경기도 용인시 처인구 원삼면 죽양대로 1982,경기도 용인시 처인구 원삼면 좌항리 1-10,031-322-8875,228548.036809398,412471.159062411,2016-12-21,562000001020160003
강 동물병원,영업/정상,경기도 용인시 처인구 백암면 백암로185번길 46,경기도 용인시 처인구 백암면 백암리 436-1,,232955.158766333,406995.659499522,2016-12-20,562000001020160002
보우동물병원,영업/정상,경기도 부천시 소사구 양지로171번길 26 (옥길동),경기도 부천시 소사구 옥길동 729-3,032-343-7582,184177.928247809,440760.505942564,2016-12-20,386000001020160008
동물진료법인 넬동물의료재단,영업/정상,"경기도 안양시 동안구 시민대로 312, 평촌칼라힐주차빌딩 2층 209~214, 217~219호 (평촌동)",경기도 안양시 동안구 평촌동 897 평촌칼라힐주차빌딩,031-421-7579,196822.119978806,432554.706986554,2016-12-20,383000001020160007
펫 파라다이스 동물병원,영업/정상,"경기도 파주시 청암로17번길 17, 2층 17호 (목동동)",경기도 파주시 목동동 927 2층 17호,031-942-7583,176725.26242028,469706.991119381,2016-12-19,406000001020160005
LA동물의료센터,영업/정상,"경기도 성남시 수정구 위례광장로 320, 214호 (창곡동, 아이에스센트럴타워)",경기도 성남시 수정구 창곡동 509-3 214호,,212518.559102908,441140.201730998,2016-12-19,378000001020160012
스테이동물병원,영업/정상,"서울특별시 성동구 매봉길 50 (옥수동, 이편한세상옥수파크힐스)",서울특별시 성동구 옥수동 528 이편한세상옥수파크힐스,02-2282-7501,201157.877298502,449563.280012747,2016-12-19,303000001020160007
국제동물병원,영업/정상,"부산광역시 강서구 명지국제8로 243, 미주프라자 205호 (명지동)",부산광역시 강서구 명지동 3357-6 미주프라자,051-204-7588,374957.728281392,179392.378114403,2016-12-16,336000001020160003
그레이동물병원 강남점,영업/정상,"서울특별시 강남구 언주로30길 21, 104, 202호 (도곡동, 아카데미스위트)","서울특별시 강남구 도곡동 467-7 아카데미스위트 에이동 104, 202호",02-529-7587,204538.144891563,442942.853505354,2016-12-16,322000001020160014
수선동물병원,영업/정상,경상남도 거창군 거창읍 수남로 2213,경상남도 거창군 거창읍 김천리 271-2,,282417.88504743,242241.899366899,2016-12-15,547000001020160002
화도동물병원,영업/정상,"경기도 남양주시 화도읍 먹갓로 3, 2층 201호",경기도 남양주시 화도읍 묵현리 390-3 2층 201호,031-594-7562,224179.441231764,461379.25487867,2016-12-15,399000001020160004
24시 시유동물메디컬센터,영업/정상,"서울특별시 용산구 이촌로64길 24, 지상1층 101호 (이촌동)",서울특별시 용산구 이촌동 302-88 지상1층 101호,02-793-0075,197270.042278677,446419.923247168,2016-12-15,302000001020160002
우리집동물병원,영업/정상,경상북도 경산시 경안로 249 (중방동),경상북도 경산시 중방동 829-8,,356738.647141187,260221.010488924,2016-12-13,513000001020160005
포유동물병원,영업/정상,서울특별시 성북구 오패산로 22 (하월곡동),서울특별시 성북구 하월곡동 62-4,,203263.300752248,455766.554219972,2016-12-12,307000001020160003
케어팜동물병원,영업/정상,제주특별자치도 서귀포시 안덕면 사계북로 17-16,제주특별자치도 서귀포시 안덕면 사계리 3293-2,064-712-2215,133793.080690181,-29048.4845030868,2016-12-07,652000001020160004
계림동물병원,영업/정상,경상북도 상주시 삼백로 231 (복룡동),경상북도 상주시 복룡동 341,,304779.666376093,324908.437086837,2016-12-06,511000001020160002
미사동물병원,영업/정상,"경기도 하남시 미사강변중앙로 223, 203호 (망월동)",경기도 하남시 망월동 1077 203호,031-796-7179,216570.746846525,451607.679537644,2016-12-02,404000001020160006
반석동물병원,영업/정상,경상북도 경주시 안강읍 화전길 46-1,,,399567.537933532,279049.279096107,2016-12-01,505000001020160002
목감동물병원,영업/정상,경기도 시흥시 동서로 1064 (조남동),경기도 시흥시 조남동 169-45,031-482-7585,187525.239516308,431321.164451321,2016-12-01,401000001020160003
닥터펫 동물의료센터,영업/정상,"부산광역시 부산진구 가야대로 451, 개금메디칼빌딩 1층 (개금동)",부산광역시 부산진구 개금동 511-1 개금메디칼빌딩,051-891-8575,384150.46166498,185697.067178045,2016-11-29,329000001020160002
분당24시동물의료센터,영업/정상,"경기도 성남시 분당구 야탑로 24, 101호 (야탑동, 덕인빌딩)",경기도 성남시 분당구 야탑동 537-2 101호,,210697.326360868,434054.745321155,2016-11-26,378000001020160011
온유동물병원,영업/정상,"경기도 수원시 영통구 센트럴타운로 15, 142호 (이의동, 아이플렉스)",경기도 수원시 영통구 이의동 1335,031-211-1313,205021.861974461,420685.357031087,2016-11-24,374000001020160003
포레동물병원,영업/정상,"서울특별시 성동구 상원길 59, 쌍용아파트상가B동 107호 (성수동1가)",서울특별시 성동구 성수동1가 706 쌍용아파트상가B동 107호,02-468-7975,204093.39625466,449695.084129637,2016-11-22,303000001020160006
준동물병원,영업/정상,"경상남도 양산시 물금읍 증산역로 138, 201호 (지오타워)",경상남도 양산시 물금읍 증산리 1734-3 201호,055-381-7532,382272.956813993,203007.334611231,2016-11-18,538000001020160004
라임동물병원,영업/정상,경상남도 김해시 진영읍 김해대로361번길 8 (굿프라임빌딩 2층 202호),경상남도 김해시 진영읍 진영리 1612-6,055-345-1612,357251.858365703,202271.993021439,2016-11-18,535000001020160005
테크노연합 동물병원,영업/정상,대구광역시 달성군 유가읍 테크노중앙대로6길 2-4,대구광역시 달성군 유가읍 봉리 583-2,053-617-8875,331780.126042364,245127.487097293,2016-11-18,348000001020160001
수동물병원,영업/정상,"경상남도 양산시 동면 금오13길 18, 101호 (동진그린타워)",경상남도 양산시 동면 석산리 1452-3,055-388-7545,384149.516540851,203872.669266823,2016-11-15,538000001020160003
도담도담동물병원,영업/정상,전남광주통합특별시 광산구 첨단중앙로 150 (쌍암동),전남광주통합특별시 광산구 쌍암동 657-3,062-973-7579,185576.497425631,191045.739642341,2016-11-14,582500001020160002
동편동물병원,영업/정상,"경기도 안양시 동안구 동편로27번길 7, 1층 107,108호 (관양동)","경기도 안양시 동안구 관양동 1719 1층 107,108호",031-426-8661,197461.7975611,433843.478730464,2016-11-14,383000001020160006
국립축산과학원 한우연구소 동물병원,영업/정상,"강원특별자치도 평창군 대관령면 경강로 4937, 한우시험장",강원특별자치도 평창군 대관령면 차항리 268 한우시험장,033-330-0617,347837.604915098,466490.517075727,2016-11-11,428000001020160001
현클리닉,영업/정상,제주특별자치도 서귀포시 하신상로 174-12 (신효동),제주특별자치도 서귀포시 신효동 502-1,,163597.377005565,-24619.7177812153,2016-11-10,652000001020160003
수안동물병원(출장진료전문),영업/정상,충청남도 아산시 둔포면 충무로 1779,충청남도 아산시 둔포면 둔포리 445-7,,203052.673269754,380980.484244998,2016-11-07,452000001020160003
뉴에스동물병원,영업/정상,"경기도 군포시 산본로343번길 7, 창선빌딩 101,102,지101,102,103호 (산본동)",경기도 군포시 산본동 1132 창선빌딩,031-397-0071,193904.141032365,428744.978622309,2016-11-07,402000001020160004
신원동물메디컬센터,영업/정상,"경기도 고양시 덕양구 신원로1길 42, 1층 (신원동)",경기도 고양시 덕양구 신원동 638-4,02-381-0507,190057.405,462180.26,2016-11-04,394000001020160007
언제나동물병원,영업/정상,"전남광주통합특별시 북구 서하로 91, 비젼타워 101, 102호 (매곡동)",전남광주통합특별시 북구 매곡동 370-1,062-571-0011,189943.265110165,187616.031189504,2016-11-03,582000001020160002
훈 동물병원,영업/정상,충청남도 보령시 동현로 12 (동대동),충청남도 보령시 동대동 1354,041-934-0279,164816.683264311,316826.201132342,2016-11-01,451000001020160001
온천동물병원,영업/정상,부산광역시 동래구 아시아드대로 207 (온천동),부산광역시 동래구 온천동 1266-4,051-505-4088,388057.904069048,191229.018218833,2016-10-28,330000001020160003
윤동물병원,영업/정상,경상북도 포항시 북구 흥해읍 신흥로 723,경상북도 포항시 북구 흥해읍 북송리 294-6,,409015.859434323,292726.535232546,2016-10-27,502000001020160002
올바른동물병원,영업/정상,"서울특별시 강동구 올림픽로 787, 1층 (암사동, 태성프라자)",서울특별시 강동구 암사동 503-23,02-428-1661,211216.359129232,449919.980434795,2016-10-27,324000001020160004
아람동물병원,영업/정상,"서울특별시 영등포구 도신로 225-1, 1층 (신길동, 정일빌딩)",서울특별시 영등포구 신길동 162-10,02-835-7975,192500.495045235,445551.115998532,2016-10-27,318000001020160003
개와냥이동물병원,영업/정상,"서울특별시 은평구 통일로 727-5, 2층 (대조동)",서울특별시 은평구 대조동 14-27 2층,02-352-7275,193680.56470639,456432.993552717,2016-10-25,311000001020160004
애플펫 동물병원,영업/정상,경기도 광주시 신현동 태재로 21,경기도 광주시 신현동 709-10,031-726-4800,,,2016-10-21,554000001020160005
금호동물병원,영업/정상,"서울특별시 성동구 금호로 105, 비201호 (금호동2가, 래미안하이리버 상가동)",서울특별시 성동구 금호동2가 1217 래미안하이리버 상가동 비201호,02-2281-0049,202098.97937718,449891.972244601,2016-10-21,303000001020160004
바다동물병원(Bada Animal Hospital),영업/정상,"서울특별시 용산구 서빙고로 67, 지하1층 비21호 (용산동5가, 파크타워)",서울특별시 용산구 용산동5가 24 파크타워 지하1층 비21호,02-792-2561,197338.915067396,446893.484429691,2016-10-21,302000001020160001
쿨펫동물병원(이마트 중동점),영업/정상,"경기도 부천시 원미구 석천로 188, (주)신세계이마트중동점 (중동)",경기도 부천시 원미구 중동 1157 (주)신세계이마트중동점,032-325-9617,179059.890468202,444675.160533494,2016-10-20,386000001020160006
솔펫 동물병원,영업/정상,"대전광역시 동구 동대전로 141 (자양동, 우송 제2교육원)",대전광역시 동구 자양동 141-1,042-622-7525,239963.554275019,314977.708152427,2016-10-20,364000001020160002
딜리동물병원,영업/정상,"경기도 성남시 분당구 성남대로 884-9, 101호 (야탑동, 라비앙오피스텔)",경기도 성남시 분당구 야탑동 513-3 101호,,211374.121157082,434114.191583932,2016-10-17,378000001020160010
닥터코기동물병원,영업/정상,"대전광역시 서구 둔산남로 94, 로고스빌딩 1층 (탄방동)",대전광역시 서구 탄방동 710 로고스빌딩,,234752.521092098,316503.225269873,2016-10-12,366000001020160005
이창석 동물병원,영업/정상,충청남도 태안군 태안읍 동문7길 15,충청남도 태안군 태안읍 동문리 889-12,041-675-3378,138027.672120675,361005.899642842,2016-10-11,462000001020160003
최기중 동물병원,영업/정상,충청남도 태안군 태안읍 중앙로 31-2,충청남도 태안군 태안읍 남문리 504-8,041-672-0346,136841.068164353,361848.124445601,2016-10-11,462000001020160002
행복드림 동물병원,영업/정상,"대전광역시 유성구 지족로 292, 101호 (지족동)",대전광역시 유성구 지족동 1025-2 101호,,227659.24969758,320780.970210313,2016-10-09,367000001020160002
나라동물병원,영업/정상,"경기도 의정부시 오목로 215, 1층 104호 (민락동, 송림프라자)",경기도 의정부시 민락동 843-3 30통2반 송림프라자 201동 403호,031-852-7550,208661.528864685,471452.548793201,2016-10-07,382000001020160005
튼튼동물병원,영업/정상,"전남광주통합특별시 동구 중앙로 358, 상가동 149호 (계림동, 금호계림주상복합)",전남광주통합특별시 동구 계림동 100-11 금호계림주상복합 상가동 149호,062-511-7582,192659.77458798,184961.882216707,2016-10-06,580500001020160002
스마트동물병원 성북길음점,영업/정상,"서울특별시 성북구 길음로13길 22, 103호, 104호 (길음동, 길음7구역두산위브아파트)","서울특별시 성북구 길음동 1285 길음뉴타운7단지 두산위브상가 103호, 104호",,201592.991324089,456382.966061703,2016-10-06,307000001020160002
알프스동물병원,영업/정상,"경상북도 영천시 금호읍 교대5길 35, 1층",경상북도 영천시 금호읍 교대리 38-3,,369256.506296595,271996.348509378,2016-10-05,510000001020160002
청라 루비 동물병원,영업/정상,인천광역시 서해구 청라루비로134번길 6-4 (경서동),인천광역시 서해구 경서동 850-3,032-568-0922,,,2016-10-05,356100001020160002
수호 동물병원,영업/정상,"경기도 김포시 사우중로 89, 1층 (북변동, 명승프라자)",경기도 김포시 북변동 828 명승프라자,031-986-7119,175316.37,457850.07,2016-09-30,409000001020160005
아띠동물병원,영업/정상,"경기도 김포시 김포한강4로 113, 1층 106호 (장기동, 신한프라자)",경기도 김포시 장기동 1609 신한프라자 106호,031-985-6125,170652.882151712,460238.765834813,2016-09-30,409000001020160004
이룸동물병원,영업/정상,"경기도 안양시 동안구 시민대로 311, 금강스마트빌딩 2층 211호 (관양동)",경기도 안양시 동안구 관양동 1746 금강스마트빌딩,031-381-0166,196802.03700246,432668.465071353,2016-09-28,383000001020160004
드림동물병원,영업/정상,"인천광역시 연수구 먼우금로 88, 105호 (동춘동, 상산빌딩)",인천광역시 연수구 동춘동 937-11 상산빌딩 105호,032-822-7588,170745.965383582,433897.925681109,2016-09-27,352000001020160005
안중동물병원,영업/정상,"경기도 평택시 안중읍 안현로서9길 5, 2층",경기도 평택시 안중읍 현화리 172-3,031-683-8764,193120.764759905,386132.474297289,2016-09-19,391000001020160005
압구정동물의료센터,영업/정상,"서울특별시 강남구 압구정로 226, 성수빌딩 103호 (신사동)",서울특별시 강남구 신사동 617 성수빌딩,02-547-7588,202807.850624203,447380.386471249,2016-09-13,322000001020160010
온바른동물의료센터,영업/정상,"경기도 광주시 파발로 107, 남성빌딩 (경안동)",경기도 광주시 경안동 446-19 남성빌딩,031-762-8875,222842.801247903,434626.14692477,2016-09-12,554000001020160004
양·한방 전문 힘찬동물병원,영업/정상,"부산광역시 부산진구 대학로 1, 1,2층 (가야동)",부산광역시 부산진구 가야동 378-17,,385657.429836375,185846.044096073,2016-09-09,329000001020160001
마루동물병원,영업/정상,"서울특별시 송파구 양산로4길 13, 우토 파크빌딩 (거여동)",서울특별시 송파구 거여동 290-3 우토 파크빌딩,02-443-8898,212732.224573984,443096.786433541,2016-09-09,323000001020160006
수서동물병원,영업/정상,"서울특별시 강남구 광평로 196, 1층 109호 (수서동, 제이스프라자)",서울특별시 강남구 수서동 595 제이스프라자 109호,02-459-5955,208235.201362767,442436.187980232,2016-09-02,322000001020160009
이스턴동물병원,영업/정상,제주특별자치도 제주시 연삼로 522 (일도이동),제주특별자치도 제주시 일도이동 72-2,,157649.5315,613.982499999926,2016-08-31,651000001020160004
마리네 동물병원,영업/정상,제주특별자치도 제주시 애월읍 광상로 323-20,제주특별자치도 제주시 애월읍 유수암리 1969,070-7721-0075,144032.070572567,-5879.87584029235,2016-08-31,651000001020160003
태안 동물병원,영업/정상,충청남도 태안군 태안읍 후곡로 111 (진경빌딩 1층),충청남도 태안군 태안읍 남문리 713-1,041-675-8275,137725.649606752,360809.043995623,2016-08-30,462000001020160001
밀리언동물병원,영업/정상,서울특별시 양천구 신월로 320 (신정동),서울특별시 양천구 신정동 1028-4,02-2061-5277,187241.641102914,446575.501620137,2016-08-29,314000001020160001
월천동물병원 (출장전문),영업/정상,경기도 안성시 보개면 양협길 29-67,경기도 안성시 보개면 양복리 264-1,031-674-4432,228607.818104497,390118.659995565,2016-08-25,408000001020160002
불당동물병원,영업/정상,"충청남도 천안시 서북구 검은들3길 48 (불당동, 현대프라자)",충청남도 천안시 서북구 불당동 728,041-523-0079,209638.155,367642.93,2016-08-23,566000001020160004
디알씨동물병원,영업/정상,부산광역시 기장군 기장읍 차성로 314,부산광역시 기장군 기장읍 동부리 124,051-624-8275,401451.765883262,196278.103365372,2016-08-22,340000001020160002
도란도란동물병원,영업/정상,경기도 안산시 상록구 용신로 266 (사동),경기도 안산시 상록구 사동 1201-3,,186802.16160443,422346.933205295,2016-08-12,393000001020160004
쿨펫동물병원,영업/정상,"경기도 군포시 산본로 347, 5층 (산본동, 이마트백화점)",경기도 군포시 산본동 1123 이마트 5층,031-398-0075,193861.874466854,428787.505318045,2016-08-11,402000001020160003
박동물병원,영업/정상,울산광역시 울주군 언양읍 태기길 23-6,울산광역시 울주군 언양읍 태기리 693-7,,393590.544899936,234262.798575045,2016-08-11,373000001020160002
하남숲동물병원,영업/정상,"경기도 하남시 신장로 202, 1층 (덕풍동)",경기도 하남시 덕풍동 340-28,070-4624-0075,217512.565933713,449011.414025842,2016-08-10,404000001020160003
울산동물영상센터,영업/정상,울산광역시 남구 신정로 85-2 (달동),울산광역시 남구 달동 634-13,,410363.846542761,229090.890855303,2016-08-09,370000001020160002
제일말전문병원,영업/정상,"전남광주통합특별시 서구 매월2로 53, 12동 127호 (매월동, 광주산업용재유통센터)",전남광주통합특별시 서구 매월동 948,,187425.334383555,179652.08783167,2016-08-08,581000001020160001
웰니스동물병원,영업/정상,충청남도 천안시 서북구 삼성대로 20 (백석동),충청남도 천안시 서북구 백석동 1047,,210827.459637775,370795.653061274,2016-08-04,566000001020160003
동물치유쉼터,영업/정상,"전북특별자치도 전주시 덕진구 소리로 68 (덕진동1가, 전주동물원)",전북특별자치도 전주시 덕진구 덕진동1가 73-48,063-281-6740,212994.275937667,261749.87067105,2016-08-01,464100001020160004
해밀동물병원,영업/정상,경기도 고양시 일산동구 고양대로 1139 (식사동),경기도 고양시 일산동구 식사동 513-3,031-966-2777,183683.30574419,462579.943672512,2016-08-01,394000001020160006
곤지암동물병원,영업/정상,경기도 광주시 곤지암읍 곤지암로 70-14,경기도 광주시 곤지암읍 곤지암리 453-7,031-769-5675,229916.122096733,427616.189606234,2016-07-28,554000001020160003
라온 동물 메디컬센터,영업/정상,울산광역시 중구 번영로 524 (반구동),울산광역시 중구 반구동 26-6,,412098.146497538,232133.993657291,2016-07-28,369000001020160001
애플동물병원,영업/정상,"대구광역시 달서구 진천로 78, 2층 (진천동)",대구광역시 달서구 진천동 574-1,053-633-1175,337643.353696815,258327.478453561,2016-07-28,347000001020160004
VIP동물의료센터 서초동작점,영업/정상,"서울특별시 서초구 동작대로 36, 1,2층 (방배동, 대광빌딩)","서울특별시 서초구 방배동 442-3 대광빌딩 1,2층",02-525-3102,198351.955,441943.104999999,2016-07-25,321000001020160003
마리동물병원,영업/정상,"경기도 부천시 오정구 여월로 66, DS타워 (여월동)",경기도 부천시 오정구 여월동 333 DS타워,,182769.01120504,445496.178923156,2016-07-22,386000001020160005
바른동물병원,영업/정상,인천광역시 미추홀구 소성로 136 (학익동),인천광역시 미추홀구 학익동 260-22,032-876-8575,170165.032461445,437914.843665755,2016-07-22,351000001020160002
베스트 동물병원,영업/정상,"대전광역시 유성구 월드컵대로 300, 102호 (상대동)",대전광역시 유성구 상대동 441-1 102호,042-822-7515,229865.399055035,316431.374625935,2016-07-21,367000001020160001
마린동물병원,영업/정상,"경상남도 창원시 진해구 충장로657번길 28, 이엠시티빌딩 204호 (장천동)",경상남도 창원시 진해구 장천동 422-6,055-544-8500,355476.459143541,182600.537940974,2016-07-20,567000001020160003
데일리동물병원,영업/정상,"충청남도 논산시 시민로 243, 101,102호 (내동)",충청남도 논산시 내동 368-8,041-734-7511,208534.004026011,298637.690409867,2016-07-20,454000001020160001
위례나무동물병원,영업/정상,"경기도 성남시 수정구 위례동로 147, 106호 (창곡동, 위례건아타워)",경기도 성남시 수정구 창곡동 513-2,031-778-8738,213207.623604445,441176.244929279,2016-07-19,378000001020160008
e-동물 메디컬 센터,영업/정상,전남광주통합특별시 무안군 삼향읍 남악2로74번가길 4-11,전남광주통합특별시 무안군 삼향읍 남악리 2085,,150443.262497644,146217.69873326,2016-07-13,588000001020160002
솔 동물의료센터,영업/정상,"경기도 군포시 고산로 529, A.B동 114호 (산본동, 금강2차아파트)",경기도 군포시 산본동 1147 금강2차아파트 주상복합상가 A.B동 114호,031-345-4500,193069.971071892,428759.005999406,2016-07-11,402000001020160002
페로페라동물병원,영업/정상,"경기도 고양시 일산동구 위시티2로11번길 16, 글라스프라자 202호 (식사동)",경기도 고양시 일산동구 식사동 1537 글라스프라자 202호,031-969-8586,183396.031592091,463897.246412064,2016-07-07,394000001020160005
서울동물병원,영업/정상,"경상남도 창원시 마산합포구 진북면 지산1길 19, 1층",경상남도 창원시 마산합포구 진북면 지산리 245-33,,333702.921633717,180513.859580223,2016-07-06,567000001020160002
문 동물병원,영업/정상,전북특별자치도 장수군 장수읍 군청길 16,전북특별자치도 장수군 장수읍 두산리 501-2,,246950.876525887,238638.358532181,2016-07-05,475100001020160002
금비동물병원,영업/정상,충청남도 공주시 관골1길 63 (신관동),충청남도 공주시 신관동 256-6,041-856-8082,212065.914644381,330327.494392232,2016-07-05,450000001020160001
제일F&C,영업/정상,경상남도 창녕군 창녕읍 창녕대로 119,경상남도 창녕군 창녕읍 교하리 249-4,055-533-7583,335815.695382308,227174.974806644,2016-07-01,541000001020160001
위즈펫동물병원,영업/정상,"경기도 안양시 동안구 관악대로 104, 2층 (비산동, 리홈안양이마트)",경기도 안양시 동안구 비산동 411-8 (주)리홈 안양이마트 2층,031-381-7512,,,2016-07-01,383000001020160002
만년YES동물병원,영업/정상,대전광역시 서구 만년로 14 (만년동),대전광역시 서구 만년동 135,,233524.343102366,318548.357588029,2016-06-30,366000001020160003
조아동물병원,영업/정상,"서울특별시 금천구 금하로1라길 35, 1층 (독산동)",서울특별시 금천구 독산동 1102-5,02-807-1616,190230.720043589,439076.473191235,2016-06-30,317000001020160002
펫인쥬동물메디컬센터,영업/정상,"경기도 의정부시 호국로 1336, 탑빌딩 2층 (의정부동)",경기도 의정부시 의정부동 16-1 탑빌딩,031-851-0901,204544.135021253,471287.903852171,2016-06-29,382000001020160003
송파스마일동물병원,영업/정상,서울특별시 송파구 새말로5길 17 (문정동),서울특별시 송파구 문정동 57-3,02-448-7588,210894.045178393,442447.651416591,2016-06-29,323000001020160005
나음동물병원,영업/정상,충청남도 천안시 동남구 통정10로 33-10 (신방동),충청남도 천안시 동남구 신방동 1536,,211727.719162622,363608.439391236,2016-06-28,565000001020160003
아이유동물메디컬센터,영업/정상,"경기도 성남시 수정구 위례광장로 5, 남위례역아이파크 301, 302호 (창곡동)",경기도 성남시 수정구 창곡동 560 남위례역아이파크,,212459.827986635,440329.26456245,2016-06-27,378000001020160007
반디동물병원,영업/정상,"인천광역시 부평구 길주로647번길 4, 102~104호 (삼산동, 프리엘림)",인천광역시 부평구 삼산동 461-1,032-724-8575,176476.084624719,445031.729228073,2016-06-27,354000001020160002
명진동물병원,영업/정상,충청북도 제천시 원뜰로 34 (하소동),충청북도 제천시 하소동 165-59,,306117.858673583,404161.037828927,2016-06-24,440000001020160001
김기혁 동물병원,영업/정상,"경기도 평택시 통복길 5, 2층 201~202호 (통복동, 평택역경남아너스빌디아트)",경기도 평택시 통복동 767 평택역경남아너스빌디아트,031-618-8275,207231.638808092,388468.082231847,2016-06-24,391000001020160004
디오 동물병원,영업/정상,"인천광역시 연수구 송도과학로27번길 55, 상가 A동 216호 (송도동, 롯데캐슬캠퍼스타운)",인천광역시 연수구 송도동 149 롯데캐슬캠퍼스타운 상가 A동,032-815-8275,170269.035810393,431824.58077657,2016-06-23,352000001020160004
송파바로동물병원,영업/정상,"서울특별시 송파구 새말로 125, 어은회관 (문정동)",서울특별시 송파구 문정동 85 어은회관,02-400-8575,211255.759612505,442338.115571068,2016-06-21,323000001020160004
김민성 동물병원,영업/정상,"경기도 광명시 광덕산로 5, 종합상가동 112호 (철산동)",경기도 광명시 철산동 637 종합상가동 112호,02-2686-7582,188352.684388529,441123.772898718,2016-06-20,390000001020160001
미라클 동물병원,영업/정상,"인천광역시 연수구 컨벤시아대로 100, 602동 143, 144호 (송도동, 현대힐스테이트)",인천광역시 연수구 송도동 21-65 현대힐스테이트 602동 143호,032-832-1175,168705.89925157,432519.237600527,2016-06-20,352000001020160003
고려종합동물병원,영업/정상,"서울특별시 강서구 양천로57길 10-20, 102호 (가양동, 이스타빌Ⅰ)",서울특별시 강서구 가양동 1480-5,02-3661-8200,186943.885592447,451159.513463994,2016-06-17,315000001020160004
김동물병원,영업/정상,"경상남도 의령군 정곡면 의합대로 1191, 1동 1층",경상남도 의령군 정곡면 석곡리 131-3,,320797.911549916,211165.830025763,2016-06-16,539000001020160001
24시 나음동물의료센터,영업/정상,"경기도 고양시 일산동구 백마로 223, 103~4호 (장항동, 현대 에뜨레보)",경기도 고양시 일산동구 장항동 852 현대 에뜨레보 103~4호,031-906-7975,180031.642095533,461431.324488084,2016-06-16,394000001020160004
방주동물의료센터,영업/정상,"서울특별시 강동구 양재대로 1299, 1층 (성내동)",서울특별시 강동구 성내동 449-13,02-476-3927,211745.018097971,446699.196101461,2016-06-16,324000001020160002
구미 JM 동물 메디컬 센터,영업/정상,"경상북도 구미시 1공단로 197-3, 파라디아아파트 501동 201호 (공단동)",경상북도 구미시 공단동 251 파라디아아파트 501동 201호,054-465-0220,324554.846232376,290023.252459003,2016-06-15,508000001020160001
아이비동물병원,영업/정상,"경기도 김포시 김포한강7로22번길 174-152, 1층 (마산동)",경기도 김포시 마산동 626-8,031-986-7588,168195.289728685,460175.920964847,2016-06-13,409000001020160003
해든동물병원,영업/정상,부산광역시 북구 백양대로 1053 (구포동),부산광역시 북구 구포동 935-2,051-343-3834,381760.255003753,190742.63209848,2016-06-10,332000001020160001
독산온동물병원,영업/정상,"서울특별시 금천구 독산로 225, 1층 (독산동)",서울특별시 금천구 독산동 1023-14,,191217.02556173,440543.025482117,2016-06-08,317000001020160001
해동물병원,영업/정상,"경상남도 양산시 물금읍 청운로 349, 103동 2호 (세정에스타)",경상남도 양산시 물금읍 범어리 2711-10,055-389-0275,383218.885154603,204983.029180956,2016-06-07,538000001020160002
견우동물병원,영업/정상,경상북도 포항시 북구 두호로 29 (두호동),경상북도 포항시 북구 두호동 1052-2,054-252-7577,413944.757542614,286987.732348948,2016-06-07,502000001020160001
거제동물메디컬센터,영업/정상,"경상남도 거제시 수양로 456-12, 3층 (수월동)",경상남도 거제시 수월동 1043-92,055-632-7582,349915.549948958,156218.262545454,2016-06-03,537000001020160001
청담눈초롱안과동물병원,영업/정상,"서울특별시 강남구 도산대로 412, 남강빌딩 7층 (청담동)",서울특별시 강남구 청담동 2-10 남강빌딩 7층,02-512-7566,203528.889270356,446748.079565681,2016-06-03,322000001020160005
광주 한사랑동물병원,영업/정상,전남광주통합특별시 동구 남문로 675 (학동),전남광주통합특별시 동구 학동 859-7,062-223-0075,193454.241217464,181309.281723839,2016-06-02,580500001020160001
스마트동물병원(병점점),영업/정상,"경기도 화성시 병점구 효행로 1018, 4~6층 (진안동)",경기도 화성시 병점구 진안동  878-5,031-239-7582,203392.0342573,412290.480070218,2016-06-01,576000001020160006
나래동물병원,영업/정상,경상남도 거창군 거창읍 거창대로 13-2,,055-942-8875,282990.107248674,242951.881726951,2016-06-01,547000001020160001
서울종합동물병원,영업/정상,경상북도 안동시 제비원로 118 (옥야동),경상북도 안동시 옥야동 340-49,,354001.850861808,341561.863718356,2016-06-01,507000001020060001
24시해든동물메디컬센터,영업/정상,"경기도 부천시 원미구 신흥로 190, 위브더스테이트 (중동)",경기도 부천시 원미구 중동 1106 위브더스테이트,032-715-7579,180230.147459412,444378.254519656,2016-06-01,386000001020160004
아빠손동물병원,영업/정상,전남광주통합특별시 무안군 삼향읍 남악3로 74 (유풍프라자),,,,,2016-05-31,588000001020160001
굿데이동물병원,영업/정상,"경기도 성남시 분당구 불곡로 4 (정자동, 리더스프라자)",경기도 성남시 분당구 정자동 219-3 43통2반,031-718-8276,210821.835896495,428601.909355725,2016-05-31,378000001020160006
리버풀동물병원,영업/정상,"경기도 파주시 중앙로 255 (금촌동, 금남빌딩)",경기도 파주시 금촌동 770-4,031-945-7297,180351.808879597,472962.089717986,2016-05-30,406000001020160003
정관착한동물의료센터,영업/정상,"부산광역시 기장군 정관읍 정관로 575-3, 정관제일타워Ⅱ 202, 203호","부산광역시 기장군 정관읍 매학리 713-6 정관제일타워Ⅱ 202,203호",051-923-0119,397873.681666722,204631.530938287,2016-05-30,340000001020160001
키움 동물병원,영업/정상,"서울특별시 노원구 노원로1길 9 (공릉동, 해중빌딩)",서울특별시 노원구 공릉동 90-1 해중빌딩 105호,02-949-7582,207557.422364404,457764.277978417,2016-05-30,310000001020160003
한사랑 동물병원,영업/정상,제주특별자치도 제주시 인다10길 31 (아라일동),제주특별자치도 제주시 아라일동 6116-11,064-747-3000,157996.73111642,-2327.60459795118,2016-05-27,651000001020160002
퍼스트동물병원,영업/정상,경기도 화성시 동탄구 외삼미로 166 (반송동),경기도 화성시 동탄구 반송동  76-1,031-8003-7596,205410.585517593,410845.3356826,2016-05-27,577000001020160004
닥터펫동물병원,영업/정상,"전북특별자치도 전주시 완산구 백제대로 370, 2층 (서신동)",전북특별자치도 전주시 완산구 서신동 989-2,,211054.961534768,258470.103400831,2016-05-27,464100001020160003
광주동물메디컬센터,영업/정상,전남광주통합특별시 광산구 북문대로420번길 206 (신창동),전남광주통합특별시 광산구 신창동 77-255,062-523-0075,186984.870851159,187902.254912608,2016-05-26,582500001020160001
더사랑 동물병원,영업/정상,전북특별자치도 군산시 문화로 86 (수송동),전북특별자치도 군산시 수송동 802-3,,174221.241070839,274389.006802924,2016-05-25,467100001020160001
맘스동물의료센터,영업/정상,"경기도 부천시 원미구 길주로 80, 로얄타워 (상동)",경기도 부천시 원미구 상동 544-1 로얄타워,032-229-8275,177930.616705223,444812.126349876,2016-05-25,386000001020160003
바로 동물병원,영업/정상,경기도 부천시 원미구 원미로 88-2 (원미동),경기도 부천시 원미구 원미동 190-17,,181407.265619404,443166.994401318,2016-05-25,386000001020160002
스마트동물병원,영업/정상,"서울특별시 동대문구 한천로 164, 1층 (장안동)",서울특별시 동대문구 장안동 483,02-2242-0175,205908.898385821,452581.997774717,2016-05-24,305000001020160001
이지 동물병원,영업/정상,인천광역시 계양구 장제로 917 (병방동),인천광역시 계양구 병방동 422,032-549-0077,177051.402639434,449604.380989111,2016-05-23,355000001020160001
24시 온누리동물메디컬센터,영업/정상,"경기도 안산시 단원구 안산천서로 23, 중앙하이츠빌 3층 (고잔동)",경기도 안산시 단원구 고잔동 539-10 중앙하이츠빌,,185916.811389495,424036.475092402,2016-05-20,393000001020160003
관저종합동물병원,영업/정상,대전광역시 서구 구봉로 133 (관저동),대전광역시 서구 관저동 1542,042-546-7575,230271.21667278,310715.439990874,2016-05-17,366000001020160002
해운대 플러스동물병원,영업/정상,"부산광역시 해운대구 세실로 48, 상가동 1-2, 2-2호 (좌동, 해운대삼정코아주상복합)",부산광역시 해운대구 좌동 1315 해운대삼정코아주상복합,,398407.043332602,187784.843934451,2016-05-16,333000001020160001
내성동물병원,영업/정상,경상북도 봉화군 봉화읍 봉화로 1129-1,경상북도 봉화군 봉화읍 내성리 426-41,054-672-7585,354461.926357876,378041.479408551,2016-05-13,524000001020160001
도그파파,영업/정상,경기도 광주시 곤지암읍 광여로 779-2,경기도 광주시 곤지암읍 건업리 447-12,031-767-0175,235802.094717609,431194.605109832,2016-05-12,554000001020160002
대소동물병원,영업/정상,충청북도 음성군 대소읍 대금로 502,충청북도 음성군 대소읍 태생리 519,043-883-7511,243886.201136134,385135.841513243,2016-05-12,447000001020160004
다산동물병원,영업/정상,"전북특별자치도 정읍시 서부산업도로 437, (유)동성건설 (농소동)",전북특별자치도 정읍시 농소동 73-26 (유)동성건설,,186583.278838752,231668.873361434,2016-05-11,469100001020160001
웰 동물병원,영업/정상,"인천광역시 연수구 먼우금로 189 (청학동, 소망글로벌)",인천광역시 연수구 청학동 503-3 소망글로벌 109호,032-819-2852,171236.347169683,434773.547290722,2016-05-11,352000001020160002
영대연합동물병원,영업/정상,경상북도 경산시 대학로 315 (조영동),경상북도 경산시 조영동 283-1,,358549.709125735,261246.968557423,2016-05-09,513000001020160002
부평프라임동물병원,영업/정상,"인천광역시 부평구 경원대로 1442, 호진빌딩 1, 2층 (부평동)",인천광역시 부평구 부평동 179-16 호진빌딩,032-715-7587,175966.453992511,443211.100418857,2016-05-04,354000001020160001
누리동물병원,영업/정상,경상북도 영천시 호국로 15 (문외동),,054-333-0275,374916.475162098,276341.476932246,2016-05-03,510000001020160001
아산동물의료센터,영업/정상,충청남도 아산시 용화고길79번길 21 (용화동),충청남도 아산시 용화동 1581,,200963.257818921,363668.899059718,2016-05-03,452000001020160002
닥터페티앙동물병원,영업/정상,경기도 용인시 처인구 명지로 185 (남동),경기도 용인시 처인구 남동 71-48,031-335-7578,217312.972592353,413866.420117702,2016-05-02,562000001020160001
어울림동물병원,영업/정상,"경기도 용인시 수지구 신봉2로 115-46, 1층 (신봉동)",경기도 용인시 수지구 신봉동 955-1,031-548-2911,206069.720777701,425242.603272634,2016-04-28,564000001020160003
24시 폴 동물병원,영업/정상,"경기도 성남시 분당구 성남대로 385, 102호 (정자동, 분당클리닉빌딩)",경기도 성남시 분당구 정자동 15-2,,209451.080253303,429838.706603014,2016-04-28,378000001020160003
이매 동물병원,영업/정상,"경기도 성남시 분당구 성남대로779번길 17, 1층 (이매동, 포티스빌딩)",경기도 성남시 분당구 이매동 106-3,,211123.539577586,432985.392508345,2016-04-28,378000001020160002
태민동물병원,영업/정상,"경상남도 합천군 합천읍 옥산로 16, 101호 (까치빌라)",,,304784.098485059,230497.483846281,2016-04-26,548000001020160001
하임동물병원,영업/정상,경기도 용인시 수지구 포은대로 450 (풍덕천동),경기도 용인시 수지구 풍덕천동 100-17,031-898-4300,208812.778716874,424478.13326211,2016-04-25,564000001020160002
닥터K동물병원,영업/정상,"경기도 안산시 단원구 초지2로 67, 한미타워 110호 (초지동)",경기도 안산시 단원구 초지동 734-6 한미타워 110호,,183620.266399898,422745.260810554,2016-04-25,393000001020160002
나우 동물병원,영업/정상,경상남도 양산시 신기강변2길 37 (신기동),경상남도 양산시 신기동 645-10,055-383-7851,385148.882596126,208107.007710232,2016-04-21,538000001020160001
보담동물병원,영업/정상,"서울특별시 중랑구 용마산로 434 (면목동, 청파빌딩)",서울특별시 중랑구 면목동 17-31,02-494-7775,208533.165197782,454186.696918605,2016-04-21,306000001020160001
메트로동물병원,영업/정상,"경상남도 창원시 마산회원구 삼호로 80, 210동 1층 102,103호 (양덕동, 메트로시티2단지)",경상남도 창원시 마산회원구 양덕동 84-14,055-253-0075,344258.629103871,192909.719460689,2016-04-19,567000001020160001
힐링동물병원,영업/정상,"경상남도 사천시 신항로 112, 힐링동물병원 1층 (향촌동)",경상남도 사천시 향촌동 917-9 봉화대,055-835-9775,299181.098254737,160377.160938094,2016-04-19,534000001020160001
서울한빛동물병원,영업/정상,"울산광역시 북구 신답로 48 (상안동, 프리지아)",울산광역시 북구 상안동 357,052-297-7582,412186.126630814,239113.362725732,2016-04-19,372000001020160001
라온동물병원,영업/정상,대전광역시 동구 대전로 446 (가오동),대전광역시 동구 가오동 235-12,,240588.075540601,311767.102167827,2016-04-18,364000001020160001
스마트동물병원,영업/정상,"서울특별시 노원구 노원로 470, 1층 (상계동, 금녕빌딩)",서울특별시 노원구 상계동 397-5,02-952-7582,205733.071619269,461788.283163257,2016-04-18,310000001020160002
센텀동물병원,영업/정상,경상남도 통영시 무전1길 64-24 (무전동),경상남도 통영시 무전동 1056-22,055-642-7507,330000.327686715,152304.112799706,2016-04-17,533000001020160001
우리펫동물병원,영업/정상,"경기도 안산시 단원구 신길로 8, 1층 104-1호 (신길동)",경기도 안산시 단원구 신길동 1612 1층 104-1호,,181037.727297625,425451.54445531,2016-04-15,393000001020160001
네오메디컬동물병원,영업/정상,부산광역시 강서구 명지국제6로 234 (명지동),부산광역시 강서구 명지동 3442-4,051-291-4545,375286.38018163,179175.965888275,2016-04-15,336000001020160002
소망 동물병원,영업/정상,"경기도 고양시 일산동구 위시티2로 13, 102호 (식사동)",경기도 고양시 일산동구 식사동 1546 102호,,183360.68308947,463819.057689075,2016-04-14,394000001020160003
어울림 동물병원,영업/정상,경상북도 칠곡군 석적읍 장곡길 119,경상북도 칠곡군 석적읍 중리 137-10,054-975-7579,326745.533821376,287062.949896857,2016-04-12,522000001020160001
하나로가축병원,영업/정상,강원특별자치도 횡성군 횡성읍 읍하로59번길 6,강원특별자치도 횡성군 횡성읍 읍하리 548-11,,287456.027874248,444067.9274058,2016-04-11,426000001020160002
이로동물의료센터,영업/정상,"서울특별시 관악구 남부순환로 1678, 1, 2층 (신림동)",서울특별시 관악구 신림동 10-631,02-887-1575,194342.263827145,442448.563337722,2016-04-11,320000001020160001
으뜸 대동물 병원,영업/정상,충청북도 청주시 흥덕구 오송읍 오송2길 8,충청북도 청주시 흥덕구 오송읍 오송리 138-4,,229174.842692265,345624.159685969,2016-04-07,573000001020160001
전동물병원 (출장진료전문병원),영업/정상,"충청북도 음성군 대소읍 대금로 822, A단지 나동 104호 (대왕하이텍공구타운A단지)",,,246798.550681733,386315.266993863,2016-04-07,447000001020160002
정든동물병원,영업/정상,제주특별자치도 서귀포시 일주동로 9117 (법환동),제주특별자치도 서귀포시 법환동 19-1,064-738-7975,155079.718150035,-27554.2082851546,2016-04-06,652000001020160002
경주축협동물병원,영업/정상,경상북도 경주시 천북면 모아오야길 105,경상북도 경주시 천북면 오야리 1022-5,054-773-7381,,,2016-04-06,505000001020160001
로얄 도그앤캣 메디컬센터,영업/정상,"서울특별시 광진구 능동로 49 (자양동, 영지빌딩)",서울특별시 광진구 자양동 550-1,,205969.966011569,448175.917404606,2016-04-04,304000001020160001
김윤곤 동물병원,영업/정상,경상북도 예천군 풍양면 낙상1길 52-1,경상북도 예천군 풍양면 낙상리 185-12,,316404.826515681,335234.644261641,2016-04-01,523000001020160001
프라임동물병원,영업/정상,"경기도 구리시 장자대로 76 (수택동, 이우프라자)",경기도 구리시 수택동 874-1,031-566-2475,212204.951799822,453896.29849564,2016-03-31,398000001020160001
견우동물병원,영업/정상,"경기도 광주시 태봉로 26, 101호 (태전동, 대한상가)",경기도 광주시 태전동 261-14 101호,,220309.085911255,432128.237324711,2016-03-30,554000001020160001
유앤미동물병원,영업/정상,"경기도 용인시 기흥구 서천로127번길 3-3, 105호 (서천동)",경기도 용인시 기흥구 서천동 814,031-235-0075,206358.094104339,414990.634626765,2016-03-29,563000001020160001
제인동물병원,영업/정상,서울특별시 성동구 뚝섬로 395 (성수동2가),서울특별시 성동구 성수동2가 339-23,02-468-7582,204763.80767636,448534.113764965,2016-03-24,303000001020160002
메인동물병원,영업/정상,충청북도 청주시 청원구 오창읍 중심상업1로 46-17,충청북도 청주시 청원구 오창읍 양청리 787-2,,238155.712821058,357170.41191515,2016-03-22,573500001020160001
한빛동물병원,영업/정상,"충청남도 천안시 서북구 성환읍 종합시장길 31, 1층",충청남도 천안시 서북구 성환읍 성환리 449-736,,211415.980323365,379855.236882271,2016-03-22,566000001020160002
둘레길동물병원,영업/정상,"서울특별시 은평구 연서로 317 (불광동, 동윤빌딩)",서울특별시 은평구 불광동 104-94,02-354-7544,193547.680584007,457936.994776678,2016-03-18,311000001020160002
엘케이동물의료센터,영업/정상,충청북도 청주시 상당구 중고개로 191 (용암동),충청북도 청주시 상당구 용암동 2623,043-288-7599,245918.5210445,346780.285263669,2016-03-14,572000001020160001
밴스(vans)동물병원,영업/정상,"경기도 화성시 동탄구 지산1길 18-24, 1층 (영천동)",경기도 화성시 동탄구 영천동  651-1348,,,,2016-03-11,577000001020160003
알로하 동물병원,영업/정상,"부산광역시 수영구 수영로 602, 1층 (광안동)",,051-757-7845,392534.714612169,186505.371935704,2016-03-10,338000001020160001
준동물병원,영업/정상,경상북도 영주시 영주로86번길 47-15 (가흥동),,,343551.105779733,370048.423428873,2016-03-09,509000001020160001
정이룸 동물병원,영업/정상,"인천광역시 검단구 원당대로 664, 102호 (당하동, 창신프라자)",인천광역시 검단구 당하동 1092-5,,,,2016-03-09,356500001020160001
유성준동물병원,영업/정상,"부산광역시 동래구 명륜로 90 (수안동, 호원메디컬)",부산광역시 동래구 수안동 568,051-555-4813,389730.543698105,191213.379838969,2016-03-08,330000001020160001
돌봄동물병원,영업/정상,경기도 고양시 일산서구 하이파크2로 42 (덕이동),경기도 고양시 일산서구 덕이동 1544,031-911-7585,,,2016-03-07,394000001020160002
건국동물병원,영업/정상,"강원특별자치도 홍천군 홍천읍 연봉중앙로 69, 105호 1동 1층 105호",강원특별자치도 홍천군 홍천읍 연봉리 39,,277551.368581496,464903.530529045,2016-03-03,425000001020160001
경인동물의료센터,영업/정상,"서울특별시 영등포구 경인로114길 6, 202호, 상가301호 (영등포동1가, 여의도 이튼브라운)","서울특별시 영등포구 영등포동1가 92-3 여의도 이튼브라운 202호, 상가301호",02-571-8275,192256.642719075,446248.646324888,2016-03-03,318000001020160001
햇살가득동물병원,영업/정상,세종특별자치시 보듬3로 38 (도담동),세종특별자치시 도담동 717,044-865-7975,222806.322235994,334585.889908205,2016-03-02,569000001020160001
학익동물병원,영업/정상,"인천광역시 미추홀구 한나루로 379 (학익동, 제중빌딩)",인천광역시 미추홀구 학익동 214-4,032-868-2626,170108.073924694,437809.741361545,2016-02-29,351000001020160001
허브동물병원,영업/정상,"서울특별시 구로구 구일로10길 27, SK허브수 B동 2층 5호 (구로동)",서울특별시 구로구 구로동 650-4 SK허브수 B동 205호,02-6734-7500,188674.995072188,443749.503020388,2016-02-29,316000001020160001
다함동물병원,영업/정상,"충청남도 천안시 서북구 한들2로 8, 1층 101호 (백석동, 정석프라자빌딩)",충청남도 천안시 서북구 백석동 150-2,041-554-0075,210536.795965313,369135.568951334,2016-02-26,566000001020160001
나은동물병원,영업/정상,경기도 의정부시 회룡로 178 (장암동),경기도 의정부시 장암동 20-14,031-876-7511,204643.312850085,469326.420564459,2016-02-25,382000001020160001
따뜻한 동물병원,영업/정상,인천광역시 연수구 용담로 145 (연수동),인천광역시 연수구 연수동 624-7,032-811-7553,171631.038331335,434618.520013582,2016-02-25,352000001020160001
오석헌동물병원,영업/정상,"서울특별시 성동구 매봉길 13, 1층 420호 (옥수동, 래미안옥수리버젠상가)",서울특별시 성동구 옥수동 561 래미안옥수리버젠 상가동 420호,02-6402-0301,201153.981577199,449188.97052419,2016-02-25,303000001020160001
부영 동물병원,영업/정상,"경기도 남양주시 다산중앙로123번길 22-8, 리더스퀘어 604호 (다산동)",경기도 남양주시 다산동 6060 리더스퀘어 604호,031-565-7582,213261.027634004,458003.084933955,2016-02-24,399000001020160001
앙리동물병원,영업/정상,"서울특별시 성북구 성북로 66, 1층 (성북동)",서울특별시 성북구 성북동 155-15 1층,,200082.088156596,454571.634872902,2016-02-24,307000001020160001
신대동물병원,영업/정상,"전남광주통합특별시 순천시 해룡면 신대2길 6-41, 105호","전남광주통합특별시 순천시 해룡면 신대리 1975 , 105호",,249947.928464717,159785.98002004,2016-02-11,579000001020160001
앨리스in동물병원,영업/정상,"대구광역시 달서구 조암로 4, 105호 (월성동, 그루메디컬)",대구광역시 달서구 월성동 1811 그루메디컬 105호,053-638-7585,338114.29527645,259533.492160652,2016-02-11,347000001020160001
바른동물병원,영업/정상,"서울특별시 중구 퇴계로 447, 1층 131호 (황학동, 황학 아크로타워)",서울특별시 중구 황학동 2523 황학 아크로타워,02-2232-7975,201866.039519433,451543.337800303,2016-02-11,301000001020160002
광화문동물병원,영업/정상,"서울특별시 종로구 자하문로 35-3, 씨에스코즈빌 101호 (통인동)",서울특별시 종로구 통인동 147-7 씨에스코즈빌,,197383.197504794,452972.118568389,2016-02-11,300000001020160001
다독다독동물병원,영업/정상,"경상남도 김해시 계동로 203, 오즈빌딩 201호 (대청동)",경상남도 김해시 대청동 298-6 오즈빌딩 201호,055-331-7582,363910.575566302,189376.358667162,2016-02-05,535000001020160001
아프리카동물병원,영업/정상,"경기도 안성시 공도읍 진사길 8, 서안성농업협동조합서부지점 102호",경기도 안성시 공도읍 진사리 22-61 서안성농업협동조합서부지점,,212196.798508818,387961.994797663,2016-02-04,408000001020160001
운정24시동물의료센터,영업/정상,"경기도 파주시 미래로 371, 2층 203호 (동패동)",경기도 파주시 동패동 1759-6 2층 203호,,177519.66317603,467657.575172058,2016-02-04,406000001020160002
모현동물병원,영업/정상,전북특별자치도 익산시 선화로8길 3 (모현동1가),전북특별자치도 익산시 모현동1가 316-2,063-855-5975,194804.442686164,271999.144628245,2016-02-01,468100001020160002
해옴동물병원,영업/정상,"부산광역시 강서구 명지오션시티4로 69, 201호 (명지동)",부산광역시 강서구 명지동 3239-5,051-271-8119,373568.751640208,177628.032662156,2016-02-01,336000001020160001
이지동물병원,영업/정상,"전북특별자치도 전주시 덕진구 편운로 72, 105호 (여의동2가)",전북특별자치도 전주시 덕진구 여의동2가 668-1,063-211-6677,207414.14459193,263850.80922984,2016-01-29,464100001020160001
인우 동물병원,영업/정상,"전북특별자치도 고창군 고창읍 보릿골로 57-10, 101호",전북특별자치도 고창군 고창읍 덕산리 256 101호,,172160.380046173,214610.753355623,2016-01-27,478100001020160001
KU건국동물병원,영업/정상,충청남도 예산군 예산읍 벚꽃로 153,충청남도 예산군 예산읍 산성리,,185301.469419303,354781.845474613,2016-01-26,461000001020160002
서울햇빛동물병원,영업/정상,"서울특별시 은평구 진관2로 67, 202동 B층 01호 (진관동, 은평뉴타운우물골아파트)",서울특별시 은평구 진관동 82 은평뉴타운우물골아파트 두산위브 202동 B01호,02-387-8275,193270.912416702,459138.861975567,2016-01-25,311000001020160001
24시 산들산들 동물병원,영업/정상,"서울특별시 마포구 마포대로16길 7, 영지빌딩 2층 (아현동)",서울특별시 마포구 아현동 424-14 영지빌딩,02-393-3588,196089.306778496,449857.423324988,2016-01-21,313000001020160002
청계종합동물병원,영업/정상,"경기도 의왕시 양지편2로 3, 세종프라자 (청계동)",경기도 의왕시 청계동 990 세종프라자,031-424-7580,199473.176330048,432004.845586242,2016-01-20,403000001020160001
죽전예담동물병원,영업/정상,"경기도 용인시 수지구 대지로 58 (죽전동, 선진포리스트)",경기도 용인시 수지구 죽전동 1254-3 104호,031-264-7502,210159.350235868,425189.454948553,2016-01-14,564000001020160001
한빛동물병원,영업/정상,"제주특별자치도 제주시 한경면 청수로 129, 1층",제주특별자치도 제주시 한경면 청수리 701-6,064-748-7572,130296.349570032,-20232.2696718752,2016-01-13,651000001020160001
Dr.dog동물의료센터,영업/정상,경기도 고양시 일산동구 일산로394번길 5-9 (정발산동),경기도 고양시 일산동구 정발산동 1294-5,031-932-0075,180615.175512432,463159.896161075,2016-01-13,394000001020160001
24시스마일동물의료센터동물병원,영업/정상,"경기도 이천시 구만리로 177, 다나빌딩 2, 3층 (진리동)",경기도 이천시 진리동 27-3 다나빌딩,031-633-7582,240080.617285281,419112.392935854,2016-01-12,407000001020160001
운정힐링 동물병원,영업/정상,"경기도 파주시 와석순환로 70 (야당동, 신운정프라자2)",경기도 파주시 야당동 1006-7,,178021.512180891,467590.653861615,2016-01-11,406000001020160001
개포별빛동물병원,영업/정상,"서울특별시 강남구 논현로 70, 1층 (개포동, 동성빌딩)",서울특별시 강남구 개포동 1229-11 동성빌딩1층,,204027.295,441585.31,2016-01-07,322000001020160001
꾸러기동물병원,영업/정상,"경기도 과천시 별양상가2로 20, 124호 (별양동, 새서울쇼핑)",경기도 과천시 별양동 1-18,02-502-7509,199271.515,436077.66,2016-01-04,397000001020160001
닥터 호오 동물병원,영업/정상,"서울특별시 마포구 대흥로 24 (용강동, 서강빌딩(1~2층))",서울특별시 마포구 용강동 494-68,02-715-0075,194440.494852785,448976.983731133,2016-01-04,313000001020160001
이서동물병원,영업/정상,전북특별자치도 완주군 이서면 이서로 42,전북특별자치도 완주군 이서면 상개리 590,063-228-7221,201860.275749363,257750.213125224,2015-12-31,472100001020150004
임만수 동물병원,영업/정상,충청남도 홍성군 홍성읍 충서로 1222-5,충청남도 홍성군 홍성읍 남장리 214-14,041-631-0970,169219.480073092,342744.908660618,2015-12-31,460000001020150002
태성동물병원,영업/정상,충청남도 공주시 소학동길 133(소학동),충청남도 공주시 소학동 299-1,,213400.521422625,327482.687421708,2015-12-31,450000001020150003
용인도담동물병원,영업/정상,경기도 용인시 기흥구 평촌1로2번길 6 (동백동),경기도 용인시 기흥구 동백동 605-11,031-548-2526,213545.075929367,420298.752447652,2015-12-30,563000001020150003
조이동물병원 제니스점,영업/정상,"경기도 고양시 일산서구 일현로 97-11 (탄현동, 일산 위브더제니스)",경기도 고양시 일산서구 탄현동 1640 일산위브더제니스수퀘어 159 160호,031-925-1175,179005.665068939,465786.029740427,2015-12-30,394000001020150016
한동물병원 (출장진료 전문),영업/정상,경기도 평택시 오성면 숙성시장길 65 (명성빌라),경기도 평택시 오성면 숙성리 185-10,031-692-2250,198585.867145238,389660.129384486,2015-12-23,391000001020150002
노형동물병원,영업/정상,"제주특별자치도 제주시 1100로 3213-27 (노형동, 천마에코피아2차)",제주특별자치도 제주시 노형동 683-1 천마에코피아2차,,151731.310695597,-2145.82174019925,2015-12-22,651000001020150012
단비동물병원,영업/정상,"경상남도 거창군 거창읍 강변로 83, 건강체육관 1층",경상남도 거창군 거창읍 상림리 155-169 건강체육관,055-945-5475,281959.969250869,243063.148411354,2015-12-22,547000001020150001
금강동물병원,영업/정상,강원특별자치도 양양군 양양읍 관아길 20,강원특별자치도 양양군 양양읍 연창리 315,033-673-8275,342447.875880043,509741.748105452,2015-12-18,435000001020150001
사랑동물병원,영업/정상,경기도 연천군 전곡읍 전곡로 140,경기도 연천군 전곡읍 전곡리 468-24,,206002.289622469,502441.889221535,2015-12-18,414000001020150003
숲 동물의료센터,영업/정상,대전광역시 유성구 한밭대로492번길 16-8 (봉명동),대전광역시 유성구 봉명동 664,042-826-7584,231585.471706824,317650.497161424,2015-12-18,367000001020150005
조이동물의료센터,영업/정상,"경기도 안산시 단원구 화랑로 103, 라성프라자 C동 2층 201호 (원곡동)",경기도 안산시 단원구 원곡동 846-3 라성프라자,,182294.985340242,425039.319016326,2015-12-15,393000001020150002
어울림동물병원,영업/정상,전남광주통합특별시 서구 회재로 888 (풍암동),전남광주통합특별시 서구 풍암동 893-1,062-362-2882,187325.749898089,180338.166128307,2015-12-14,581000001020150002
호계동물병원,영업/정상,울산광역시 북구 호계로 365-1 (신천동),울산광역시 북구 신천동 431-12,052-265-8275,412610.675346317,239802.467176429,2015-12-14,372000001020150001
광양동물메디컬센터,영업/정상,"전남광주통합특별시 광양시 사동로 70, 1층, 2층 (중동)",전남광주통합특별시 광양시 중동 1438-4,061-792-7501,262710.238323025,160958.764459362,2015-12-11,580000001020150001
양주동물병원,영업/정상,"경기도 양주시 은현면 백은로 806, 다동 2호",경기도 양주시 은현면 도하리 26-3,,200963.266376192,484287.536969067,2015-12-11,559000001020150001
해남동물병원,영업/정상,전남광주통합특별시 해남군 해남읍 남부순환로 180,전남광주통합특별시 해남군 해남읍 남외리 544-4,061-537-7119,162581.736063102,118851.026458573,2015-12-10,587000001020150001
오즈동물병원,영업/정상,"서울특별시 서대문구 증가로 150, 100동 B209, B210호 (남가좌동)",서울특별시 서대문구 남가좌동 369-10,02-305-5975,192922.795142276,452984.652487654,2015-12-09,312000001020150005
스마트동물병원,영업/정상,"경상남도 양산시 물금읍 새실로 159, G동 201호 (나래메트로시티)",경상남도 양산시 물금읍 가촌리 1280-4,055-781-2275,382212.84247479,203607.237558395,2015-12-07,538000001020150001
가온동물병원,영업/정상,"충청남도 천안시 동남구 남부대로 344, 1층 (청당동)",충청남도 천안시 동남구 청당동 153-15,,213772.191661753,364402.131074942,2015-12-07,565000001020150004
24시 창원2차동물의료원,영업/정상,"경상남도 창원시 의창구 창이대로113번길 8, 1,2층 (명서동)",경상남도 창원시 의창구 명서동 199-7,055-719-3119,350085.75383602,194915.23487445,2015-12-04,567000001020150010
DK동물병원,영업/정상,경상북도 칠곡군 동명면 동명팔거천1길 44,경상북도 칠곡군 동명면 금암리 1364-130,,339923.954900711,277594.635984545,2015-12-04,522000001020150001
카페거리 동물병원 동행,영업/정상,"경기도 수원시 영통구 센트럴파크로127번길 32, 지하,1층 (이의동)",경기도 수원시 영통구 이의동 1306-15,031-211-7550,204767.351844743,421448.140577151,2015-12-04,374000001020150015
365 마음동물병원,영업/정상,"서울특별시 구로구 오리로 1286, 2층 (궁동)",서울특별시 구로구 궁동 170-11 2층,02-2611-5223,184899.100690496,443799.713956476,2015-12-03,316000001020150002
방학동물외과센터,영업/정상,"서울특별시 도봉구 도봉로 723, 3층 (방학동)",서울특별시 도봉구 방학동 653-17 3층,34940075,203742.044502624,462967.427741735,2015-12-03,309000001020150001
기린동물병원,영업/정상,"전북특별자치도 정읍시 충정로 92-1, 기린동물병원 (상동)",전북특별자치도 정읍시 상동 316-12,,187935.168518907,229125.255190458,2015-12-02,469100001020150002
키다리동물병원,영업/정상,"서울특별시 송파구 새말로 62, 송파 푸르지오시티 110호 (문정동)",서울특별시 송파구 문정동 620 송파 푸르지오시티,02-6401-1512,210654.50616628,442070.575741668,2015-12-02,323000001020150006
신성동물약품병원,영업/정상,전북특별자치도 남원시 의서길 33 (왕정동),전북특별자치도 남원시 왕정동 218-3,,233800.05850579,212503.530279931,2015-12-01,470100001020150001
어울림동물병원,영업/정상,"서울특별시 서대문구 가재울미래로 2 (남가좌동, DMC파크뷰자이)",서울특별시 서대문구 남가좌동 124-1,02-305-4242,192672.067512964,452221.960661496,2015-11-27,312000001020150004
웰니스 동물병원,영업/정상,"제주특별자치도 제주시 도령로 136, 진빌딩 (연동)",제주특별자치도 제주시 연동 280-28 진빌딩,064-711-7572,152681.1935619,-261.135646040674,2015-11-26,651000001020150011
감계동물병원,영업/정상,경상남도 창원시 의창구 북면 감계로110번길 54-31,경상남도 창원시 의창구 북면 감계리 236-5,055-291-8275,345013.909981192,201411.141032388,2015-11-16,567000001020150009
탑 동물병원,영업/정상,"경기도 남양주시 도농로 71 (도농동, 부영사랑으로7단지아파트)",경기도 남양주시 도농동 435 부영사랑으로7단지아파트 상가동 101호,031-553-7585,213667.916235228,456523.538426254,2015-11-16,399000001020150005
중앙동물의료센터,영업/정상,"충청북도 충주시 국원대로 131, 1층 (교현동)",충청북도 충주시 교현동 1134,043-852-8875,282555.443315753,387250.3901386,2015-11-12,439000001020150001
다온 동물병원,영업/정상,"부산광역시 남구 수영로 345, 115동 124,125호 (대연동, 대연힐스테이트푸르지오)",부산광역시 남구 대연동 1858 대연힐스테이트푸르지오,051-622-2171,391411.450181832,184553.672800173,2015-11-12,331000001020150001
타임즈 동물의료센터,영업/정상,"경기도 수원시 팔달구 경수대로 486, 1,2,3층 (인계동)",경기도 수원시 팔달구 인계동 950-6,031-232-3500,202420.11081095,418593.781658923,2015-11-06,374000001020150013
굿모닝동물병원,영업/정상,"서울특별시 강남구 학동로 413 (청담동, 청담빌딩)",서울특별시 강남구 청담동 44-15,02-548-5466,203924.633723523,446220.841825233,2015-11-03,322000001020150014
현대동물의료센터,영업/정상,"경기도 의정부시 충의로 49 (용현동, 용운빌딩)",경기도 의정부시 용현동 14-3,031-852-3119,207635.889238126,470408.423773618,2015-11-02,382000001020150004
이진수고양이병원,영업/정상,경기도 성남시 분당구 판교공원로5길 15 (판교동),경기도 성남시 분당구 판교동 619-9,,207883.895711534,432008.664523369,2015-10-30,378000001020150008
산수유동물병원,영업/정상,전남광주통합특별시 구례군 산동면 둔기길 7-32,전남광주통합특별시 구례군 산동면 둔사리 696,,236987.170787343,198310.024463437,2015-10-27,584000001020150001
구름동물병원,영업/정상,"서울특별시 양천구 신정이펜2로 22, 203호 (신정동, 신정프라자)",서울특별시 양천구 신정동 1320-2 신정프라자 203호,26948275,185125.957709458,445643.874069493,2015-10-23,314000001020150003
동탄중앙동물병원,영업/정상,"경기도 화성시 동탄구 동탄대로시범길 146, 201호 (청계동)",경기도 화성시 동탄구 청계동  510-815,031-373-7524,,,2015-10-20,577000001020150008
다온동물병원,영업/정상,대구광역시 북구 칠곡중앙대로 189 (태전동),대구광역시 북구 태전동 1113,053-312-7975,339665.680653785,269186.642482205,2015-10-20,345000001020150002
국립공원야생생물보전원 중부보전센터,영업/정상,경상북도 영주시 순흥면 소백로2481번길 33,,054-637-9120,338638.867729232,380295.704083057,2015-10-14,509000001020150002
더펫동물병원,영업/정상,"대구광역시 서구 서대구로 361, 2층 (비산동)",대구광역시 서구 비산동 1302-9,070-4293-0622,340841.644657242,266555.91361217,2015-10-13,343000001020150001
경남수의동물병원,영업/정상,경상남도 창녕군 계성면 영산장마로 666-19,경상남도 창녕군 계성면 봉산리 24-7,,337502.047338745,218729.572995315,2015-10-12,541000001020150001
대전야생동물구조관리센터 동물병원,영업/정상,"대전광역시 유성구 대학로 99, 충남대학교 (궁동)",대전광역시 유성구 궁동 220 충남대학교,042-821-7930,230825.003668352,318805.374526223,2015-10-12,367000001020150004
올리브 동물병원,영업/정상,"대전광역시 중구 목동로56번길 5, 1층 (목동)",대전광역시 중구 목동 93-3,042-222-3700,236496.326786195,315052.430384977,2015-10-12,365000001020150001
양지종합동물병원,영업/정상,경기도 용인시 처인구 양지읍 중부대로 2219,경기도 용인시 처인구 양지읍 양지리 480-1,031-338-7588,225368.10895453,414664.64837249,2015-10-08,562000001020150002
메이동물병원,영업/정상,인천광역시 남동구 만수서로 60 (만수동),인천광역시 남동구 만수동 1118-1,,176281.884764634,439952.096116402,2015-10-06,353000001020150005
마송동물병원,영업/정상,"경기도 김포시 통진읍 조강로 36, 104호",경기도 김포시 통진읍 서암리 714-43 104호,,164791.652630966,465305.95602394,2015-10-05,409000001020150003
서귀포시축협동물병원,영업/정상,제주특별자치도 서귀포시 일주동로 8532 (동홍동),제주특별자치도 서귀포시 동홍동 496-1,064-733-1471,160489.650885756,-26680.4916893629,2015-10-01,652000001020000001
첨성대동물병원,영업/정상,"경상북도 경주시 안강읍 칠평북4길 20-17, 1층 3호",경상북도 경주시 안강읍 안강리 413-6,,401022.72717363,278895.086852373,2015-10-01,505000001020150001
24시위드동물병원(정왕동동물의료센터),영업/정상,"경기도 시흥시 정왕대로 230, 1층 107호 (정왕동, 제일프라자)",경기도 시흥시 정왕동 1734-7 제일프라자 107호,031-488-8075,176756.587046982,427023.699054553,2015-09-25,401000001020150002
이룸동물병원,영업/정상,부산광역시 연제구 연수로 140 (연산동),부산광역시 연제구 연산동 1948-7,051-868-0075,389968.789526155,188130.656202504,2015-09-24,337000001020150002
백현 동물병원,영업/정상,"경기도 성남시 분당구 동판교로52번길 6, 외 1필지(분당구 동판교로52번길 8) 1층 (백현동)",경기도 성남시 분당구 백현동 597-1,,210044.734972428,431718.678476771,2015-09-23,378000001020150006
우리동물병원,영업/정상,경상북도 경산시 대정길 37-1 (대정동),경상북도 경산시 대정동 693,,356682.737388739,261929.405647469,2015-09-22,513000001020150003
나아라 동물병원,영업/정상,제주특별자치도 제주시 중앙로 536 (아라일동),제주특별자치도 제주시 아라일동 6096-3,,157610.1346451,-2239.21393632764,2015-09-10,651000001020150009
스타동물병원,영업/정상,충청북도 청주시 청원구 오창읍 양청택지로 119 (스튜디오),충청북도 청주시 청원구 오창읍 양청리 751-8,043-211-9669,237611.25583811,357240.360217679,2015-09-10,573500001020150004
유경동물병원,영업/정상,경상북도 고령군 성산면 성산로 1014,경상북도 고령군 성산면 득성리 175-6,,324016.276498274,251157.307710384,2015-09-10,520000001020150001
사랑우리 愛 동물병원,영업/정상,경기도 구리시 동구릉로 99 (인창동),경기도 구리시 인창동 495-10,,211844.15074069,456282.260641105,2015-09-10,398000001020150001
율전동물병원,영업/정상,"경기도 수원시 장안구 율전로 98, 1층 (율전동)",경기도 수원시 장안구 율전동 399-10 1층,031-291-2830,197175.658793089,421788.369464798,2015-09-10,374000001020150012
해솔동물병원,영업/정상,"경기도 화성시 동탄원천로 354-11, 106~107호 (능동)",경기도 화성시 능동 1065-2,80037595,,,2015-09-09,553000001020150007
영주동물병원,영업/정상,경기도 광주시 파발로151번길 4-2 (경안동),경기도 광주시 경안동 97-11,,222382.123140844,434690.228552469,2015-09-08,554000001020150001
피그케어 동물병원,영업/정상,대전광역시 대덕구 남경마을로13번길 9 (신탄진동),대전광역시 대덕구 신탄진동 295-155,,238557.765622886,326944.476283141,2015-09-03,368000001020150001
아산동물의료센터,영업/정상,부산광역시 기장군 정관읍 정관로 583,부산광역시 기장군 정관읍 매학리 717-3,,397967.170796858,204592.491613115,2015-09-01,340000001020150001
지성동물병원,영업/정상,"제주특별자치도 제주시 한림읍 금악로 39, 1층",제주특별자치도 제주시 한림읍 금악리 2031-22,,134554.104674522,-14841.459099433,2015-08-31,651000001020150008
웰케어동물병원,영업/정상,대전광역시 서구 관저북로13번길 23-12 (관저동),대전광역시 서구 관저동 1781,,230061.903513205,311354.015490855,2015-08-28,366000001020150004
쿨펫동물병원 이마트금정점,영업/정상,"부산광역시 금정구 중앙대로1841번길 24 (구서동, E마트금정점)",부산광역시 금정구 구서동 319-6,,390161.693383117,196690.222711961,2015-08-28,335000001020150005
파리스동물병원,영업/정상,"서울특별시 양천구 목동서로 100, 상가동 105, 204호 (목동, 목동신시가지아파트3단지)","서울특별시 양천구 목동 903 목동신시가지아파트3단지 상가동 105호, 204호",26448878,188700.851169641,448020.090999138,2015-08-24,314000001020150002
율하동물병원,영업/정상,"대구광역시 동구 율하서로 54, 101,102호 (율하동)",대구광역시 동구 율하동 1292,,352654.318673368,264066.456042935,2015-08-21,342000001020150003
마루동물병원,영업/정상,"대구광역시 수성구 청수로 98, 1층 (두산동)",대구광역시 수성구 두산동 10,053-768-1002,346205.947695099,261188.63110821,2015-08-20,346000001020150004
꼬마동물병원,영업/정상,"서울특별시 강북구 삼양로117길 5, 1층 (수유동)",서울특별시 강북구 수유동 340-2,02-993-8266,201316.118004367,460114.268870609,2015-08-18,308000001020150002
청려원동물병원,영업/정상,"경기도 수원시 팔달구 정조로 751-7, 1(일부),2(일부층 (중동)",경기도 수원시 팔달구 중동 2-2,031-242-2078,201349.555455064,419240.491644183,2015-08-17,374000001020150009
신성동물병원,영업/정상,대전광역시 유성구 신성로62번길 30 (신성동),대전광역시 유성구 신성동 209-10,042-863-0700,231208.091052516,320846.015044174,2015-08-13,367000001020150003
나은동물병원,영업/정상,전남광주통합특별시 영암군 도포면 원산로 395,전남광주통합특별시 영암군 도포면 성산리 96-4,,171355.142620608,151667.632555515,2015-08-11,587500001020150001
한울메디벳,영업/정상,충청남도 공주시 우성면 우성길 162,충청남도 공주시 우성면 상서리 704,,206993.699805442,330708.429356558,2015-08-07,450000001020150002
누리동물병원,영업/정상,"경기도 하남시 대청로 50-1, 상가동 1층 101호 (신장동, 백송한신아파트)",경기도 하남시 신장동 528-5,,219175.755028722,448605.705315972,2015-08-06,404000001020150001
독립문동물병원,영업/정상,서울특별시 서대문구 통일로 171-1 (냉천동),서울특별시 서대문구 냉천동 195,02-733-5060,196679.010805932,451868.069704951,2015-08-05,312000001020150003
본 동물의료센터,영업/정상,"경기도 수원시 장안구 경수대로 937, 블루버드 빌딩 (송죽동)",경기도 수원시 장안구 송죽동 499 블루버드 빌딩,031-248-8275,200595.90836099,422245.119156235,2015-08-04,374000001020150008
송정동물메디컬센터,영업/정상,서울특별시 강서구 공항대로 39 (공항동),서울특별시 강서구 공항동 28-10,26610530,183293.119336781,451048.592130997,2015-08-04,315000001020150005
넬 동물의료센터,영업/정상,서울특별시 성북구 오패산로 75-1 (하월곡동),서울특별시 성북구 하월곡동 76-16,02-6925-4347,203089.930310118,456275.780158103,2015-08-04,307000001020150001
주동물병원,영업/정상,울산광역시 남구 돋질로 385-1 (삼산동),울산광역시 남구 삼산동 180-33,052-903-8275,412785.790802973,229635.939644282,2015-07-31,370000001020150001
이솜동물병원,영업/정상,"대전광역시 유성구 노은로 166, 계룡프라자 2층 204호 (지족동)",대전광역시 유성구 지족동 901-5 계룡프라자 204호,042-719-8275,228502.245000556,319337.407778148,2015-07-30,367000001020150002
효성동물병원,영업/정상,대구광역시 남구 신촌길 101 (봉덕동),대구광역시 남구 봉덕동 1045-20,,344867.400288413,261035.475785965,2015-07-29,344000001020150001
강동동물병원,영업/정상,강원특별자치도 춘천시 신동면 정족1길 6,강원특별자치도 춘천시 신동면 정족리 377-1,033-256-3319,264513.895761355,481251.378917888,2015-07-28,418000001020150001
현대동물병원(출장진료전문병원),영업/정상,경상남도 함양군 함양읍 함양로 1182-1,경상남도 함양군 함양읍 교산리 189-1 6통2반,,266044.618730362,225182.728526565,2015-07-27,546000001020030001
홍익메디칼동물병원,영업/정상,"경기도 화성시 만세구 우정읍 조암북로57번길 1, 1층",경기도 화성시 만세구 우정읍 조암리 230-9,031-358-0200,183942.937158453,398306.518727224,2015-07-23,574000001020150006
우사랑동물병원,영업/정상,충청남도 홍성군 홍성읍 내포로136번길 10,충청남도 홍성군 홍성읍 옥암리 36,,169098.619076737,343910.599434556,2015-07-22,460000001020150001
배선생펫스토리동물병원,영업/정상,전남광주통합특별시 광산구 임방울대로 213 (신가동),전남광주통합특별시 광산구 신가동 1296,062-951-7585,183287.388202395,186805.080015275,2015-07-09,582500001020150002
동물자유연대 부속 동물병원,영업/정상,경기도 남양주시 화도읍 경춘로2394번길 49,경기도 남양주시 화도읍 답내리 148-3,031-523-3013,231301.785395915,461670.345879614,2015-07-09,399000001020150003
포근한동물병원,영업/정상,"경기도 고양시 덕양구 동세로 63, 103호 (삼송동, 강남프라자)",경기도 고양시 덕양구 삼송동 337-3,02-381-7963,189713.886374199,460658.18720473,2015-07-08,394000001020150010
새봄동물병원,영업/정상,"경기도 수원시 영통구 봉영로 1569, NEW WORLD PLAZA 1층 121호 (영통동)",경기도 수원시 영통구 영통동 960-3 NEW WORLD PLAZA,031-205-9975,206229.445925109,416684.389208216,2015-07-08,374000001020150006
상주가축진료소,영업/정상,"경상북도 상주시 낙동면 낙운로 192, 1동",경상북도 상주시 낙동면 구잠리 600 1동,,313990.542629986,319818.437966757,2015-07-07,511000001020150003
광희동물병원,영업/정상,전북특별자치도 완주군 이서면 콩쥐팥쥐로 1047,전북특별자치도 완주군 이서면 이문리 711-3,063-229-6649,201236.370339677,257862.302986014,2015-07-07,472100001020150003
애니힐동물병원,영업/정상,인천광역시 남동구 인하로 608 (구월동),인천광역시 남동구 구월동 1526-1,,174645.201,437872.249,2015-07-07,353000001020150004
전북야생동물구조관리센터,영업/정상,"전북특별자치도 익산시 고봉로 79 (마동, 전북대학교)",,063-850-0975,196293.182574154,271394.642230452,2015-07-06,468100001020150002
참좋은 동물병원,영업/정상,경상남도 창원시 성산구 용지로121번길 1 (중앙동),경상남도 창원시 성산구 중앙동 86-5,055-264-7507,352769.599329786,193187.583148133,2015-07-03,567000001020150008
빛고을동물의료센터,영업/정상,전남광주통합특별시 북구 중문로 74 (우산동),전남광주통합특별시 북구 우산동 609-3,062-419-7582,192695.384201878,186661.031012696,2015-06-30,582000001020150004
스마트동물병원 강동암사점,영업/정상,서울특별시 강동구 고덕로 110 (암사동),,02-442-8875,212077.904303069,450259.570924364,2015-06-30,324000001020150005
봉 동물병원,영업/정상,충청남도 논산시 부적면 마구평1길 6,충청남도 논산시 부적면 마구평리 468-5,,211339.893849123,301606.075075567,2015-06-29,454000001020150001
햇빛동물병원,영업/정상,경기도 남양주시 덕송2로6번길 28-11 (별내동),경기도 남양주시 별내동 841-3,,210268.11,462632.935,2015-06-25,399000001020150002
정서동물병원,영업/정상,"인천광역시 남동구 주안로 234, 112,113-1호 (간석동)",인천광역시 남동구 간석동 935,,173149.341445569,440078.641104127,2015-06-25,353000001020150003
와이즈동물병원,영업/정상,대전광역시 서구 원도안로 28 (가수원동),대전광역시 서구 가수원동 897,,231246.69,311821.850000001,2015-06-23,366000001020150002
선릉동물병원,영업/정상,"서울특별시 강남구 선릉로 533, 연안이씨빌딩 1층 (역삼동)",서울특별시 강남구 역삼동 694-11 연안이씨빌딩 1층,,204064.479439681,444962.306468933,2015-06-23,322000001020150011
아띠동물의료센터,영업/정상,서울특별시 동대문구 사가정로 51 (전농동),서울특별시 동대문구 전농동 322-31,02-6242-8275,204553.458408807,452384.461701131,2015-06-23,305000001020150001
Wiz-Pet 동물병원,영업/정상,경기도 고양시 일산동구 중앙로 1036 (백석동),경기도 고양시 일산동구 백석동 1242 롯데아우렛 1층,,181369.967204096,460117.354561195,2015-06-22,394000001020150009
쿨펫동물병원 킨텍스로점,영업/정상,"경기도 고양시 일산서구 킨텍스로 171 (대화동, 이마트킨텍스점)",경기도 고양시 일산서구 대화동 2703,031-911-9975,177349.707402843,462162.606173795,2015-06-16,394000001020150008
김천연합동물병원,영업/정상,"경상북도 김천시 시청로 95, 휴먼시아A동 상가2층 (신음동, 대신휴먼시아)",경상북도 김천시 신음동 1313 대신휴먼시아,054-436-7577,300374.469273743,293506.086111057,2015-06-12,506000001020150001
온마음 동물메디컬센터,영업/정상,"서울특별시 송파구 오금로 473, 정림빌딩 1층 (거여동)",서울특별시 송파구 거여동 20-5 정림빌딩 1층,02-449-0075,212481.114279018,443607.250431617,2015-06-12,323000001020150001
우리동물병원,영업/정상,"경상남도 창원시 의창구 팔용로 425, 화성빌딩 201호 (팔용동)",경상남도 창원시 의창구 팔용동 104-3 화성빌딩,055-609-7582,346648.521482915,196239.97224553,2015-06-10,567000001020150006
팜앤팜동물병원,영업/정상,"제주특별자치도 제주시 한림읍 동명남길 6, 2층",제주특별자치도 제주시 한림읍 동명리 903-6,064-796-3610,132452.116056711,-11172.8580811247,2015-06-09,651000001020150005
국립축산과학원 동물병원,영업/정상,"전북특별자치도 완주군 이서면 콩쥐팥쥐로 1500, 국립축산과학원",전북특별자치도 완주군 이서면 금평리 산 145-5 국립축산과학원,063-238-7224,,,2015-06-08,472100001020150002
마석동물병원,영업/정상,경기도 남양주시 화도읍 마석로 90,,031-551-8275,226865.118449882,461862.159177692,2015-06-05,399000001020150001
H 동물병원,영업/정상,"서울특별시 강북구 삼양로27길 35-21, 미아프라자 106호 (미아동)",서울특별시 강북구 미아동 1357-6 미아프라자 106호,02-984-7588,201602.577531291,457290.100695375,2015-06-05,308000001020150001
차이 동물병원,영업/정상,"부산광역시 수영구 수영로 525, 위어뮤즈디광안 203, 204호 (광안동)",부산광역시 수영구 광안동 776-18 위어뮤즈디광안,051-627-7542,392334.971249746,185775.433982187,2015-06-04,338000001020150002
공항 동물병원,영업/정상,서울특별시 강서구 개화동로27가길 27 (방화동),서울특별시 강서구 방화동 619-6,26638520,182909.911073945,451211.537138762,2015-06-03,315000001020150003
고덕24시 동물병원,영업/정상,"서울특별시 강동구 동남로 877, 1층 106호 (명일동, 한화오벨리스크스위트)",,02-6227-8275,213698.007355762,449979.24410743,2015-06-02,324000001020150004
헬릭스동물메디컬센터,영업/정상,"서울특별시 서초구 신반포로 162 (반포동, 르본시티 2층)",서울특별시 서초구 반포동 19-1 르본시티 2층,02-2135-9119,200115.143202807,444741.437478089,2015-06-02,321000001020150001
이솝동물병원,영업/정상,대구광역시 달서구 비슬로 2692 (대곡동),대구광역시 달서구 대곡동 7-6,053-631-0209,336426.732624415,257483.268153056,2015-06-01,347000001020150002
압구정웰동물병원,영업/정상,"서울특별시 강남구 압구정로 108 (신사동, 덕산빌딩 203호 )",서울특별시 강남구 신사동 528-3 덕산빌딩 203호,34430275,201749.456413619,446742.828123922,2015-05-29,322000001020150010
Dr. 오즈 동물병원,영업/정상,"경기도 성남시 분당구 분당로263번길 39, 109호 (서현동, 레이디파크)",경기도 성남시 분당구 서현동 312-1 109호,,212344.828511016,430004.490397398,2015-05-28,378000001020150003
우리동생 동물병원,영업/정상,서울특별시 마포구 월드컵북로 92 (성산동),서울특별시 마포구 성산동 114-14,02-335-3333,192437.411040495,451069.389198771,2015-05-22,313000001020150001
메인동물병원,영업/정상,"서울특별시 노원구 동일로 1025, 1층 (공릉동)",서울특별시 노원구 공릉동 576-22,02-979-8575,206460.015573327,457696.855152473,2015-05-22,310000001020150001
대구동물병원,영업/정상,"대구광역시 동구 동부로 34, 2층 (신천동)",대구광역시 동구 신천동 538-22,,345909.788300704,264966.544851884,2015-05-20,342000001020150002
참좋은동물병원,영업/정상,"전남광주통합특별시 북구 하서로 371, 1층 (양산동)",전남광주통합특별시 북구 양산동 254-123,062-574-7975,188403.348228308,189881.785372941,2015-05-18,582000001020150002
박학규동물병원,영업/정상,경상남도 하동군 하동읍 경서대로 219,,,268899.339568951,175014.131619251,2015-05-18,544000001020150001
가람동물병원,영업/정상,"서울특별시 강동구 성내로 36, 예원빌딩 (성내동)",서울특별시 강동구 성내동 550-2 예원빌딩,02-484-5502,210908.71905633,447428.323394054,2015-05-18,324000001020150003
한우리동물병원(출장전문),영업/정상,"전북특별자치도 김제시 금구면 서도길 14, 1동 2층",전북특별자치도 김제시 금구면 서도리 469-5,,199905.618114421,252173.853143905,2015-05-06,471100001020150001
바른걸음 외과 동물병원,영업/정상,"경기도 광명시 하안로 314, 1층 (하안동)",경기도 광명시 하안동 33 1층,02-6085-4777,189241.094653958,440162.588330042,2015-05-06,390000001020150001
내곁에동물병원,영업/정상,"경기도 의정부시 민락로 195, 중흥s클래스 1층 113, 114호 (민락동)",경기도 의정부시 민락동 803-2,,208775.83610835,471155.074833059,2015-05-06,382000001020150002
온누리 동물병원,영업/정상,인천광역시 검단구 완정로 182 (마전동),인천광역시 검단구 마전동 909-9,032-567-2575,,,2015-05-06,356500001020150001
삼송사랑 동물의료센터,영업/정상,"경기도 고양시 덕양구 삼송로 92 (삼송동, 우영프라자 2층)",경기도 고양시 덕양구 삼송동 326-2 우영프라자 2층,02-388-8275,189725.59614889,460945.513692898,2015-05-01,394000001020150007
메이동물메디컬센터,영업/정상,전북특별자치도 전주시 완산구 백제대로 332(중화산동2가),전북특별자치도 전주시 완산구 중화산동2가 261-13,063-285-7975,211065.734992459,258078.583072946,2015-04-30,464100001020150001
보라종합동물병원,영업/정상,경기도 용인시 기흥구 민속촌로 8 (보라동),경기도 용인시 기흥구 보라동 413-6,031-893-6119,209316.958557293,417010.299150419,2015-04-28,563000001020150002
동산동물병원,영업/정상,경상북도 상주시 중앙로 223 (성하동),경상북도 상주시 성하동 11-3,054-531-0788,304233.812282291,324523.32799091,2015-04-27,511000001020150001
제일동물진단영상센터,영업/정상,부산광역시 금정구 중앙대로 1754 (부곡동),부산광역시 금정구 부곡동 24-6,,390473.388087768,195515.836291254,2015-04-27,335000001020150004
제일2차동물메디컬센터,영업/정상,부산광역시 금정구 중앙대로 1754 (부곡동),부산광역시 금정구 부곡동 24-6,,390473.388087768,195515.836291254,2015-04-27,335000001020150003
코끼리동물병원,영업/정상,부산광역시 사하구 하신번영로 201 (신평동),부산광역시 사하구 신평동 589-1,051-204-7576,378500.600560395,179507.05943758,2015-04-27,334000001020150001
삼송동물의료센터,영업/정상,경기도 고양시 덕양구 삼송로205번길 15 (삼송동),경기도 고양시 덕양구 삼송동 61-9,02-381-9658,190764.623812553,461349.442225205,2015-04-23,394000001020150005
위즈펫동물병원,영업/정상,"경기도 수원시 영통구 센트럴타운로 85 (이의동, Summit place 광교)",경기도 수원시 영통구 이의동 1332 Summit place 광교,031-213-0053,204409.226022404,420967.617798492,2015-04-20,374000001020150005
메타 동물의료센터,영업/정상,"경기도 화성시 동탄구 메타폴리스로 53, 스타프라자 4층 402~406호 (반송동)",경기도 화성시 동탄구 반송동 92-7 스타프라자 402~6호,031-831-5508,206427.276441127,411149.170349989,2015-04-17,577000001020150005
서동 동물메디컬센터,영업/정상,"부산광역시 금정구 서동로175번길 11, 2층 (서동)",부산광역시 금정구 서동 204-12,,391719.853388552,192660.66260737,2015-04-17,335000001020150002
즐거운동물병원,영업/정상,"경기도 용인시 수지구 성복2로 100, 113호 (성복동, 예반아이엔프라자)",경기도 용인시 수지구 성복동 162-2 예반아이엔프라자 113호,031-272-7583,206620.012854602,423723.245989773,2015-04-10,564000001020150003
해담은동물병원,영업/정상,"경기도 용인시 수지구 성복1로 106, 107호 (성복동, 벽산프라자)",경기도 용인시 수지구 성복동 278-1,031-892-7775,205983.214303144,423862.271534377,2015-04-10,564000001020150002
24시프라임동물병원,영업/정상,대구광역시 달서구 비슬로 2746 (대곡동),대구광역시 달서구 대곡동 964,053-631-9966,336899.465400988,257736.028409868,2015-04-10,347000001020150001
스마트동물병원,영업/정상,대구광역시 수성구 동대구로 247 (범어동),,,346709.896770097,262602.788235166,2015-04-10,346000001020150003
맘동물병원,영업/정상,"경기도 수원시 영통구 센트럴타운로 85, cb12호 (이의동, Summit place 광교)",경기도 수원시 영통구 이의동 1332 Summit place 광교 cb12호,031-548-1175,204409.226022404,420967.617798492,2015-04-01,374000001020150004
펫츠나라 동물병원,영업/정상,"경기도 시흥시 수인로 3376-1, 1층 (신천동)",경기도 시흥시 신천동 712-6 1층,031-314-0706,180804.91720934,437704.197630953,2015-03-31,401000001020150001
가온동물병원,영업/정상,대구광역시 북구 서변로 65-1 (서변동),대구광역시 북구 서변동 1746-9,053-958-0075,344020.924548973,270198.059069607,2015-03-31,345000001020150001
기운찬 동물병원,영업/정상,"경상북도 경산시 백양로 113, 1층 103호 (사동)",경상북도 경산시 사동 608-6 103호,,358489.031955058,258472.948003736,2015-03-27,513000001020150002
아름드리동물병원,영업/정상,"경기도 수원시 영통구 법조로149번길 104, 1층 (하동)",경기도 수원시 영통구 하동 968-4,031-213-7514,206014.184113205,421307.438773745,2015-03-24,374000001020150003
펫츠올 동물의료원,영업/정상,"경상남도 창원시 마산합포구 해안대로 283, 1층 (신포동1가)",경상남도 창원시 마산합포구 신포동1가 65-8,055-240-5800,343137.955224002,189991.243347912,2015-03-23,567000001020150004
페츠온 동물병원,영업/정상,"전남광주통합특별시 서구 치평로 124, 케이원오피스타운 101호 (치평동)",전남광주통합특별시 서구 치평동 1187 케이원오피스타운,062-381-8270,186056.743324348,184361.947160381,2015-03-20,581000001020150001
대구S동물병원,영업/정상,"대구광역시 중구 달구벌대로 1975 (대신동, 태왕아너스스카이 상가 101호, 102호, 103호)","대구광역시 중구 대신동 305-1 4통4반 태왕아너스스카이 상가 101호, 102호, 103호",,342612.16410652,263922.51723918,2015-03-20,341000001020150001
봄나래 재활 한방 동물병원,영업/정상,경기도 수원시 영통구 센트럴파크로127번길 166(이의동),경기도 수원시 영통구 이의동 1316-2,031-217-9559,204899.374718069,421404.468299008,2015-03-18,374000001020150002
나비동물병원,영업/정상,부산광역시 수영구 광남로 184 (민락동),부산광역시 수영구 민락동 167-17,,393099.673919227,186269.825250444,2015-03-18,338000001020150001
신안동물병원,영업/정상,"전남광주통합특별시 신안군 압해읍 천사로 901, 3동 302호",전남광주통합특별시 신안군 압해읍 신장리 470-3,061-271-6014,140569.144604009,148152.720834325,2015-03-17,591000001020150001
보바인 동물병원,영업/정상,"경기도 화성시 만세구 향남읍 행정서로2길 2-19, 101호",경기도 화성시 만세구 향남읍 행정리 420-4 101호,,192305.724195038,403184.93521001,2015-03-16,574000001020150003
아시아동물병원,영업/정상,"경기도 화성시 만세구 양감면 은행나무로 224, 1층",경기도 화성시 만세구 양감면 신왕리 800-25,,194786.630752562,397497.060861561,2015-03-16,574000001020150002
김동물병원,영업/정상,전남광주통합특별시 영광군 영광읍 신남로3길 23,전남광주통합특별시 영광군 영광읍 남천리 336-4,061-351-3366,154811.357299525,197404.254429248,2015-03-13,589000001020150001
전북동물의료센터,영업/정상,"전북특별자치도 익산시 고봉로 79, 전북대학교익산캠퍼스 (마동)",전북특별자치도 익산시 마동 194-5 전북대학교익산캠퍼스,063-850-0970,196293.182574154,271394.642230452,2015-03-13,468100001020150001
튼튼동물병원,영업/정상,"강원특별자치도 철원군 동송읍 금학로 191, 휴대폰마트 2층",강원특별자치도 철원군 동송읍 이평리 705-33 휴대폰마트,,219145.445003076,522570.07306653,2015-03-12,430000001020150001
24시청주i동물병원,영업/정상,충청북도 청주시 청원구 충청대로 103 (율량동),충청북도 청주시 청원구 율량동 1070,043-214-9975,244001.676350503,351742.808058986,2015-03-10,573500001020150002
하은동물병원,영업/정상,경기도 용인시 기흥구 민속촌로 43 (보라동),경기도 용인시 기흥구 보라동 407-1,031-286-8999,209668.94054984,417046.728269254,2015-03-10,563000001020150001
중앙동물병원,영업/정상,경기도 성남시 수정구 수정로 139 (태평동),경기도 성남시 수정구 태평동 3502,,211928.624166475,437799.863191169,2015-03-09,378000001020150001
24시 송도힐 동물메디컬센터,영업/정상,"인천광역시 연수구 컨벤시아대로 55, 상가동 107호 (송도동, 이안아파트)",인천광역시 연수구 송도동 2-3 이안아파트 상가동 107호,032-834-7275,169112.873932631,432784.11357615,2015-03-09,352000001020150002
송담동물병원,영업/정상,경기도 평택시 안중읍 안현로서8길 35-4 (101호),경기도 평택시 안중읍 현화리 834-2 101호,031-686-7975,192932.517659756,386401.493681686,2015-03-08,391000001020150001
드림동물병원,영업/정상,부산광역시 금정구 금강로 539 (구서동),부산광역시 금정구 구서동 742-48,,389916.846242898,197132.40762722,2015-03-06,335000001020150001
원종동물병원,영업/정상,경기도 부천시 오정구 소사로 793 (원종동),경기도 부천시 오정구 원종동 230-4,,182647.703254829,447210.167710357,2015-03-05,386000001020150002
의정부 24시 IU 동물병원,영업/정상,경기도 의정부시 태평로 52 (의정부동),경기도 의정부시 의정부동 94-6,031-871-7588,204484.80585177,470504.222825581,2015-03-04,382000001020150001
행복플러스동물병원,영업/정상,"경기도 파주시 와석순환로 431, 105호 (와동동, 신운정프라자)",경기도 파주시 와동동 1365-3 신운정프라자 105호,031-949-1275,178167.449980153,469050.729234144,2015-03-03,406000001020150001
예 동물병원,영업/정상,"경기도 고양시 덕양구 도래울로 52 (도내동, 센터프라자 104호)",경기도 고양시 덕양구 도내동 1020,,188410.604678993,458676.321670965,2015-03-01,394000001020150002
이끌림동물병원,영업/정상,대구광역시 동구 화랑로 429 (방촌동),대구광역시 동구 방촌동 1118-109,,350843.061298163,265334.038024358,2015-02-26,342000001020150001
종합동물병원,영업/정상,경상남도 밀양시 내이4길 5 (내이동),경상남도 밀양시 내이동 1177-9,055-353-7001,358076.37519071,223557.091916288,2015-02-25,536000001019810001
강남다온동물병원,영업/정상,"서울특별시 강남구 도곡로 174, 1,2층 (도곡동)","서울특별시 강남구 도곡동 545-6 1층,2층",02-576-1239,203333.026469058,443237.669180587,2015-02-25,322000001020150009
수동물병원,영업/정상,경상북도 영주시 원당로 36-1 (가흥동),,,344465.052353836,369740.29854404,2015-02-24,509000001020150001
동주동물병원,영업/정상,"경기도 안양시 동안구 경수대로 446, 이편한세상아파트 22동 C상가 202호, 203호 (호계동)",경기도 안양시 동안구 호계동 813 이편한세상아파트 22동 C상가,031-455-7588,196600.354192025,429085.305995875,2015-02-17,383000001020150001
따뜻한 on동물병원,영업/정상,대구광역시 수성구 달구벌대로 2367 (수성동4가),,,346406.434046357,263413.645594642,2015-02-17,346000001020150002
힐스타동물병원,영업/정상,"서울특별시 강남구 자곡로 204-5, 강남 지웰홈스 108-109호 (자곡동)",서울특별시 강남구 자곡동 662 강남 지웰홈스 108- 109호,02-445-5022,209253.71833848,441349.165858561,2015-02-17,322000001020150008
이든VONS 외과 2차 동물의료원,영업/정상,경상남도 창원시 성산구 마디미서로 46 (상남동),경상남도 창원시 성산구 상남동 26-3,,353014.975185259,192653.223688344,2015-02-16,567000001020150003
세계로동물의료센터,영업/정상,"서울특별시 관악구 남부순환로 1497, 1,2층 (신림동)","서울특별시 관악구 신림동 526-9 1,2층",02-868-3931,192592.209792019,442270.763566203,2015-02-13,320000001020150001
양하무역산업동물병원(출장전문),영업/정상,경기도 안성시 죽산면 용설로 429-12,경기도 안성시 죽산면 용설리 397-20,1566-4343,239147.813150079,394031.618853711,2015-02-11,408000001020150001
제갈견 동물병원,영업/정상,울산광역시 중구 명륜로 64-1 (우정동),울산광역시 중구 우정동 279-2,,409475.212052957,231081.563529769,2015-02-09,369000001020150001
24시 강서 젠틀리동물의료센터,영업/정상,"서울특별시 강서구 마곡중앙1로 72, 101호 (마곡동, 마곡엠밸리10단지)",서울특별시 강서구 마곡동 747 마곡엠밸리10단지 101호,02-2662-8111,183968.906835987,450822.830988735,2015-02-09,315000001020150001
서울동물병원,영업/정상,"경상남도 창원시 성산구 가음로13번길 33, 남양종합상가 108,109,110호 (남양동)","경상남도 창원시 성산구 남양동 8 남양종합상가 108,109,110호",055-274-1400,354810.937467536,191750.475216181,2015-02-06,567000001020150002
좋아서하는 동물병원,영업/정상,"서울특별시 용산구 백범로 341, B동 지상1층 113,114호 (원효로1가, 리첸시아 용산)","서울특별시 용산구 원효로1가 133-3 리첸시아 용산 B동 113,114호",02-703-0075,197045.849468346,448447.558967085,2015-02-06,302000001020150002
보듬동물병원,영업/정상,"인천광역시 남동구 서창남순환로 2, 2층 (서창동)",인천광역시 남동구 서창동 663-1,,177832.438577513,435843.108351297,2015-02-05,353000001020150001
삼성동물병원,영업/정상,경기도 안산시 단원구 원선로 57 (원곡동),경기도 안산시 단원구 원곡동 826-11,,182083.644265124,425330.453019512,2015-02-04,393000001020150001
아라동물병원,영업/정상,제주특별자치도 제주시 중앙로 581 (아라일동),제주특별자치도 제주시 아라일동 6139,,157718.600964273,-2679.09171215397,2015-01-28,651000001020150001
우리동물병원(출장전문),영업/정상,전남광주통합특별시 북구 태봉로 37-6 (임동),전남광주통합특별시 북구 임동 5-16,,191120.420030082,184715.866146267,2015-01-23,582000001020150001
송도건국동물병원,영업/정상,"인천광역시 연수구 송도문화로28번길 28, 상가 203동 207호 (송도동, 송도글로벌캠퍼스푸르지오)",인천광역시 연수구 송도동 190-2 송도글로벌캠퍼스푸르지오 상가 203동 207호,032-811-2220,169268.772668463,430570.255303601,2015-01-22,352000001020150001
드림동물병원,영업/정상,"서울특별시 강남구 역삼로 233, 신성빌딩 1층 (역삼동)",서울특별시 강남구 역삼동 732-27 신성빌딩 1층,02-508-7583,203642.087788133,443920.593117039,2015-01-22,322000001020150006
밝은동물병원,영업/정상,전남광주통합특별시 광산구 월곡산정로 67 (월곡동),전남광주통합특별시 광산구 월곡동 61-19,062-962-3141,182569.569251759,185248.057630311,2015-01-19,582500001020150001
행복한동물병원,영업/정상,경상남도 진주시  가호로  31 (호탄동),경상남도 진주시 호탄동 976-1,,301033.614486285,185509.44855754,2015-01-19,531000001020150001
쿨펫동물병원,영업/정상,"경기도 김포시 김포한강7로 71 (구래동, 이마트 김포한강점 2층)",경기도 김포시 구래동 6880-9 이마트 김포한강점 2층,031-997-7588,167119.660833957,460295.332269763,2015-01-19,409000001020150002
가로수동물병원,영업/정상,"서울특별시 강남구 압구정로 134, 1층 (신사동)",서울특별시 강남구 신사동 549-1 1층,,202003.419594411,446902.916742765,2015-01-16,322000001020150005
치료멍멍동물병원,영업/정상,"서울특별시 강남구 언주로172길 11, 1층 (신사동)",서울특별시 강남구 신사동 637-14,,203004.596456437,447301.342803324,2015-01-16,322000001020150004
도곡종합동물병원,영업/정상,"서울특별시 강남구 언주로 314, 105호 (역삼동)",서울특별시 강남구 역삼동 761-18,,204056.199691995,443750.88453048,2015-01-14,322000001020150003
만박동물병원,영업/정상,"부산광역시 서구 까치고개로 257, 1층 (토성동1가)",부산광역시 서구 토성동1가 8-25,051-254-7744,384481.363653909,179718.935973103,2015-01-12,326000001020150001
중앙동물병원,영업/정상,충청남도 공주시 웅진로 235 (금성동),충청남도 공주시 금성동 19-29,041-853-1474,211036.005889451,328883.234999361,2015-01-08,450000001020150001
리본 동물병원,영업/정상,"대전광역시 서구 계룡로 383, 1층 (갈마동)",대전광역시 서구 갈마동 271-28,,233231.359859877,316863.575820038,2015-01-07,366000001020150001
마더스동물병원,영업/정상,"서울특별시 강남구 헌릉로 569, 202-1호 (세곡동, 강남리더스프라자)",서울특별시 강남구 세곡동 581 강남리더스프라자 202-1호,,208882.245870174,440405.743740801,2015-01-05,322000001020150002
삼송동물병원,영업/정상,경기도 고양시 덕양구 삼송로 154-1 (삼송동),경기도 고양시 덕양구 삼송동 135-51,,190316.65224486,461138.786555805,2015-01-02,394000001020150001
봄이든 동물병원,영업/정상,제주특별자치도 제주시 애월읍 일주서로 7143,제주특별자치도 제주시 애월읍 하귀1리 492-8,064-745-9975,145274.723730733,-996.214455552981,2014-12-26,651000001020140008
이:은종합동물병원,영업/정상,경상북도 경주시 양정로 186 (동천동),경상북도 경주시 동천동 596-1,070-7559-7588,400828.334369819,263305.641689301,2014-12-26,505000001020140001
이비치 동물치과병원,영업/정상,"서울특별시 강남구 선릉로 756, 2층 (청담동, 대성빌딩)",서울특별시 강남구 청담동 1-18 2층,02-511-2842,203436.958998467,446670.677022694,2014-12-26,322000001020140011
데파트 동물병원,영업/정상,"경상남도 창원시 마산합포구 3·15대로 255, 경남데파트 103-1호 (중앙동3가)",경상남도 창원시 마산합포구 중앙동3가 2-3 경남데파트,055-251-8800,342643.97860348,190207.352791729,2014-12-23,567000001020140007
農和동물병원(산업동물출장진료전문),영업/정상,경상남도 김해시 가락로7번길 18 (봉황동),경상남도 김해시 봉황동 26-8,,371142.734806325,193615.092793279,2014-12-21,535000001020140005
서서울호수동물병원,영업/정상,"서울특별시 양천구 남부순환로 421, 1층 (신월동)",서울특별시 양천구 신월동 130-5 1층,69598448,185117.794648334,447574.364576497,2014-12-19,314000001020140004
강서YD동물의료센터,영업/정상,서울특별시 강서구 화곡로 371 (등촌동),서울특별시 강서구 등촌동 658-4,02-518-7500,186868.771611134,450531.905642082,2014-12-18,315000001020140004
군포굿닥터동물병원,영업/정상,"경기도 군포시 고산로 242, 1층 (당동)",경기도 군포시 당동 922-25,031-391-7533,195109.501839555,427117.045686314,2014-12-17,402000001020140003
김현태김동민 동물의료센터,영업/정상,부산광역시 사하구 다송로 42 (다대동),부산광역시 사하구 다대동 33-1,051-265-7582,380750.531089914,175671.784158699,2014-12-17,334000001020140001
옥천동물병원,영업/정상,충청북도 옥천군 옥천읍 삼금로 53,충청북도 옥천군 옥천읍 삼양리 222-201,043-732-8844,251011.269876558,311516.829846991,2014-12-16,443000001020140001
꿈이크는 동물병원,영업/정상,"서울특별시 송파구 백제고분로 115, 그린빌딩 1층 (잠실동)",서울특별시 송파구 잠실동 222-6 그린빌딩 1층,02-420-7580,207003.155869738,444965.148626967,2014-12-15,323000001020140006
연지동물병원,영업/정상,경상남도 김해시 김해대로 1968 (구산동),경상남도 김해시 구산동 1082-7,055-342-7700,369900.15163327,196260.585045796,2014-12-12,535000001020140004
구평동물병원,영업/정상,경상북도 구미시 인동남길 176-1 (구평동),경상북도 구미시 구평동 447-10,,329041.627226788,289093.892600765,2014-12-12,508000001020140002
부안산업동물병원,영업/정상,전북특별자치도 부안군 계화면 창중길 3-1,전북특별자치도 부안군 계화면 창북리 807-12,,172477.347240819,251397.691955125,2014-12-12,479100001020140001
앞선동물병원,영업/정상,경기도 고양시 덕양구 신원로1길 48 (신원동),경기도 고양시 덕양구 신원동 638-2,,190033.260122384,462163.313299162,2014-12-12,394000001020140009
스타동물병원,영업/정상,"부산광역시 부산진구 전포대로 170, B1층 104호 (전포동)",부산광역시 부산진구 전포동 362-3,051-819-7588,388183.079485436,185582.697390574,2014-12-11,329000001020140004
지중해동물병원,영업/정상,"경기도 부천시 원미구 길주로 275, 중동프라자 (중동)",경기도 부천시 원미구 중동 1058-2 중동프라자,,179887.751542004,444658.193379039,2014-12-10,386000001020140006
서울동물병원,영업/정상,"서울특별시 광진구 천호대로 623-1, 1층 (중곡동)",서울특별시 광진구 중곡동 119-7,20388253,207624.556805359,450257.044484869,2014-12-10,304000001020140004
한우사랑동물병원,영업/정상,충청남도 공주시 사곡면 해월길 50-50,충청남도 공주시 사곡면 해월리 118-2,,201398.749093323,334695.454939282,2014-12-09,450000001020140001
우성동물병원,영업/정상,전북특별자치도 익산시 함열읍 함열10길 26,전북특별자치도 익산시 함열읍 남당리 643-12,,196970.584358905,286236.951652046,2014-12-08,468100001020140002
가람동물병원,영업/정상,"전남광주통합특별시 나주시 배멧1길 40 (빛가람동, 창우빌딩 101호)",전남광주통합특별시 나주시 빛가람동 283-3,061-332-7975,180883.22271444,169016.198859093,2014-12-05,579500001020140001
스타동물병원,영업/정상,"경기도 남양주시 별내2로 64, 202호 (별내동)",경기도 남양주시 별내동 1008-202,031-528-8575,210953.837715752,460458.922067484,2014-12-04,399000001020140005
찬`s 동물병원,영업/정상,"제주특별자치도 제주시 신광로 105, 103, 104호 (연동)",제주특별자치도 제주시 연동 276-11,,152531.07250357,-1414.10490304801,2014-12-03,651000001020140007
대현동물병원,영업/정상,"서울특별시 양천구 목동중앙본로 100, 101호 (목동)",서울특별시 양천구 목동 531-13 101호,26511855,188520.902408056,449143.102014667,2014-12-03,314000001020140003
행복이 있는 동물병원,영업/정상,"서울특별시 중랑구 봉화산로 232, B동 1층 (신내동)",서울특별시 중랑구 신내동 405-5,02-433-3387,208614.435553033,456169.871765864,2014-12-03,306000001020140002
팜랜드동물병원,영업/정상,"서울특별시 양천구 목동중앙서로 42, 1층 (목동)",서울특별시 양천구 목동 799-1 1층,63481982,188306.432344823,447851.739399356,2014-12-01,314000001020140002
초록동물병원,영업/정상,대구광역시 달서구 월배로 79 (진천동),대구광역시 달서구 진천동 595-26,053-638-1558,337587.855403145,258174.132991363,2014-11-28,347000001020140005
로얄말전문병원,영업/정상,제주특별자치도 제주시 조천읍 비자림로 970-17,제주특별자치도 제주시 조천읍 교래리 101-6,,173056.840800541,-7153.14368475788,2014-11-27,651000001020140006
땡큐,영업/정상,강원특별자치도 춘천시 영서로 2755-1 (우두동),,033-255-7582,263967.108460534,488778.950352363,2014-11-26,418000001020140002
프라하동물병원,영업/정상,"경기도 군포시 용호1로 4, 104호 (당동)",경기도 군포시 당동 974-4,031-391-7075,194494.82218794,426810.131864984,2014-11-20,402000001020140002
다민동물병원,영업/정상,전북특별자치도 익산시 춘포면 쌍정길 16-1,전북특별자치도 익산시 춘포면 쌍정리 107,063-291-0727,204551.832036673,269261.971108234,2014-11-17,468100001020140001
대전광역시 동물보호센터 부속 동물병원,영업/정상,대전광역시 유성구 금남구즉로 1234 (금고동),대전광역시 유성구 금고동 583,042-825-1118,234202.667545223,328718.748491002,2014-11-17,367000001020140005
포일동물병원,영업/정상,"경기도 의왕시 포일세거리로 3, 112호 (포일동, 파레사타워)",경기도 의왕시 포일동 662,031-425-7541,198580.126918735,432652.796776601,2014-11-11,403000001020140001
남악동물병원,영업/정상,전남광주통합특별시 무안군 삼향읍 남악4로 50 (골든스위트 114호),,,,,2014-11-05,588000001020140003
울디 동물병원,영업/정상,"경기도 김포시 양촌읍 양곡2로 50, 아름터프라자 109, 110호",경기도 김포시 양촌읍 양곡리 1305-4 아름터프라자,031-916-3158,167064.171248172,461547.657143585,2014-10-31,409000001020140005
지 동물병원,영업/정상,부산광역시 기장군 정관면 용수로 21,부산광역시 기장군 정관면 용수리 1312-5,051-728-0557,398018.591689896,205092.900951033,2014-10-31,340000001020140001
서울동물병원,영업/정상,경상남도 고성군 고성읍 남포로 75-3,경상남도 고성군 고성읍 수남리 542-31,055-673-8875,320498.758664682,164233.977840531,2014-10-29,542000001020140001
더샵 동물병원,영업/정상,경상북도 경산시 경산로 227 (중산동),경상북도 경산시 중산동 591,,355714.328223882,260059.104154592,2014-10-29,513000001020140002
퀸즈동물병원,영업/정상,"경기도 수원시 권선구 금곡로118번길 50, 1층 (금곡동)",경기도 수원시 권선구 금곡동 1091-5,031-292-1682,194878.734988118,418895.182060759,2014-10-28,374000001020140009
학장동물병원,영업/정상,부산광역시 사상구 대동로 129 (학장동),부산광역시 사상구 학장동 574-9,051-312-7555,380507.116936311,184123.052100847,2014-10-24,339000001020140001
서울동물병원,영업/정상,부산광역시 수영구 광안로 19 (광안동),,051-514-5404,392645.30720064,186207.130194529,2014-10-24,338000001020140002
소래동물병원,영업/정상,인천광역시 남동구 소래역남로16번길 75 (논현동),인천광역시 남동구 논현동 751-1,,176289.301104774,433115.954737015,2014-10-23,353000001020140006
윤후동물병원,영업/정상,"경기도 동두천시 동두천로 129, 내행프라자 3층 302호 (지행동)",경기도 동두천시 지행동 695-5 내행프라자 302호,031-864-0075,204748.373763646,487826.012679059,2014-10-22,392000001020140001
닥터 노아 동물병원,영업/정상,경상북도 포항시 남구 대이로1번길 20-1 (대잠동),경상북도 포항시 남구 대잠동 982-7,054-284-0775,411141.356891117,281911.998819616,2014-10-16,502000001020140003
누리동물병원,영업/정상,부산광역시 해운대구 송정2로13번길 46 (송정동),부산광역시 해운대구 송정동 85-1,051-701-7599,400877.325434936,190630.197721158,2014-10-13,333000001020140007
서초힐스동물병원,영업/정상,서울특별시 서초구 태봉로2길 30 (우면동),서울특별시 서초구 우면동 737 6단지상가 104호,02-574-7582,202273.874011724,439920.557145151,2014-10-08,321000001020140003
퍼니펫 동물병원,영업/정상,대전광역시 유성구 농대로 4 (어은동),대전광역시 유성구 어은동 105-7,042-862-7588,231681.937208546,317853.426193274,2014-10-06,367000001020140004
지엔동물병원,영업/정상,"서울특별시 동작구 상도로31길 87, 2층 (상도동)",서울특별시 동작구 상도동 22-151,02-812-8275,195168.130481413,444775.977468284,2014-10-06,319000001020140001
세종동물의료센터,영업/정상,"세종특별자치시 한누리대로 157, 금강프라자 (나성동)",세종특별자치시 나성동 723 금강프라자,044-863-7578,223450.463970799,330955.927655799,2014-10-02,569000001020140002
버팔로 동물병원,영업/정상,대구광역시 군위군 군위읍 중앙길 23,대구광역시 군위군 군위읍 서부리 126-9,,340861.682992771,304474.727429222,2014-10-02,514000001020140001
울산에스동물메디컬센터,영업/정상,울산광역시 남구 삼산로 160 (달동),울산광역시 남구 달동 116-2,,410788.787145347,228788.490475678,2014-10-02,370000001020140004
광주동물병원,영업/정상,경기도 광주시 양벌동 양벌로 212,경기도 광주시 양벌동 373-1,,,,2014-09-29,554000001020140002
행복동물병원,영업/정상,"경기도 용인시 처인구 모현읍 백옥대로 2362, 왕산태권도학원",경기도 용인시 처인구 모현읍 왕산리 428-1 왕산태권도학원,031-334-7580,222018.294633746,425845.530834825,2014-09-26,562000001020140003
동부동물병원,영업/정상,경상북도 경산시 박물관로 17(사동),경상북도 경산시 사동 637-3,,359073.037390696,258773.356262942,2014-09-25,513000001020140001
보정동물병원,영업/정상,"경기도 용인시 기흥구 보정로 32 (보정동, 지젤스포츠클럽)",경기도 용인시 기흥구 보정동 1277,031-898-3708,209787.252955929,423563.214492078,2014-09-24,563000001020140005
도리원 동물병원,영업/정상,"경상북도 의성군 봉양면 도리원1길 68, 1층",경상북도 의성군 봉양면 화전리 96-3,054-833-8838,341958.501653306,312155.1828525,2014-09-23,515000001020140001
애니온동물병원,영업/정상,"경기도 시흥시 군자천로 335, 2층 201,202호 (정왕동)",경기도 시흥시 정왕동 1729-2,031-499-7991,176413.201198838,427217.488643418,2014-09-17,401000001020140002
무안종합동물병원,영업/정상,전남광주통합특별시 무안군 무안읍 성안길 22,전남광주통합특별시 무안군 무안읍 성내리 145-2 3통5반 1동 101호,061-454-2928,152200.342436392,165768.816780163,2014-09-12,588000001019980001
우리동물병원,영업/정상,충청남도 당진시 우강면 면천로 1783,충청남도 당진시 우강면 창리 246-5,,180494.276893131,367854.992512576,2014-09-11,568000001020140002
동인동물메디컬센터,영업/정상,경상남도 창원시 진해구 안골로 277 (안골동),경상남도 창원시 진해구 안골동 371-5,055-552-7980,364507.947555268,179147.430642957,2014-09-11,567000001020140005
행복한 우리아이 동물병원,영업/정상,"서울특별시 송파구 석촌호수로 146, 1층 (삼전동)",서울특별시 송파구 삼전동 22-6 1층,02-424-7552,208168.056327148,444967.444844563,2014-09-01,323000001020140004
다루동물병원,영업/정상,"서울특별시 은평구 불광로 60, 1층 (불광동)",서울특별시 은평구 불광동 554-1 1층,02-356-8353,193936.125681025,456673.805557751,2014-09-01,311000001020140002
24시 더나은 동물메디컬센터,영업/정상,경상남도 거제시 동문천로 47 (고현동),경상남도 거제시 고현동 203-1,055-716-1175,348514.182652048,155010.415760877,2014-08-29,537000001020140002
수정동물병원,영업/정상,"서울특별시 강남구 일원로14길 25, 상가동 102호 (일원동, 푸른마을아파트)",서울특별시 강남구 일원동 719 푸른마을아파트 상가동 102호,60536052,207082.852867151,442411.500091131,2014-08-29,322000001020140010
에어벳동물병원,영업/정상,"경기도 용인시 기흥구 새천년로16번길 3-2, 월드프라자 202호 (신갈동)",경기도 용인시 기흥구 신갈동 722 월드프라자,031-281-0811,209792.931542017,420761.357122126,2014-08-26,563000001020140003
동물병원 산책,영업/정상,부산광역시 금정구 수림로 25 (부곡동),부산광역시 금정구 부곡동 224-1,,390130.993591859,195312.211870554,2014-08-25,335000001020140001
수 동물병원,영업/정상,경기도 화성시 만세구 남양읍 매바위로 586,경기도 화성시 만세구 남양읍 장덕리 795-29,,182325.236768416,406130.431930554,2014-08-21,574000001020140003
비전동물병원,영업/정상,"경기도 평택시 비전3로 27, 104, 105호 (비전동)",경기도 평택시 비전동 1027-2,031-651-1175,209267.855877372,389007.854964262,2014-08-20,391000001020140001
24시 명동물메디컬센터,영업/정상,"서울특별시 구로구 남부순환로 775 (개봉동, 개봉푸르지오)",서울특별시 구로구 개봉동 492 개봉푸르지오,26195102,186501.22219755,444255.437772383,2014-08-11,316000001020140004
어니스트 동물병원,영업/정상,"경기도 성남시 분당구 운중로113번길 12-5, 1층 (운중동, MM하우스)",경기도 성남시 분당구 운중동 979,,206685.138867041,432301.672020428,2014-08-06,378000001020140004
곤지암행복동물병원,영업/정상,경기도 광주시 곤지암읍 경충대로 702,경기도 광주시 곤지암읍 6-1,,229322.073530039,427981.29260808,2014-08-04,554000001020140001
강진완도축협동물병원,영업/정상,전남광주통합특별시 강진군 강진읍 보은로 40,전남광주통합특별시 강진군 강진읍 평동리 253,061-430-2827,178344.486815832,126039.293166306,2014-08-01,586500001020140001
사랑동물병원,영업/정상,"경기도 하남시 하남대로 809, 1층 (신장동, 경림빌딩)",경기도 하남시 신장동 424-2 경림빌딩 1층,,218276.461456428,448764.598193697,2014-07-30,404000001020140001
세인트존스동물병원,영업/정상,"경기도 성남시 분당구 정자일로 197, 101호 (정자동, 푸르지오씨티 2차)",경기도 성남시 분당구 정자동 16-2,031-713-8391,209277.906854115,429558.406454768,2014-07-22,378000001020140003
로로 동물병원,영업/정상,"경기도 김포시 김포한강2로 103, 528동 114호 (장기동, 우남퍼스트빌 상가동)",경기도 김포시 장기동 2065-1 우남퍼스트빌 상가동 528동 114호,031-988-8916,171018.208974742,459468.772455511,2014-07-21,409000001020140004
태화동물병원,영업/정상,울산광역시 중구 태화로 160 (태화동),울산광역시 중구 태화동 428-2,,407880.839762058,230529.611647385,2014-07-21,369000001020140002
하나동물병원,영업/정상,대구광역시 달서구 조암남로 9 (상인동),대구광역시 달서구 상인동 1595-3,053-631-5575,338360.942160556,259103.13454783,2014-07-21,347000001020140004
함안축협동물병원,영업/정상,경상남도 함안군 가야읍 북실길 18,경상남도 함안군 가야읍 가야리 123-37,,,,2014-07-17,540000001020040001
위드펫동물병원,영업/정상,"인천광역시 영종구 하늘달빛로 90-27, 동오프라자  2층 207호 (중산동)",인천광역시 영종구 중산동 1876-8,,,,2014-07-16,349100001020140001
두남자동물병원,영업/정상,대구광역시 달서구 월배로 48 (진천동),대구광역시 달서구 진천동 657-1,053-721-7585,337310.244999231,258055.911071239,2014-07-15,347000001020140003
충북야생동물센터,영업/정상,충청북도 청주시 청원구 오창읍 양청4길 45,충청북도 청주시 청원구 오창읍 주성리 311-4,,239032.406879957,358731.045864839,2014-07-09,573500001020140001
로하스동물병원,영업/정상,대전광역시 대덕구 덕암로265번길 31 (덕암동),대전광역시 대덕구 덕암동 10-4,,237945.20825897,327156.827250145,2014-07-08,368000001020140001
굿모닝 동물병원,영업/정상,"서울특별시 마포구 독막로 295 (염리동, 삼부골든타워106호)",서울특별시 마포구 염리동 164-4,02-711-3375,195162.104693575,449161.449977519,2014-07-07,313000001020140007
MK동물병원,영업/정상,울산광역시 울주군 온산읍 덕신로 250,울산광역시 울주군 온산읍 덕신리 561,,409585.834174404,217298.327707828,2014-07-04,373000001020140002
손대하 동물병원,영업/정상,"울산광역시 동구 일산진6길 22, 1층 (일산동)",울산광역시 동구 일산동 948-3,052-234-7576,420448.676068385,224749.875259179,2014-07-03,371000001020140001
치산동물병원,영업/정상,전북특별자치도 고창군 고창읍 중거리당산로 60,전북특별자치도 고창군 고창읍 덕산리 207-3 (유)충만건설,,172281.902759123,214085.894166431,2014-07-02,478100001020140002
경기동물메디컬센터,영업/정상,"경기도 오산시 운천로 3 (원동, 101호, 201호)","경기도 오산시 원동 299-1 101호, 201호",031-375-8875,206510.104590416,404582.130641252,2014-07-02,400000001020140003
우리앤동물병원,영업/정상,경기도 부천시 원미구 조마루로105번길 8-6 (상동),경기도 부천시 원미구 상동 569-2,032-325-7975,178341.804943475,444260.299778412,2014-07-01,386000001020140003
열린동물병원,영업/정상,대구광역시 동구 아양로 17 (신암동),대구광역시 동구 신암동 799-1,,345859.631424455,265809.649645173,2014-07-01,342000001020140004
민락동물병원,영업/정상,부산광역시 수영구 광남로 207 (광안동),,051-757-8529,393248.510458749,186475.290749599,2014-06-30,338000001020140001
마리동물병원,영업/정상,"부산광역시 해운대구 해운대로 794, 엘리움 306호 (좌동)",부산광역시 해운대구 좌동 1473-2 엘리움 306호,051-702-5750,398155.660814985,187681.573589165,2014-06-30,333000001020140004
예스동물병원,영업/정상,대구광역시 수성구 동대구로 207 (황금동),대구광역시 수성구 황금동 676-4,,346679.823409933,262201.871268429,2014-06-27,346000001020140006
아프지말게 동물병원,영업/정상,"서울특별시 마포구 상암산로1길 24 (상암동, 월드컵파크 4단지 상가 113-2)",서울특별시 마포구 상암동 1655,02-307-3355,190097.791838986,452827.150591544,2014-06-26,313000001020140006
신당 좋아요 동물병원,영업/정상,"서울특별시 중구 다산로36길 83, 1층 (신당동)",서울특별시 중구 신당동 44-17,02-2233-6675,201618.834979518,450916.705246197,2014-06-20,301000001020140001
아델동물병원,영업/정상,"경기도 김포시 김포한강1로 254, 201호 (운양동)",경기도 김포시 운양동 1307-4 그랜드타워 201호,,172209.55105993,461244.972338448,2014-06-18,409000001020140003
곰아저씨 동물병원,영업/정상,대구광역시 수성구 들안로 354 (수성동4가),대구광역시 수성구 수성동4가 1017-32,,346076.35679019,263592.41334255,2014-06-18,346000001020140005
MS동물병원,영업/정상,"부산광역시 연제구 과정로348번길 2, 1층 (연산동)",부산광역시 연제구 연산동 306-28,,390326.652939989,189976.710657158,2014-06-17,337000001020140002
아이러브펫 동물병원 작전점,영업/정상,"인천광역시 계양구 계양대로 27 (작전동, 홈플러스 3층)",인천광역시 계양구 작전동 448-7 홈플러스 3층,,175291.982296046,447141.041163927,2014-06-11,355000001020140001
문정탑동물병원,영업/정상,"서울특별시 송파구 송이로 186, 상가동 1호 (문정동, 성해아파트)",서울특별시 송파구 문정동 4-2 성해아파트상가 1층,02-431-0275,211133.028370272,443191.963476119,2014-06-11,323000001020140003
위너동물병원,영업/정상,"경상남도 창녕군 대지면 우포2로 1194-6, 1층 105호",경상남도 창녕군 대지면 효정리 43-12,,334742.43773199,228243.344964034,2014-06-10,541000001020140002
수동물병원,영업/정상,제주특별자치도 제주시 서사로 91-1 (삼도일동),제주특별자치도 제주시 삼도일동 539-2,,155335.999373467,954.711104400261,2014-06-09,651000001020140005
그랜드 동물병원,영업/정상,"부산광역시 북구 학사로 299, 해림빌딩 (금곡동)",부산광역시 북구 금곡동 1880-12 해림빌딩,,383111.101659741,196111.900709044,2014-06-09,332000001020140001
정다운동물병원,영업/정상,전남광주통합특별시 광산구 용아로399번길 51 (하남동),전남광주통합특별시 광산구 하남동 785,062-959-7511,181983.167094027,186459.747617606,2014-06-05,582500001020140003
순수동물병원,영업/정상,경기도 용인시 수지구 수지로296번길 30 (풍덕천동),경기도 용인시 수지구 풍덕천동 697-3,031-262-8700,208115.923699254,424557.824088525,2014-06-05,564000001020140004
미소동물병원,영업/정상,대구광역시 달서구 와룡로 156 (감삼동),대구광역시 달서구 감삼동 171-4,053-565-7175,338834.075408222,261793.868499599,2014-06-05,347000001020140002
사랑애완동물병원,영업/정상,"경상남도 통영시 광도면 죽림4로 8, 해피데이 102호",경상남도 통영시 광도면 죽림리 1567-2 해피데이 102호,055-648-7582,329358.64070462,155074.839618032,2014-05-30,533000001020140001
대흥동물병원,영업/정상,경상북도 포항시 북구 새천년대로1249번길 48-6 (장성동),경상북도 포항시 북구 장성동 1554-15,054-249-2100,414398.413478549,288976.459184839,2014-05-30,502000001020140002
강원동물병원,영업/정상,강원특별자치도 삼척시 근덕면 삼척로 3443-38,강원특별자치도 삼척시 근덕면 광태리 216-1,,397162.374571581,431117.920690356,2014-05-30,424000001020140002
스마일양한방동물병원,영업/정상,"경기도 파주시 금빛로 44, 203호 (금촌동, 마이프라자)",경기도 파주시 금촌동 987-4 마이프라자 203호,,179474.776517202,472244.387747458,2014-05-29,406000001020140002
화원연합동물병원,영업/정상,대구광역시 달성군 화원읍 사문진로 447,대구광역시 달성군 화원읍 천내리 156-1,053-634-7975,335275.679142187,257003.130350382,2014-05-29,348000001020140001
봄봄동물병원,영업/정상,서울특별시 동대문구 회기로18길 46 (회기동),서울특별시 동대문구 회기동 62-8,02-969-7579,204704.034122842,454227.304386333,2014-05-27,305000001020140002
하나동물병원,영업/정상,서울특별시 동대문구 망우로 66 (휘경동),서울특별시 동대문구 휘경동 267-84,02-6242-7500,205314.479215834,454133.191843723,2014-05-27,305000001020140001
하트동물병원,영업/정상,전북특별자치도 전주시 덕진구 두간1길 5 (송천동1가),전북특별자치도 전주시 덕진구 송천동1가 812-3,063-276-7675,210879.734031415,262745.803939636,2014-05-26,464100001020140003
제일종합동물병원,영업/정상,"경기도 용인시 기흥구 강남동로 15, 103호 (구갈동)",경기도 용인시 기흥구 구갈동 589 103호,031-274-3575,211385.205640712,418818.433466908,2014-05-26,563000001020140002
내품에동물병원,영업/정상,"서울특별시 강동구 천호대로 1120 (성내동, 엘아이지건영리가 주상복합)",서울특별시 강동구 성내동 244-12 엘아이지건영리가 주상복합,02-477-1775,211917.625462989,448030.209207348,2014-05-26,324000001020140003
잠실베스트동물메디컬센터,영업/정상,"서울특별시 송파구 삼학사로 88, 금보 1층 (석촌동)",서울특별시 송파구 석촌동 2-9 금보 1층,02-2203-7975,208542.14164305,444755.616935219,2014-05-21,323000001020140002
스머프동물병원,영업/정상,서울특별시 은평구 백련산로 145 (응암동),서울특별시 은평구 응암동 194-23,02-969-7582,193315.117219499,455100.955115916,2014-05-21,311000001020140001
토곡동물병원,영업/정상,부산광역시 연제구 과정로 234-1 (연산동),부산광역시 연제구 연산동 399-12,051-759-8669,391356.082982311,189652.149025831,2014-05-20,337000001020140001
하안동물병원,영업/정상,"경기도 광명시 하안로 309, 세인빌딩 1층 105호 (하안동)",경기도 광명시 하안동 34-3 세인빌딩,02-897-7580,189237.766064871,440096.604556056,2014-05-19,390000001020140001
로얄동물병원,영업/정상,대구광역시 수성구 들안로 412 (범어동),대구광역시 수성구 범어동 1161,,346103.039680356,264174.124069326,2014-05-16,346000001020140004
보람동물병원,영업/정상,인천광역시 남동구 문화서로3번길 7 (구월동),인천광역시 남동구 구월동 1394-9,,172927.600010434,438246.294512457,2014-05-15,353000001020140005
내품애동물병원,영업/정상,경기도 남양주시 와부읍 수레로 34-1,경기도 남양주시 와부읍 덕소리 141-70,,219008.117779207,453913.054409724,2014-05-14,399000001020140003
덕정동물의료센터,영업/정상,"경기도 양주시 고암길 306-53, 덕정파크프라자 202, 203호 (덕정동)","경기도 양주시 덕정동 208-9 덕정파크프라자 202, 203호",031-857-7551,205917.209677953,481572.874250748,2014-05-12,559000001020140001
고양시 동물보호센터,영업/정상,"경기도 고양시 덕양구 고양대로 1695, 고양시 농업기술센터 (원흥동)",경기도 고양시 덕양구 원흥동 471-10 고양시 농업기술센터,031-962-3232,188445.243037768,460802.626677644,2014-05-12,394000001020140004
훈 동물병원,영업/정상,"부산광역시 동래구 명륜로 194, 1층 (명륜동)",부산광역시 동래구 명륜동 676-112,051-554-0010,389597.477042933,192179.420329087,2014-05-12,330000001020140004
인천 24시 스카이동물메디컬센터,영업/정상,"인천광역시 남동구 남동대로799번길 34, 판매시설동 3층 C307~315호 (구월동, 신영구월지웰시티푸르지오)",인천광역시 남동구 구월동 1608 신영구월지웰시티푸르지오,,174014.837508448,439163.467530452,2014-05-09,353000001020140004
참동물병원,영업/정상,"경기도 오산시 오산로 91-10 (갈곶동, 광성빌딩 101호)",경기도 오산시 갈곶동 659-1 광성빌딩 101호,031-374-1275,206030.273842891,403734.379600391,2014-05-08,400000001020140002
창현동물병원,영업/정상,경기도 남양주시 화도읍 창현로 53,경기도 남양주시 화도읍 창현리 562,,226859.314450247,460436.48454185,2014-05-08,399000001020140002
이룸동물병원,영업/정상,대구광역시 달서구 한실로 99 (도원동),대구광역시 달서구 도원동 1436-9,053-636-8272,338919.966848338,257406.544806306,2014-05-02,347000001020140001
데이지동물병원,영업/정상,전북특별자치도 전주시 완산구 용리로 47 (효자동1가),전북특별자치도 전주시 완산구 효자동1가 669-6,063-225-7588,210320.042069476,255424.449730868,2014-05-01,464100001020140002
스카이동물병원,영업/정상,"부산광역시 동래구 충렬대로 160, 1층 (온천동)",부산광역시 동래구 온천동 1440-1,051-506-8875,389112.337337945,191433.440580092,2014-05-01,330000001020140003
카카오 N 동물병원,영업/정상,"서울특별시 성북구 길음로 33 (길음동, 길음뉴타운 제상가비동 제지2층 25호)",서울특별시 성북구 길음동 1284 길음뉴타운 제상가비동 제지2층 25호,,201514.970976778,456137.102062808,2014-05-01,307000001020140003
서울프라임 동물병원,영업/정상,경기도 고양시 덕양구 중앙로 628 (화정동),,031-970-0075,184828.924719815,458367.087617797,2014-04-30,394000001020140003
메이플동물병원,영업/정상,"인천광역시 검단구 원당대로 853, 1층 102, 103호 (원당동, 삼정프라자)",인천광역시 검단구 원당동 824-6,,,,2014-04-30,356500001020140004
파스텔LC동물병원,영업/정상,인천광역시 남동구 구월로 159 (간석동),인천광역시 남동구 간석동 292-4,,174120.468765678,439478.802287054,2014-04-30,353000001020140003
동물병원 닥터K,영업/정상,"서울특별시 마포구 월드컵북로 347, 1층 (상암동)",서울특별시 마포구 상암동 115-11,02-306-1259,190490.42641517,452676.547382437,2014-04-30,313000001020140004
Dr.주 동물병원,영업/정상,"서울특별시 강동구 양재대로 1376 (둔촌동, 광안빌딩)",서울특별시 강동구 둔촌동 517-4,02-470-0030,212057.22936464,447407.746325186,2014-04-29,324000001020140002
이시아동물병원,영업/정상,"대구광역시 동구 팔공로 320-1, 1층 106호 (봉무동)",대구광역시 동구 봉무동 1520-1 106호,,348119.838105595,270920.407647245,2014-04-26,342000001020140003
정훈동물병원,영업/정상,"부산광역시 부산진구 부전로66번길 10, 4층 (부전동)",부산광역시 부산진구 부전동 515-15,,387202.042552595,185996.929610492,2014-04-25,329000001020140001
반려마루 화성,영업/정상,"경기도 화성시 만세구 마도면 영종로 1157, 경기도보건수의센터",경기도 화성시 만세구 마도면 쌍송리 704 경기도보건수의센터,031-8030-4371,181034.492950987,408021.574486496,2014-04-24,574000001020140002
한마음 동물병원,영업/정상,충청북도 진천군 진천읍 가산1길 17,충청북도 진천군 진천읍 가산리 178-1,,241637.808782517,375605.758602933,2014-04-23,445000001020140001
비타민동물병원,영업/정상,서울특별시 관악구 인헌6길 8 (봉천동),서울특별시 관악구 봉천동 1638-24,02-875-7582,196956.012769045,441322.63604293,2014-04-23,320000001020140002
도담동물병원,영업/정상,경상남도 김해시 진영읍 장등로 15 (BK 빌딩 105호),경상남도 김해시 진영읍 진영리 1621-10 BK 빌딩 105호,,357710.934550715,202315.361660939,2014-04-22,535000001020140002
통일로 동물병원,영업/정상,경기도 고양시 덕양구 통일로 730 (관산동),경기도 고양시 덕양구 관산동 163-16,070-7720-4934,188408.759321739,465060.588027904,2014-04-21,394000001020140002
성심동물의료센터,영업/정상,"충청남도 서산시 안견로 312, 서원빌딩 (읍내동)",충청남도 서산시 읍내동 71-13 서원빌딩,,150734.092097584,364158.223251546,2014-04-18,453000001020140001
도드람양돈협동조합동물병원,영업/정상,"대전광역시 서구 구봉산북로 12, 2층 (관저동)",대전광역시 서구 관저동 1971-2,042-826-7938,228893.261207904,310501.62857594,2014-04-16,366000001020140003
한길동물병원,영업/정상,전북특별자치도 고창군 흥덕면 선운대로 3771,전북특별자치도 고창군 흥덕면 흥덕리 54-12,,173008.963601099,224702.168252094,2014-04-10,478100001020140001
노엘동물병원,영업/정상,"경기도 부천시 소사구 범안로 98, 범박동 근린생활시설 (범박동)",경기도 부천시 소사구 범박동 32-6 범박동 근린생활시설,,183011.50072243,441230.944166025,2014-04-10,386000001020140002
석수동물병원,영업/정상,"경기도 안양시 만안구 연현로 109, 2동 104호 (석수동, 석수두산위브아파트 상가동)",경기도 안양시 만안구 석수동 417-3 석수두산위브아파트 상가동 2동 104호,031-473-1275,,,2014-04-10,383000001020140004
다온동물병원,영업/정상,"경기도 안양시 동안구 평촌대로 124, , 귀인로190번길 39 (평촌동)","경기도 안양시 동안구 평촌동 922-1 , 평촌동 916",031-689-5975,196449.733154224,431270.181575395,2014-04-10,383000001020140003
닥터에이스 동물병원,영업/정상,"경기도 수원시 영통구 영통로154번길 60, 101호 (망포동)",경기도 수원시 영통구 망포동 417-2 101호,031-203-7501,205172.415479908,415483.032834347,2014-04-10,374000001020140004
BB동물병원,영업/정상,울산광역시 울주군 범서읍 점촌6길 5,울산광역시 울주군 범서읍 구영리 386-1,052-211-7599,403304.244502449,232196.954843646,2014-04-09,373000001020140001
수정동물병원,영업/정상,"대전광역시 서구 도안북로117번길 33, 102호 (도안동)",대전광역시 서구 도안동 905 102호,042-825-3399,230592.616134914,314588.911622936,2014-04-09,366000001020140002
학산동물병원,영업/정상,부산광역시 동래구 동래로147번길 6 (복천동),부산광역시 동래구 복천동 177-2,051-557-7577,389989.706135052,191486.296765168,2014-04-04,330000001020140002
마리동물병원,영업/정상,"경상남도 창원시 마산회원구 내서읍 삼계6길 12, 201호",경상남도 창원시 마산회원구 내서읍 삼계리 26-4 201호,055-232-2642,336791.218109048,193629.890820053,2014-04-03,567000001020140001
미래동물병원,영업/정상,충청남도 청양군 청양읍 문화예술로 109,충청남도 청양군 청양읍 읍내리 289-5,041-942-7062,181825.579478674,327589.955632057,2014-04-03,459000001020140001
인제종합동물병원,영업/정상,강원특별자치도 인제군 인제읍 비봉로44번길 70 (행복한집 102호),강원특별자치도 인제군 인제읍 남북리 810-5,033-461-3960,302453.411850875,507212.656762623,2014-04-02,433000001020140001
용인축협동물병원,영업/정상,"경기도 용인시 처인구 고림로 140, 1, 3층 (고림동)",경기도 용인시 처인구 고림동 761,031-339-7498,219414.920144213,415796.274599516,2014-04-02,562000001020140002
도담도담동물병원,영업/정상,"서울특별시 성북구 화랑로 76 (하월곡동, 코업스타클래스 1층)",서울특별시 성북구 하월곡동 46-73 코업스타클래스 1층,,203502.004139568,455500.568972657,2014-04-02,307000001020140002
국립생태원동물병원,영업/정상,충청남도 서천군 마서면 금강로 1210,충청남도 서천군 마서면 송내리 755,041-950-5875,175045.139129105,281026.195736188,2014-03-27,458000001020140001
라임동물병원,영업/정상,"서울특별시 송파구 가락로 258, 세림빌딩 1층 (방이동)",서울특별시 송파구 방이동 135-1 세림빌딩 1층,02-6227-7582,210444.487653465,445418.501583634,2014-03-27,323000001020140001
제일동물병원,영업/정상,경기도 의정부시 태평로 116 (의정부동),,,204497.442067574,471155.377372623,2014-03-26,382000001020140002
한마음동물병원,영업/정상,서울특별시 강서구 강서로18길 17 (화곡동),서울특별시 강서구 화곡동 27통5반 동양아파트 108동 2406호,02-2692-8275,186376.033822087,447981.532301582,2014-03-25,315000001020140001
구성동물병원,영업/정상,"경기도 용인시 기흥구 연원로 1, 101호 (마북동, 연원마을LG아파트상가)",경기도 용인시 기흥구 마북동 526-3,031-275-7579,209489.759976847,422183.362595046,2014-03-21,563000001020140001
우성산업동물병원,영업/정상,전북특별자치도 정읍시 충정로 363 (연지동),전북특별자치도 정읍시 연지동 351-2,,186004.568760204,230830.675050672,2014-03-20,469100001020140001
수지동물의료원,영업/정상,"경기도 용인시 수지구 수지로 77, 101호 (상현동, 힐프라자)",경기도 용인시 수지구 상현동 1099 33통힐프라자 101호,,206474.204998696,422940.9154863,2014-03-19,564000001020140003
꿈에동물병원,영업/정상,"경기도 용인시 수지구 성복2로 114, 111호 (성복동, 플러스클리닉수지센터)",경기도 용인시 수지구 성복동 129-1,031-264-1997,206444.574176723,423783.670257957,2014-03-18,564000001020140002
수완종합동물병원,영업/정상,전남광주통합특별시 광산구 장신로 164 (수완동),전남광주통합특별시 광산구 수완동 1452,062-959-0975,184270.302101712,187918.487521225,2014-03-17,582500001020140002
사랑의동물병원,영업/정상,"부산광역시 해운대구 좌동순환로 173, 영풍프라자 302호 (좌동)",부산광역시 해운대구 좌동 1407-2 영풍프라자 302호,051-702-1626,398088.876710268,188716.578156933,2014-03-16,333000001020140001
서울대학교 대동물병원,영업/정상,"강원특별자치도 평창군 대화면 평창대로 1597-1, 서울대학교그린바이오과학기술연구원",강원특별자치도 평창군 대화면 신리 1190-10 서울대학교그린바이오과학기술연구원,033-339-6119,,,2014-03-14,428000001020140001
이리온,영업/정상,경기도 김포시 초당로61번길 56 (장기동),경기도 김포시 장기동 1954-3,031-988-3125,170933.323480966,460465.64701176,2014-03-14,409000001020140001
워너비 동물병원,영업/정상,서울특별시 마포구 동교로 193 (동교동),서울특별시 마포구 동교동 200-29,02-322-1275,193083.152674322,450606.684095206,2014-03-14,313000001020140003
마야동물병원,영업/정상,"제주특별자치도 제주시 애월읍 중산간서로 5642-22, 1층",제주특별자치도 제주시 애월읍 상가리 1976-10,064-753-2007,138362.933138123,-5387.82025110222,2014-03-13,651000001020140004
스카이동물병원,영업/정상,"경기도 용인시 수지구 신봉1로 68, 106,107호 (신봉동)",경기도 용인시 수지구 신봉동 23,031-896-7590,206866.132766726,424521.992998184,2014-03-12,564000001020140001
별난동물병원,영업/정상,"서울특별시 도봉구 도봉로 603, 1층, 지층 (쌍문동)",서울특별시 도봉구 쌍문동 716-31,02-905-9119,203487.015,461801.685,2014-03-10,309000001020140001
안정택동물병원,영업/정상,"서울특별시 구로구 천왕로 106, 골드프라자 201호 (천왕동)",서울특별시 구로구 천왕동 279-3 골드프라자 201호,02-2060-7512,185651.200187402,442660.967785404,2014-03-03,316000001020140002
앨리스동물병원,영업/정상,"대구광역시 동구 안심로 389, 1층 (신서동)",대구광역시 동구 신서동 713 1층,053-963-0775,355865.611497639,264626.115037599,2014-02-28,342000001020140001
왕십리조은동물병원,영업/정상,서울특별시 성동구 왕십리로 381 (하왕십리동),서울특별시 성동구 하왕십리동 892-4,02-2297-0075,202393.457305335,451365.326207693,2014-02-27,303000001020140001
한나동물병원,영업/정상,"서울특별시 서초구 방배로 269, 109호 (방배동)",서울특별시 서초구 방배동 758-2,02-595-8875,198845.657797775,443825.9650708,2014-02-20,321000001020140001
쇼독동물병원,영업/정상,"경기도 안양시 동안구 경수대로 833, 2층 (비산동)",경기도 안양시 동안구 비산동 580-2 2층,031-465-0907,,,2014-02-18,383000001020140002
미소로동물병원,영업/정상,"서울특별시 영등포구 영신로 238, 미소로 107,108,204호 (영등포동8가)",서울특별시 영등포구 영등포동8가 72 미소로,26799997,191463.486635133,447373.174522815,2014-02-14,318000001020140001
그랜드벳동물병원,영업/정상,대구광역시 수성구 달구벌대로 3249 (신매동),대구광역시 수성구 신매동 261-16,053-794-7975,354588.396569993,261224.47215638,2014-02-12,346000001020140001
24시 코끼리동물병원,영업/정상,전북특별자치도 전주시 완산구 모악로 4769 (평화동1가),전북특별자치도 전주시 완산구 평화동1가 708-2,063-902-7975,211871.309264983,255014.453031228,2014-02-10,464100001020140001
스마트 동물병원,영업/정상,"서울특별시 강북구 솔샘로 203-2, 1층 (미아동)",서울특별시 강북구 미아동 839-223 1층,02-987-7588,201285.408153868,457551.373648182,2014-02-06,308000001020140001
저스트벳 동물병원,영업/정상,"경기도 오산시 원동로 6, 파크스퀘어 105,106호 (원동)","경기도 오산시 원동 841 파크스퀘어 105,6호",031-378-1514,206118.273622077,404474.595570101,2014-02-01,400000001020140001
한밭동물병원,영업/정상,제주특별자치도 제주시 해안마을길 166 (해안동),제주특별자치도 제주시 해안동 1340-27,,149594.356504943,-4946.21558285598,2014-01-29,651000001020140002
튼튼동물병원,영업/정상,"제주특별자치도 제주시 중앙로 351, 1층 (이도이동)",제주특별자치도 제주시 이도이동 1987-14,064-757-7582,156990.920409311,-553.413878425997,2014-01-14,651000001020140001
쿨펫동물병원,영업/정상,경기도 수원시 권선구 동수원로 232 (권선동),경기도 수원시 권선구 권선동 1296-5 롯데마트1층,031-237-1175,203008.631510845,416482.021790235,2014-01-10,374000001020140001
황학균동물병원,영업/정상,대전광역시 유성구 상대동로2번길 12 (상대동),대전광역시 유성구 상대동 480-4,042-822-4775,230354.44749363,315878.415820383,2014-01-08,367000001020140001
청라종합동물병원,영업/정상,"인천광역시 서해구 청라커낼로 252, c동 118, 119호 (경서동)",인천광역시 서해구 경서동 958-1 롯데캐슬단지내상가 C동,,,,2014-01-08,356100001020140001
미리내동물병원,영업/정상,"경기도 남양주시 별내5로 35, 102호 (별내동)",경기도 남양주시 별내동 1080-3 102호,,210138.683867051,461047.282213594,2014-01-07,399000001020140001
꿈의숲동물병원,영업/정상,"서울특별시 성북구 돌곶이로 220, 105동 112호 (장위동, 꿈의숲코오롱하늘채아파트)",서울특별시 성북구 장위동 319 꿈의숲코오롱하늘채아파트 105동 112호,,204005.446352581,457482.018043748,2014-01-07,307000001020140001
하나동물병원,영업/정상,강원특별자치도 춘천시 춘천로 287-1 (후평동),강원특별자치도 춘천시 후평동 686-3,033-243-7511,265474.317006275,486750.493543715,2014-01-03,418000001020140001
동산동물병원,영업/정상,인천광역시 제물포구 동산로 78 (송림동),인천광역시 제물포구 송림동 60-30,,,,2014-01-02,350100001020140001
석촌동물병원,영업/정상,"서울특별시 송파구 송파대로 441, 청호빌딩 1층 2호 (석촌동)",서울특별시 송파구 석촌동 174-12 청호빌딩 1층 2호,02-414-7975,209318.049046158,444847.903787224,2013-12-31,323000001020130004
기린동물병원,영업/정상,서울특별시 성동구 마장로 296 (마장동),서울특별시 성동구 마장동 791-9,02-2291-8275,203709.590135792,451490.666502232,2013-12-30,303000001020130007
경북대학교 수의과대학 부속동물병원(분원),영업/정상,"경상북도 상주시 경상대로 2559 (가장동, 경북대학교상주캠퍼스)",경상북도 상주시 가장동 386 경북대학교상주캠퍼스,054-530-1970,302703.929145653,320319.532979839,2013-12-26,511000001020120001
남해축협 동물병원,영업/정상,"경상남도 남해군 남해읍 화전로 60-4, 남해축협",경상남도 남해군 남해읍 남변리 417-1 남해축협,055-862-2115,281774.1691155,148999.153006584,2013-12-24,543000001020130001
일산시티 동물의료센터,영업/정상,"경기도 고양시 일산동구 중앙로 1219, 삼성디지털프라자 2층 판매시설(상점)일부호 (장항동)",경기도 고양시 일산동구 장항동 849-1 삼성디지털프라자 2층 판매시설(상점)일부,031-932-0085,180089.402611692,461466.396196425,2013-12-19,394000001020130006
바른동물병원,영업/정상,"서울특별시 성동구 독서당로 270, 상가동 2층 206호 (금호동4가, 금호동 대우아파트)",서울특별시 성동구 금호동4가 800 금호동대우아파트 상가동 206호,02-2297-7570,201669.803556903,449301.451523245,2013-12-19,303000001020130006
수동물병원,영업/정상,"충청남도 아산시 영인면 윤보선로 132, (2호)",충청남도 아산시 영인면 신봉리 100,,200017.854584111,376221.270410382,2013-12-14,452000001020130003
청다리동물병원,영업/정상,전남광주통합특별시 해남군 문내면 동영길 43,전남광주통합특별시 해남군 문내면 동외리 836-9,,136771.723810144,122479.703643057,2013-12-11,587000001020130001
설악동물병원,영업/정상,"경기도 가평군 설악면 신천중앙로 120, 1층",경기도 가평군 설악면 신천리 435-3 설악동물병원,,243211.024767491,464093.169143607,2013-12-11,416000001020130001
대한동물병원,영업/정상,"대전광역시 유성구 계룡로 27, 삼충빌딩 1층 (봉명동)",대전광역시 유성구 봉명동 562-16 삼충빌딩,042-822-5081,229933.837629017,317281.128764112,2013-12-10,367000001020130003
김해동물메디컬센터,영업/정상,경상남도 김해시 내외중앙로 83 (내동),경상남도 김해시 내동 1122-3,055-312-7555,369867.782203642,194726.992938599,2013-12-09,535000001020130008
씨엘동물병원,영업/정상,"경기도 안양시 동안구 동편로 6, 207호 (관양동, 스마트프라자)",경기도 안양시 동안구 관양동 1725-1 스마트프라자 207호,031-425-7512,197405.281074226,433738.682409365,2013-12-09,383000001020130007
세인트동물병원,영업/정상,대구광역시 수성구 청호로 484 (만촌동),대구광역시 수성구 만촌동 1025-35,053-744-8285,348524.125521591,263228.884143563,2013-12-03,346000001020130003
사랑종합동물병원,영업/정상,경기도 포천시 소흘읍 솔모루로 118,경기도 포천시 소흘읍 송우리 93-7,031-544-0275,213098.143296203,480983.704041878,2013-11-29,560000001020130002
4u동물메디컬센타,영업/정상,"경기도 안산시 단원구 광덕대로 142, 102호 (고잔동, 크리스탈빌딩)",경기도 안산시 단원구 고잔동 772-1 크리스탈빌딩 102호,,184915.885,423016.894999999,2013-11-28,393000001020130007
보드미동물병원,영업/정상,경상북도 구미시 옥계북로 66 (옥계동),경상북도 구미시 옥계동 734-2,,328170.837091129,293985.688841442,2013-11-27,508000001020130004
우리동물메디컬센터,영업/정상,서울특별시 금천구 남부순환로 1386 (독산동),서울특별시 금천구 독산동 950-3,,191503.35316026,441953.57184435,2013-11-27,317000001020130001
강서동물병원,영업/정상,충청북도 청주시 흥덕구 비하로 64 (비하동),충청북도 청주시 흥덕구 비하동 714,,237935.576441834,348030.670020955,2013-11-19,573000001020132003
닥터 아이펫 동물병원,영업/정상,"서울특별시 중랑구 망우로 315, 2층 (상봉동)",서울특별시 중랑구 상봉동 99-10,22080329,207655.291092379,454993.657588592,2013-11-19,306000001020130001
엔젤동물병원,영업/정상,"충청남도 천안시 서북구 서부대로 412, 1층 (쌍용동)",충청남도 천안시 서북구 쌍용동 1054 153빌딩,,211342.859851153,366957.592246113,2013-11-11,566000001020130005
그린벨 이콰인 동물병원,영업/정상,"충청북도 진천군 진천읍 원덕로 375, 1층 3,4호",충청북도 진천군 진천읍 성석리 644-6,,240020.863466769,373252.364744542,2013-11-11,445000001020130003
남창미르동물병원,영업/정상,"울산광역시 울주군 온양읍 대운길 12, 남창미르동물병원",울산광역시 울주군 온양읍 대안리 567-4,052-238-7511,407047.420099222,214885.584510184,2013-11-08,373000001020130001
마루동물병원,영업/정상,"전남광주통합특별시 서구 금화로 71, 미미빌딩 2층 203호 (금호동)",전남광주통합특별시 서구 금호동 245-3 미미빌딩,,186846.953159423,181494.974267524,2013-11-05,581000001020130003
위즈펫동물병원(롯데마트 울산점),영업/정상,"울산광역시 남구 삼산로 74, 2층 (달동, 롯데마트울산점)",울산광역시 남구 달동 830-1,,409970.39080848,228450.864733161,2013-11-04,370000001020130001
쿨펫동물병원,영업/정상,"대구광역시 동구 안심로 80 (율하동,롯데마트 4층 동물병원)",대구광역시 동구 율하동 1117 롯데마트 4층 동물병원,053-607-2754,352868.53664899,264480.565484064,2013-11-01,342000001020130001
서울 애니 동물병원,영업/정상,경상남도 김해시 분성로 432 (삼정동),경상남도 김해시 삼정동 73-1,,372267.95603122,194455.43103209,2013-10-30,535000001020130006
웰 동물병원,영업/정상,"경기도 용인시 수지구 광교중앙로 302, 광교지구블루스퀘어 1층 101호 (상현동)",경기도 용인시 수지구 상현동 1131-7 1층 101호,031-213-7522,206093.986901991,421650.47844937,2013-10-30,564000001020130005
하하 동물병원,영업/정상,"경기도 수원시 권선구 구운로85번길 12, 105층 (구운동)",경기도 수원시 권선구 구운동 921-11,031-292-1275,197489.494583305,419955.215349903,2013-10-30,374000001020130015
도안 ECO 종합동물병원,영업/정상,대전광역시 유성구 봉명서로 11-13 (봉명동),대전광역시 유성구 봉명동 1053-1,042-485-7582,230495.297082845,315924.582319812,2013-10-30,367000001020130002
스마일동물병원,영업/정상,부산광역시 강서구 가락대로 929 (범방동),부산광역시 강서구 범방동 1833,051-901-7384,371094.285733231,185672.987884375,2013-10-30,336000001020130002
아이러브펫동물병원,영업/정상,"인천광역시 미추홀구 학익로80번길 11, B동 2층 208호 (학익동, 시티오씨엘 3단지)",인천광역시 미추홀구 학익동 0 시티오씨엘 3단지,032-875-7566,,,2013-10-29,351000001020130004
퍼스동물병원,영업/정상,"서울특별시 용산구 신흥로 54, 106호 (용산동2가, 북동연립)",서울특별시 용산구 용산동2가 45-1 106호,02-790-7508,198855.032090543,448982.633361938,2013-10-28,302000001020130003
드림펫 동물병원,영업/정상,"서울특별시 광진구 능동로 407, 2층 (중곡동)",서울특별시 광진구 중곡동 166-6,,207333.639771374,451464.267096677,2013-10-23,304000001020130003
백록동물병원,영업/정상,"제주특별자치도 제주시 우령서로 89 (외도일동, 해마루풍경)",제주특별자치도 제주시 외도일동 640-2 해마루풍경,064-747-1375,146685.210871739,-1198.81196233802,2013-10-18,651000001020130005
정샘동물병원,영업/정상,"경기도 부천시 원미구 중동로 244, 109,110호 (중동, 상록센트럴타워)",경기도 부천시 원미구 중동 1152 상록센트럴타워 109호,032-323-4999,179509.015568599,444394.225694572,2013-10-16,386000001020130003
영덕울진축협 동물병원,영업/정상,경상북도 영덕군 영덕읍 영덕로 366,경상북도 영덕군 영덕읍 화수리 592,054-733-7120,413082.580544686,327638.340104982,2013-10-08,518000001020130001
요셉동물병원,영업/정상,전남광주통합특별시 광양시 광양읍 칠성로 76,전남광주통합특별시 광양시 광양읍 칠성리 3통1반,061-763-7582,,,2013-10-07,580000001020130001
웰리스 클리닉,영업/정상,경기도 성남시 분당구 불정로 134 (정자동),경기도 성남시 분당구 정자동 211,031-711-1911,210542.529800466,428535.664844133,2013-10-07,378000001020130010
신원당동물의료센터,영업/정상,"경기도 고양시 덕양구 호국로790번길 88, 덕산빌딩 1, 2층 (성사동)","경기도 고양시 덕양구 성사동 706-4 덕산빌딩 1, 2층",,185847.301970352,461353.37237947,2013-10-04,394000001020130003
서울동물병원,영업/정상,경상남도 함안군 가야읍 함마대로 1636-16,경상남도 함안군 가야읍 말산리 605-3,,328108.340230194,198692.418628207,2013-10-01,540000001020130001
보람동물병원,영업/정상,"전남광주통합특별시 광산구 선운로 55, 312동 (상가동) 103,104호 (선암동, 광주 선운지구 이지더원 3단지)",전남광주통합특별시 광산구 선암동 549 광주 선운지구 이지더원 3단지,,179432.184799477,183517.10009017,2013-09-30,582500001020130001
현대동물병원,영업/정상,경기도 양주시 남면 화합로 585,경기도 양주시 남면 상수리 341-4,031-868-5061,199432.223348412,485476.83236832,2013-09-30,559000001020130001
젠(Gen)동물병원,영업/정상,"경기도 성남시 분당구 양현로 479, 2층 (야탑동)",경기도 성남시 분당구 야탑동 202-3,031-752-0075,211917.280284681,434955.021670213,2013-09-30,378000001020130009
아이러브 동물병원,영업/정상,"경기도 수원시 장안구 송원로 69, 4층 (송죽동)",경기도 수원시 장안구 송죽동 506-3,031-241-7551,200703.263166558,422135.736175988,2013-09-26,374000001020130013
산업동물병원(출장전문),영업/정상,경기도 안성시 강변남로 84 (현수동),경기도 안성시 현수동 218-5,,224553.737278334,388968.448883992,2013-09-10,408000001020130004
참 좋은 동물병원,영업/정상,경기도 양평군 양평읍 시민로 90,경기도 양평군 양평읍 공흥리 468-23,031-772-0075,244272.555716225,443260.244570934,2013-09-09,417000001020130001
동물제중원금손이 동물병원,영업/정상,"서울특별시 서초구 사임당로 143, Cross 143 208호 (서초동)",서울특별시 서초구 서초동 1332-4 Cross 143 208호,,202161.886768738,443298.26937,2013-09-09,321000001020130006
수원동물병원 방실웃는,영업/정상,"경기도 수원시 영통구 효원로 363, 상가A동 210,210-1호 (매탄동, 매탄 위브 하늘채)","경기도 수원시 영통구 매탄동 1352 매탄 위브 하늘채 상가A동, 210,210-1호",031-212-1999,203603.161205028,417765.005936104,2013-09-06,374000001020130011
성원동물병원,영업/정상,"세종특별자치시 연서면 당산로 286, 상가동 103호",세종특별자치시 연서면 봉암리 622-3,044-867-4830,224857.741682293,339751.762891195,2013-09-05,569000001020130001
센트럴동물병원,영업/정상,"충청남도 당진시 당진중앙2로 447 (수청동, 로뎀타워 104동)",충청남도 당진시 수청동 999 로뎀타워 104동,041-352-7588,168469.306574814,377749.401725916,2013-09-05,568000001020130001
하비동물병원,영업/정상,"서울특별시 도봉구 노해로65길 14, 1층, 지층 (창동, 영일빌딩)",서울특별시 도봉구 창동 75-4,20389980,204036.76220241,461074.834638229,2013-09-04,309000001020130002
꿀벌 동물병원,영업/정상,대전광역시 중구 보문로 241 (대흥동),대전광역시 중구 대흥동 508-52,,237851.06156774,313781.005215225,2013-09-03,365000001020130001
광주광역시 우치동물원 동물병원,영업/정상,"전남광주통합특별시 북구 우치로 677, 우치공원 금호패밀리랜드 (생용동)",전남광주통합특별시 북구 생용동 산 127-2 우치공원 금호패밀리랜드,,189939.238971098,191422.862247767,2013-09-02,582000001020130002
사랑동물병원,영업/정상,경상남도 하동군 하동읍 경서대로 168,경상남도 하동군 하동읍 읍내리 208-2,055-884-6716,268465.300257908,174778.364766559,2013-09-02,544000001020130001
올리브동물병원,영업/정상,"대구광역시 북구 동북로 131, 105동 108,9호 (산격동, 양우내안에아파트 상가)",대구광역시 북구 산격동 1838,053-383-0075,345111.321867878,268011.470589568,2013-08-30,345000001020130004
힐링동물병원,영업/정상,대구광역시 달성군 다사읍 달구벌대로 844,대구광역시 달성군 다사읍 죽곡리 산 61-2,053-586-5575,332048.560236115,263214.522143886,2013-08-28,348000001020130002
전남낙농농협 보성공장 동물병원,영업/정상,전남광주통합특별시 보성군 벌교읍 남하로 158,전남광주통합특별시 보성군 벌교읍 장좌리 54-3,061-858-6330,232672.817112081,147813.067660554,2013-08-27,585000001020130002
다산동물병원,영업/정상,"충청남도 천안시 동남구 청수로 98 (청수동, 청솔LG아파트 상가 지하1층1호)",충청남도 천안시 동남구 청수동 261 청솔LG아파트 상가 지하1층1호,,214004.633718891,365624.342814672,2013-08-27,565000001020130004
고려동물병원 (출장전문동물병원),영업/정상,경기도 안성시 보개면 양협길 29-67,경기도 안성시 보개면 양복리 274-4,031-674-4432,228575.753366761,390112.509571332,2013-08-23,408000001020130002
숲속동물병원,영업/정상,충청남도 아산시 배방읍 모산로126번길 6,충청남도 아산시 배방읍 공수리 151-36,,204973.996035382,363637.195569873,2013-08-21,452000001020130002
고려동물병원,영업/정상,"경기도 하남시 신평로168번길 56, K 빌딩 1층 103호 (신장동)","경기도 하남시 신장동 231-1 K 빌딩, 1층 103호",1577-9291,218899.099233674,449383.55554441,2013-08-21,404000001020130001
(주)에니멀클리닉컨설팅(출장진료전문병원),영업/정상,경기도 용인시 기흥구 신갈로 85 (신갈동),경기도 용인시 기흥구 신갈동 38-5 17통3반,031-233-2836,209286.071286772,419153.769159212,2013-08-20,563000001020130004
아델 동물병원,영업/정상,"서울특별시 서초구 반포대로 45, 1층 (서초동, 명성빌딩)",서울특별시 서초구 서초동 1534-2 명성빌딩,,200886.032544788,442481.68257248,2013-08-20,321000001020130005
청수동물병원,영업/정상,전남광주통합특별시 영광군 영광읍 천년로 1405,전남광주통합특별시 영광군 영광읍 신하리 70-1,,154221.67331709,196956.52658945,2013-08-19,589000001020130001
이안동물의학센터(청담점),영업/정상,"서울특별시 강남구 선릉로 806, 5층 (청담동)",서울특별시 강남구 청담동 86 5층,,203432.518476036,446848.284081545,2013-08-18,322000001020130008
바이웰동물병원,영업/정상,경기도 포천시 영중면 양문로 94,경기도 포천시 영중면 양문리 772-4,,221272.725562291,499837.037609378,2013-08-16,560000001020130001
그린종합동물병원,영업/정상,경상북도 상주시 왕산로 92 (남성동),경상북도 상주시 남성동 165-2 56통명곡미래빌 4단지 401동 801호,,304176.180949481,323804.668796024,2013-08-14,511000001020130001
블리스 동물의료센터,영업/정상,"경기도 평택시 세교7길 50, JY빌딩 (세교동)",경기도 평택시 세교동 0,031-666-7582,207882.762108877,389408.878470791,2013-08-14,391000001020130002
헬로동물병원,영업/정상,"부산광역시 남구 분포로 115, 힐탑탑플레이스 A동 403호 (용호동)",부산광역시 남구 용호동 957-1 힐탑탑플레이스 A동 403호,051-627-1275,392515.689667818,183481.94111857,2013-08-13,331000001020130005
봄빛동물병원,영업/정상,"경기도 광명시 디지털로 56, 101호 (철산동, 래미안자이상가 )",경기도 광명시 철산동 634,26197588,188817.803794713,441078.624489493,2013-08-12,390000001020130003
한가람동물의료센터,영업/정상,서울특별시 영등포구 도신로 252 (신길동),서울특별시 영등포구 신길동 100-12 중양빌딩,02-844-7775,192727.874792619,445692.92673388,2013-08-12,318000001020130004
포항중앙동물병원,영업/정상,경상북도 포항시 북구 신덕로 254 (양덕동),경상북도 포항시 북구 양덕동 689-2,,415073.414066376,290132.49714584,2013-08-09,502000001020130002
경일 동물병원,영업/정상,경상남도 창원시 마산회원구 북성로 347 (회성동),경상남도 창원시 마산회원구 회성동 449-9,055-297-1919,341908.906765716,193809.724415237,2013-08-02,567000001020130002
세종공주축협동물병원,영업/정상,충청남도 공주시 내산목천길 92 (월미동),충청남도 공주시 월미동 307-18,,208939.512767616,332766.412596203,2013-08-02,450000001020130003
우리생명과학동물병원,영업/정상,충청남도 논산시 성동면 원봉길 7,충청남도 논산시 성동면 정지리 367-11,,204830.802575186,301089.338427166,2013-07-30,454000001020130002
충남야생동물구조센터,영업/정상,충청남도 예산군 예산읍 대학로 54 (공주대학교 산업과학대학 내),충청남도 예산군 예산읍 대회리 1 공주대학교 산업과학대학 내,041-334-1666,187383.602121852,352103.771790889,2013-07-29,461000001020130002
자연앤동물병원,영업/정상,"경기도 수원시 영통구 에듀타운로 17, 국제프라자 108호 (이의동)",경기도 수원시 영통구 이의동 1369-2 국제프라자 108호,031-215-7582,204571.544210978,420288.97336096,2013-07-26,374000001020130009
키다리동물병원,영업/정상,"대구광역시 북구 학정로 440, 101호 (구암동, 동재빌딩)",대구광역시 북구 구암동 765-2 동재빌딩 101호,053-312-7553,341072.128785204,272624.325445076,2013-07-26,345000001020130003
진성동물병원,영업/정상,전남광주통합특별시 순천시 팔마로 6-1 (장천동),전남광주통합특별시 순천시 장천동 22-10,061-742-0202,244600.036362229,160953.914978872,2013-07-25,579000001020130001
서현동물병원,영업/정상,"충청남도 천안시 동남구 청수로 98 (청수동, 청솔LG아파트 상가 지하1층 2호)",충청남도 천안시 동남구 청수동 262 청솔LG아파트 상가 지하1층 2호,,213872.417300616,365554.802977612,2013-07-25,565000001020130003
대구축산 동물병원,영업/정상,대구광역시 중구 대봉로 278 (대봉동),대구광역시 중구 대봉동 715-15,053-424-9944,344432.563323862,263763.687866673,2013-07-24,341000001020130001
킴리동물병원,영업/정상,"서울특별시 송파구 올림픽로35길 94, 신천동동 내제2층층 203호 (신천동, 장미3차맨션)","서울특별시 송파구 신천동 11 장미c상가 내제2층 203호, 내제2층 204동 3호",02-6925-5475,209001.844836661,446426.814182263,2013-07-23,323000001020130003
하트만 동물병원,영업/정상,"경기도 의정부시 외미로 91, 1층 (호원동)",경기도 의정부시 호원동 316-171,031-874-7533,203939.012749148,469119.082408091,2013-07-22,382000001020130002
닥터주 동물병원,영업/정상,"부산광역시 해운대구 좌동순환로402번길 8, 204호 (좌동, 피렌체오피스텔)",부산광역시 해운대구 좌동 1340-3 피렌체오피스텔 204호,,398351.67697533,187037.646097466,2013-07-22,333000001020130007
퍼피캣 동물병원,영업/정상,경기도 안산시 단원구 선부로 231 (와동),경기도 안산시 단원구 와동 812-7,,184048.355561085,426639.467388481,2013-07-19,393000001020130005
문덕동물병원,영업/정상,경상북도 포항시 남구 오천읍 원동로 59,,,416643.821494364,276884.246263802,2013-07-18,502000001020130001
임실축협동물병원,영업/정상,"전북특별자치도 임실군 임실읍 운수로 6, 임실축산업협동조합",전북특별자치도 임실군 임실읍 이도리 182-4 임실축산업협동조합,,225492.528496952,235159.748333614,2013-07-17,476100001020040002
별사랑동물병원,영업/정상,"경기도 남양주시 순화궁로 357, 207호 (별내동)",경기도 남양주시 별내동 930,,210937.177699689,461803.06611873,2013-07-17,399000001020130004
보라매웰종합동물병원,영업/정상,"서울특별시 동작구 상도로 16, 1층 (대방동)",서울특별시 동작구 대방동 401-21,02-3280-7975,193055.319381402,444170.270949995,2013-07-17,319000001020130002
나주축협동물병원,영업/정상,전남광주통합특별시 나주시 왕곡면 영산포로 4,전남광주통합특별시 나주시 왕곡면 장산리 198,,,,2013-07-16,579500001020090001
오라고동물병원,영업/정상,"서울특별시 양천구 공항대로 552 (목동, 대우마이빌 102호)",서울특별시 양천구 목동 603-2 대우마이빌 102호,26437579,188169.180124964,449701.802558519,2013-07-16,314000001020130005
노원N동물의료센터,영업/정상,"서울특별시 노원구 노원로 408, (주)노원24시동물의료센터 1,2,4층 (상계동)",서울특별시 노원구 상계동 318-2 (주)노원24시동물의료센터,,205942.292972604,461202.004092199,2013-07-16,310000001020130003
부산다솜동물메디컬센터 본원,영업/정상,"부산광역시 남구 수영로13번길 3, 다솜 동물 병원 (문현동)",부산광역시 남구 문현동 403-7 다솜 동물 병원,051-632-7580,388526.203913101,183992.328822561,2013-07-15,331000001020130004
누리종합동물병원,영업/정상,"강원특별자치도 원주시 서원대로 408, 광장빌딩 107,109-113,205호 (단구동)",강원특별자치도 원주시 단구동 1512-2 광장빌딩,033-761-0167,284124.423574889,425753.203190806,2013-07-11,419000001020130003
길동물병원,영업/정상,경상남도 창원시 성산구 삼정자로43번길 8 (성주동),경상남도 창원시 성산구 성주동 127 성주빌딩 206호,055-274-0075,355752.524771529,190177.450676658,2013-07-10,567000001020130001
WE 동물병원,영업/정상,경기도 수원시 장안구 파장로 109 (정자동),경기도 수원시 장안구 정자동 541-21,031-269-9975,199015.177297646,422912.959673246,2013-07-09,374000001020130007
고려동물메디컬센터,영업/정상,충청북도 청주시 서원구 사직대로 246 (사직동),충청북도 청주시 서원구 사직동 720-31,043-268-5677,242369.051227803,348337.920734483,2013-07-05,572500001020132001
일산스마트동물메디컬센터,영업/정상,"경기도 고양시 일산동구 무궁화로 32-12, 라페스타E 208, 209호 (장항동)","경기도 고양시 일산동구 장항동 763 라페스타E 208, 209호",031-913-8820,179444.375045271,462243.31266478,2013-07-04,394000001020130002
페츠비동물병원,영업/정상,경상남도 김해시 능동로 159 (부곡동),경상남도 김해시 부곡동 1161-10,055-311-7595,364628.118220816,190793.962462788,2013-07-03,535000001020130002
공덕 건강한 동물병원,영업/정상,"서울특별시 마포구 만리재로 15, 제일빌딩 108, 109호 (공덕동)",서울특별시 마포구 공덕동 256-13 제일빌딩,02-701-0705,195748.06444032,449145.578789461,2013-07-03,313000001020130006
라온동물병원,영업/정상,부산광역시 사하구 낙동대로 511 (하단동),부산광역시 사하구 하단동 505-8,,379149.295028366,180733.464963338,2013-07-02,334000001020130001
자양동물병원,영업/정상,서울특별시 광진구 뚝섬로52길 4 (자양동),서울특별시 광진구 자양동 606-27,,206943.894875237,447730.416384887,2013-06-27,304000001020130002
동일동물병원,영업/정상,"경기도 용인시 수지구 손곡로 107 (동천동, 대영프라자 102호,201호)","경기도 용인시 수지구 동천동 946-4 대영프라자 102호,201호",031-265-1175,207967.432784619,425988.844668793,2013-06-20,564000001020130002
해밀동물병원,영업/정상,경기도 남양주시 진접읍 해밀예당3로 122,경기도 남양주시 진접읍 금곡리 973-5,,217263.449446219,468689.911371934,2013-06-20,399000001020130003
마음반려 동물의료원,영업/정상,경기도 수원시 팔달구 경수대로 461 (인계동),경기도 수원시 팔달구 인계동 979-2,031-211-0975,202272.786410662,418390.564345628,2013-06-19,374000001020130006
광명시티동물병원,영업/정상,경기도 광명시 금하로 522 (소하동),경기도 광명시 소하동 38-2,,190207.557951593,438720.857482469,2013-06-18,390000001020130002
아이엠 동물병원,영업/정상,"서울특별시 마포구 양화로 72, 효성해링턴타워 101동 제1층 121,122호 (서교동)",서울특별시 마포구 서교동 494,02-338-2475,192571.398185225,449840.234160062,2013-06-17,313000001020130005
죽전동물메디컬센터,영업/정상,"대구광역시 달서구 달구벌대로 1580, VIP빌딩 1,2,3층 (감삼동)",대구광역시 달서구 감삼동 140-32,053-563-7585,339032.201973447,262260.208462735,2013-06-14,347000001020130001
우리집동물병원,영업/정상,"인천광역시 남동구 논고개로 71 (논현동, 가산타워 104호)",인천광역시 남동구 논현동 746-6 가산타워 104호,,175741.564805155,432916.160822863,2013-06-11,353000001020130001
지경희동물병원,영업/정상,부산광역시 남구 용호로 199 (용호동),부산광역시 남구 용호동 532-19,051-704-0220,392400.489068155,181526.932028603,2013-06-11,331000001020130003
페트로동물의료원,영업/정상,서울특별시 동대문구 답십리로63길 1(장안동),서울특별시 동대문구 장안동 140-8,02-2249-7600,205911.321964079,452287.844106267,2013-06-11,305000001020130005
충무가축병원,영업/정상,충청남도 아산시 시민로 467-41 (온천동),충청남도 아산시 온천동 1437,041-545-3334,199657.447898689,365372.674994412,2013-06-10,452000001020130001
한서동물의료센터,영업/정상,충청남도 서산시 율지6로 42 (동문동),충청남도 서산시 동문동 225-1,,151992.599992758,364320.395061898,2013-06-07,453000001020130001
명지오션시티동물병원,영업/정상,부산광역시 강서구 명지오션시티11로 66 (명지동),부산광역시 강서구 명지동 3238,051-271-7582,373495.794543247,177766.224356147,2013-06-04,336000001020130001
진천축산업협동조합동물병원,영업/정상,충청북도 진천군 진천읍 중앙서로 53 (진천축산농협),충청북도 진천군 진천읍 원덕리 396-2,,239361.737297257,372697.804202504,2013-05-31,445000001020130001
매탄동물병원,영업/정상,"경기도 수원시 영통구 효원로 374, 주공플라자 101호102호 (매탄동)",경기도 수원시 영통구 매탄동 1270-1 주공플라자 101호102호,031-211-0075,203681.839509241,417432.568834837,2013-05-29,374000001020130004
별내동물병원,영업/정상,"경기도 남양주시 별내중앙로 84 (별내동, 동익미라벨 3903동 14호)",경기도 남양주시 별내동 1060 동익미라벨 3903동 14호,,210693.01558702,460817.536623734,2013-05-28,399000001020130002
도화동물병원,영업/정상,서울특별시 마포구 삼개로 28 (도화동),서울특별시 마포구 도화동 153,02-712-8875,195267.884727681,448398.446051829,2013-05-24,313000001020130004
VIP동물의료센터 동대문점,영업/정상,서울특별시 동대문구 한천로14길 87(장안동),서울특별시 동대문구 장안동 376-3,02-2215-7522,205899.907023899,451571.351779533,2013-05-24,305000001020130004
부산다솜고양이메디컬센터 본원,영업/정상,"부산광역시 남구 수영로13번길 3, 다솜 동물 병원 (문현동)",부산광역시 남구 문현동 403-7 다솜 동물 병원,051-636-7582,388526.203913101,183992.328822561,2013-05-23,331000001020130002
24시잠실ON동물의료센터,영업/정상,"서울특별시 송파구 올림픽로 76, J타워 202호 (잠실동)",서울특별시 송파구 잠실동 175-6 J타워 202호,02-418-0724,206916.75835,445485.4447736,2013-05-15,323000001020130001
테라리움동물병원,영업/정상,경기도 안양시 동안구 관평로 314 (관양동),경기도 안양시 동안구 관양동 1403-5,031-388-7588,196179.572639393,433594.733707426,2013-05-14,383000001020130005
스타동물병원,영업/정상,"경기도 수원시 권선구 금곡로102번길 30, 폴리프라자 207호 (금곡동)",경기도 수원시 권선구 금곡동 1083 207호,031-294-0082,194708.566177877,418983.774877259,2013-05-14,374000001020130003
선닥터동물병원,영업/정상,전남광주통합특별시 보성군 보성읍 송재로 151,전남광주통합특별시 보성군 보성읍 보성리 824-26,,207179.842747645,141235.651391309,2013-05-13,585000001020130001
강남가축병원,영업/정상,강원특별자치도 강릉시 남구길24번길 16 (포남동),강원특별자치도 강릉시 포남동 1155-14,033-645-8871,367924.060841229,475425.301736125,2013-05-13,420000001020130001
24시 청담우리 동물병원,영업/정상,서울특별시 강남구 삼성로 614 (삼성동),서울특별시 강남구 삼성동 70-6,02-541-7515,204603.205,445808.225,2013-05-13,322000001020130003
제주양돈농협 동물병원,영업/정상,"제주특별자치도 제주시 한림읍 한림상로 127-2, 지층",제주특별자치도 제주시 한림읍 한림리 925-1,064-796-8661,131698.517212075,-9211.5029297033,2013-05-09,651000001020130003
미드미동물의료센터,영업/정상,"서울특별시 강동구 양재대로 1588 (명일동, 연우빌딩)",서울특별시 강동구 명일동 345-20 연우빌딩,02-6497-7582,212626.759844797,449455.580401741,2013-05-08,324000001020130003
인덕원동물의료센터,영업/정상,"경기도 안양시 동안구 흥안대로 495, 2층 (관양동)",경기도 안양시 동안구 관양동 1504-7,031-426-0075,197845.345098881,432909.501104711,2013-05-07,383000001020130004
호담동물병원,영업/정상,서울특별시 성북구 동소문로 302 (하월곡동),서울특별시 성북구 하월곡동 88-677,,202449.794334359,456051.096485397,2013-05-07,307000001020130001
건국대학교 부속 동물병원,영업/정상,서울특별시 광진구 능동로 120 (화양동),서울특별시 광진구 화양동 1,,206445.881091692,448922.881688102,2013-05-07,304000001020040003
디위드동물병원,영업/정상,"대전광역시 대덕구 동춘당로114번길 11-17, 비젼타워 (송촌동)",대전광역시 대덕구 송촌동 445-2 비젼타워,,239213.442237407,318586.444432259,2013-05-03,368000001020130001
해온동물병원,영업/정상,부산광역시 남구 용호로 233 (용호동),부산광역시 남구 용호동 554-1,051-612-7552,392414.019054274,181186.111387049,2013-05-02,331000001020130001
한빛동물병원,영업/정상,"충청남도 천안시 서북구 두정로 114, 102호 (두정동, 두정빌딩)",충청남도 천안시 서북구 두정동 544 두정빌딩 102호,,211472.582107194,370260.842985283,2013-04-26,566000001020130001
유명동물병원,영업/정상,충청남도 논산시 관촉로 288 (취암동),충청남도 논산시 취암동 1039-11,,208088.718913633,300431.357201282,2013-04-25,454000001020130001
스위스동물병원,영업/정상,"대구광역시 수성구 무학로 41, 1층 (상동)",대구광역시 수성구 상동 413-11 1층,053-782-7580,345702.583302327,260061.669935183,2013-04-22,346000001020130002
제주동물메디컬센터,영업/정상,"제주특별자치도 제주시 성신로1길 22, 202호 (연동, 신우스위트빌)",제주특별자치도 제주시 연동 2325-4 신우스위트빌,,152335.537918505,-419.255239300272,2013-04-19,651000001020130002
뉴욕동물병원,영업/정상,"부산광역시 동래구 명륜로 65, 1층 (수안동)",부산광역시 동래구 수안동 4-17,051-555-2119,389735.510564874,190957.411707034,2013-04-19,330000001020130002
카이저동물치과병원,영업/정상,"부산광역시 북구 금곡대로 182, 1층 (화명동)",부산광역시 북구 화명동 898-19,051-361-7582,382940.737125889,193602.746582289,2013-04-16,332000001020130001
계양 동물 메디컬 센터,영업/정상,"인천광역시 계양구 계양대로 191, 1층 (계산동)",인천광역시 계양구 계산동 942-37 1층,032-555-9975,175392.454679396,448775.975979453,2013-04-08,355000001020130002
Central 동물병원,영업/정상,"인천광역시 연수구 센트럴로 194, C동 128호 (송도동, 더샵센트럴파크2차상가)",인천광역시 연수구 송도동 23-4 더샵센트럴파크2차상가 C동 128호,032-815-7582,168141.708728648,432551.899734649,2013-04-08,352000001020130001
정남동물병원,영업/정상,경기도 화성시 효행구 정남면 서봉로 1119,경기도 화성시 효행구 정남면 발산리 250,031-354-8211,198514.942348693,407032.845223514,2013-04-03,575000001020130001
기린동물병원,영업/정상,"경기도 부천시 원미구 길주로 273, 신명타운 (중동)",경기도 부천시 원미구 중동 1058-1 신명타운,032-322-0506,179843.93,444665.525,2013-04-03,386000001020130002
다돈동물병원,영업/정상,경상북도 경주시 안강읍 안현로 546,경상북도 경주시 안강읍 청령리 747-4,,401327.798596074,269762.431536092,2013-04-02,505000001020130002
광장동물병원,영업/정상,"강원특별자치도 춘천시 춘천로 188, 114호 (효자동)",강원특별자치도 춘천시 효자동 654-3,033-242-8075,264625.007546706,486195.45439825,2013-03-27,418000001020130002
에이블 동물병원,영업/정상,서울특별시 서초구 바우뫼로 211 (양재동),서울특별시 서초구 양재동 4-14,20581882,203615.710621925,442081.7737532,2013-03-27,321000001020130003
세명 동물병원,영업/정상,"서울특별시 강서구 강서로17길 52 (화곡동, 화곡면옥)",서울특별시 강서구 화곡동 134 8통3반 공원아파트 507호,02-2604-3584,186044.798446918,447840.148367748,2013-03-27,315000001020130003
제연동물병원,영업/정상,서울특별시 동대문구 답십리로 77 (전농동),서울특별시 동대문구 전농동 652-1,02-2242-7975,204313.869527831,452538.14193671,2013-03-26,305000001020130003
라임동물병원,영업/정상,서울특별시 성동구 무학로 16 (홍익동),서울특별시 성동구 홍익동 398-2,02-2281-8122,202608.881117477,451473.310104052,2013-03-26,303000001020130001
로이종합동물병원,영업/정상,"부산광역시 해운대구 센텀중앙로 145, 202호 (재송동, 센텀파크상가2동)",부산광역시 해운대구 재송동 1200,051-742-7975,393239.237933586,188619.149645081,2013-03-20,333000001020130001
진동물병원,영업/정상,"경상남도 산청군 신안면 원지강변로63번길 7, 산청축협원지지소",경상남도 산청군 신안면 하정리 928-10 산청축협원지지소,,288147.960743423,200645.450572509,2013-03-19,545000001020130001
S동물병원,영업/정상,"경기도 부천시 원미구 상동로 78 (상동, 상동 동양파라곤)",경기도 부천시 원미구 상동 542-4 상동 동양파라곤,032-322-5222,178102.518145764,444663.677124151,2013-03-19,386000001020130001
유앤아이동물병원,영업/정상,전북특별자치도 전주시 완산구 온고을로 102 (서신동),전북특별자치도 전주시 완산구 서신동 959-2,063-275-7553,210023.34572708,259342.605646079,2013-03-18,464100001020130001
힐링동물병원 &  건강검진센터,영업/정상,"서울특별시 마포구 백범로31길 7, 101동 104,105호 (공덕동, 공덕SK리더스뷰)",서울특별시 마포구 공덕동 385-65 공덕SK리더스뷰,02-713-8275,195405.15774039,449263.217634202,2013-03-15,313000001020130001
세븐동물병원,영업/정상,대구광역시 북구 팔거천동로 210 (동천동),대구광역시 북구 동천동 905-2,053-324-8875,340552.836574497,272499.817974715,2013-03-14,345000001020130002
고양동물병원,영업/정상,"경기도 고양시 덕양구 혜음로 8, 삼라마이다스프라자 113, 114호 (고양동)",경기도 고양시 덕양구 고양동 243 삼라마이다스프라자,031-964-7599,191272.237926127,466525.081543565,2013-03-13,394000001020130001
365동물병원,영업/정상,서울특별시 도봉구 방학로 54 (방학동),서울특별시 도봉구 방학동 713-35,02-6402-0365,204021.391638685,462287.511552827,2013-03-13,309000001020130001
스타동물병원,영업/정상,"경기도 안산시 단원구 한양대학로 208, 2층,3층 103호,104호 (고잔동)",경기도 안산시 단원구 고잔동 730-3,,185458.486226745,423521.633578442,2013-03-11,393000001020130003
상도힐링동물병원,영업/정상,"서울특별시 동작구 상도로 353, 1층 (상도동)",서울특별시 동작구 상도동 486-7,02-812-7512,195791.557523948,443898.917364179,2013-03-11,319000001020130001
더나은동물병원,영업/정상,전북특별자치도 고창군 고창읍 성산8길 39-10,전북특별자치도 고창군 고창읍 교촌리 233-11,063-562-9154,172643.678960732,215423.082222987,2013-03-08,478100001020130001
바른동물병원,영업/정상,충청남도 보령시 명천중앙길 49 (궁촌동),충청남도 보령시 궁촌동 65,,163824.64950287,315785.956821828,2013-03-08,451000001020130001
석동물병원,영업/정상,"서울특별시 강동구 성안로 16, 경도빌딩 1층 (성내동)",서울특별시 강동구 성내동 446-20 경도빌딩,02-475-7501,211389.755830781,447005.528012764,2013-03-08,324000001020130002
다온동물병원,영업/정상,"경상북도 구미시 인동23길 2, 1층 (인의동)",경상북도 구미시 인의동 702-6,054-471-0089,328644.771815115,289436.481842044,2013-03-07,508000001020130002
꿈꾸는 동물병원,영업/정상,"서울특별시 서초구 서초중앙로 224, 129호 (반포동)",서울특별시 서초구 반포동 1341,,201100.600979283,444376.532945802,2013-03-07,321000001020130002
봉곡동물병원,영업/정상,경상북도 구미시 봉곡로 70 (봉곡동),경상북도 구미시 봉곡동 433-6,,317861.097778566,294604.403812408,2013-03-06,508000001020130001
평촌나무동물병원,영업/정상,"경기도 안양시 동안구 흥안대로 458, 1층 103호 (평촌동, 평촌메가타운)",경기도 안양시 동안구 평촌동 72-9 평촌메가타운 103호,031-425-3403,197819.951636158,432540.0080793,2013-03-05,383000001020130003
닥터펫 동물병원,영업/정상,"서울특별시 서초구 매헌로 16, 지하1층 (양재동, 이마트 양재점)",서울특별시 서초구 양재동 215 이마트 양재점 지하1층,,203204.755637424,440136.781183797,2013-02-28,321000001020130001
24시스마트동물메디컬센터,영업/정상,서울특별시 은평구 은평로 93 (응암동),서울특별시 은평구 응암동 91-5,02-387-7582,192700.377628737,455276.729077644,2013-02-25,311000001020130001
탑동물병원,영업/정상,"경상남도 통영시 운하1길 8, 마스터글래스 (봉평동)",경상남도 통영시 봉평동 159-12 마스터글래스,055-649-7275,329271.989917946,149028.149955973,2013-02-22,533000001020130003
한국마사회 서울부속동물병원,영업/정상,"경기도 과천시 경마공원대로 107, 한국마사회 (주암동)",경기도 과천시 주암동 685 한국마사회,02-509-1911,201414.290510998,438412.741689539,2013-02-22,397000001020050002
봉식동물병원,영업/정상,서울특별시 강북구 삼양로 252 (미아동),서울특별시 강북구 미아동 777-3,02-983-7000,201561.672128458,458168.086218768,2013-02-22,308000001020130001
나비누리 동물병원,영업/정상,경기도 광주시 중앙로 69-4 (역동),경기도 광주시 역동 27-9,031-763-7583,223020.657661684,433841.157632627,2013-02-21,554000001020130001
해담동물병원,영업/정상,"경기도 광명시 디지털로 13, 한국빌딩 1,2층 (철산동)",경기도 광명시 철산동 424 한국빌딩,,188332.568049652,441316.933124423,2013-02-12,390000001020130001
미소동물치과병원,영업/정상,"부산광역시 부산진구 가야대로 754 (부전동, 한솔폴라리스)",부산광역시 부산진구 부전동 505-6 한솔폴라리스,051-894-5433,387076.983236541,186148.629195175,2013-02-08,329000001020130001
사랑가득 동물병원,영업/정상,전남광주통합특별시 서구 풍금로38번길 59 (풍암동),전남광주통합특별시 서구 풍암동 987-1,,187935.909750598,180676.615077371,2013-02-04,581000001020130001
서현 동물병원,영업/정상,"경기도 성남시 중원구 성남대로 1110, 1층 (하대원동)",경기도 성남시 중원구 하대원동 100-7,031-755-5095,211426.841799283,436306.898558992,2013-02-01,378000001020130002
고려동물병원,영업/정상,충청남도 천안시 동남구 중앙로 281-2 (신부동),충청남도 천안시 동남구 신부동 319-37,041-557-8575,213530.061339568,369125.204750889,2013-01-24,565000001020130001
롯데마트 안성점 쿨펫,영업/정상,"경기도 안성시 공도읍 서동대로 4478, 2층 (롯데마트)",경기도 안성시 공도읍 양기리 306 롯데마트 2층,031-618-7533,217695.637116434,389592.895375219,2013-01-24,408000001020130001
산타클라라동물병원,영업/정상,울산광역시 중구 다운로 1 (다운동),울산광역시 중구 다운동 552-2 대왕빌딩 1층,,406245.026973114,230833.0814288,2013-01-22,369000001020130001
태전동물병원,영업/정상,대구광역시 북구 칠곡중앙대로 373 (태전동),대구광역시 북구 태전동 1068,053-357-7588,339580.331479043,270978.841723686,2013-01-22,345000001020130001
디아나동물병원,영업/정상,"경기도 안양시 동안구 관악대로 317-4, 1층 (관양동)",경기도 안양시 동안구 관양동 1406 1층,031-381-8275,196213.199964363,433510.330598782,2013-01-17,383000001020130002
행복드림 동물병원,영업/정상,강원특별자치도 원주시 서원대로 111 (단계동),강원특별자치도 원주시 단계동 1114-1,033-744-7585,281974.142875278,427668.864809842,2013-01-16,419000001020130001
브라운동물병원,영업/정상,"인천광역시 미추홀구 독배로432번길 3, 1층 (숭의동)",인천광역시 미추홀구 숭의동 293-19 1층,032-889-7582,168910.994157532,439621.557005148,2013-01-15,351000001020130001
엔젤동물병원,영업/정상,서울특별시 노원구 동일로 1104 (공릉동),서울특별시 노원구 공릉동 362-3,,206275.365027124,458463.71179338,2013-01-15,310000001020130001
AtoZ동물병원,영업/정상,"경기도 성남시 분당구 판교역로 145, 라스트리트2동 2층 213호 (백현동, 알파리움2단지)",경기도 성남시 분당구 백현동 530 알파리움2단지,031-8016-8206,209526.962902505,432419.161779872,2013-01-14,378000001020130001
애니피아동물병원,영업/정상,"전남광주통합특별시 여수시 신월로 688, 국동대주상가동 206호 (국동)",전남광주통합특별시 여수시 국동 543 국동대주아파트,061-644-2729,265776.540173716,137279.472779929,2013-01-11,578500001020130002
우사랑동물병원(출장전문진료병원),영업/정상,"경기도 용인시 기흥구 사은로 274-2, 3층 (지곡동)",경기도 용인시 기흥구 지곡동 445-8,,211903.956107959,416895.38019981,2013-01-09,563000001020130001
남양주동물의료센터,영업/정상,"경기도 남양주시 경춘로 1287, 정우빌딩 301호 (평내동)",경기도 남양주시 평내동 206-3 정우빌딩,,220728.965162914,460802.385886534,2013-01-03,399000001020130001
숲피부치과종양한방동물병원,영업/정상,인천광역시 계양구 장제로694번길 3 (작전동),인천광역시 계양구 작전동 925-1,032-544-0075,176420.106904978,447539.198991342,2013-01-03,355000001020130001
영등포동물병원,영업/정상,서울특별시 영등포구 영등포로 131-2 (당산동1가),서울특별시 영등포구 당산동1가 40-18,26339991,190759.061831054,446595.928725552,2013-01-03,318000001020130001
24시 안박동물병원,영업/정상,"서울특별시 강서구 양천로 510, 1층 101-1호 (등촌동, 현대프린스텔빌딩)",서울특별시 강서구 등촌동 628-13 101-1호,,187239.182172485,450877.798368564,2013-01-03,315000001020130001
예서동물병원,영업/정상,"제주특별자치도 제주시 수덕로 13 (노형동, 노형이화2차아파트)",제주특별자치도 제주시 노형동 1057-2 노형이화2차아파트,064-749-1801,151137.016541941,-823.37705466476,2013-01-02,651000001020130001
오즈동물병원,영업/정상,경기도 의정부시 추동로 13 (신곡동),경기도 의정부시 신곡동 673-6,031-840-0075,204995.213569942,471184.951956613,2012-12-28,382000001020120004
한일동물병원,영업/정상,"경상남도 창원시 마산회원구 양덕로 170, 1층 (양덕동)",경상남도 창원시 마산회원구 양덕동 12-14 1층,055-225-7585,343963.169699006,193807.664882617,2012-12-24,567000001020120006
래이동물의료센터,영업/정상,서울특별시 강남구 남부순환로 2911-1 (대치동),서울특별시 강남구 대치동 649 1층,,205037.148927108,443391.308416752,2012-12-24,322000001020120018
독스동물병원,영업/정상,"인천광역시 남동구 남동대로 912, 1층, 지하1층 (간석동)","인천광역시 남동구 간석동 210-2 1층, 지하1층",,174139.774518789,440218.672076386,2012-12-21,353000001020120002
보은옥천영동축협 동물병원,영업/정상,충청북도 보은군 보은읍 뱃들로 57,충청북도 보은군 보은읍 이평리 166-1,043-542-2201,264819.130115218,331854.401260602,2012-12-20,442000001020110001
도담동물병원(출장진료전문 동물병원),영업/정상,"서울특별시 성동구 독서당로59길 84, 신동아아파트상가동 1층 111호 (행당동)",서울특별시 성동구 행당동 344 111호,,202831.905687785,450233.87834092,2012-12-18,303000001020120003
삼성동물병원,영업/정상,경상북도 경주시 안강읍 안현로 1559,경상북도 경주시 안강읍 안강리 305-9,054-763-0164,400874.590047699,279383.914046516,2012-12-14,505000001020120004
튼튼 동물병원,영업/정상,경상남도 진주시 초전북로 65 (초전동),경상남도 진주시 초전동 1630-1,,301351.223220004,190517.657505356,2012-12-13,531000001020120004
벨라동물병원,영업/정상,"서울특별시 구로구 구로중앙로34길 30, 진명빌딩 (구로동)",서울특별시 구로구 구로동 501-12 진명빌딩,,189726.560464942,444269.522783882,2012-12-11,316000001020120001
고려동물병원,영업/정상,충청북도 옥천군 옥천읍 문장로 81-8,충청북도 옥천군 옥천읍 장야리 248-1,070-7796-3478,251733.075903336,310976.858326379,2012-12-03,443000001020120001
도그플러스동물병원,영업/정상,"서울특별시 영등포구 당산로 42, 4층 (문래동3가, 삼성홈플러스빌딩)",서울특별시 영등포구 문래동3가 55-3 4층,02-2069-0082,190729.506453391,446227.07504062,2012-11-26,318000001020120002
Helix ADI Center : 헬릭스 영상진단센터,영업/정상,"경기도 고양시 덕양구 중앙로 439, 2층 205~6호 (행신동)",경기도 고양시 덕양구 행신동 1086 205~6호,031-978-7575,186358.445846762,457257.532079513,2012-11-21,394000001020120002
신창동물병원,영업/정상,"전남광주통합특별시 광산구 신창로 136, 1층 (신창동)",전남광주통합특별시 광산구 신창동 1131-1,062-952-0750,185284.887173689,188660.862749,2012-11-16,582500001020120003
박명기 동물병원,영업/정상,경상남도 합천군 초계면 초계중앙로 42,경상남도 합천군 초계면 초계리 93-5,,314585.996203175,229537.571943209,2012-11-15,548000001020120001
백산동물병원,영업/정상,"서울특별시 강남구 논현로86길 22, 2층 (역삼동)",서울특별시 강남구 역삼동 725-15 2층,,203405.887304907,444213.498396089,2012-11-15,322000001020120016
애니케어동물병원,영업/정상,경기도 구리시 벌말로 104 (토평동),경기도 구리시 토평동 617-3,031-567-7589,212998.386114236,453738.950127028,2012-11-12,398000001020120002
진주 돌담 동물병원,영업/정상,경상남도 진주시 진양호로 507 (중안동),경상남도 진주시 중안동 15-11,055-746-3375,298375.52524206,188655.464688789,2012-11-08,531000001020120003
아인동물의료센터,영업/정상,"충청북도 청주시 흥덕구 진재로 41 (복대동, 풍년빌딩)",충청북도 청주시 흥덕구 복대동 2647,,238326.543839454,348258.342027188,2012-11-07,573000001020122002
경남야생동물센터,영업/정상,"경상남도 진주시 진주대로 501, 경상대학교 502동 (가좌동)",경상남도 진주시 가좌동 900 경상대학교,055-772-2335,299974.640093388,184196.415879105,2012-11-06,531000001020120002
홍성낙농협동조합 천북동물병원,영업/정상,충청남도 보령시 천북면 하궁길 13,충청남도 보령시 천북면 하만리 271-2,,157596.213008222,331233.837448653,2012-11-06,451000001020120001
전주동물병원,영업/정상,전북특별자치도 전주시 완산구 세내로 509-1 (효자동3가),전북특별자치도 전주시 완산구 효자동3가 1480-3,063-255-0630,209219.451797294,259116.264384028,2012-11-02,464100001020120004
분당파크뷰 동물병원,영업/정상,"경기도 성남시 분당구 정자일로 248, 112호 (정자동, 파크뷰상가)",경기도 성남시 분당구 정자동 6 파크뷰상가 112호,031-713-2111,209395.139689791,430300.596328501,2012-11-02,378000001020120010
옥수수 동물병원,영업/정상,"서울특별시 성동구 독서당로40길 39, 어울림상가 301~304호 (옥수동)",서울특별시 성동구 옥수동 560 어울림상가 301~4호,02-2291-7582,201538.05612719,448894.755196992,2012-10-31,303000001020120002
와이즈24시 동물병원,영업/정상,서울특별시 강남구 학동로6길 7 (논현동),서울특별시 강남구 논현동 123-5,34468253,202041.395692407,445451.428157834,2012-10-26,322000001020120015
원 동물병원,영업/정상,전북특별자치도 순창군 순창읍 금산로 28,전북특별자치도 순창군 순창읍 순화리 513-11,063-653-2002,212134.280840688,208797.480316959,2012-10-24,477100001020120001
우리동물병원,영업/정상,"경기도 김포시 월곶면 군하로 107-1, 101,102호",경기도 김포시 월곶면 갈산리 518-9,,161148.383251088,466904.161382516,2012-10-23,409000001020120003
협성동물병원,영업/정상,충청북도 청주시 상당구 남일면 단재로 509,충청북도 청주시 상당구 남일면 효촌리 38-4,,245495.097299868,342871.834151342,2012-10-04,572000001020123003
기분좋은 동물병원,영업/정상,경상북도 경주시 양남면 동해안로 612,경상북도 경주시 양남면 읍천리 44,054-776-6005,423750.284131826,246983.433446604,2012-10-04,505000001020120002
AK동물병원,영업/정상,강원특별자치도 춘천시 중앙로 127 (중앙로3가),강원특별자치도 춘천시 중앙로3가 66,033-242-2112,263369.536645376,486169.445024671,2012-09-25,418000001020120001
삼척동물병원,영업/정상,강원특별자치도 삼척시 오십천로 558-1 (정상동),강원특별자치도 삼척시 정상동 241-3,,392633.261760473,439104.587443464,2012-09-18,424000001020120001
나음동물병원,영업/정상,"경기도 부천시 원미구 길주로 276, 무광오피스빌딩 (중동)",경기도 부천시 원미구 중동 1141-1 무광오피스빌딩,,179844.333207433,444543.687726088,2012-09-18,386000001020120003
강남동물병원,영업/정상,"경기도 화성시 만세구 향남읍 행정죽전로1길 25, 102호",경기도 화성시 만세구 향남읍 행정리 495-1 102호,,192892.207298792,402662.724139664,2012-09-14,574000001020120003
왜관동물병원,영업/정상,"경상북도 칠곡군 왜관읍 2번도로길 78, 1층",경상북도 칠곡군 왜관읍 왜관리 211-5,054-977-7365,325956.854724155,278043.927306887,2012-09-10,522000001020120003
한주동물병원,영업/정상,경기도 연천군 전곡읍 양연로 1597,경기도 연천군 전곡읍 전곡리 289-32,,205753.014478727,502126.740361894,2012-09-10,414000001020120002
쿨펫동물병원(군산점),영업/정상,"전북특별자치도 군산시 미장안9길 15, 201호 (미장동)",전북특별자치도 군산시 미장동 512,063-442-7531,175843.351026345,273935.298489927,2012-09-03,467100001020120001
동물병원닥터스,영업/정상,"충청남도 천안시 서북구 불당7길 25, 1층 (불당동)",충청남도 천안시 서북구 불당동 1220 1층호,,209927.046766103,366866.621786284,2012-08-30,566000001020120002
우성농협,영업/정상,충청남도 공주시 우성면 동대리길 78,충청남도 공주시 우성면 동대리 145-6 145-6,,204599.125954468,329830.936193377,2012-08-27,450000001020030012
한스동물병원,영업/정상,인천광역시 계양구 동양로 115 (동양동),인천광역시 계양구 동양동 640-15,032-555-7756,178520.660535269,450781.6014122,2012-08-27,355000001020120001
펫가든,영업/정상,서울특별시 노원구 노원로 330 (중계동),서울특별시 노원구 중계동 361,,206204.445134058,460466.440748874,2012-08-27,310000001020120003
Wellness clinic 동물병원,영업/정상,경기도 용인시 기흥구 용구대로 2457 (보정동),경기도 용인시 기흥구 보정동 1019-237,031-283-1357,209271.840918768,422612.412300721,2012-08-24,563000001020120003
삼성종합동물병원,영업/정상,부산광역시 사하구 감천로 32 (감천동),부산광역시 사하구 감천동 682 감천백산상가2-1호,051-205-1017,381947.347982179,178690.098339089,2012-08-21,334000001020120001
숲동물병원,영업/정상,울산광역시 남구 돋질로 273 (삼산동),울산광역시 남구 삼산동 1472-2,052-977-2405,411652.898685006,229681.589793013,2012-08-20,370000001020120002
국립공원공단 국립공원야생생물보전원 북부보전센터,영업/정상,강원특별자치도 인제군 북면 황태길 76-46,강원특별자치도 인제군 북면 용대리 450-21,,318488.5403865,522783.769033805,2012-08-16,433000001020120001
리센츠 스타 동물병원,영업/정상,"서울특별시 송파구 올림픽로 145, 리센츠 상가동 1층 C13,C14호 (잠실동)","서울특별시 송파구 잠실동 22-6 리센츠상가 1층 C13,C14호",02-419-1010,207624.424720682,445533.439634339,2012-08-14,323000001020120007
명지종합동물병원,영업/정상,"부산광역시 강서구 명지오션시티11로 74 (명지동,명지오션타워 204)",부산광역시 강서구 명지동 3239 명지오션타워 204,051-271-8889,373576.028819345,177767.860366837,2012-08-13,336000001020120002
모란동물병원,영업/정상,"경기도 성남시 중원구 성남대로 1126, 106호 (성남동, 매가프라자)",경기도 성남시 중원구 성남동 4123 매가프라자 106호,,211427.1317276,436475.883497673,2012-08-10,378000001020120008
안정현동물병원,영업/정상,경상북도 영주시 지천로 197 (휴천동),경상북도 영주시 휴천동 653-14,,344535.119567191,369699.738451969,2012-08-08,509000001020120003
양덕동물병원,영업/정상,경상북도 포항시 북구 장량로 199 (양덕동),경상북도 포항시 북구 양덕동 1755 21통7반,,416335.039484861,289521.635686951,2012-08-07,502000001020120002
국가독성과학연구소 전북첨단바이오연구본부 부속 동물병원,영업/정상,전북특별자치도 정읍시 백학1길 30 (신정동),전북특별자치도 정읍시 신정동 30,063-570-8757,,,2012-08-07,469100001020120002
다정한동물메디컬센터,영업/정상,"세종특별자치시 다정1길 23, 이도빌딩 (다정동)",세종특별자치시 다정동 659 이도빌딩,044-864-7579,221058.501461215,333139.269113417,2012-08-01,569000001020120001
율하 베스트 동물메디컬센터,영업/정상,"경상남도 김해시 율하3로 21, 율하메디칼 201,203호 (율하동)",경상남도 김해시 율하동 1340-2 율하메디칼,055-326-7501,365066.832573437,187206.56498798,2012-08-01,535000001020120002
튼튼동물병원,영업/정상,"경기도 수원시 권선구 동수원로82번길 7-3, 1층 (곡반정동)",경기도 수원시 권선구 곡반정동 565-9,031-267-8100,202397.091220037,415141.740912996,2012-08-01,374000001020120001
장호원동물병원,영업/정상,경기도 이천시 장호원읍 장감로 23,경기도 이천시 장호원읍 진암리 5-5,031-643-0010,255504.528036123,401777.849540711,2012-07-31,407000001020120003
강산동물병원,영업/정상,경기도 여주시 홍문동 세종로 68-17,경기도 여주시 홍문동 231,,256175.312755935,421294.248616688,2012-07-27,411000001020120001
심동물병원,영업/정상,충청남도 부여군 규암면 계백로 76,충청남도 부여군 규암면 규암리 117-5 금강타운 102호,070-8826-5882,189883.874241178,308336.318711927,2012-07-27,457000001020120001
바른동물병원,영업/정상,부산광역시 동래구 충렬대로 488 (안락동),부산광역시 동래구 안락동 64-1,051-531-7582,392221.188083716,190383.546059565,2012-07-27,330000001020120003
친절한 동물병원,영업/정상,전남광주통합특별시 함평군 함평읍 광남길 32,전남광주통합특별시 함평군 함평읍 내교리 1337-2 22통1반 쌍촌동호반리젠시빌 301동 1606호,,,,2012-07-23,588500001020120001
펫코도니아 동물의료센터,영업/정상,"서울특별시 강남구 언주로 627, 3층 (논현동)",서울특별시 강남구 논현동 218-25,,203036.046846464,445588.523338533,2012-07-19,322000001020120007
힐링동물병원,영업/정상,전북특별자치도 전주시 덕진구 송천중앙로 177 (송천동1가),전북특별자치도 전주시 덕진구 송천동1가 486-16,063-272-8575,210883.678070147,262522.338382052,2012-07-18,464100001020120002
닥터수동물병원,영업/정상,전남광주통합특별시 여수시 문수로 46 (문수동),전남광주통합특별시 여수시 문수동 188-6,061-653-7585,264102.577472309,139493.400080841,2012-07-17,578500001020120002
산본중앙동물병원,영업/정상,경기도 군포시 고산로 686 (산본동),경기도 군포시 산본동 207-2,031-395-0079,194157.129371971,429880.199615401,2012-07-16,402000001020120001
현 동물병원,영업/정상,경상북도 청도군 금천면 신교동길 10-9,경상북도 청도군 금천면 김전리 1077-1,,368113.569283581,249756.087206797,2012-07-10,519000001020120001
레알피부전문동물병원,영업/정상,부산광역시 동래구 반송로 243 (안락동),부산광역시 동래구 안락동 946-7,051-524-8275,391075.332405266,191261.079515175,2012-07-10,330000001020120002
쿨펫동물병원,영업/정상,"대구광역시 동구 안심로 389-2 (신서동, 이마트 2층)",대구광역시 동구 신서동 520-1 이마트 2층,,355939.362329351,264777.243597576,2012-07-05,342000001020120001
미소종합동물병원,영업/정상,경상남도 고성군 고성읍 송학고분로 317,경상남도 고성군 고성읍 송학리 416-58,055-673-7194,320884.073318409,165545.961399078,2012-06-29,542000001020120001
지리산동물병원,영업/정상,전북특별자치도 남원시 금동로 41(금동),전북특별자치도 남원시 금동 325-2,,233690.120073616,211489.693377767,2012-06-28,470100001020060001
양평가축병원,영업/정상,경기도 양평군 양평읍 양근로 214,경기도 양평군 양평읍 양근리 284-1,031-772-3332,243430.071317703,443018.334412458,2012-06-26,417000001020120001
쿨펫동물병원,영업/정상,"서울특별시 금천구 두산로 71 (독산동, 롯데빅마켓 3층)",서울특별시 금천구 독산동 102-12 9통9반,,190704.904312713,440940.384414334,2012-06-22,317000001020120002
스마일동물병원,영업/정상,경기도 용인시 처인구 중부대로 1510 (마평동),경기도 용인시 처인구 마평동 858-9,,218756.128461501,414583.643881456,2012-06-21,562000001020120003
에이스동물메디컬센터,영업/정상,경기도 의정부시 태평로 102-1 (의정부동),경기도 의정부시 의정부동 26-6,031-875-8090,204498.574038722,471014.13418123,2012-06-21,382000001020120002
뉴타운동물병원,영업/정상,"서울특별시 은평구 진관3로 70 (진관동, 상림마을 821동 101호)",서울특별시 은평구 진관동 20 상림마을 821동 101호,,193103.427054842,459986.856034813,2012-06-21,311000001020120002
이태원동물병원,영업/정상,"서울특별시 용산구 녹사평대로 210, 지하1, 1, 2층층 일부호 (이태원동)",서울특별시 용산구 이태원동 531,,198802.476070336,448239.820740686,2012-06-20,302000001020120005
석적동물병원,영업/정상,경상북도 칠곡군 석적읍 북중리3길 45,경상북도 칠곡군 석적읍 중리 90-3,054-972-8275,327013.584807843,287422.347623863,2012-06-15,522000001020120001
다온동물병원,영업/정상,서울특별시 광진구 면목로 142 (중곡동),서울특별시 광진구 중곡동 193-29,,207128.898416579,451521.824189635,2012-06-12,304000001020120003
마리동물병원,영업/정상,경상북도 영주시 대학로284번길 4-18 (가흥동),경상북도 영주시 가흥동 1584-2,,343140.491083034,369856.938809302,2012-06-04,509000001020120002
웰니스동물병원(평촌점),영업/정상,"경기도 안양시 동안구 시민대로 300, 지하1층 (관양동, 평촌이마트)",경기도 안양시 동안구 관양동 1608-3 이마트 내 지하1층,031-382-0011,196752.332727486,432521.042909087,2012-06-01,383000001020120001
중계이오동물병원,영업/정상,"서울특별시 노원구 한글비석로 245 (중계동, 두타빌 A동 111,112호)","서울특별시 노원구 중계동 360-9 두타빌 A동 111,112호",,206670.816544196,460805.152066849,2012-06-01,310000001020120002
건국 종합 가축병원 (출장전문병원),영업/정상,경기도 안성시 일죽면 송천길 75-0,경기도 안성시 일죽면 송천리 47-7,031-676-7773,242229.947815353,399059.688885441,2012-05-29,408000001020120003
경산축산농협 동물병원,영업/정상,경상북도 경산시 자인면 계정길 67,경상북도 경산시 자인면 서부리 662-9,,364233.423622353,259120.918611233,2012-05-24,513000001020120002
나루동물병원,영업/정상,서울특별시 광진구 아차산로 537-17 (광장동),서울특별시 광진구 광장동 582,,208729.170395929,448995.808404463,2012-05-23,304000001020120002
스카이동물병원,영업/정상,"경상남도 창원시 성산구 동산로 122, 스카이웰빙파크 211호 (상남동)",경상남도 창원시 성산구 상남동 45-1 스카이웰빙파크,055-273-0075,353991.929834837,192136.233221503,2012-05-22,567000001020120005
레인보우동물병원,영업/정상,대전광역시 동구 우암로171번길 72 (성남동),대전광역시 동구 성남동 200-68,,238929.669083268,316073.165913365,2012-05-17,364000001020120002
목동 동물병원,영업/정상,서울특별시 양천구 목동서로 57 (목동),서울특별시 양천구 목동 907-10,26488275,189311.02246611,448276.142483848,2012-05-17,314000001020120002
청북동물병원 (출장진료 전문),영업/정상,경기도 평택시 청북면 청북중앙로 6,경기도 평택시 청북면 현곡리 297-3,,193966.882203077,393205.100044876,2012-05-15,391000001020070001
두리틀동물병원,영업/정상,서울특별시 서대문구 응암로 66 (북가좌동),서울특별시 서대문구 북가좌동 306-21,,192051.739738747,452952.75261913,2012-05-15,312000001020120001
일곡동물병원,영업/정상,전남광주통합특별시 북구 양일로305번길 8 (일곡동),전남광주통합특별시 북구 일곡동 843-5,,190562.90915523,189333.017062573,2012-05-11,582000001020120003
24시 모란동물 메디컬센터,영업/정상,경기도 광주시 경충대로 1448 (쌍령동),경기도 광주시 쌍령동 168-2,031-765-1100,224164.085190632,433063.76759113,2012-05-10,554000001020120001
유한동물병원,영업/정상,경상북도 경산시 중방로 9 (중방동),경상북도 경산시 중방동 828-24,,356721.001111577,260297.048877766,2012-05-10,513000001020120001
김도균동물병원,영업/정상,"충청남도 서산시 음암면 도당가금말길 65-1, 101호",충청남도 서산시 음암면 도당리 1545-14 101호,,155816.262435851,365405.587889066,2012-05-09,453000001020120002
상아동물병원,영업/정상,서울특별시 양천구 목동로 181 (신정동),서울특별시 양천구 신정동 995-4,26440069,187943.595,446944.9,2012-05-07,314000001020120001
에덴동물병원,영업/정상,"경기도 파주시 와석순환로 125, 현대프라자 2층 204호 (동패동)",경기도 파주시 동패동 1759-2 현대프라자,031-943-3710,177513.830321252,467768.285119608,2012-05-02,406000001020120001
애니펫동물병원,영업/정상,"경기도 용인시 수지구 만현로 95, B102호 (상현동, 수지3차쌍용스윗닷홈상가)",경기도 용인시 수지구 상현동 852 수지3차쌍용스윗닷홈상가 B102호,031-266-8898,207660.844695274,422815.250841136,2012-05-02,564000001020120003
소풍동물병원,영업/정상,"경기도 부천시 원미구 송내대로 239, 소풍 (상동)",경기도 부천시 원미구 상동 539-1 소풍,,178411.442079953,444684.405331659,2012-05-02,386000001020120002
한우리 동물병원,영업/정상,경상북도 영주시 원당로 200 (하망동),경상북도 영주시 하망동 252-15,,345638.510955653,370827.312720051,2012-05-01,509000001020120001
호수동물병원,영업/정상,전남광주통합특별시 순천시 왕지2길 19-5 (왕지동),전남광주통합특별시 순천시 왕지동 876-9,,247723.888600891,163380.067379668,2012-04-27,579000001020120001
멘토동물병원,영업/정상,"대구광역시 수성구 용학로 294 (범물동, 덕암빌딩 2층)",대구광역시 수성구 범물동 1271-2 덕암빌딩 2층,053-291-7579,348206.215289193,259197.424207022,2012-04-27,346000001020120002
박경동 동물병원,영업/정상,"대구광역시 북구 침산로 153, 101동 1층 A1호 (침산동, 명성푸르지오)",대구광역시 북구 침산동 269-10 명성푸르지오 101동 A1호,053-341-1155,343538.563050753,266594.606539471,2012-04-27,345000001020120001
펫케어 동물병원,영업/정상,"부산광역시 부산진구 가야공원로 6, B112호 (가야동, 가야센트레빌아파트)",부산광역시 부산진구 가야동 699 가야센트레빌아파트,051-896-7582,384824.694229744,185631.771618928,2012-04-27,329000001020120001
고촌동물병원,영업/정상,경기도 김포시 고촌읍 김포대로319번길 11,경기도 김포시 고촌읍 신곡리,,179786.408644103,455203.808740259,2012-04-23,409000001020120001
현대동물병원,영업/정상,충청남도 당진시 우두로1길 2 (우두동),충청남도 당진시 우두동 1436,,167178.142948248,377777.917965413,2012-04-19,568000001020120002
한원동물병원,영업/정상,충청남도 아산시 둔포면 둔포면로17번길 18,충청남도 아산시 둔포면 둔포리 451-2,,203128.152957651,380861.995972092,2012-04-19,452000001020120001
이룸동물병원,영업/정상,"서울특별시 송파구 삼학사로 34, 달성빌딩 (석촌동)",서울특별시 송파구 석촌동 217 달성빌딩,02-419-7580,208510.82,444231.795,2012-04-16,323000001020120004
다산동물병원,영업/정상,제주특별자치도 서귀포시 표선면 일주동로6496번길 2,제주특별자치도 서귀포시 표선면 토산리 453-1,064-787-0582,179245.070476991,-20898.8443234439,2012-04-10,652000001020120001
이천동물의료센터,영업/정상,경기도 이천시 이섭대천로 1342 (증포동),경기도 이천시 증포동 146-1,031-632-7510,240059.142363306,420767.899064471,2012-04-09,407000001020120002
답21동물병원,영업/정상,충청남도 서산시 호수공원12로 13 (예천동),충청남도 서산시 예천동 1300-7,,150635.955653494,363557.88984814,2012-04-06,453000001020120001
당진축협동물병원,영업/정상,충청남도 당진시 아미로 833 (채운동),충청남도 당진시 채운동 26-3,041-350-5568,,,2012-04-05,568000001020120001
청평동물병원,영업/정상,경기도 가평군 청평면 청평중앙로 55-1,경기도 가평군 청평면 청평리 465-25,,236987.668990474,470746.353149921,2012-03-29,416000001020120001
튼튼동물병원,영업/정상,"경기도 용인시 기흥구 죽현로 29, 102호 (보정동, 현대휴먼프라자)",경기도 용인시 기흥구 보정동 1266-6 현대휴먼프라자 102호,031-265-7505,210023.446060573,424170.299430871,2012-03-27,563000001020120001
현대 동물병원,영업/정상,"경기도 성남시 분당구 성남대로 30, 111호 (구미동, 동아그린프라자)",경기도 성남시 분당구 구미동 185-5 동아그린프라자 111호,,209626.917756254,426267.516779548,2012-03-23,378000001020120005
24시 서울YES동물병원,영업/정상,"경기도 용인시 수지구 현암로 81, 벤포스타 101~103, 301, 302호 (죽전동)",경기도 용인시 수지구 죽전동 1174-1 벤포스타,,210419.688909424,425533.086521088,2012-03-19,564000001020120002
수 동물병원,영업/정상,"경기도 성남시 분당구 운중로 141, 101-1호 (운중동)",경기도 성남시 분당구 운중동 967,80170130,206920.1,432200.515000001,2012-03-19,378000001020120003
동래종합동물병원,영업/정상,"부산광역시 동래구 금강로 69, 105호 (온천동)",부산광역시 동래구 온천동 402-21 22통4반 105호,051-558-0775,389072.954085227,192669.658512569,2012-03-19,330000001020120001
하나동물병원,영업/정상,"서울특별시 서초구 헌릉로8길 10-12, 1층 3호 (신원동, 힐스테이트서초잰트리스)",서울특별시 서초구 신원동 412-5 힐스테이트서초잰트리스 103호,02-574-0511,204997.162846243,439329.169504467,2012-03-19,321000001020120001
순정축협 동물병원,영업/정상,전북특별자치도 정읍시 북면 정읍북로 710-1 (순정축산업협동조합TMF사료공장),전북특별자치도 정읍시 북면 한교리 12-1,063-533-6831,190562.811269877,235425.04546515,2012-03-16,469100001020120001
하늘동물병원,영업/정상,"인천광역시 영종구 영종대로 90 (운서동,시에로빌 103호)",인천광역시 영종구 운서동 2789-2 시에로빌 103호,,,,2012-03-16,349100001020120001
코아동물병원,영업/정상,전남광주통합특별시 북구 서하로 364 (문흥동),전남광주통합특별시 북구 문흥동 1003-1,,192645.849449863,187444.513608067,2012-03-15,582000001020120001
만덕24시동물병원,영업/정상,부산광역시 북구 덕천로 227 (만덕동),부산광역시 북구 만덕동 916-7,051-338-0075,384684.134815435,192061.904079186,2012-03-08,332000001020120001
쿨펫동물병원,영업/정상,"경상남도 통영시 광도면 죽림4로 9, 이마트 2층",경상남도 통영시 광도면 죽림리 1566-2 이마트 2층,055-646-1318,329522.977138462,155160.704055243,2012-03-07,533000001020080001
민트동물병원,영업/정상,"서울특별시 용산구 원효로 51, 119호 (산천동, 삼성테마트)",서울특별시 용산구 산천동 202 삼성테마트 119호,,195547.140326252,447976.775939762,2012-03-07,302000001020120003
신동물메디컬센터,영업/정상,경기도 화성시 만세구 향남읍 행정서로2길 28-37,경기도 화성시 만세구 향남읍 행정리 417-14,031-352-6633,192385.113193727,403270.810469246,2012-03-06,574000001020120001
다나동물병원,영업/정상,강원특별자치도 정선군 정선읍 비봉로 46,강원특별자치도 정선군 정선읍 봉양리 321,033-563-6563,347229.21947851,432286.140579749,2012-03-06,429000001020120001
쿨펫동물병원,영업/정상,"경상남도 창원시 진해구 진해대로 762 (석동,롯데마트 2층)",경상남도 창원시 진해구 석동 543-5 롯데마트 2층,,354711.697540492,185657.659582022,2012-02-29,567000001020120003
닥터리동물병원,영업/정상,"대전광역시 동구 동구청로 89-2, 201-1호 (가오동, 제이타워)",대전광역시 동구 가오동 644 13통2반 제이타워 201-1호,,240970.372194618,311819.602374508,2012-02-29,364000001020120001
아진동물병원,영업/정상,"경상북도 영천시 선창길 11, 1층 (도림동)",경상북도 영천시 도림동 709-1 외 1필지(709),054-336-6179,373910.162983817,281504.889305203,2012-02-27,510000001020120001
초로동물병원,영업/정상,전남광주통합특별시 광산구 왕버들로 113-2 (수완동),전남광주통합특별시 광산구 수완동 725 나동 8호,062-961-7522,183919.666627207,189220.886639879,2012-02-23,582500001020120001
왈츠동물병원,영업/정상,서울특별시 영등포구 가마산로 324 (대림동),서울특별시 영등포구 대림동 776-2,02-834-7582,190691.328339211,444029.182337058,2012-02-23,318000001020120001
포항축협동물병원,영업/정상,경상북도 포항시 북구 기계면 새마을로 1481,경상북도 포항시 북구 기계면 내단리 329,054-255-6123,400150.215977168,287307.171010009,2012-02-22,502000001020120001
ABC동물병원,영업/정상,부산광역시 수영구 수영로 618-1 (광안동),부산광역시 수영구 광안동 117-10,051-761-2502,392549.099485091,186685.263918391,2012-02-21,338000001020120001
공군교육사령부동물병원,영업/정상,경상남도 진주시 금산면 송백로 46,경상남도 진주시 금산면 속사리 159,,304475.229304939,188219.250805224,2012-02-20,531000001020120001
창원메디컬동물병원,영업/정상,"경상남도 창원시 성산구 마디미로73번길 25, 103호 (상남동, 신우주차빌딩)",경상남도 창원시 성산구 상남동 35-6 신우주차빌딩 103호,055-282-0119,353173.480166955,192460.852055922,2012-02-16,567000001020120002
우리아이동물병원,영업/정상,"서울특별시 동작구 상도로 262, 1층 및 2층 (상도동)",서울특별시 동작구 상도동 34-18 1층 및 2층,02-823-7500,195234.741414997,444628.237982126,2012-02-14,319000001020120002
Dr.윤 동물의료센터,영업/정상,"서울특별시 은평구 통일로 767, 401동 1층 108호 (대조동, 베르디움STAY1)",서울특별시 은평구 대조동 241 베르디움STAY1,02-359-2020,,,2012-02-13,311000001020120001
조은동물의료원,영업/정상,대구광역시 수성구 달구벌대로 2644 (만촌동),대구광역시 수성구 만촌동 854-1,053-742-0075,349046.702079971,263042.071601978,2012-02-10,346000001020120001
윌 동물외상센터,영업/정상,전남광주통합특별시 서구 운천로 110-1 (쌍촌동),전남광주통합특별시 서구 쌍촌동 1248-18,,187013.059221457,182613.557035944,2012-02-09,581000001020120001
라뽀동물병원,영업/정상,경기도 평택시 송탄로 255 (서정동),경기도 평택시 서정동 838-3,031-668-7975,205124.380218446,396097.085631927,2012-02-09,391000001020120002
강남동물병원,영업/정상,경기도 평택시 팽성읍 안정쇼핑로 3,경기도 평택시 팽성읍 안정리 113-224,031-692-7114,203786.038393948,384175.779298464,2012-02-09,391000001020120001
양주축협동물병원,영업/정상,"경기도 양주시 고덕로355번길 28-37, 2층 (고읍동)",경기도 양주시 고읍동 52-3,031-863-2223,207125.264048718,478134.863107777,2012-02-08,559000001020120001
페트로 동물병원,영업/정상,인천광역시 미추홀구 토금중로 36 (용현동),인천광역시 미추홀구 용현동 621-68,032-203-0072,167828.738832773,439017.392826153,2012-02-06,351000001020120001
AP동물병원,영업/정상,경기도 용인시 수지구 수지로 421 (동천동),경기도 용인시 수지구 동천동 886-1,031-263-0085,208565.190002837,425808.708663829,2012-02-03,564000001020120001
서울산 동물병원,영업/정상,"울산광역시 울주군 언양읍 방천4길 19-9, 서울산 동물병원 1층 101호",울산광역시 울주군 언양읍 서부리 265-2,,391580.373960337,231645.498611984,2012-02-03,373000001020120001
김병규동물병원,영업/정상,경상북도 경주시 불국장터길 5 (시래동),경상북도 경주시 시래동 365-1,,407991.785830921,255225.108658843,2012-02-02,505000001020120001
필동물병원,영업/정상,"강원특별자치도 동해시 한섬로 61-1, 108호 (천곡동, 삼양타워1차)",강원특별자치도 동해시 천곡동 1077-5 삼양타워1차,033-534-7178,386543.49729853,448573.800520608,2012-01-25,421000001020120001
고방동물병원,영업/정상,경기도 이천시 부발읍 경충대로 2260,경기도 이천시 부발읍 신하리 434-18,031-632-7582,242143.540404697,417767.743311272,2012-01-20,407000001020120001
서울대학교 수의과대학 동물병원,영업/정상,"서울특별시 관악구 관악로 1 (신림동, 서울대학교)",서울특별시 관악구 신림동 149,02-880-8661,195663.052611569,440670.382746186,2012-01-20,320000001020120001
나무동물병원,영업/정상,"서울특별시 동작구 흑석한강로 2, 1층 105호 (흑석동)",서울특별시 동작구 흑석동 335-1,02-813-4567,196966.286046163,444931.77134833,2012-01-18,319000001020120001
알프스동물병원,영업/정상,대구광역시 남구 대덕로 149 (봉덕동),대구광역시 남구 봉덕동 562-15,,344428.388043736,261288.6225555,2012-01-11,344000001020120001
늘푸른 동물병원,영업/정상,"경상북도 구미시 야은로 308, 1층 (도량동)",경상북도 구미시 도량동 316,,318421.186870118,293906.309213953,2012-01-09,508000001020120001
펫 동물병원,영업/정상,"경기도 용인시 처인구 중부대로 1136, 2층 203호 (삼가동)",경기도 용인시 처인구 삼가동 197-30,031-334-4589,215148.340128038,415368.038179117,2012-01-09,562000001020120001
박인석 동물병원,영업/정상,전남광주통합특별시 나주시 남평읍 교원교촌길 100,전남광주통합특별시 나주시 남평읍 교촌리 57-1,061-335-8275,185615.477619197,171306.059070036,2012-01-06,579500001020120001
조항일동물병원,영업/정상,"경상남도 창원시 진해구 진해대로 757, 화남빌딩 104호 (석동)",경상남도 창원시 진해구 석동 543-2 화남빌딩 104호,,354681.450891888,185822.106765973,2012-01-06,567000001020120001
박효리군 동물병원,영업/정상,서울특별시 마포구 포은로 64 (망원동),서울특별시 마포구 망원동 338-76,02-326-0275,191672.343775132,450074.083675879,2012-01-06,313000001020120001
달래동물의료센터,영업/정상,"서울특별시 용산구 한남대로 76, 한남프라자 2층 (한남동)",서울특별시 용산구 한남동 707-36 한남프라자 2층,,200506.187313451,448146.173245501,2012-01-02,302000001020120001
대운 동물병원,영업/정상,경상북도 영천시 장수로 58 (화룡동),경상북도 영천시 화룡동 282-4,054-331-3375,372972.388171432,275662.300009407,2011-12-30,510000001020110002
한솔동물병원,영업/정상,경상남도 창원시 진해구 냉천로 65 (석동),경상남도 창원시 진해구 석동 141-10,055-551-0706,355229.167203914,185010.000665236,2011-12-29,567000001020110009
오태동물병원,영업/정상,경상북도 구미시 금오대로 296 (오태동),경상북도 구미시 오태동 742-1,,321473.318301076,286466.746106897,2011-12-29,508000001020110003
금쪽금쪽금쪽반려동물병원,영업/정상,경기도 파주시 가재울로94번길 27 (목동동),경기도 파주시 목동동 776-1 14통7반 3층 301호,031-944-9979,177600.853982672,469752.526905317,2011-12-28,406000001020110004
베트문동물병원,영업/정상,대구광역시 수성구 지범로39길 11 (범물동),대구광역시 수성구 범물동 1275-4,053-784-9971,348328.995524852,259066.019359284,2011-12-28,346000001020110006
주앤동물병원,영업/정상,충청남도 아산시 중앙로 10 (온천동),충청남도 아산시 온천동 2803,041-547-0275,200148.346343508,363838.702535569,2011-12-23,452000001020110001
계산동물병원,영업/정상,"인천광역시 계양구 계양대로 134, 2층 (작전동)",인천광역시 계양구 작전동 855-14 2층,032-549-2626,175441.38257964,448207.771661408,2011-12-23,355000001019930001
조은 동물병원,영업/정상,"강원특별자치도 원주시 로아노크로 8, 1층 (단계동)",강원특별자치도 원주시 단계동 407-12,033-742-8475,282089.58917541,427291.4995836,2011-12-22,419000001020110002
수아동물병원,영업/정상,"경기도 성남시 분당구 판교로 446, 그린프라자 108,109호 (이매동)",경기도 성남시 분당구 이매동 131-8 그린프라자,031-708-3100,210850.776963202,433673.988710196,2011-12-21,378000001020110012
다정동물병원,영업/정상,"경기도 파주시 와석순환로 78, 한강프라자 201호 (야당동)",경기도 파주시 야당동 1006-3 한강프라자 201호,031-944-5077,177957.323473341,467653.397542104,2011-12-19,406000001020110003
웰니스 동물병원,영업/정상,"대전광역시 동구 동서대로 1689, 대전복합터미널(서관) 3층 (용전동)",대전광역시 동구 용전동 63-3 대전복합터미널(서관) 3층,042-624-6275,239122.638390937,316705.693668735,2011-12-19,364000001020110001
길 동물병원,영업/정상,"대전광역시 유성구 유성대로 801, 1층 (장대동)",대전광역시 유성구 장대동 336-3,042-825-7587,230199.552235586,318126.964762351,2011-12-09,367000001020110005
반포자이동물병원,영업/정상,서울특별시 서초구 사평대로45길 10-25 (반포동),서울특별시 서초구 반포동 20-51 베리스타운102/108호,02-3476-3535,201162.735,444940.180000001,2011-12-08,321000001020110003
굿파파 24시 반려동물건강검진센터,영업/정상,"서울특별시 동작구 사당로 289, 1층 및 2층 (사당동)",서울특별시 동작구 사당동 148-9 1층 및 2층,02-593-8275,198128.497755331,442514.202527665,2011-12-07,319000001020110002
자연은동물병원,영업/정상,"경상남도 김해시 삼안로195번길 31, 1층 (삼방동)",경상남도 김해시 삼방동 184-1,,373657.025959577,195606.889966144,2011-12-02,535000001020110002
러브펫동물병원,영업/정상,경기도 동두천시 평화로2169번길 21 (송내동),경기도 동두천시 송내동 551,031-868-0275,204589.217640042,486451.318446758,2011-12-02,392000001020110002
준 동물병원,영업/정상,대구광역시 북구 공항로 12 (복현동),대구광역시 북구 복현동 209-1,053-475-0079,345891.323256544,267577.496683506,2011-12-02,345000001020110003
다사랑동물병원,영업/정상,"경기도 안양시 동안구 시민대로 266, 103호 (관양동, 평촌샤르망오피스텔)",경기도 안양시 동안구 관양동 1598 평촌샤르망오피스텔 103호,031-385-7588,196414.16043194,432416.101559202,2011-11-29,383000001020110002
엘동물병원,영업/정상,서울특별시 동대문구 고산자로 393-5 (용두동),서울특별시 동대문구 용두동 38-17,02-3295-3927,203254.520083136,452487.042671279,2011-11-25,305000001020110001
재영 동물병원,영업/정상,"인천광역시 계양구 장제로 708, 한샘프라자 108호 (작전동)",인천광역시 계양구 작전동 901-4 한샘프라자,032-542-4647,176441.146964031,447674.402593998,2011-11-22,355000001020110002
강형모동물병원,영업/정상,"경상남도 합천군 합천읍 충효로 106-4, 2층 202호 (미림빌라)",경상남도 합천군 합천읍 합천리,,305276.034066184,230610.444466062,2011-11-18,548000001020110001
철원동물병원,영업/정상,"강원특별자치도 철원군 김화읍 외골길 18-15, 철원낙농영농 조합법인",강원특별자치도 철원군 김화읍 청양리 2880 철원낙농영농 조합법인,,235504.71000041,527103.497507295,2011-11-15,430000001020110001
휴 동물병원,영업/정상,전남광주통합특별시 순천시 조례연동길 18 (조례동),전남광주통합특별시 순천시 조례동 373-5,061-743-0075,248225.330690208,162368.778354479,2011-11-07,579000001020110001
수송반려동물병원,영업/정상,"전북특별자치도 군산시 수송로 208 (수송동, 형진빌딩)",전북특별자치도 군산시 수송동 858-7,063-463-5575,174514.333535621,273751.433981451,2011-11-04,467100001020110001
도그플러스동물병원,영업/정상,"대구광역시 달서구 달구벌대로 1467, 홈플러스 성서점 지하1층 (용산동)",대구광역시 달서구 용산동 230-11 홈플러스 성서점 지하1층,053-568-7582,337916.079938251,262111.061697986,2011-11-03,347000001020110004
연희동물병원,영업/정상,"경기도 수원시 권선구 금호로 236, 삼호빌딩 101호 (탑동)",경기도 수원시 권선구 탑동 759-7 삼호빌딩 101호,031-296-7875,197796.942761648,419269.374116215,2011-11-01,374000001020110005
스마트동물병원,영업/정상,"서울특별시 강남구 삼성로 14, 208호 (개포동, 개포자이 프레지던스)",서울특별시 강남구 개포동 189 개포자이 스퀘어상가 208호,,206239.623997375,442598.51298973,2011-11-01,322000001020110014
스마일플러스동물병원,영업/정상,"서울특별시 노원구 동일로 1051 (공릉동, 영운빌딩 1층)",서울특별시 노원구 공릉동 494-17 영운빌딩 1층,,206395.394853046,457941.874981645,2011-10-31,310000001020110001
연성 동물병원,영업/정상,경상북도 경주시 안강읍 비화원로 46,경상북도 경주시 안강읍 안강리 346-16,054-761-0005,400803.73473202,278969.297410097,2011-10-30,505000001020110002
닥터펫 플러스 동물병원,영업/정상,대전광역시 중구 산성로 3 (산성동),대전광역시 중구 산성동 292-24,042-585-7533,234899.495929602,311737.256046284,2011-10-26,365000001020110001
가재울봉쥬르동물병원,영업/정상,서울특별시 서대문구 거북골로 178 (북가좌동),서울특별시 서대문구 북가좌동 304-29,02-305-8275,192059.635481101,452769.024133072,2011-10-18,312000001020110003
대구동물메디컬센터,영업/정상,대구광역시 수성구 동대구로 36 (지산동),대구광역시 수성구 지산동 1051,053-765-7877,346694.940508776,260487.502072888,2011-10-13,346000001020110005
유앤동물의료원,영업/정상,"서울특별시 송파구 양재대로 1148, 왕천빌딩 1층 (오금동)",서울특별시 송파구 오금동 17 왕천빌딩 1층,02-2043-7582,211187.285420971,445282.815189137,2011-10-12,323000001020110010
금빛동물수술센터,영업/정상,"부산광역시 금정구 식물원로 38, 주현빌딩 2층 (장전동)",부산광역시 금정구 장전동 615-6,,389697.631769027,193741.761380448,2011-10-11,335000001020110003
24시예스동물병원,영업/정상,"서울특별시 서초구 잠원로 24 (반포동,반포자이프라자 133호)",서울특별시 서초구 반포동 20-45 반포자이프라자 133호,,200800.417027918,444989.874340522,2011-10-07,321000001020110002
대동동물병원,영업/정상,전북특별자치도 장수군 장계면 한들로 59,전북특별자치도 장수군 장계면 장계리 197-12,063-352-5998,,,2011-10-04,475100001020110001
달빛동물병원,영업/정상,"경기도 의정부시 평화로 239, 1층 105호 (호원동)",경기도 의정부시 호원동 454,031-875-1559,204078.757685159,467864.625948019,2011-10-04,382000001020110003
시드니동물병원,영업/정상,경기도 성남시 수정구 태평로 10 (태평동),경기도 성남시 수정구 태평동 5104,,211258.105969116,438416.451503553,2011-10-04,378000001020110010
필유동물메디컬센터,영업/정상,"경상남도 창원시 진해구 진해대로776번길 33, 필유동물메디컬센터 2층 (이동)",경상남도 창원시 진해구 이동 464-2 필유동물메디컬센터,055-543-0022,354643.991944605,185380.170009824,2011-09-28,567000001020110007
보광동물병원,영업/정상,"세종특별자치시 조치원읍 충현로 159, 107호 (욱일아파트)",세종특별자치시 조치원읍 침산리 89 욱일아파트,044-862-5852,226143.154114418,344640.28554246,2011-09-26,569000001020110002
주영동물약품병원,영업/정상,전남광주통합특별시 함평군 학교면 사거리길 63,전남광주통합특별시 함평군 학교면 사거리 712-27,,157276.51385541,169543.0071658,2011-09-23,588500001020110001
한일동물병원,영업/정상,충청남도 예산군 예산읍 역전로 70,충청남도 예산군 예산읍 주교리 225-9,,184696.690625949,353818.978155954,2011-09-20,461000001020110002
미소 동물병원,영업/정상,"경기도 오산시 수청로 189, 웅신아트프라자 104,202호 (금암동)",경기도 오산시 금암동 516-6 웅신아트프라자,031-374-2579,204004.333509624,408331.949848515,2011-09-16,400000001020110002
two현동물병원,영업/정상,"경기도 평택시 평남로 1050, 1층 103호 (동삭동)",경기도 평택시 동삭동 662-4 103호,031-657-4671,208354.059089971,389814.735187844,2011-09-15,391000001020110004
위드동물병원,영업/정상,대구광역시 달서구 월배로 93 (진천동),대구광역시 달서구 진천동 576-1,053-639-0788,337743.988065682,258214.056893502,2011-09-09,347000001020110003
PMC동물병원「산업동물 출장진료 전문」,영업/정상,경기도 이천시 대월면 대월로 940,경기도 이천시 대월면 사동리 30-1,031-635-7620,243991.870498335,415302.053891838,2011-09-01,407000001020110002
봄꽃동물병원,영업/정상,경기도 고양시 일산동구 강송로87번길 8-10 (백석동),경기도 고양시 일산동구 백석동 1244-3,031-912-9465,181252.81,460612.855,2011-09-01,394000001020110006
사랑동물병원,영업/정상,경상북도 고령군 고령읍 대가야로 1533,경상북도 고령군 고령읍 쾌빈리 6-1,,315097.949298839,250033.908990298,2011-08-31,520000001020110002
테크노 웰 동물병원,영업/정상,대전광역시 유성구 관들1길 53 (관평동),대전광역시 유성구 관평동 829,042-931-0963,234837.098573396,325023.357385198,2011-08-31,367000001020110004
한스동물병원,영업/정상,서울특별시 서대문구 증가로 111 (남가좌동),서울특별시 서대문구 남가좌동 338-39,,193291.63170761,452709.173414864,2011-08-30,312000001020110001
베스트동물병원,영업/정상,"경기도 수원시 장안구 덕영대로535번길 38, 로얄프라자 101호 (천천동)",경기도 수원시 장안구 천천동 524-3 로얄프라자 101호,031-268-7582,198369.132871261,421688.986137766,2011-08-25,374000001020110004
웰니스크리닉,영업/정상,"부산광역시 부산진구 시민공원로 31, 이마트트레이더스서면점 (부암동)",부산광역시 부산진구 부암동 93 이마트트레이더스서면점,051-803-7511,386948.954199558,186897.053699125,2011-08-24,329000001020110003
고령성주축협동물병원,영업/정상,경상북도 고령군 고령읍 벽화길 41-8,경상북도 고령군 고령읍 고아리 140-21,054-954-0723,314952.480738681,247632.60431234,2011-08-23,520000001020110001
와우동물병원,영업/정상,울산광역시 울주군 언양읍 읍성로 135,울산광역시 울주군 언양읍 동부리 370-15,,392401.195611055,232134.574885044,2011-08-17,373000001020110001
나라 동물병원,영업/정상,"경기도 성남시 분당구 미금로 48, 오성프라자 113호 (구미동)",경기도 성남시 분당구 구미동 205-1 오성프라자 113호,,210257.696972908,426206.804268634,2011-08-16,378000001020110009
남현우동물병원,영업/정상,"경기도 성남시 분당구 내정로173번길 11, 603동 139호 (수내동, 양지마을한양아파트)",경기도 성남시 분당구 수내동 29 양지마을한양아파트 603동 139호,,210421.232418185,430307.058659489,2011-08-16,378000001020110008
참좋은동물병원,영업/정상,경상남도 밀양시 밀양대로 1896 (내이동),경상남도 밀양시 내이동 1051,055-351-3581,358253.92510237,222868.266152421,2011-08-11,536000001020110002
로얄동물병원,영업/정상,충청남도 서산시 안견로 256 (동문동),충청남도 서산시 동문동 987-13,,151285.086269949,364194.670545931,2011-08-09,453000001020110001
퐁낭동물병원,영업/정상,"제주특별자치도 제주시 오남로 355, 2층 (오라이동)",제주특별자치도 제주시 오라이동 130-11,070-7719-6297,154738.253422485,-3437.23616901222,2011-08-08,651000001020110002
양북동물병원,영업/정상,경상북도 경주시 문무대왕면 경감로 2383,경상북도 경주시 문무대왕면 어일리,,420197.612894084,258031.592787154,2011-08-04,505000001020110001
부천준동물병원,영업/정상,"경기도 부천시 원미구 신흥로 230, 두리프라자 (중동)",경기도 부천시 원미구 중동 1062-1 두리프라자,,180148.237239945,444704.626707764,2011-08-03,386000001020110006
늘푸른 동물병원,영업/정상,"전남광주통합특별시 남구 봉선로 115, 205동 B103호 (봉선동, 봉선2차 남양휴튼)",전남광주통합특별시 남구 봉선동 1080 봉선2차 남양휴튼 205동 B103호,062-672-7975,191587.752262708,180637.646190166,2011-08-01,581500001020110001
참누리동물병원,영업/정상,경기도 용인시 수지구 만현로 110 (상현동),경기도 용인시 수지구 상현동 254-14,031-264-7525,207423.63432336,422761.143603176,2011-07-27,564000001020110001
중앙동물메디컬센터,영업/정상,"서울특별시 강남구 영동대로 630, 스타빌딩 (삼성동)",서울특별시 강남구 삼성동 90-8 스타빌딩,,205189.337497555,446031.461621899,2011-07-27,322000001020110010
숲속동물병원,영업/정상,경기도 화성시 동탄구 동탄공원로1길 27 (반송동),경기도 화성시 동탄구 반송동  61-1,031-8003-5999,205227.780298847,411271.463661887,2011-07-22,577000001020110004
판교 P&P 동물병원,영업/정상,"경기도 성남시 분당구 서판교로 36, 104호 (판교동)",경기도 성남시 분당구 판교동 577-3 104호,031-8017-5558,208600.25834555,431991.076676201,2011-07-20,378000001020110007
슈르+ 동물병원,영업/정상,"경기도 과천시 별양상가2로 35, 3동 2층 218,219,220호 (별양동)",경기도 과천시 별양동 91 3동,,199267.409865018,435854.254493838,2011-07-19,397000001020110001
퍼피동물병원,영업/정상,대전광역시 서구 갈마로 234(내동),대전광역시 서구 내동 31-10,042-533-7533,234056.803700094,314939.78352265,2011-07-15,366000001020110004
동탄동물병원,영업/정상,"경기도 화성시 동탄구 동탄지성로 133, 덕천프라자 109호 (능동)",경기도 화성시 동탄구 능동 1114-6 덕천프라자,031-8003-8831,205320.428735062,411916.049063473,2011-07-07,577000001020110003
동탄동물병원,영업/정상,경기도 화성시 동탄지성로 145 (능동),경기도 화성시 능동 1114-1,031-8003-8831,,,2011-07-07,553000001020110003
쿨펫동물병원탄방점,영업/정상,"대전광역시 서구 문정로 77, 로데오 타운 1층 152~154호 (탄방동)",대전광역시 서구 탄방동 746 로데오 타운,042-223-2233,234758.600352414,316344.902398047,2011-07-01,366000001020110003
관악동물종합병원,영업/정상,서울특별시 관악구 남부순환로 1859 (봉천동),서울특별시 관악구 봉천동 1665-4,02-883-2733,196083.02840924,441997.214765836,2011-07-01,320000001020110003
문경축협 동물병원,영업/정상,경상북도 문경시 호계면 문경대로 1024,경상북도 문경시 호계면 견탄리 508,054-550-7433,302852.631715918,350000.025157492,2011-06-30,512000001020110002
백슬동물병원,영업/정상,"서울특별시 중구 만리재로 175, 지하1층 401-1호 (만리동2가, 서울역센트럴자이)",서울특별시 중구 만리동2가 273 서울역센트럴자이,02-393-7588,196697.116895888,450217.095147509,2011-06-30,301000001020110002
24시 이지동물의료센터,영업/정상,"경기도 부천시 원미구 부일로 712, 조양시티프라자 (역곡동)",경기도 부천시 원미구 역곡동 49-5 조양시티프라자,032-348-7975,183029.832521112,442529.302194423,2011-06-29,386000001020110005
리즈 동물병원,영업/정상,대구광역시 수성구 들안로 50 (두산동),대구광역시 수성구 두산동,053-764-8275,346052.975160552,260558.823557398,2011-06-28,346000001020110002
강남동물병원,영업/정상,"서울특별시 강남구 봉은사로 205, 상하빌딩 1층 (논현동)",서울특별시 강남구 논현동 234-26 상하빌딩 1층,,202977.496554636,445062.848886421,2011-06-28,322000001020110009
영천동물병원,영업/정상,경상북도 영천시 호국로 65 (야사동),경상북도 영천시 야사동 179-6,054-333-8275,375353.395958618,276593.435725814,2011-06-17,510000001020110001
우리 동물병원,영업/정상,강원특별자치도 홍천군 홍천읍 홍천로 420,강원특별자치도 홍천군 홍천읍 진리 22-9,,278513.811245352,465871.111875558,2011-06-15,425000001020110001
운정W동물병원,영업/정상,"경기도 파주시 미래로 620, 112호 (와동동, 해솔프라자)",경기도 파주시 와동동 1301-4 해솔프라자 112호,,177988.247139332,470021.926836432,2011-06-07,406000001020110001
아이러브펫동물병원(신도림점),영업/정상,"서울특별시 구로구 경인로 661, 홈플러스 신도림점 지하1층 (신도림동)",서울특별시 구로구 신도림동 337 홈플러스 신도림점 지하1층,34397533,190005.132500398,445250.538868558,2011-06-07,316000001020110003
스마일동물병원,영업/정상,"서울특별시 강서구 수명로 74 (내발산동, 발산시티타워)",서울특별시 강서구 내발산동 1139 16통3반 초록아파트 107동 702호,02-2667-5666,184573.276770349,450049.716475329,2011-06-07,315000001020110002
서울어린이대공원동물병원,영업/정상,서울특별시 광진구 능동로 216 (능동),서울특별시 광진구 능동 18-0,,207139.204095368,449705.67643744,2011-06-02,304000001020110002
유림동물병원,영업/정상,전남광주통합특별시 서구 하남대로 672 (동천동),전남광주통합특별시 서구 동천동 595 8통6반,062-527-7588,187714.452369626,185832.703689122,2011-06-01,581000001020111001
준동물병원,영업/정상,서울특별시 광진구 뚝섬로 541 (자양동),서울특별시 광진구 자양동 553-588,,206150.655471501,448076.720689255,2011-06-01,304000001020110001
송정동물병원,영업/정상,"울산광역시 북구 화동로 112, 1층 101, 102호 (화봉동)",울산광역시 북구 화봉동 1506-1,,414774.032807179,236027.53408607,2011-05-30,372000001020110001
진도개메디컬센터,영업/정상,전남광주통합특별시 진도군 진도읍 성죽골길 30,전남광주통합특별시 진도군 진도읍 동외리 268-14,061-540-6313,133623.303259479,109613.710506876,2011-05-25,590500001020110001
제일동물병원,영업/정상,경상북도 경산시 경안로 211 (중방동),경상북도 경산시 중방동 849-21,,356837.433675186,259857.992570988,2011-05-25,513000001020110002
신세계동물병원,영업/정상,"경기도 부천시 소사구 경인로 232, 이테크 에비뉴스타 215호 (심곡본동)",경기도 부천시 소사구 심곡본동 671-1 이테크 에비뉴스타,032-614-7588,180572.239793822,442300.924016178,2011-05-25,386000001020110004
리브동물병원,영업/정상,대전광역시 서구 관저남로25번길 23-30(관저동),대전광역시 서구 관저동 1549-4,042-488-7582,230096.838757063,310638.052499686,2011-05-25,366000001020110002
웰빙동물병원,영업/정상,"경상남도 창원시 성산구 동산로 122, 스카이웰빙파크동 109-2호 (상남동)",경상남도 창원시 성산구 상남동 45-1 스카이웰빙파크,055-262-1209,353991.929834837,192136.233221503,2011-05-23,567000001020110004
전주김제완주축협 김제지점 부설 동물병원,영업/정상,전북특별자치도 김제시 콩쥐팥쥐로 35(검산동),전북특별자치도 김제시 검산동 480-15,063-542-6786,191694.444208297,256323.741756448,2011-05-18,471100001020110003
이형윤동물병원,영업/정상,"경기도 평택시 중앙2로 79, 1층 (합정동)",경기도 평택시 합정동 507-19,031-652-8921,208463.893462724,387727.929195133,2011-05-18,391000001020110002
한울 AHC동물병원,영업/정상,"충청남도 당진시 순성면 순성로 419, 가동",충청남도 당진시 순성면 봉소리 606-15 가동,,173636.475365589,371350.597491745,2011-05-17,463000001020110001
로얄종합동물병원,영업/정상,강원특별자치도 원주시 남원로 655 (명륜동),강원특별자치도 원주시 명륜동 90-13,033-766-8230,284414.79030798,427018.077463743,2011-05-12,419000001020010002
스펀지동물병원,영업/정상,부산광역시 해운대구 해운대로 658-1 (우동),부산광역시 해운대구 우동 586-23,051-746-1075,396927.88098572,187259.896763395,2011-05-11,333000001020110003
동물병원 이야기,영업/정상,충청북도 청주시 흥덕구 직지대로 622 (봉명동),충청북도 청주시 흥덕구 봉명동 171-2,,241234.312157187,349166.650537402,2011-05-09,573000001020112003
펫 앤 쉘터 동물병원,영업/정상,"경기도 성남시 분당구 불정로 266, 2층 (수내동, 그린플라자)",경기도 성남시 분당구 수내동 87-1,,211239.634498391,429456.03659767,2011-05-06,378000001020110006
사하라동물병원,영업/정상,"경상남도 통영시 무전대로 6, 1층 101호 (무전동)",경상남도 통영시 무전동 1015-4 101호,055-642-0275,329907.537182161,152205.70090796,2011-05-03,533000001020110001
음성축산업협동조합 동물병원,영업/정상,충청북도 음성군 음성읍 시장로 99,충청북도 음성군 음성읍 읍내리 314-9,,261585.162604391,381860.580782234,2011-04-29,447000001020110001
월드펫동물병원,영업/정상,"경기도 부천시 원미구 중동로 100, 팰리스카운티 아이파크상가동 213호 (중동)",경기도 부천시 원미구 중동 1289 팰리스카운티,,179378.469203503,443105.444604328,2011-04-27,386000001020110003
가평축산농협 동물병원,영업/정상,"경기도 가평군 가평읍 가화로 55-17, 가평축산농협",경기도 가평군 가평읍 대곡리 166-2 가평축산농협,031-582-4111,245252.416638152,480343.925718312,2011-04-21,416000001020110003
튼튼동물병원,영업/정상,경기도 평택시 평남로 655 (비전동),경기도 평택시 비전동 191-2,,209478.98801192,387879.855059795,2011-04-15,391000001020110001
강남애니동물병원,영업/정상,경기도 하남시 신평로 168 (신장동),경기도 하남시 신장동 315-2,031-795-0903,218616.043698452,449450.476752812,2011-04-12,404000001020110001
위시티 동물병원,영업/정상,,경기도 고양시 일산동구 식사동 344 자이주상복합아파트 상가 B동 211-1호,031-969-9369,,,2011-04-08,394000001020110005
부천24시SKY동물메디컬센터,영업/정상,"경기도 부천시 원미구 길주로 234, 힐스테이트 중동 203동 2001, 2007호 (중동)",경기도 부천시 원미구 중동 1301,032-323-7579,179427.40778259,444580.076928048,2011-04-06,386000001020110002
캥거루 동물병원,영업/정상,서울특별시 구로구 오류로 55 (오류동),서울특별시 구로구 오류동 166-9,20662579,185757.947478651,443082.542048841,2011-04-06,316000001020110002
우사랑 동물병원   *출장진료전문병원,영업/정상,강원특별자치도 원주시 문막읍 문막시장1길 82,강원특별자치도 원주시 문막읍 문막리 225-38,,272182.330836937,422728.350496567,2011-04-01,419000001020110001
리치펫동물병원,영업/정상,"경기도 용인시 기흥구 동백중앙로 177 (중동, 동백씨엘뷰 오피스텔)",경기도 용인시 기흥구 중동 852-2,031-8005-9725,213568.613522219,418715.981385257,2011-03-29,563000001020110002
도원동물병원(출장전문),영업/정상,"전북특별자치도 김제시 금성로 86, 1동 1층 (신풍동)",전북특별자치도 김제시 신풍동 148-8,,190845.875622778,255457.026544796,2011-03-24,471100001020110002
송림동물병원,영업/정상,"인천광역시 제물포구 송림로 113, 송영빌딩 2층 (송림동)",인천광역시 제물포구 송림동 49-13 송영빌딩,032-772-8275,,,2011-03-21,350100001020110001
하은동물병원,영업/정상,"경기도 안양시 동안구 관악대로 257, 2층 (비산동)",경기도 안양시 동안구 비산동 1034-8 2층,031-388-7585,195637.270556155,433370.550010174,2011-03-17,383000001020110001
위더스동물병원,영업/정상,"경기도 부천시 원미구 길주로 81, 모건시티 (상동)",경기도 부천시 원미구 상동 534-9 모건시티,,177957.847610743,444929.727924411,2011-03-16,386000001020110001
호박동물병원,영업/정상,강원특별자치도 속초시 설악금강대교로 20 (청호동),강원특별자치도 속초시 청호동 1354-11,,339684.155686917,522188.262322771,2011-03-15,423000001020110001
I-pet 동물병원,영업/정상,"서울특별시 영등포구 여의동로3길 10, 501동 109호 (여의도동, 여의도자이)",서울특별시 영등포구 여의도동 47 여의도자이,,193393.096553574,446218.443828439,2011-03-14,318000001020110001
세솔동물병원,영업/정상,"충청북도 청주시 서원구 두꺼비로 46-1, 101호 (산남동)",충청북도 청주시 서원구 산남동 768,,241576.840262327,345421.214085788,2011-03-04,572500001020112002
아나파동물병원,영업/정상,인천광역시 미추홀구 경인로354번길 6 (주안동),인천광역시 미추홀구 주안동 505-1,032-876-7585,171545.677511533,439608.328510738,2011-03-04,351000001020110001
에이스동물병원,영업/정상,충청북도 청주시 서원구 복대로 11 (개신동),충청북도 청주시 서원구 개신동 대우푸르지오 504동 102호,,239819.202278274,346433.313855975,2011-02-28,572500001020112001
하동물병원,영업/정상,경상북도 영주시 원당로 135 (하망동),경상북도 영주시 하망동 334-30,,345190.76162126,370364.655856609,2011-02-27,509000001020110001
최재호 한방동물병원,영업/정상,"경기도 성남시 중원구 둔촌대로63번길 11, 상가동 102호 (성남동, 성남여수엘에이치1단지)",경기도 성남시 중원구 성남동 4700 성남여수엘에이치1단지 상가동 102호,031-722-2235,211023.713761647,436560.123466032,2011-02-25,378000001020110002
유명동물병원(출장전문),영업/정상,"전북특별자치도 김제시 검산택지2길 8-3, 1층 (검산동)",전북특별자치도 김제시 검산동 1073-1,,191269.605967413,256020.986269443,2011-02-21,471100001020110001
한강동물병원,영업/정상,경기도 포천시 군내면 호국로 1628,경기도 포천시 군내면 하성북리 724-3,031-536-8388,218159.444678519,488426.99825408,2011-02-17,560000001020110001
온누리동물병원,영업/정상,"부산광역시 해운대구 좌동순환로 309, 303호 (좌동)",부산광역시 해운대구 좌동 1443-7 삼정프라자 303호,051-701-7555,398833.568023361,187648.429022692,2011-02-17,333000001020110002
삼성동물병원,영업/정상,경상남도 함안군 가야읍 가야로 79,경상남도 함안군 가야읍 말산리 612-3,,328186.101159533,198564.577095243,2011-02-16,540000001020110002
오원석 황금동물병원,영업/정상,대구광역시 중구 동덕로 56-3 (대봉동),대구광역시 중구 대봉동 48-13,,344869.554111839,263390.475894641,2011-02-15,341000001020110001
경상동물병원,영업/정상,"경상남도 창원시 성산구 원이대로 656, 104호 (상남동,대한상가)",경상남도 창원시 성산구 상남동 1-5 대한상가 104호,055-263-5144,353347.226463214,192964.20416182,2011-02-14,567000001020110002
BS조은동물병원,영업/정상,부산광역시 해운대구 윗반송로 73 (반송동),부산광역시 해운대구 반송동 62-508,,396298.302767209,194496.401927974,2011-02-10,333000001020110001
정겨운동물병원,영업/정상,서울특별시 동작구 상도로 315 (상도1동),서울특별시 동작구 상도1동 261,02-817-8172,195574.460138352,444203.274405267,2011-02-09,319000001020110001
신대방동물메디컬,영업/정상,"경상남도 창원시 성산구 창이대로881번길 11, 신대방빌딩 1층 101,102호 (대방동)",경상남도 창원시 성산구 대방동 366-4 신대방빌딩,055-263-2600,355489.05166237,191119.377310041,2011-02-07,567000001020110001
청십자산업동물병원,영업/정상,"전북특별자치도 정읍시 충정로 349, 청십자산업동물병원 (연지동)",전북특별자치도 정읍시 연지동 27-10 청십자산업동물병원,,186053.617865299,230726.667256257,2011-02-07,469100001020110001
하일동물병원,영업/정상,"경기도 구리시 경춘로 200, 205호 (수택동)",경기도 구리시 수택동 370-5,031-522-5107,212073.490362719,455338.260038475,2011-02-07,398000001020110003
펫동물병원,영업/정상,"서울특별시 용산구 백범로 285, 지상1층 (효창동)",서울특별시 용산구 효창동 79-1 지상1층,32750079,196490.844311727,448594.448927151,2011-01-31,302000001020110002
미래동물병원(출장진료전문동물병원),영업/정상,경상남도 함안군 칠원면 용산1길 15,경상남도 함안군 칠원면 용산리 33,,337951.193069922,202016.214920018,2011-01-28,540000001020110001
구리동물병원,영업/정상,"경기도 구리시 검배로 36, 현주Ifriend빌딩 101호 (수택동)",경기도 구리시 수택동 424-28 현주Ifriend빌딩,031-557-9009,212566.74122775,455080.399126274,2011-01-27,398000001020110002
탄현 동물병원,영업/정상,"경기도 고양시 일산서구 일현로 125, 107호 (탄현동)",경기도 고양시 일산서구 탄현동 132-82 107호,,179249.102938853,466221.280931787,2011-01-26,394000001020110003
엉클장동물병원,영업/정상,"서울특별시 용산구 백범로 341, A동 지상1층 106호 (원효로1가, 리첸시아 용산)",서울특별시 용산구 원효로1가 133-3 리첸시아 용산 A동 106호,,197045.849468346,448447.558967085,2011-01-26,302000001020110001
애니웰 동물병원,영업/정상,"경기도 고양시 일산동구 장백로 13, 성우아뜨리움오피스텔 110호 (백석동)",경기도 고양시 일산동구 백석동 1314 성우아뜨리움오피스텔 110호,,181390.508325766,459748.488484544,2011-01-25,394000001020110002
오블리 동물병원,영업/정상,"경기도 구리시 이문안로 138 (토평동,우신빌딩 1층)",경기도 구리시 토평동 965 우신빌딩 1층,031-568-8275,212882.559146331,454300.733707742,2011-01-24,398000001020110001
펫하우스 동물병원,영업/정상,"울산광역시 남구 남중로 48 (삼산동,이마트울산점 3층)",울산광역시 남구 삼산동 1646 이마트울산점 3층,,412914.802999794,229015.430064688,2011-01-21,370000001020110001
닥터애니랩 동물병원,영업/정상,"서울특별시 강서구 양천로 424, 1층 126호 (등촌동)",서울특별시 강서구 등촌동 14-7 가양역 데시앙플렉스 지식산업센터,36651838,186501.110937132,451334.591084256,2011-01-18,315000001020110001
우리들동물병원,영업/정상,전북특별자치도 익산시 금마면 미륵사지로 68,전북특별자치도 익산시 금마면 서고도리 196-10 16통,,204393.123205435,276881.638192061,2011-01-17,468100001020110001
망미동물병원,영업/정상,부산광역시 연제구 과정로 84 (연산동),부산광역시 연제구 연산동 2235-8,,391900.647224723,188657.666841775,2011-01-12,337000001020110001
세종종합동물병원,영업/정상,세종특별자치시 조치원읍 죽림로 60,세종특별자치시 조치원읍 죽림리 228-12,044-868-8275,226608.994497744,343474.498956874,2011-01-11,569000001020110001
연 동물병원,영업/정상,"서울특별시 송파구 올림픽로 119, 잠실파인애플상가 A동 2층 9,10호 (잠실동)","서울특별시 송파구 잠실동 19-9 잠실파인애플상가 A동 2층 9,10호",02-423-8280,207373.50021477,445545.656024061,2011-01-07,323000001020110001
활기찬동물병원,영업/정상,"경기도 성남시 분당구 장안로 35, 성창빌딩 201호 (분당동)",경기도 성남시 분당구 분당동 90-3 성창빌딩 201호,,212608.570217845,429791.78846316,2011-01-05,378000001020110001
현동물병원,영업/정상,"제주특별자치도 제주시 한림읍 월각로 483, 1층",제주특별자치도 제주시 한림읍 상대리 109-13,,136838.699594975,-12606.797491767,2011-01-03,651000001020110001
연이동물병원,영업/정상,대전광역시 서구 정림로 66 (정림동),대전광역시 서구 정림동 593,042-581-7282,232741.987685594,311775.062657359,2011-01-03,366000001020110001
부산동물메디컬센터,영업/정상,부산광역시 연제구 거제대로 278 (거제동),부산광역시 연제구 거제동 2-7,,389195.626211461,189929.599970779,2010-12-27,337000001020100001
동현24시동물병원,영업/정상,"경기도 광주시 경안천로 5 (송정동,1층)",경기도 광주시 송정동 64-29 1층,,223021.068538776,434704.470700921,2010-12-22,554000001020100003
인천강화옹진축협 동물병원,영업/정상,인천광역시 강화군 강화읍 강화대로 376-1,인천광역시 강화군 강화읍 관청리 117-1,032-933-9509,154848.3159123,471570.175998855,2010-12-22,357000001020100002
배방동물병원,영업/정상,충청남도 아산시 배방읍 북수서로 32,충청남도 아산시 배방읍 북수리 1213,041-541-0275,206160.663116535,363542.162728143,2010-12-17,452000001020100003
제주대학교 야생동물구조센터,영업/정상,"제주특별자치도 제주시 516로 2946, 야생동물구조관리센타 (아라일동)",제주특별자치도 제주시 아라일동 6-94 야생동물구조관리센타,064-752-9582,159469.946929088,-5749.87943787426,2010-12-10,651000001020100002
행담 동물병원,영업/정상,"충청남도 당진시 당진중앙1로 227, 상록서점 (읍내동)",충청남도 당진시 읍내동 300-7 상록서점,,167406.038672192,377486.655290613,2010-12-09,463000001020100001
강남동물의료센터,영업/정상,"경기도 용인시 수지구 동천로 79, 3층 (동천동)",경기도 용인시 수지구 동천동 351-3,031-897-7582,208332.271421885,426353.562356423,2010-12-06,564000001020100005
로얄동물메디컬센터w,영업/정상,서울특별시 마포구 월드컵로 46 (서교동),서울특별시 마포구 서교동 444-5,02-323-8275,192175.308432983,450127.186671719,2010-11-29,313000001020100003
마이펫동물병원,영업/정상,경기도 남양주시 화도읍 경춘로 1992 (롯데마트 내),경기도 남양주시 화도읍 마석우리 255-24 롯데마트 내,,227234.544976879,460930.696005881,2010-11-24,399000001020100007
늘 동물병원,영업/정상,"대전광역시 중구 중교로 83-2, 1층 (은행동)",대전광역시 중구 은행동 170-26,,238414.938040286,314128.01046319,2010-11-11,365000001020100002
수성 메트로 동물병원,영업/정상,대구광역시 수성구 국채보상로 1006 (만촌동),대구광역시 수성구 만촌동 950-1,,348081.298313598,264089.205561531,2010-11-04,346000001020100003
성심동물병원,영업/정상,경상북도 경주시 서라벌대로 322-14 (탑동),경상북도 경주시 탑동 343-1,,399043.360152392,259666.385255452,2010-11-03,505000001020100001
금강동물병원,영업/정상,전북특별자치도 익산시 익산대로 204 (창인동1가),전북특별자치도 익산시 창인동1가 49-40,,195332.32516293,271553.994516568,2010-11-02,468100001020100003
아프리카동물병원,영업/정상,서울특별시 용산구 후암로 32 (후암동),서울특별시 용산구 후암동 244-11,,197980.868340519,449605.434772664,2010-10-29,302000001020100001
진접동물병원,영업/정상,"경기도 남양주시 진접읍 해밀예당1로 171, 108호",경기도 남양주시 진접읍 금곡리 974-2 108호,,217310.429240825,468615.571560976,2010-10-28,399000001020100006
뷰티펫동물병원,영업/정상,"경기도 수원시 권선구 호매실로104번길 90, 제이디타워1 206호 (호매실동)",경기도 수원시 권선구 호매실동 1400,031-278-3593,196620.611730672,417517.614419919,2010-10-28,374000001020100007
한국동물메디컬센터(KAMC),영업/정상,"서울특별시 중랑구 겸재로 165, 1,2층 (면목동)","서울특별시 중랑구 면목동 119-10 1,2층",22086788,207517.256308479,453990.823070309,2010-10-27,306000001020100002
우리동물병원,영업/정상,전남광주통합특별시 장성군 장성읍 영천로 117-1,전남광주통합특별시 장성군 장성읍 영천리 1275-2,,179996.807188204,199675.267417194,2010-10-26,589500001020100001
약초동물병원,영업/정상,"경상남도 산청군 신안면 원지로 72, 협성철강",경상남도 산청군 신안면 하정리 651-5 협성철강,,288948.17135906,200502.665111418,2010-10-18,545000001020100001
건국동물병원(출장진료전문),영업/정상,충청남도 아산시 둔포면 충무로 1779,충청남도 아산시 둔포면 둔포리 445-7,,203052.673269754,380980.484244998,2010-10-08,452000001020100002
수 동물병원,영업/정상,"경기도 고양시 일산동구 호수로 662, 삼성라끄빌 101호 (장항동)",경기도 고양시 일산동구 장항동 751 삼성라끄빌,031-900-8875,179257.261374439,462085.127524612,2010-10-08,394000001020100009
국군의학연구소 동물병원,영업/정상,,대전광역시 유성구 추목동 사서함 78-503호,042-878-4878,,,2010-10-08,367000001020100001
하나동물병원 앤 컨설팅,영업/정상,충청북도 청주시 청원구 새터로 22-1 (내덕동),충청북도 청주시 청원구 내덕동 300-4,043-223-5511,243481.190746139,350592.497104467,2010-09-30,573500001020101004
충북대학교 동물병원,영업/정상,충청북도 청주시 서원구 충대로 1 (개신동),충청북도 청주시 서원구 개신동 12,043-261-3220,241002.570250465,347566.86633112,2010-09-30,572500001020102001
위니펫동물병원,영업/정상,경기도 화성시 병점구 경기대로 1054 (진안동),경기도 화성시 병점구 진안동  540-4,,202952.790708955,411952.256651664,2010-09-29,576000001020100008
영덕종합동물병원,영업/정상,경상북도 영덕군 영덕읍 중앙길 88-1,경상북도 영덕군 영덕읍 남석리 5-10,,412562.291263329,325925.013627516,2010-09-28,518000001020100001
동물진료법인하림애니멀클리닉센터,영업/정상,전북특별자치도 익산시 중앙로 121 (마동),전북특별자치도 익산시 마동 297-4,,196317.377427262,270803.302525968,2010-09-27,468100001020100002
반려동물 의료센터 다울,영업/정상,"서울특별시 서초구 효령로 95, 우성빌딩 1층 (방배동)",서울특별시 서초구 방배동 915-10 우성빌딩,02-3473-0911,199452.926479602,442064.36548195,2010-09-17,321000001020100005
쿠키동물병원,영업/정상,"서울특별시 강북구 삼양로27길 19 (미아동, 래미안트리베라 201동 116호)",서울특별시 강북구 미아동 812 래미안트리베라 201동 116호,02-986-9875,201731.684416461,457219.335594234,2010-09-17,308000001020100001
다원 동물병원,영업/정상,대구광역시 수성구 달구벌대로 3258 (신매동),대구광역시 수성구 신매동 183,,354632.285747208,261119.620157541,2010-09-14,346000001020100002
임프로동물병원,영업/정상,경상북도 칠곡군 가산면 경북대로 1775-5,경상북도 칠곡군 가산면 석우리 576,,338768.757858326,290233.010245626,2010-09-10,522000001020100001
로하스 동물병원,영업/정상,경기도 남양주시 와부읍 월문천로 33 (롯데마트내 3층),경기도 남양주시 와부읍 덕소리 501-3 롯데마트내 3층,,218882.001813215,453620.325834171,2010-09-10,399000001020100005
서울 베스트 동물병원,영업/정상,경기도 부천시 원미구 장말로 219 (중동),경기도 부천시 원미구 중동 771-16,,179263.535,443415.24,2010-09-10,386000001020100006
일마레 동물 메디컬 센터,영업/정상,"서울특별시 강남구 영동대로 708, 정화빌딩 4층 (청담동)",서울특별시 강남구 청담동 132-19 정화빌딩,02-3445-7275,204979.055998352,446545.97544971,2010-09-08,322000001020100012
영광동물병원,영업/정상,경상북도 봉화군 봉화읍 내성로1길 59,경상북도 봉화군 봉화읍 내성리 240-14,,355001.956885698,378020.123405743,2010-09-07,524000001020100001
부천 동물심장 내과 건강검진센터,영업/정상,"경기도 부천시 원미구 길주로 91, 202호 (상동, 비잔티움 상동)",경기도 부천시 원미구 상동 534-6 비잔티움 상동,,178049.45506952,444933.273313217,2010-09-07,386000001020100005
강이동물병원,영업/정상,충청남도 예산군 광시면 예당로 190 (104호),충청남도 예산군 광시면 광시리 657-2 104호,,179870.31156633,338956.694407965,2010-09-03,461000001020100002
한 동물병원,영업/정상,서울특별시 강남구 논현로10길 14 (개포동),서울특별시 강남구 개포동 1187-1,02-575-7581,204337.141692882,441340.022014748,2010-09-02,322000001020100011
한동물병원(출장진료동물병원),영업/정상,전북특별자치도 김제시 용지면 콩쥐팥쥐로 868,전북특별자치도 김제시 용지면 부교리 29-3,,199512.291096504,257452.975980592,2010-08-31,471100001020100001
육군 군견훈련소,영업/정상,강원특별자치도 춘천시 동내면 영서로 1733,강원특별자치도 춘천시 동내면 학곡리 사서함 114-20,033-264-0909,266882.623733409,480971.750526086,2010-08-31,418000001020100002
서울경기양돈농협동물병원,영업/정상,경기도 수원시 팔달구 화산로 62 (화서동),경기도 수원시 팔달구 화서동 736,031-295-7611,198571.682755232,420902.788646186,2010-08-30,374000001020100005
자연동물병원,영업/정상,"인천광역시 계양구 계양대로34번길 6, 101호 (작전동)",인천광역시 계양구 작전동 428-6 101호,032-551-0975,175463.275249124,447200.175671429,2010-08-30,355000001020100001
이스턴24시동물병원,영업/정상,대구광역시 동구 반야월로 140 (신기동),대구광역시 동구 신기동 179-5,,353801.856271335,264973.583099886,2010-08-18,342000001020100003
땅콩 동물병원,영업/정상,"서울특별시 강서구 공항대로 190, 푸리마타워 219호 (마곡동)",서울특별시 강서구 마곡동 799-2 푸리마타워,02-3665-7588,184785.483493825,450767.258354567,2010-08-16,315000001020100004
토론토 동물병원,영업/정상,경기도 고양시 일산서구 대산로212번길 8-12 (대화동),경기도 고양시 일산서구 대화동 2119-4,,178398.286754325,464008.424241791,2010-08-10,394000001020100007
행복한 동물병원,영업/정상,경상북도 경산시 성암로21길 3-11 (옥산동),경상북도 경산시 옥산동 758-4,,356027.367643117,259648.682989381,2010-08-02,513000001020100001
바우동물병원,영업/정상,경기도 안성시 공도읍 공도로 50,경기도 안성시 공도읍 승두리 70-2,031-657-0016,214761.260720061,388521.33173222,2010-08-02,408000001020100001
향남메디동물병원,영업/정상,"경기도 화성시 만세구 향남읍 발안로 113, 101~102호",경기도 화성시 만세구 향남읍 행정리 474-9 101~2호,,193089.31898065,403321.441820979,2010-07-23,574000001020100006
별빛안 동물병원,영업/정상,"서울특별시 관악구 봉천로 232, 1층 (신림동)",서울특별시 관악구 신림동 1429-3,02-832-0081,193493.628244192,443007.527848944,2010-07-23,320000001020100002
스킨앤이어동물병원,영업/정상,"서울특별시 송파구 위례성대로 102, 2층 202호 (방이동, 태평양파크빌라트)",서울특별시 송파구 방이동 181 태평양파크빌라트,02-417-3021,210806.17880244,445687.287777099,2010-07-16,323000001020100003
청주랜드관리사업소(동물원),영업/정상,충청북도 청주시 상당구 명암로 171 (명암동),충청북도 청주시 상당구 명암동 70,,246114.809528713,350112.448408678,2010-07-15,572000001020101002
햇빛 동물병원,영업/정상,경기도 부천시 오정구 평천로 718 (삼정동),경기도 부천시 오정구 삼정동 342-3,,179657.945219754,445879.927360049,2010-07-13,386000001020100004
다산동물병원,영업/정상,"전남광주통합특별시 강진군 강진읍 보은로2길 4, 1층",전남광주통합특별시 강진군 강진읍 남성리 28-12,,179007.038489298,126586.284283892,2010-07-06,586500001020100002
중부동물병원,영업/정상,경기도 화성시 만세구 팔탄면 노하길 206,경기도 화성시 만세구 팔탄면 노하리 436,,187035.672718299,406324.1295007,2010-07-06,574000001020100004
이수동물병원,영업/정상,"서울특별시 동작구 사당로23나길 30 (사당동,1층)",서울특별시 동작구 사당동 162-96 1층,02-592-8875,197768.078776787,442831.35560169,2010-07-02,319000001020100005
충현동물병원,영업/정상,"서울특별시 강남구 논현로 621, 1~4층 (논현동)",서울특별시 강남구 논현동 191-12 1~4층,02-549-7582,202825.95,445202.715,2010-06-29,322000001020100010
그린동물병원,영업/정상,"서울특별시 동대문구 정릉천동로 58, 1층 125호 (용두동, 롯데캐슬피렌체)",서울특별시 동대문구 용두동 790 롯데캐슬피렌체,02-957-7075,203085.866786086,452766.014195644,2010-06-29,305000001020100001
아마존동물병원,영업/정상,"경기도 화성시 효행구 봉담읍 와우로 89, 토마토오피스텔2 106호",경기도 화성시 효행구 봉담읍 와우리 31-28 토마토오피스텔2 106호,,197750.157581816,412473.241137822,2010-06-25,575000001020100003
검암동물병원,영업/정상,인천광역시 서해구 승학로 512 (검암동),인천광역시 서해구 검암동 613-1,032-563-0775,,,2010-06-25,356100001020100003
유석동물병원,영업/정상,서울특별시 영등포구 여의대방로 11 (신길동),서울특별시 영등포구 신길동 4824,,191954.131669663,443477.984573011,2010-06-23,318000001020100003
리즈 동물병원,영업/정상,경상남도 김해시 우암로 175 (내동),경상남도 김해시 내동 1071-1,055-313-7568,369957.697722373,195451.219253527,2010-06-21,535000001020100003
보령동물병원,영업/정상,충청남도 보령시 한내로 21 (동대동),충청남도 보령시 동대동 1701,,164596.175849573,316375.068098533,2010-06-21,451000001020100001
미래동물병원,영업/정상,경상북도 김천시 자산로 184 (성내동),경상북도 김천시 성내동 10-23,054-433-7582,300595.98574236,292365.302613134,2010-06-14,506000001020100001
평창영월정선축협 정선지점 동물병원,영업/정상,강원특별자치도 정선군 정선읍 봉양5길 23,강원특별자치도 정선군 정선읍 봉양리 330-3,033-563-1805,347193.626149082,432095.129740221,2010-06-10,429000001020100001
우리소동물병원 「산업동물 출장진료 전문」,영업/정상,경기도 이천시 모가면 진상미로 1324,경기도 이천시 모가면 진가리 157-1,031-632-3836,242570.645522819,408160.337678752,2010-06-07,407000001020100001
창원시축산농협 동물병원,영업/정상,경상남도 창원시 의창구 동읍 동읍로 332,경상남도 창원시 의창구 동읍 월잠리 519,055-253-3867,351511.305829073,201471.418564476,2010-05-28,567000001020100003
제일동물병원,영업/정상,전남광주통합특별시 여수시 도원로 261 (학동),전남광주통합특별시 여수시 학동 67-3,061-686-2244,260331.766353585,140501.839592071,2010-05-27,578500001020100002
정원 양한방동물병원,영업/정상,"경기도 성남시 분당구 운중로 233, 201호 (판교동,한솔플라자)",경기도 성남시 분당구 판교동 621-2 한솔플라자 201호,,207808.027719405,431998.317419819,2010-05-26,378000001020100005
헬릭스동물메디컬센터,영업/정상,경기도 고양시 덕양구 중앙로 439 (행신동),"경기도 고양시 덕양구 행신동 1086 서정프라자 1층, 2층",031-978-7575,186358.445846762,457257.532079513,2010-05-24,394000001020100004
오즈동물병원,영업/정상,서울특별시 강서구 강서로45길 28 (내발산동),서울특별시 강서구 내발산동 722-15,02-2697-0052,185311.91303637,449552.462819786,2010-05-12,315000001020100003
익산산업동물병원,영업/정상,전북특별자치도 익산시 배산로24길 14 (모현동1가),전북특별자치도 익산시 모현동1가 533-5,063-855-1037,194774.059434019,272403.051673175,2010-05-11,468100001020100001
현대동물병원,영업/정상,경상북도 문경시 신흥로 236-2 (흥덕동),경상북도 문경시 흥덕동 789,054-554-8233,307877.407342761,345115.897729415,2010-05-10,512000001020100001
이지 동물병원,영업/정상,경기도 시흥시 비둘기공원로 21 (대야동),경기도 시흥시 대야동 562-5,031-314-7975,181546.832263878,438000.766205583,2010-05-07,401000001020100002
펫스토리 동물병원,영업/정상,"경기도 용인시 수지구 신봉2로 19, 102호 (신봉동,신엘지프라자)",경기도 용인시 수지구 신봉동 83 신엘지프라자 102호,031-276-0282,206763.168457439,424729.36996225,2010-05-06,564000001020100004
괴산증평축협동물병원,영업/정상,충청북도 괴산군 괴산읍 읍내로2길 39 (괴산증평축협),충청북도 괴산군 괴산읍 동부리,043-835-0780,270610.148709996,367693.371519367,2010-05-04,446000001020100001
지오동물병원,영업/정상,인천광역시 미추홀구 소성로 121 (학익동),인천광역시 미추홀구 학익동 437-31,032-872-7582,170066.968218481,438018.500603162,2010-05-03,351000001020030006
한마음동물병원,영업/정상,경기도 화성시 만세구 향남읍 삼천병마로 206,경기도 화성시 만세구 향남읍 평리 81-22,,191982.526093183,403295.619644847,2010-05-02,574000001020100002
성내동물병원,영업/정상,서울특별시 강동구 풍성로 145 (성내동),,02-484-5252,211256.072717383,447678.139475592,2010-04-30,324000001020100001
세인트필립 동물병원,영업/정상,"서울특별시 동작구 남부순환로267길 5 (사당동,102호)",서울특별시 동작구 사당동 1047-49 102호,02-3486-7707,197869.588931315,441659.830528439,2010-04-29,319000001020100002
벳케어 동물병원,영업/정상,경기도 고양시 일산서구 가좌3로 27 (가좌동),경기도 고양시 일산서구 가좌동 390-8,,175167.377073235,465009.589545979,2010-04-28,394000001020100003
나무동물병원,영업/정상,경기도 여주시 청심로 17-7 (하동),경기도 여주시 하동 430-5,031-885-7475,255103.705,422310.74,2010-04-27,411000001020100004
온누리 종합동물병원,영업/정상,"서울특별시 영등포구 도신로 186, 2층 (신길동)",서울특별시 영등포구 신길동 214-55,,192153.621514206,445405.23699102,2010-04-22,318000001020100001
이앤박동물병원,영업/정상,서울특별시 노원구 한글비석로52길 18 (상계동),서울특별시 노원구 상계동 682 13통8반 동신아파트 103동 708호,,205562.135,462464.17,2010-04-20,310000001020100001
21세기동물병원,영업/정상,"경기도 화성시 동탄구 동탄솔빛로 48, 103~104호 (반송동, 거택프라자)",경기도 화성시 동탄구 반송동  217-6,80153178,206445.025958477,410145.550969708,2010-04-14,577000001020100001
중부벳동물병원,영업/정상,"충청남도 아산시 배방읍 장재로 27, 103호 (천안아산역 리슈빌)",충청남도 아산시 배방읍 장재리 1844 천안아산역 리슈빌,041-533-3548,209914.514100009,365043.996746362,2010-04-14,452000001020100001
쓰담쓰담 동물병원,영업/정상,서울특별시 성북구 종암로 113 (종암동),서울특별시 성북구 종암동 86-1,,202904.153413006,455316.134194237,2010-04-14,307000001020100002
마린시티 종합동물병원,영업/정상,"부산광역시 해운대구 마린시티3로 23, 벽산이오렌지프라자 333~336호 (우동)",부산광역시 해운대구 우동 1435 벽산이오렌지프라자,,395560.220499924,186273.769084383,2010-04-09,333000001020100004
구미옥계동물병원,영업/정상,경상북도 구미시 산호대로31길 10 (옥계동),경상북도 구미시 옥계동 739-1,054-476-7579,327960.076590485,293885.513818949,2010-04-07,508000001020100001
조앤박동물병원,영업/정상,"부산광역시 해운대구 양운로 108, 2층 (좌동)",부산광역시 해운대구 좌동 985-2,051-702-7511,397990.469458423,188084.879800484,2010-04-05,333000001020100003
디아나동물병원,영업/정상,"서울특별시 서초구 방배로 119, 1층 (방배동)",서울특별시 서초구 방배동 925-8,02-521-9010,199509.901629527,442495.949502065,2010-04-02,321000001020100001
라임동물병원,영업/정상,경기도 포천시 영중면 호국로 2558,경기도 포천시 영중면 금주리 905-5,031-533-5065,221824.53594343,496637.52362775,2010-04-01,560000001020100001
웰케어 동물병원,영업/정상,"경기도 김포시 유현로 19, 402동 206, 306호 (풍무동, 유현마을신동아아파트)",경기도 김포시 풍무동 583-6 유현마을신동아아파트,,175492.265605435,455055.396863467,2010-04-01,409000001020100001
닥터강동물병원,영업/정상,울산광역시 중구 화진길 13-2 (태화동),울산광역시 중구 태화동 37-7,,409263.789914011,230795.412999569,2010-04-01,369000001020100001
한양동물메디컬센터,영업/정상,서울특별시 성동구 왕십리로 282 (행당동),서울특별시 성동구 행당동 226-3,02-2281-5200,203200.771278441,450821.216569269,2010-04-01,303000001020100001
파주연천축협동물병원,영업/정상,경기도 파주시 적성면 어삼로 36,경기도 파주시 적성면 어유지리 81,031-958-2343,199123.311435911,499159.207185233,2010-03-31,406000001020100001
흥덕종합동물병원,영업/정상,"경기도 용인시 기흥구 흥덕중앙로 59 (영덕동, 용인흥덕노블레스흥덕노블레스)",경기도 용인시 기흥구 영덕동 975-7,031-217-7119,206466.716479313,419395.75263478,2010-03-31,563000001020100002
배박사 동물병원,영업/정상,울산광역시 북구 신답로 40 (상안동),울산광역시 북구 상안동 357-2,052-281-0906,412240.794996991,239129.787776602,2010-03-31,372000001020100001
하니동물병원,영업/정상,"서울특별시 중랑구 신내로 225, 디아뜨갤러리 142호 (신내동)",서울특별시 중랑구 신내동 648 디아뜨갤러리,02-3422-0977,207990.479257211,457183.637796144,2010-03-26,306000001020100001
원동물병원,영업/정상,"서울특별시 동작구 사당로 215, 서림빌딩 202호 (사당동)",서울특별시 동작구 사당동 252-17 서림빌딩 202호,02-587-5618,197486.50162645,442493.781452129,2010-03-25,319000001020100001
스마일동물병원,영업/정상,울산광역시 남구 대학로 112 (무거동),울산광역시 남구 무거동 617-3,,404963.133715184,229569.09798048,2010-03-22,370000001020100001
한빛동물병원,영업/정상,전남광주통합특별시 광산구 수등로76번길 39-8 (신가동),전남광주통합특별시 광산구 신가동 1272,,183292.675689703,186996.285752299,2010-03-19,582500001020100002
송동물병원,영업/정상,경상남도 의령군 부림면 신번로7길 3-1,경상남도 의령군 부림면 신반리 544-1,,320130.905385308,219491.169744145,2010-03-18,539000001020100001
구로종합동물병원,영업/정상,"서울특별시 구로구 경인로 638, 101동 101호 (신도림동, 신도림에스케이뷰)",서울특별시 구로구 신도림동 432-1 신도림에스케이뷰,26310085,189894.636867358,444982.548165651,2010-03-17,316000001020100001
파스텔동물병원,영업/정상,"서울특별시 강서구 화곡로 112, 1층 (화곡동)",서울특별시 강서구 화곡동 1070-1,02-2693-0075,185300.543275716,448627.739755483,2010-03-17,315000001020100001
서울대공원 동물병원,영업/정상,"경기도 과천시 대공원광장로 102, 서울대공원 (막계동)",경기도 과천시 막계동 159-1 서울대공원,02-500-7770,201189.359741209,437091.61394503,2010-03-16,397000001020100002
그레이스 고양이 병원,영업/정상,"서울특별시 강남구 선릉로152길 17, 아시아청담부띠끄 3층 302호 (청담동)",서울특별시 강남구 청담동 88-37 아시아청담부띠끄,02-3442-5554,203559.800138386,446912.293422992,2010-03-11,322000001020100006
개포동물병원,영업/정상,"서울특별시 강남구 개포로 512 (개포동, 개포종합상가 1층)",서울특별시 강남구 개포동 186-17 개포종합상가 1층,02-3412-7582,206016.389900122,443010.2799779,2010-03-10,322000001020100005
개포동물병원,영업/정상,"경기도 양평군 양서면 양수로 170, 1층",경기도 양평군 양서면 양수리 565-11,031-771-7278,228007.744278274,449274.886431568,2010-03-08,417000001020100001
거부기 동물병원,영업/정상,"경기도 고양시 일산동구 무궁화로 11, 한라밀라트 B동 113호 (장항동)",경기도 고양시 일산동구 장항동 742-1 한라밀라트 B동 113호,,179292.356507914,462204.753197046,2010-03-08,394000001020100002
로얄벳 동물병원,영업/정상,"경기도 용인시 수지구 수지로 203 (신봉동,이마트수지점 3층)",경기도 용인시 수지구 신봉동 909 이마트수지점 3층,031-263-7585,207318.572861803,424204.581779995,2010-03-03,564000001020100003
펫사랑동물병원,영업/정상,"인천광역시 부평구 마장로 256, 102호 (산곡동)",인천광역시 부평구 산곡동 194-6,032-521-0003,173688.467850799,444312.698528613,2010-03-03,354000001020100001
검단탑동물의료센터,영업/정상,"인천광역시 검단구 서곶로 829, 1,2층 (당하동)",인천광역시 검단구 당하동 1082-6,,,,2010-03-02,356500001020100001
한빛동물병원,영업/정상,"서울특별시 은평구 진관4로 87, 629동 116호 (진관동, 은평뉴타운상림마을)",서울특별시 은평구 진관동 5 은평뉴타운상림마을 629동 116호,,193651.20265608,460623.370836706,2010-03-02,311000001020100001
세브란스동물병원,영업/정상,"경기도 용인시 수지구 풍덕천로 135, 103호 (풍덕천동, 요진타워)",경기도 용인시 수지구 풍덕천동 713-6 요진타워 103호,,208481.815506629,424648.678704879,2010-02-23,564000001020100002
미래펫 동물병원,영업/정상,"경상남도 창원시 성산구 원이대로473번길 28, 103호 (반림동,반송빌딩)",경상남도 창원시 성산구 반림동 17-2 반송빌딩 103호,055-262-7590,352035.079859034,194236.754939154,2010-02-12,567000001020100001
태양 동물병원,영업/정상,서울특별시 성북구 돌곶이로 31 (석관동),서울특별시 성북구 석관동 332-23,,205288.934195159,456079.478432452,2010-02-11,307000001020100001
맑은숲동물병원,영업/정상,경기도 평택시 추담로 102 (이충동),경기도 평택시 이충동 179,,206266.152383163,395552.94155413,2010-02-10,391000001020100003
올펫 동물병원,영업/정상,대구광역시 수성구 수성로 85 (상동),대구광역시 수성구 상동 279-2,,345516.433587226,260438.539043875,2010-02-08,346000001020100001
가야동물병원,영업/정상,경기도 부천시 원미구 부천로 69 (심곡동),경기도 부천시 원미구 심곡동 367-12,,180817.812437106,443175.799666775,2010-02-05,386000001020100001
판교 행복한 동물병원,영업/정상,"경기도 성남시 분당구 동판교로 226, 204, 205, 206호 (삼평동, 봇들마을4단지아파트)",경기도 성남시 분당구 삼평동 718 봇들마을4단지아파트,80175575,210373.102814042,433495.835505127,2010-02-04,378000001020100002
토마스동물병원,영업/정상,부산광역시 해운대구 반송로 922 (반송동),부산광역시 해운대구 반송동 20-16,,396052.815418437,194703.130108702,2010-02-02,333000001020100001
진스 종합 동물병원,영업/정상,"경기도 고양시 일산동구 노루목로 99, 호수마을5단지아파트 1층 121~122호 (장항동, 호수마을5단지아파트)",경기도 고양시 일산동구 장항동 883 호수마을5단지아파트 121호,,180178.123632085,460901.421408613,2010-01-29,394000001020100001
펫동물병원,영업/정상,경상남도 진주시 진양호로467번길 7-2 (인사동),경상남도 진주시 인사동 12-5,055-748-0075,297993.270678282,188566.967748809,2010-01-28,531000001020040005
반창꼬동물병원,영업/정상,"경기도 양주시 옥정로 151, 힐링프라자 3층 2호 (옥정동)",경기도 양주시 옥정동 1049-1,031-858-2918,207885.448470489,479205.373132531,2010-01-21,559000001020100001
Dr.J동물병원,영업/정상,"경기도 용인시 기흥구 흥덕2로87번길 18 (영덕동, 이씨티)",경기도 용인시 기흥구 영덕동 985-1,031-215-7975,206306.301931615,419313.955217649,2010-01-20,563000001020100001
판교종합 동물병원,영업/정상,경기도 성남시 분당구 동판교로 122 (백현동),경기도 성남시 분당구 백현동 545 백현마을 A21-2 나상가 104동,80167507,210456.926501159,432348.048301864,2010-01-18,378000001020100001
굿모닝동물병원(출장전문 진료),영업/정상,경기도 평택시 현덕면 인광2길 58,경기도 평택시 현덕면 황산리 62-5 9통,070-8883-1333,193960.986594638,384679.952257924,2010-01-15,391000001020100001
영남동물병원(출장진료전문병원),영업/정상,경상남도 양산시 하북면 용연로 89,경상남도 양산시 하북면 용연리 403-2,055-375-9933,388299.194454978,218365.190100695,2010-01-12,538000001020100001
다산동물병원,영업/정상,"경기도 남양주시 경춘로 380, 대진빌딩 1층 (다산동)",경기도 남양주시 다산동 4135-5 대진빌딩,,213761.456435933,455889.791874554,2010-01-12,399000001020100001
북부동물병원,영업/정상,대구광역시 북구 대현로 27 (대현동),대구광역시 북구 대현동 229-19,053-941-0553,344723.182424024,266253.208998211,2010-01-05,345000001020100001
울산 강일웅동물메디컬센터,영업/정상,울산광역시 남구 화합로 200(삼산동),울산광역시 남구 삼산동 1551-7,,412126.240997665,229492.693260911,2009-12-31,370000001020090002
대한동물병원,영업/정상,"전남광주통합특별시 해남군 해남읍 남부순환로 122, 2층",전남광주통합특별시 해남군 해남읍 고도리 479-6,061-533-7582,163085.165435154,118613.160179186,2009-12-30,587000001020090001
내친구동물병원,영업/정상,경기도 구리시 이문안로 105 (수택동),경기도 구리시 수택동 660-7,031-568-0075,212580.928921083,454401.336493056,2009-12-21,398000001020090002
남강동물병원,영업/정상,경상남도 산청군 산청읍 웅석봉로86번길 37,경상남도 산청군 산청읍 옥산리 329-4,,279177.668566011,212926.859552923,2009-12-18,545000001020090002
쿨펫동물병원,영업/정상,"인천광역시 검단구 원당대로 581, 롯데마트 (마전동)",인천광역시 검단구 마전동 1031-1 롯데마트,,,,2009-12-18,356500001020090001
쿨펫동물병원,영업/정상,"전북특별자치도 정읍시 벚꽃로 85, 롯데마트2층 (농소동)",전북특별자치도 정읍시 농소동 446-1 롯데마트,,185466.212511596,231110.263474669,2009-12-17,469100001020090001
가나종합동물병원,영업/정상,"서울특별시 양천구 목동서로 77, 현대월드타워 160호 (목동)",서울특별시 양천구 목동 907 현대월드타워 160호,26457588,189151.208015925,448200.067716589,2009-12-17,314000001020090005
현대동물병원,영업/정상,경상남도 사천시 정동면 진삼로 1344,경상남도 사천시 정동면 예수리 549-1,,298576.038572206,175319.181047448,2009-12-16,534000001020090001
해피동물병원,영업/정상,"인천광역시 남동구 논현남로 19, 101,102호 (논현동)",인천광역시 남동구 논현동 619-15,,175362.646772811,433504.683429422,2009-12-15,353000001020090007
충남동물병원,영업/정상,"충청남도 계룡시 엄사면 엄사중앙로 93, 지하 1층",충청남도 계룡시 엄사면 엄사리 184-4 지하 1층,,221634.401619482,309841.764395296,2009-12-09,558000001020090001
호수동물병원,영업/정상,"경기도 고양시 일산서구 중앙로 1470, A동 106-3호 (주엽동, 문촌마을10단지아파트)",경기도 고양시 일산서구 주엽동 17 문촌마을10단지아파트 A동 106-3호,,178529.136791301,463365.623578833,2009-12-09,394000001020090012
장우진동물병원,영업/정상,"경기도 화성시 병점구 경기대로 990 (병점동, 화성 병점 에스케이 뷰)",경기도 화성시 병점구 병점동  870 화성 병점 에스케이 뷰,,203346.215269726,411446.440462909,2009-12-03,576000001020090007
에코동물병원,영업/정상,"서울특별시 송파구 동남로 161, 1,2층 (가락동, 현대빌리지)",서울특별시 송파구 가락동 137-3 현대빌리지,02-443-2222,211262.994857358,443408.278406299,2009-12-02,323000001020090009
태산동물병원,영업/정상,전북특별자치도 완주군 고산면 고산천로 188,전북특별자치도 완주군 고산면 어우리 675,,216313.600056707,272782.437316608,2009-11-30,472100001020090001
인제축산업협동조합 동물병원,영업/정상,강원특별자치도 인제군 북면 원통로74번길 10-8,강원특별자치도 인제군 북면 원통리 835-6,,305100.842018711,513032.13485069,2009-11-24,433000001020030001
조은동물병원,영업/정상,대전광역시 유성구 엑스포로 459 (전민동),대전광역시 유성구 전민동 385-5,,236222.96959867,321900.31459203,2009-11-18,367000001020090001
서현동물병원,영업/정상,"경기도 성남시 분당구 중앙공원로31번길 42, 서현파크플라자 1층 142호 (서현동)",경기도 성남시 분당구 서현동 89 서현파크플라자 142호,,211043.779309531,431230.68949626,2009-11-12,378000001020090008
행복한 동물병원,영업/정상,경기도 이천시 경충대로 2486 (진리동),경기도 이천시 진리동 50-2,,240314.942207189,418943.876486183,2009-11-10,407000001020090001
두리종합동물병원,영업/정상,"서울특별시 서초구 반포대로 287, 래미안퍼스티지 중심상가 1층 147,148호 (반포동)",서울특별시 서초구 반포동 18-3 래미안퍼스티지 중심상가 147-8호,02-3476-7522,200005.626362552,444680.521703344,2009-10-23,321000001020090004
부경양돈협동조합 양돈클리닉센터,영업/정상,경상남도 김해시 금관대로1073번길 6-13 (풍유동),경상남도 김해시 풍유동 1-2,055-323-8400,368123.459684471,193265.311507226,2009-10-15,535000001020090003
웨스턴 동물의료센터,영업/정상,"서울특별시 마포구 신촌로 110, 웨스턴5빌딩 (노고산동)",서울특별시 마포구 노고산동 40-56 웨스턴5빌딩,02-701-7580,194463.425348269,450323.005940637,2009-10-14,313000001020090001
더그린 컨설팅&크리닉,영업/정상,경상북도 경산시 용성면 육동로 732,경상북도 경산시 용성면 용전리 435,,373505.193057581,253981.055572271,2009-10-12,513000001020090005
미래동물병원,영업/정상,경상북도 칠곡군 왜관읍 평장4길 13,경상북도 칠곡군 왜관읍 왜관리 376-3,,326920.748001393,277257.948972325,2009-10-01,522000001020090001
마리동물의료센터,영업/정상,경기도 용인시 처인구 백암면 백암로185번길 46,경기도 용인시 처인구 백암면 백암리 436-1,070-8807-8375,232955.158766333,406995.659499522,2009-09-30,562000001020090002
동물의왕국 동물병원,영업/정상,인천광역시 남동구 문화로 65 (구월동),인천광역시 남동구 구월동 1406-9,,173270.872573556,438128.750085,2009-09-30,353000001020090005
천동물병원,영업/정상,"부산광역시 영도구 태종로 430, 한라청학아파트 2층 (청학동)",부산광역시 영도구 청학동 62-60 한라청학아파트,,388500.162946955,178645.339696276,2009-09-30,328000001020090001
호 동물병원,영업/정상,"서울특별시 강북구 월계로 57, 2층 (미아동)",서울특별시 강북구 미아동 8-8 2층,,203089.540303032,456655.934466674,2009-09-25,308000001020090002
종로동물병원,영업/정상,전남광주통합특별시 북구 북문대로 154 (운암동),전남광주통합특별시 북구 운암동 1051-29,,188331.100764278,187047.577605843,2009-09-18,582000001020090001
그린동물병원,영업/정상,전남광주통합특별시 남구 대남대로 309-1 (월산동),전남광주통합특별시 남구 월산동 1035-18,062-352-0101,190325.982105105,182279.009055335,2009-09-18,581500001020090001
제일동물병원,영업/정상,전북특별자치도 무주군 안성면 안성로 298-6,전북특별자치도 무주군 안성면 장기리 1334-1,,259109.01874888,263253.383878215,2009-09-04,474100001020090001
백동물병원,영업/정상,충청북도 영동군 영동읍 계산로 27 (신화빌딩 1층),충청북도 영동군 영동읍 계산리 671-6 신화빌딩 1층,,270128.695849479,297336.016047004,2009-08-27,444000001020090001
스타동물병원,영업/정상,"경기도 김포시 김포한강1로51번길 28, 레드클로버 2층 203, 205호 (장기동)",경기도 김포시 장기동 1617 레드클로버 203호,,170545.596744202,460250.942604159,2009-08-17,409000001020090001
예은동물의료센터,영업/정상,"서울특별시 강남구 학동로29길 5, 3,4,5,6층 (논현동)",서울특별시 강남구 논현동 87-4,02-529-5575,202689.097609737,445827.386579283,2009-08-14,322000001020090002
로하스 동물병원,영업/정상,"경기도 고양시 일산서구 강선로 74, 강선마을8단지 (주엽동)",경기도 고양시 일산서구 주엽동 63 강선마을8단지,031-923-8271,179335.868789335,463073.711845168,2009-08-07,394000001020090009
우리동물병원,영업/정상,경기도 성남시 분당구 백현로156번길 17-2 (정자동),경기도 성남시 분당구 정자동 56-1,031-719-5725,210025.345928291,429922.244784055,2009-07-28,378000001020090007
서해동물병원(출장전문),영업/정상,전북특별자치도 김제시 금구면 콩쥐팥쥐로 622,전북특별자치도 김제시 금구면 청운리 517-3,,197091.244642305,257247.987669969,2009-07-23,471100001020090002
산남동물병원,영업/정상,"충청북도 청주시 서원구 산남로 64, 104호 (산남동,앤젤변호사빌딩)",충청북도 청주시 서원구 산남동 657 앤젤변호사빌딩 104호,,241707.165902432,345681.149699783,2009-07-21,572500001020092001
당진종합 동물병원,영업/정상,충청남도 당진시 무수동로 36 (대덕동),충청남도 당진시 대덕동 1652,,167602.527864735,376227.212170139,2009-07-16,463000001020090001
리오동물병원,영업/정상,"서울특별시 송파구 올림픽로 435, 상가동 1층 36호 (신천동, 파크리오)",서울특별시 송파구 신천동 17 파크리오상가 36호,02-415-7579,209314.259995755,446483.316079239,2009-07-14,323000001020090006
누리봄동물병원,영업/정상,서울특별시 종로구 사직로12길 2 (내자동),서울특별시 종로구 내자동 125-3,02-735-7530,197374.347630839,452611.452584222,2009-07-08,300000001020090001
강주혁동물병원,영업/정상,"경상북도 성주군 성주읍 성주로 3294-26, 명작하이츠",경상북도 성주군 성주읍 성산리 539-14 명작하이츠,,316612.044615261,269242.360236245,2009-07-07,521000001020090001
보노보노동물병원,영업/정상,"서울특별시 강북구 삼양로 336, 예향교회 1층 (수유동)",서울특별시 강북구 수유동 472-268 예향교회 1층,,201496.629223194,459010.188235055,2009-07-07,308000001020090001
쿨펫이마트 목동점 동물병원,영업/정상,"서울특별시 양천구 오목로 299, 목동트라팰리스 (목동)",서울특별시 양천구 목동 962 목동트라팰리스,26452727,188472.759197224,447091.855963511,2009-07-03,314000001020090003
건국 동물병원,영업/정상,"경기도 성남시 수정구 수정로 131, 109호 (태평동, 낙원스카이뷰)",경기도 성남시 수정구 태평동 3659 낙원스카이뷰 109호,031-721-4111,211845.269218287,437775.729346423,2009-07-02,378000001020090005
행복한동물병원,영업/정상,"부산광역시 북구 금곡대로 344 (화명동,화명빌딩202호)",부산광역시 북구 화명동 1528-5 화명빌딩202호,,383303.890909194,195174.378192544,2009-07-02,332000001020090002
부천종합동물병원,영업/정상,"경기도 부천시 소사구 경인로 190, 111호 (심곡본동, 부천라비앙로제)",경기도 부천시 소사구 심곡본동 588-1 부천라비앙로제,,180179.04605575,442385.85182858,2009-07-01,386000001020090001
용인센트럴동물병원,영업/정상,"경기도 용인시 처인구 백옥대로 1058, 남곡빌딩 (김량장동)",경기도 용인시 처인구 김량장동 12-15 남곡빌딩,,218619.617001082,414282.600305836,2009-06-29,562000001020090001
달성축산동물병원,영업/정상,대구광역시 달성군 현풍읍 원교길 6,대구광역시 달성군 현풍읍 원교리 588,,330820.953107375,242590.497739479,2009-06-29,348000001020090001
아이파크 동물병원,영업/정상,"경상남도 창원시 마산합포구 해안대로 49, 2층 (해운동)",경상남도 창원시 마산합포구 해운동 67-9 2층,055-222-2475,342365.616588287,188021.953172731,2009-06-22,567000001020091003
리치동물병원,영업/정상,"인천광역시 부평구 부평북로 446, 101호 (삼산동, 우리빌딩)",인천광역시 부평구 삼산동 389-1,,177212.985226834,446637.133849517,2009-06-17,354000001020090002
시온동물병원,영업/정상,전남광주통합특별시 무안군 일로읍 월평길 9,전남광주통합특별시 무안군 일로읍 용산리 728-5,,154144.986024611,150618.256485526,2009-06-10,588000001020090002
우리동물병원,영업/정상,"경상남도 진주시 신안로 165, 이현종합시장 138호 (이현동)",경상남도 진주시 이현동 21-3 이현종합시장 138호,,297025.718897576,188606.434663441,2009-06-03,531000001020020004
프라자 동물병원,영업/정상,"인천광역시 연수구 신송로 122, 송도프라자 117호 (송도동)",인천광역시 연수구 송도동 2-6 송도프라자 117호,032-851-5575,169154.170122876,432697.860189813,2009-06-03,352000001020090004
쿨펫동물병원,영업/정상,"경기도 평택시 평택5로 30, 3층 (합정동, 롯데마트)",경기도 평택시 합정동 968-1 롯데마트 3층,031-651-5975,209876.420133429,387425.098329575,2009-06-02,391000001020090003
미래연합동물병원,영업/정상,경상북도 영천시 금호읍 금호로 118,경상북도 영천시 금호읍 교대리,054-335-6708,369110.089808715,271761.390501321,2009-05-28,510000001020090001
이든동물병원,영업/정상,"경기도 수원시 팔달구 수성로244번길 25, 101호 (화서동, 화서위브하늘채)",경기도 수원시 팔달구 화서동 743 화서위브하늘채 101호,031-242-7501,199979.646433005,420715.244733315,2009-05-27,374000001020090005
초원동물병원,영업/정상,경상북도 포항시 북구 선착로 7 (대신동),경상북도 포항시 북구 대신동 80-3,054-277-1188,413023.631808068,285588.540169087,2009-05-25,502000001020090001
쿨펫동물병원,영업/정상,"전남광주통합특별시 서구 시청로 40, 4층 (치평동, 롯데마트)",전남광주통합특별시 서구 치평동 1239 롯데마트 4층,,186476.010874769,183702.292924632,2009-05-21,581000001020090001
여주동물병원,영업/정상,경기도 여주시 웅곡길 25 (점봉동),경기도 여주시 점봉동 511,,255930.463088189,418262.573146428,2009-05-19,411000001020090001
늘푸른동물병원,영업/정상,"인천광역시 부평구 후정동로 60, 107호 (삼산동)",인천광역시 부평구 삼산동 54-2,,176809.894631397,446751.589186512,2009-05-14,354000001020090001
분당중앙 동물병원,영업/정상,"경기도 성남시 분당구 중앙공원로39번길 49, 서현 지엔느 108호 (서현동)",경기도 성남시 분당구 서현동 88 서현 지엔느 108호,031-708-8875,210978.426728242,431309.232712768,2009-05-13,378000001020090004
이규로동물병원,영업/정상,경기도 남양주시 화도읍 창현로 47,경기도 남양주시 화도읍 창현리 555-4,,226881.932372928,460514.697126715,2009-05-12,399000001020090004
초콜릿종합동물병원,영업/정상,서울특별시 서대문구 응암로 117 (북가좌동),서울특별시 서대문구 북가좌동 333-7 302호,,192288.391880582,453428.987443394,2009-05-12,312000001020090001
장현 동물병원,영업/정상,경기도 남양주시 진접읍 금강로1573번길 5,경기도 남양주시 진접읍 장현리 44-12,,217001.551003429,469940.557255004,2009-05-11,399000001020090003
하나동물병원,영업/정상,"부산광역시 동구 수정동로 11, 1층 (수정동)",부산광역시 동구 수정동 811-42,,386326.236193675,183082.742148916,2009-05-11,327000001020090001
웰니스클리닉 연수점,영업/정상,"인천광역시 연수구 경원대로 184, 이마트 1층 (동춘동)",인천광역시 연수구 동춘동 926-9 이마트,032-821-0975,171698.988312684,433623.667155133,2009-05-08,352000001020090002
해오름 동물병원,영업/정상,"경기도 고양시 덕양구 호국로 821, 101호 (주교동)",경기도 고양시 덕양구 주교동 621-3 101호,,185684.468962019,461852.567831753,2009-05-04,394000001020090005
피정현 동물병원,영업/정상,"부산광역시 연제구 거제천로 258 (연산동, 월드빌스포츠센터)",부산광역시 연제구 연산동 581-4,,389856.572362715,190029.710668744,2009-05-04,337000001020090002
라온동물병원,영업/정상,"서울특별시 용산구 회나무로 7, 2층 (이태원동)",서울특별시 용산구 이태원동 647,,198842.61612083,448493.993525383,2009-05-01,302000001020090003
협동동물병원,영업/정상,충청남도 예산군 예산읍 사직로 24,충청남도 예산군 예산읍 예산리 880 한양아파트 30동 1103호,,186386.227172656,353383.21549233,2009-04-30,461000001020090002
합천축협동물병원,영업/정상,경상남도 합천군 율곡면 임북1길 25,경상남도 합천군 율곡면 임북리 571,,306455.611204522,231228.610506797,2009-04-29,548000001020090002
다니엘 동물병원,영업/정상,경기도 고양시 일산동구 일산로 233 (마두동),경기도 고양시 일산동구 마두동 751-2,,181247.095972619,461626.689826068,2009-04-27,394000001020090004
촉석동물병원,영업/정상,경상남도 사천시 축동면 용산1길 29-15,경상남도 사천시 축동면 가산리 201,,295221.871261516,178744.025520654,2009-04-23,534000001020000001
오엠동물병원,영업/정상,"경기도 고양시 일산서구 한류월드로 300, 고양 원마운트 2층 2100호 (대화동)",경기도 고양시 일산서구 대화동 2606 고양 원마운트,,178268.135568909,462480.734362689,2009-04-23,394000001020090003
제일동물병원,영업/정상,,전북특별자치도 장수군 계남면 호덕리 593-4,,,,2009-04-16,475100001020090002
금강동물병원,영업/정상,"서울특별시 용산구 이촌로 300, 렉스상가 8-1,8-2호 (이촌동)","서울특별시 용산구 이촌동 301-263 렉스상가 8-1,8-2호",,198165.767858385,446185.244544796,2009-04-15,302000001020090002
VIP 동물의료센터,영업/정상,"서울특별시 성북구 동소문로 73, 시티플레이스 1층 101호, 비101호, 비201호, 비202호 (동소문동6가)",서울특별시 성북구 동소문동6가 3-1 시티플레이스,,201116.337615606,454444.297266775,2009-04-14,307000001020090001
면목동물병원,영업/정상,서울특별시 중랑구 사가정로 363 (면목동),서울특별시 중랑구 면목동 606-6,,207429.833336087,453216.12116107,2009-04-08,306000001020090001
신퍼피클럽 동물병원,영업/정상,인천광역시 연수구 함박로 74-1(연수동),인천광역시 연수구 연수동 522-3,032-821-8275,172090.217340731,435953.289243732,2009-04-06,352000001020090001
프렌즈동물병원,영업/정상,서울특별시 관악구 관악로 223 (봉천동),서울특별시 관악구 봉천동 34-51,02-874-7585,195961.364627085,442517.641115793,2009-04-03,320000001020090002
열린동물병원,영업/정상,"강원특별자치도 원주시 마재4로 6-32, 1층 (무실동)",강원특별자치도 원주시 무실동 1989-5,033-743-6466,,,2009-03-31,419000001020090001
경기도 야생동물 구조관리센터,영업/정상,경기도 평택시 진위면 동천길 132-93,경기도 평택시 진위면 동천리 56-3,031-8008-6212,210454.529262508,403351.282561698,2009-03-30,391000001020090002
야옹동물병원,영업/정상,"서울특별시 은평구 증산로 413, 동현빌딩 1층 (신사동)",서울특별시 은평구 신사동 35-20 동현빌딩,,192318.383820956,454552.507165347,2009-03-27,311000001020090002
대성동물병원,영업/정상,경상북도 상주시 경상대로 3138(만산동),경상북도 상주시 만산동 696-6,,303239.820853096,325732.733273206,2009-03-26,511000001020090002
나은동물병원,영업/정상,경기도 수원시 장안구 월드컵로 425-2 (연무동),경기도 수원시 장안구 연무동 258-7,031-241-8575,202198.016044093,421270.468937524,2009-03-25,374000001020090003
서진동물병원,영업/정상,서울특별시 관악구 봉천로 236 (신림동),서울특별시 관악구 신림동 1429-2,02-887-2165,193522.138535762,442996.344931519,2009-03-25,320000001020090001
해맑은동물병원,영업/정상,"경기도 양주시 고읍남로 14, 더테라스 102호 (광사동)",경기도 양주시 광사동 654-3 더테라스 102호,031-865-5700,206945.250487867,476963.464160798,2009-03-24,559000001020090001
두리동물병원,영업/정상,"서울특별시 송파구 성내천로 229, 1층 (마천동)",서울특별시 송파구 마천동 161-2,02-449-8575,213472.400666424,444156.64213619,2009-03-24,323000001020090002
라파동물병원,영업/정상,"경기도 화성시 효행구 봉담읍 상리2길 55, 어반센터프라자 103호",경기도 화성시 효행구 봉담읍 상리 690-1,031-278-1275,195217.508597465,413703.332611066,2009-03-23,575000001020090002
호박동물병원,영업/정상,,경상남도 창원시 마산회원구 합성동 121-11,,,,2009-03-17,567000001020091001
조이동물병원,영업/정상,"경기도 고양시 일산서구 탄중로 111, 양우로데오메인타운2 C동 101호, 양우로데오메인타운1 A동 106호 (덕이동)",경기도 고양시 일산서구 덕이동 263-19 양우로데오메인타운,,178527.763301119,465638.309280145,2009-03-09,394000001020090002
효원동물병원,영업/정상,"경기도 수원시 영통구 권선로 805, 1층 (매탄동, 김정문알로에)",경기도 수원시 영통구 매탄동 1172-17,031-238-0075,203394.19931393,417083.166819691,2009-03-09,374000001020090002
속초삼성동물메디컬센터,영업/정상,"강원특별자치도 속초시 엑스포로2길 22, 속초삼성동물병원메디컬센터 (교동)",강원특별자치도 속초시 교동 1022-12,,338384.841657226,522589.028777446,2009-03-03,423000001020090001
강아지와고양이나라 동물병원,영업/정상,"인천광역시 남동구 은봉로312번길 29-14, 101호 (논현동)",인천광역시 남동구 논현동 605-11,,175644.53206403,433636.491219967,2009-02-27,353000001020090001
지팡이 동물병원,영업/정상,충청남도 청양군 정산면 효자길 35,충청남도 청양군 정산면 서정리 227-24,,195275.66674294,323200.747251005,2009-02-26,459000001020090001
온누리 동물의료센터,영업/정상,"경상남도 창원시 성산구 원이대로 676 (상남동,금탑빌딩 1층)",경상남도 창원시 성산구 상남동 2-7 금탑빌딩 1층,055-274-7525,353518.912191537,192850.944405978,2009-02-17,567000001020090002
원헬스 동물의료센터,영업/정상,"울산광역시 남구 북부순환도로 23, 1층 (무거동)",울산광역시 남구 무거동 228-1,,405433.613350288,230398.692181639,2009-02-06,370000001020090001
백두동물병원,영업/정상,경상북도 상주시 공성면 공성중앙로 24,경상북도 상주시 공성면 옥산리,,298056.652131784,309515.5663324,2009-02-03,511000001020090001
무진장축협동물병원,영업/정상,전북특별자치도 장수군 장수읍 중동길 8,전북특별자치도 장수군 장수읍 장수리 483-7,063-351-2391,246966.663158618,238740.67085847,2009-02-02,475100001020090001
세종동물병원,영업/정상,"세종특별자치시 연서면 도신고복로 1207, (출장진료전문)",세종특별자치시 연서면 성제리 586-201,041-864-0448,223320.870410299,343525.254365244,2009-01-30,569000001019900001
E 동물의료원,영업/정상,충청북도 보은군 마로면 관기송현로 95-1,충청북도 보은군 마로면 관기리 388-4,043-544-8514,273413.460164045,326365.792113605,2008-12-30,442000001020080001
아산축산업협동조합(동물병원),영업/정상,충청남도 아산시 염치읍 충무로 471-30,충청남도 아산시 염치읍 방현리 296-1,041-544-7744,200564.82825893,368747.952826563,2008-12-19,452000001020080001
포천동물병원,영업/정상,경기도 포천시 중앙로 170 (신읍동),경기도 포천시 신읍동 202-4,031-535-2978,218112.318429619,488694.233655369,2008-12-17,560000001020080001
우정동물병원,영업/정상,경기도 화성시 만세구 우정읍 버들로 94,경기도 화성시 만세구 우정읍 조암리 517,,182639.081435453,397605.837865295,2008-12-12,574000001020080006
쿨펫동물병원,영업/정상,"경기도 고양시 덕양구 화중로 66, 롯데마트 2층 (화정동)",경기도 고양시 덕양구 화정동 982 롯데마트,,185024.681774615,458969.125315118,2008-12-04,394000001020080007
조양래동물병원,영업/정상,,부산광역시 남구 대연동 1744-4,,,,2008-12-03,331000001020080002
하노바동물병원,영업/정상,경기도 부천시 원미구 부흥로 196 (중동),경기도 부천시 원미구 중동 707-1,,179091.755237565,443773.672479924,2008-11-28,386000001020080009
리즈동물병원,영업/정상,"서울특별시 서초구 잠원로 221, 상가동 2층 (잠원동, 한강아파트)",서울특별시 서초구 잠원동 49-8,,201267.867834297,446565.028672992,2008-11-21,321000001020080005
대명동물병원,영업/정상,강원특별자치도 양양군 양양읍 남문로 19,강원특별자치도 양양군 양양읍 남문리 167-4,,342099.538782882,509105.183224,2008-11-19,435000001020080001
이윤권양한방동물병원,영업/정상,"경기도 안양시 만안구 만안로 284, 111호 (안양동, 마인빌)",경기도 안양시 만안구 안양동 861-32 마인빌,031-469-7581,192785.336310181,433673.708079541,2008-11-19,383000001020080004
웰빙동물병원,영업/정상,"제주특별자치도 제주시 애월읍 광령남4길 14, 2층",제주특별자치도 제주시 애월읍 광령리 3158-1,064-725-5106,146722.520769759,-5097.25510950095,2008-11-12,651000001020080003
대학동물병원,영업/정상,"경기도 남양주시 화도읍 맷돌로91번길 4-18, 송호빌 102호",경기도 남양주시 화도읍 마석우리 541-5,,226534.155634131,461790.733035202,2008-11-12,399000001020080003
용동물CTMRI의료센터,영업/정상,"경상남도 창원시 성산구 단정로 10, 이정빌딩 201,202호 (상남동)",경상남도 창원시 성산구 상남동 34-2 이정빌딩,,353028.963441148,192555.58294076,2008-11-11,567000001020080001
수 가축병원,영업/정상,경상남도 거창군 거창읍 강변로 191,경상남도 거창군 거창읍 대동리 905-1,,282986.219882218,243363.845831297,2008-11-10,547000001020080001
도그플러스 동물병원,영업/정상,"경기도 의정부시 청사로 38, 홈플러스 3층 (금오동)",경기도 의정부시 금오동 475-1 홈플러스 3층,031-851-7373,206192.090833323,472186.18249487,2008-11-05,382000001020080004
최상범동물병원,영업/정상,경상북도 경주시 금성로 334 (서부동),경상북도 경주시 서부동 253-13,054-742-0964,399331.495124568,263037.687995429,2008-11-04,505000001020080003
당근동물병원,영업/정상,"전북특별자치도 익산시 황등면 황등로 115-7, 103호",전북특별자치도 익산시 황등면 황등리 1814 103호,063-851-7218,,,2008-10-28,468100001020080002
서원동물병원,영업/정상,제주특별자치도 제주시 일주동로 38 (화북이동),제주특별자치도 제주시 화북이동 4942-6,,158242.756870726,1876.70786801727,2008-10-27,651000001020080002
노아동물병원,영업/정상,서울특별시 금천구 금하로 745 (시흥동),서울특별시 금천구 시흥동 262-6,,192194.261157773,438676.781166336,2008-10-17,317000001020080001
부산야생동물치료센터,영업/정상,부산광역시 사하구 낙동남로 1240 (하단동),부산광역시 사하구 하단동 1207-1,,377006.920374125,180185.086687629,2008-10-16,334000001020080002
24시 애니동물병원,영업/정상,서울특별시 성북구 보문로 99 (보문동5가),서울특별시 성북구 보문동5가 3-1,,201682.296447573,453515.272296647,2008-10-16,307000001020080004
고흥 홍교 동물병원,영업/정상,"전남광주통합특별시 고흥군 점암면 모룡길 22, 1층",전남광주통합특별시 고흥군 점암면 대룡리 45-5,,234676.703832226,128582.474489201,2008-10-10,584500001020080001
쿨펫동물병원,영업/정상,"경기도 안성시 중앙로 246, 3층 (석정동, 이마트)",경기도 안성시 석정동 149-3 이마트 3층,031-677-7975,222711.793919182,390149.787207476,2008-10-10,408000001020080004
Be 동물병원,영업/정상,"경기도 부천시 소사구 범안로 55, 홈타운프라자 2층 206호 (괴안동)",경기도 부천시 소사구 괴안동 87-1 홈타운프라자,032-349-7975,182957.802373693,441666.089507099,2008-10-10,386000001020080008
늘푸른 동물병원,영업/정상,대전광역시 유성구 지족로349번길 40-12(지족동),대전광역시 유성구 지족동 980-9,,228319.01696873,320780.864310571,2008-10-10,367000001020080002
웰리스 동물병원,영업/정상,"서울특별시 노원구 섬밭로 258, 건영옴니백화점 520호 (중계동)",서울특별시 노원구 중계동 506-1 건영옴니백화점,,205645.891969072,459609.012509743,2008-10-10,310000001020080003
한국마사회 제주육성목장 동물병원,영업/정상,제주특별자치도 제주시 조천읍 남조로 1660 (한국마사회 제주육성목장),제주특별자치도 제주시 조천읍 교래리 25-2 한국마사회 제주육성목장,,170292.461053861,-8634.98730926508,2008-10-08,651000001019981001
KRA 렛츠런파크제주 동물병원,영업/정상,"제주특별자치도 제주시 애월읍 평화로 2144, 한국마사회제주경마본부",제주특별자치도 제주시 애월읍 유수암리 1206 한국마사회제주경마본부,,143984.513065208,-9698.16668575233,2008-10-08,651000001019971001
아프리카 동물병원,영업/정상,"경기도 성남시 분당구 서현로 170, 풍림아이원플러스 108호 (서현동)",경기도 성남시 분당구 서현동 255-1 풍림아이원플러스 108호,,210776.048172188,431880.785795565,2008-10-07,378000001020080009
강해철 동물병원,영업/정상,경상북도 문경시 당교로 205 (모전동),경상북도 문경시 모전동 883-6,,306028.872014983,343351.70554586,2008-10-01,512000001020080001
도야동물병원,영업/정상,전남광주통합특별시 목포시 산정로150번길 35 (용당동),전남광주통합특별시 목포시 용당동 957-47,,144531.962525187,144677.813463949,2008-09-30,578000001020080001
신흥동물병원(산업동물병원),영업/정상,충청북도 청주시 청원구 내수읍 충청대로 424,충청북도 청주시 청원구 내수읍 구성리 253-5,,245721.203843425,354262.165900343,2008-09-26,573500001020081001
아프리카 동물병원,영업/정상,대구광역시 북구 침산로 116 (침산동),대구광역시 북구 침산동 241-1,053-291-3336,343652.741127111,266304.469409463,2008-09-24,345000001020080001
휴안과동물병원,영업/정상,전북특별자치도 익산시 무왕로23길 3 (부송동),전북특별자치도 익산시 부송동 710-23,,198882.398811805,273268.150939639,2008-09-23,468100001020080001
동은동물병원,영업/정상,경상북도 영주시 선비로 280 (영주동),경상북도 영주시 영주동 480-10 27통3반,,344049.23733819,370926.734157468,2008-09-22,509000001020080001
하모니동물병원,영업/정상,"경기도 부천시 원미구 신흥로 150, 위브더스테이트 (중동)",경기도 부천시 원미구 중동 1113 위브더스테이트,,180317.015615374,443971.656322195,2008-09-22,386000001020080007
우암동물병원,영업/정상,,부산광역시 남구 감만동 46-1    자유4차아파트 상가동  109호,,,,2008-09-19,331000001020080001
이윤세동물병원,영업/정상,"서울특별시 성동구 행당로 76, 한진노변상가 1,2층 108호109호203호 (행당동)",서울특별시 성동구 행당동 346 한진노변상가 109호,02-2282-7503,202511.142930696,450401.303715561,2008-09-08,303000001020080001
원당동물병원,영업/정상,"경기도 고양시 덕양구 마상로126번길 97, 3층 (주교동)",경기도 고양시 덕양구 주교동 611-9,,185231.568909319,461582.472573308,2008-09-04,394000001020080006
수 동물병원,영업/정상,"충청북도 청주시 서원구 모충로3번길 81 (개신동, 한진아파트 상가 110호)",충청북도 청주시 서원구 개신동,,241338.687036591,347547.167084195,2008-09-02,572500001020052003
쥬라기동물종합병원,영업/정상,인천광역시 부평구 부흥로 367 (부평동),인천광역시 부평구 부평동 115-18,032-504-7582,176312.668935754,444033.81378436,2008-09-02,354000001020080005
해뜰동물병원,영업/정상,"경기도 용인시 기흥구 보정로 117 (보정동, 리베로3)",경기도 용인시 기흥구 보정동 122호,031-889-7556,210062.946119406,424209.200638014,2008-08-28,563000001020080004
수원펫 동물병원,영업/정상,경기도 수원시 권선구 세권로166번길 26 (권선동),경기도 수원시 권선구 권선동 1058-4,031-234-8275,201855.966054646,417006.139010003,2008-08-21,374000001020080003
울산광역시 야생동물구조관리센터,영업/정상,울산광역시 남구 남부순환도로293번길 25-3 (옥동),울산광역시 남구 옥동 506-3,,406439.707482695,227819.222965621,2008-08-20,370000001020080002
늘사랑동물병원,영업/정상,"서울특별시 강동구 고덕로 162, 101호 (명일동)",,02-442-2223,212595.581996493,450259.464916708,2008-08-12,324000001020080003
동수사랑동물병원,영업/정상,"인천광역시 부평구 경인로 887, 203호 (부평동, 롯데아이원)",인천광역시 부평구 부평동 754-92 롯데아이원 203호,,175049.668135268,442663.224682984,2008-07-29,354000001020080004
노룬산동물병원,영업/정상,서울특별시 광진구 뚝섬로 462 (자양동),서울특별시 광진구 자양동 236-127,,205390.463339147,448294.665199062,2008-07-29,304000001020080003
KP 양계연구소,영업/정상,전북특별자치도 군산시 대야면 만자로 24,전북특별자치도 군산시 대야면 지경리 806,,182645.388058786,271673.161757977,2008-07-24,467100001020080001
햇살동물병원,영업/정상,서울특별시 양천구 월정로 46 (신월동),서울특별시 양천구 신월동 446-4,26905673,185992.29499381,446855.110008127,2008-07-23,314000001020080002
산청동물병원,영업/정상,"경상남도 산청군 금서면 동의보감로 1065, 화계시장 가동 1층 5호",경상남도 산청군 금서면 주상리 218-1 화계시장,,271923.742907402,218483.804498602,2008-07-22,545000001020080002
포근한동물병원,영업/정상,"경기도 부천시 원미구 소향로 111, 디아뜨 1 A동 110, 111호 (중동)",경기도 부천시 원미구 중동 1168 디아뜨 1,,178712.771647673,444527.574636891,2008-07-14,386000001020080004
명성동물병원,영업/정상,충청북도 청주시 상당구 미원면 미원시내2길 39,충청북도 청주시 상당구 미원면 미원리 535-17,043-283-7583,258488.584106349,348312.290049859,2008-07-07,572000001020083002
리더스동물병원,영업/정상,대구광역시 남구 대명로 121 (대명동),대구광역시 남구 대명동 1636-19,,341853.639550008,261090.927641155,2008-06-27,344000001020080001
해림동물병원,영업/정상,인천광역시 계양구 계양대로 81 (작전동),인천광역시 계양구 작전동 864-39,032-546-0079,175376.338019834,447686.398913194,2008-06-26,355000001020080001
논산계룡축협 동물병원,영업/정상,충청남도 논산시 시민로194번길 1 (내동),충청남도 논산시 내동 931,041-730-2200,208827.319852664,298264.411141542,2008-06-23,454000001020080002
경상국립대학교 동물의료원,영업/정상,경상남도 진주시 진주대로 501 (가좌동),경상남도 진주시 가좌동,055-772-2323,299974.640093388,184196.415879105,2008-06-16,531000001020080001
즐거운 동물병원,영업/정상,경상북도 경주시 금성로 310-1 (서부동),경상북도 경주시 서부동,054-774-7576,399344.717877821,262816.642288014,2008-06-13,505000001020080002
초읍동물병원,영업/정상,부산광역시 부산진구 새싹로 243-1 (초읍동),부산광역시 부산진구 초읍동 273-7,051-805-0975,386485.248195227,188439.731835623,2008-06-13,329000001020080003
나라동물병원,영업/정상,경기도 용인시 처인구 포곡읍 포곡로 96,경기도 용인시 처인구 포곡읍 둔전리 390-4,031-338-7975,219115.844138324,418510.702050109,2008-06-12,562000001020080002
논현동물병원,영업/정상,"인천광역시 남동구 소래역남로16번길 75,  B103-2호 (논현동)",인천광역시 남동구 논현동 751-1,,176289.301104774,433115.954737015,2008-06-12,353000001020080004
한수풀동물병원,영업/정상,"제주특별자치도 제주시 한림읍 한림로 655, 1층",제주특별자치도 제주시 한림읍 한림리 1361-3,064-796-4451,131370.943075016,-8855.7666971439,2008-06-04,651000001020080001
대한동물병원,영업/정상,"서울특별시 강서구 화곡로 205 (화곡동, 대한동물병원)",서울특별시 강서구 화곡동 1059-51,26944821,186065.975239861,449079.669875309,2008-06-04,315000001020030005
코리아동물병원,영업/정상,경기도 평택시 중앙로 141 (비전동),경기도 평택시 비전동 759-27,,208717.152690817,387910.10185707,2008-05-30,391000001020080001
대덕 동물병원,영업/정상,전남광주통합특별시 장흥군 대덕읍 대대로 926,전남광주통합특별시 장흥군 대덕읍 신월리 103-4,061-867-3235,189613.616867474,111172.701463826,2008-05-28,586000001020080001
도촌 동물병원,영업/정상,"경기도 성남시 중원구 도촌남로 37, 도촌프라자 2층 203호 (도촌동)",경기도 성남시 중원구 도촌동 568 도촌프라자 203호,,213353.715319991,434733.786898392,2008-05-28,378000001020080007
금강축산가축병원,영업/정상,충청남도 논산시 연무읍 안심로 200-1,충청남도 논산시 연무읍 안심리 289 8통,,207956.359822894,292297.322283352,2008-05-21,454000001020080001
우리동물병원,영업/정상,서울특별시 성북구 삼양로 84 (길음동),서울특별시 성북구 길음동 1125-9,,201922.445922899,456502.379369754,2008-05-13,307000001020080003
그린종합동물병원,영업/정상,강원특별자치도 원주시 행구로 44 (개운동),강원특별자치도 원주시 개운동 36 22통2반,033-762-9882,285065.539263308,427018.513573247,2008-05-10,419000001020080001
분당고은 동물병원,영업/정상,"경기도 성남시 분당구 매화로 40 (야탑동, 동륜빌딩)",경기도 성남시 분당구 야탑동 291-4,,211808.718801739,434346.577474808,2008-05-02,378000001020080006
인천24시유앤미동물병원,영업/정상,"인천광역시 남동구 남동대로 910, 동성빌딩 1층 (간석동)",인천광역시 남동구 간석동 210-9 동성빌딩,,174138.166591648,440195.722627232,2008-05-01,353000001020080003
해맑은동물병원,영업/정상,서울특별시 광진구 뚝섬로 670 (자양동),서울특별시 광진구 자양동 662-13,02-6954-7582,207349.510653919,447708.939689927,2008-04-30,304000001020080002
국립공원공단 국립공원야생생물보전원 야생동물의료센터,영업/정상,전남광주통합특별시 구례군 마산면 화엄사로 402-31,전남광주통합특별시 구례군 마산면 황전리 산 44-1,061-783-9585,,,2008-04-29,584000001020080001
백두동물병원,영업/정상,경상북도 김천시 양금로 195 (황금동),경상북도 김천시 황금동 167-30,054-911-8275,301004.479505992,290719.558205476,2008-04-29,506000001020080001
한빛종합동물병원,영업/정상,서울특별시 노원구 동일로 1370 (상계동),서울특별시 노원구 상계동 749-10,,205391.376597539,460951.395278927,2008-04-22,310000001020080002
중앙동물병원,영업/정상,경기도 의왕시 철도박물관로 71 (삼동),경기도 의왕시 삼동 193-10 2층,,195447.2031397,424288.508077847,2008-04-20,403000001020080002
우리들 동물병원,영업/정상,"경기도 성남시 분당구 야탑로 103, 노블리치2 오피스텔 2층 206호 (야탑동)",경기도 성남시 분당구 야탑동 367-6 노블리치2 오피스텔,031-706-7588,211453.585480512,434232.899729905,2008-04-17,378000001020080005
초원동물병원,영업/정상,"경기도 고양시 일산서구 일산로 589, 현대프라자 (일산동)",경기도 고양시 일산서구 일산동 1054-1 현대프라자,,178994.545016244,464162.963343777,2008-04-14,394000001020080002
소망동물병원,영업/정상,"인천광역시 남동구 남동대로 737 (구월동,1층)",인천광역시 남동구 구월동 1149-5 1층,,174012.687548593,438486.444074092,2008-04-14,353000001020080001
페트로 동물병원,영업/정상,충청남도 천안시 서북구 성정중4길 3 (성정동),충청남도 천안시 서북구 성정동 1230,,211839.891614624,369597.673540764,2008-04-11,449000001020080001
우솔종합동물병원,영업/정상,"서울특별시 노원구 화랑로 349, 석계문고 2층 (월계동)",서울특별시 노원구 월계동 26-13 석계문고,,205815.698893301,457008.271220657,2008-04-11,310000001020080001
애니존동물병원,영업/정상,경기도 수원시 팔달구 인계로108번길 4 (인계동),경기도 수원시 팔달구 인계동 1019-5,031-267-0975,202517.57150552,418412.22006471,2008-04-08,374000001020080002
괴정동물병원,영업/정상,"부산광역시 사하구 낙동대로 246-1, 1층 (괴정동)",부산광역시 사하구 괴정동 896-17,,381387.266937931,179633.594152918,2008-04-07,334000001020080001
성진동물병원,영업/정상,,전북특별자치도 김제시 검산동 488-10,,,,2008-04-06,471100001020080002
센트럴동물병원,영업/정상,"경기도 화성시 동탄구 동탄지성로 102, 하나로프라자 (반송동)",경기도 화성시 동탄구 반송동  42-3 하나로프라자,80037520,205628.113089611,411804.508779064,2008-04-04,577000001020080002
누리동물병원,영업/정상,"경기도 화성시 동탄구 동탄솔빛로 64, 가희프라자2 1층 104호 (반송동)",경기도 화성시 동탄구 반송동  218-2 가희프라자2 104호,80037588,206559.943305761,410262.97929974,2008-04-03,577000001020080001
남부여동물병원,영업/정상,충청남도 부여군 부여읍 성왕로 190-1,충청남도 부여군 부여읍 구아리 391,041-833-8275,191779.168019182,308991.549309334,2008-04-03,457000001020080001
금오동물병원,영업/정상,"경기도 의정부시 청사로 37 (금오동,신세계프라자 112호)",경기도 의정부시 금오동 473-3 신세계프라자 112호,031-826-7582,206087.860061554,472116.57310828,2008-04-03,382000001020080002
센트럴,영업/정상,"전남광주통합특별시 남구 봉선로 198 (봉선동, 이마트)",전남광주통합특별시 남구 봉선동 1064,062-682-7553,192271.788165678,180371.789080786,2008-04-01,581500001020080002
가로수동물병원,영업/정상,전남광주통합특별시 서구 월드컵4강로 88 (화정동),전남광주통합특별시 서구 화정동 808-13,,188424.678901788,182840.601870176,2008-04-01,581000001020080002
리치동물병원,영업/정상,"부산광역시 부산진구 당감서로 84, 아시아드빌딩상가 (당감동)",부산광역시 부산진구 당감동 738-3 아시아드빌딩상가,,385544.179921632,187289.073170804,2008-03-28,329000001020080002
하동동물병원,영업/정상,경상남도 하동군 하동읍 경서대로 154,경상남도 하동군 하동읍 읍내리 211-8,,268382.964193993,174657.042385535,2008-03-27,544000001020080001
전병준동물병원,영업/정상,"경기도 수원시 팔달구 인계로 126, 수원미디어시티 109호110호호 (인계동)",경기도 수원시 팔달구 인계동 1036 수원미디어시티,031-212-7582,202706.355932742,418367.445293583,2008-03-20,374000001020080001
쿨펫 동물병원,영업/정상,"경기도 용인시 기흥구 동백죽전대로 444 (중동, 쥬네브썬월드빌딩)","경기도 용인시 기흥구 중동 833 쥬네브썬월드 B036,B037호",031-679-0551,213383.977793755,419575.34117754,2008-03-19,563000001020080003
호평동물병원,영업/정상,경기도 남양주시 늘을1로16번길 29 (호평동),경기도 남양주시 호평동 638-1,,221404.003862789,461328.144929993,2008-03-18,399000001020080002
평리동물병원,영업/정상,"대구광역시 서구 서대구로 189, 2층 (평리동)",대구광역시 서구 평리동 1492-30,053-552-0075,340323.600098224,264975.510365076,2008-03-17,343000001020080001
한강동물병원,영업/정상,전남광주통합특별시 광양시 광영로 61 (광영동),전남광주통합특별시 광양시 광영동 1686 21통4반 성호아파트 104동 403호,,,,2008-03-10,580000001020080001
현대동물병원,영업/정상,경상북도 경주시 안강읍 구부랑2길 10-8,경상북도 경주시 안강읍 산대리 2415-9,054-763-8575,397915.020186253,280027.236274018,2008-03-10,505000001020080001
더 샵 동물메디컬센터,영업/정상,"서울특별시 송파구 올림픽로35가길 9, 상가동 2층 207호 (신천동, 잠실 푸르지오 월드마크)",서울특별시 송파구 신천동 11-4 잠실 푸르지오 월드마크 상가 207호,02-416-7512,209087.122362019,446139.152554604,2008-03-07,323000001020080002
서울동물병원,영업/정상,"전북특별자치도 정읍시 신태인읍 연정길 16, 1층",전북특별자치도 정읍시 신태인읍 신태인리 228-61,,189846.968439093,243382.575661172,2008-03-06,469100001020080001
나루동물병원,영업/정상,경기도 남양주시 경춘로 404 (도농동),경기도 남양주시 도농동 89-10,,213976.580610188,456029.971482304,2008-03-06,399000001020080001
우리동물병원,영업/정상,서울특별시 종로구 지봉로 96-3 (숭인동),서울특별시 종로구 숭인동 52-8,36761190,201312.324500599,452934.470658927,2008-03-06,300000001020080001
로엘동물병원,영업/정상,서울특별시 광진구 뚝섬로 622-1 (자양동),서울특별시 광진구 자양동 606-14,,206893.84345075,447758.903010754,2008-03-04,304000001020080001
나래동물병원,영업/정상,"전남광주통합특별시 북구 북문대로 113 (운암동,영일빌딩 106호)",전남광주통합특별시 북구 운암동 357-7 영일빌딩 106호,,188541.026519399,186684.846644072,2008-02-28,582000001020080001
자연동물병원,영업/정상,부산광역시 동래구 사직로70번길 50 (사직동),부산광역시 동래구 사직동 42-1,051-506-7975,387331.360274764,190631.614233289,2008-02-22,330000001020080001
대한동물병원(산업동물 출장진료 전문 동물병원),영업/정상,"경기도 파주시 평화로 37, 대한가축약품 1층 (금촌동)",경기도 파주시 금촌동 937-3 대한가축약품,,179767.805644148,473175.973540751,2008-02-19,406000001020080001
우리동물병원,영업/정상,경기도 용인시 기흥구 한보라2로14번길 4-14 (보라동),경기도 용인시 기흥구 보라동 581-1,,209709.775114791,416877.317838493,2008-02-13,563000001020080002
영광축협동물병원,영업/정상,전남광주통합특별시 영광군 영광읍 천년로 1452,전남광주통합특별시 영광군 영광읍 녹사리 33-1,,154679.541244407,197130.287370819,2008-02-12,589000001020080001
새론동물병원,영업/정상,충청북도 청주시 흥덕구 1순환로 539 (봉명동),충청북도 청주시 흥덕구 봉명동 641-1,,241405.86036468,349354.361267082,2008-02-05,573000001020082001
의왕동물병원,영업/정상,경기도 의왕시 경수대로 372 (오전동),경기도 의왕시 오전동 838-5 102호,,196965.172896048,428475.51206307,2008-01-30,403000001020080001
세이브 동물병원,영업/정상,경기도 성남시 중원구 산성대로 336-3 (중앙동),경기도 성남시 중원구 중앙동 241,,213549.07660777,437889.744317875,2008-01-30,378000001020080002
현대동물의료센터,영업/정상,경상남도 거제시 장평로 5 (장평동),경상남도 거제시 장평동 58-24,,347652.115962893,155812.812674773,2008-01-22,537000001020080001
피닉스동물병원,영업/정상,"서울특별시 동작구 상도로 43, 1층 (대방동, 정원빌딩)",서울특별시 동작구 대방동 395-4,02-813-7579,193339.388708545,444203.300907666,2008-01-15,319000001020080001
다나동물병원,영업/정상,"서울특별시 강서구 강서로 254 (화곡동, 우장산아이파크이편한세상)",서울특별시 강서구 화곡동 313 목동신시가지 아파트 902-203,,185509.755178223,449581.928502772,2008-01-10,315000001020080001
우방가축병원,영업/정상,경상남도 산청군 산청읍 덕계로 33,경상남도 산청군 산청읍 산청리 201-1,,279749.524956264,213485.146914341,2008-01-09,545000001020080001
위드동물병원,영업/정상,부산광역시 부산진구 동평로 54 (당감동),부산광역시 부산진구 당감동 351,051-891-7597,385375.719114983,186974.105027547,2008-01-04,329000001020080001
예 동물병원,영업/정상,"인천광역시 검단구 완정로 70, 영남탑스빌아파트 상가 (마전동)",인천광역시 검단구 마전동 999-4 영남탑스빌아파트 상가,032-563-1575,,,2008-01-03,356500001020080001
경남동물병원,영업/정상,경상남도 진주시 일반성면 동부로 2001,경상남도 진주시 일반성면 창촌리 643-4,055-752-5803,316591.441225808,186421.345389882,2007-12-27,531000001020070003
최가축병원,영업/정상,충청남도 서천군 한산면 한마로 65,충청남도 서천군 한산면 지현리 243-2,041-951-1616,182190.177160508,287310.05650968,2007-12-21,458000001020070001
자유로 동물병원,영업/정상,"경기도 고양시 일산서구 대화로 120, 자유로프라자 (대화동)",경기도 고양시 일산서구 대화동 1450-1 자유로프라자,,176474.179870173,463060.185042319,2007-12-13,394000001020070008
굿모닝동물병원,영업/정상,"서울특별시 강서구 방화대로47가길 7 (방화동, 방화샤르망1오피스텔)",서울특별시 강서구 방화동 1265 24통4반 숲속마을 402동 502호,26658256,183414.494799084,452706.104919778,2007-12-11,315000001020070002
고창부안축협동물병원,영업/정상,전북특별자치도 고창군 흥덕면 부안로 423,전북특별자치도 고창군 흥덕면 신덕리 35-6,,172347.675254251,228603.22814882,2007-12-04,478100001020070002
미르동물병원,영업/정상,경상북도 포항시 남구 오천읍 해병로269번길 3,경상북도 포항시 남구 오천읍 용덕리 449,054-292-3112,417472.878094009,277213.34659471,2007-12-03,502000001020070002
포산동물병원,영업/정상,대구광역시 달성군 현풍읍 비슬로 614-1,대구광역시 달성군 현풍읍 원교리 60,,330313.95471424,244606.28981761,2007-11-27,348000001020070001
충북낙농업협동조합,영업/정상,충청북도 청주시 청원구 북이면 장재2길 66-10,충청북도 청주시 청원구 북이면 금암리 251-2,,249297.037525039,360777.230874595,2007-11-23,573500001020073001
삼성동물종합병원,영업/정상,인천광역시 미추홀구 인주대로 277 (주안동),인천광역시 미추홀구 주안동 678-7,032-868-2526,170495.739123601,438983.578084489,2007-11-19,351000001020070004
대한동물병원,영업/정상,경기도 포천시 영북면 영북로203번길 30,경기도 포천시 영북면 운천리 518-7,,223680.085340907,509960.335199291,2007-11-15,560000001020070001
그린펫동물병원,영업/정상,"경기도 안산시 단원구 광덕4로 180, 101호 (고잔동, 부원프라자)",경기도 안산시 단원구 고잔동 724-4 부원프라자 101호,,185094.720697762,423639.954558559,2007-11-12,393000001020070005
튼튼동물병원,영업/정상,"인천광역시 부평구 마장로 489, 2층 2113~2114호 (청천동, 아이즈빌아울렛)",인천광역시 부평구 청천동 386,032-270-2727,173718.604764279,446665.064392477,2007-11-12,354000001020070005
춘천철원화천양구축산농협  화천지점 동물병원,영업/정상,"강원특별자치도 화천군 화천읍 상승로 41, 춘천축산농협 화천지점",강원특별자치도 화천군 화천읍 하리 101-1 춘천축산농협 화천지점,033-442-4181,261670.545544696,511561.71096691,2007-11-09,431000001020070001
Dr.수동물병원,영업/정상,"서울특별시 영등포구 국제금융로 79, 롯데슈퍼 2층 (여의도동, 한양아파트)",서울특별시 영등포구 여의도동 42 한양아파트,02-785-7582,193963.563089797,446584.550237569,2007-11-09,318000001020070002
금나래동물병원,영업/정상,"서울특별시 금천구 벚꽃로 30, 205동 B127호 (독산동, 금천 롯데캐슬 골드파크 2차)",서울특별시 금천구 독산동 1150 금천 롯데캐슬 골드파크 2차,,190567.418315661,439569.401459017,2007-11-09,317000001020070009
굿모닝동물병원,영업/정상,"인천광역시 서해구 가정로 246, 203호 (석남동)",인천광역시 서해구 석남동 510-6,032-583-1119,,,2007-11-02,356100001020070003
삼성동물병원,영업/정상,"서울특별시 강북구 삼양로19길 25, 110동 지층 1-2,1-3호 (미아동, 삼성래미안트리베라1차아파트)","서울특별시 강북구 미아동 813 지층 1-2, 1-3호 110동",,201760.433753367,456845.373829971,2007-10-23,308000001020070001
펫동물병원,영업/정상,"전북특별자치도 전주시 완산구 거마평로 162, 101호 (효자동1가)",전북특별자치도 전주시 완산구 효자동1가 287-13 101호,063-221-7582,210476.624500977,256337.696904261,2007-10-16,464100001020070003
시온동물병원,영업/정상,서울특별시 강동구 천호대로 1057 (천호동),,02-476-8275,211376.044890555,448340.166805157,2007-10-12,324000001020070004
강원대학교부설 야생동물구조센터,영업/정상,"강원특별자치도 춘천시 강원대학길 1, 강원대학교 (효자동)",강원특별자치도 춘천시 효자동 192-1 강원대학교,033-250-7500,265481.557982219,485420.871953344,2007-10-04,418000001020070002
창녕동물병원,영업/정상,경상남도 창녕군 창녕읍 화왕산1로 49,경상남도 창녕군 창녕읍 교하리,,336051.162404272,227468.510127681,2007-09-27,541000001020070002
프렌즈동물병원,영업/정상,"서울특별시 서초구 방배로 76, 머리재빌딩 1층 105호 (방배동)",서울특별시 서초구 방배동 984-1 머리재빌딩 105호,,199783.057194961,442111.603972035,2007-09-18,321000001020070002
내포동물병원,영업/정상,충청남도 홍성군 홍성읍 월산로50번길 3,충청남도 홍성군 홍성읍 월산리 836-3,,168363.203611304,344214.132988396,2007-09-14,460000001020070001
한빛동물병원,영업/정상,경상북도 상주시 영남제일로 1368 (외답동),경상북도 상주시 외답동 845,054-532-7574,306711.226094807,325002.581430705,2007-09-13,511000001020070001
분당정자 동물병원,영업/정상,"경기도 성남시 분당구 정자일로 120, 119호 (정자동, 아데나루체 상가 )",경기도 성남시 분당구 정자동 170-1 아데나 루체상가 119호,,209368.718414303,428760.477145736,2007-09-13,378000001020070010
연합동물병원,영업/정상,전북특별자치도 완주군 용진읍 완주로 179,전북특별자치도 완주군 용진읍 상운리 74-2,,213975.075411264,264563.480470056,2007-09-12,472100001020070001
대심동물병원,영업/정상,경상북도 예천군 예천읍 효자로 1,경상북도 예천군 예천읍 서본리 72-3,054-655-8290,329368.174465548,350995.269932744,2007-09-04,523000001020070001
노아동물병원,영업/정상,"충청남도 계룡시 엄사면 번영로 56, 1층",충청남도 계룡시 엄사면 엄사리 243-1,042-841-1175,221407.842364683,309843.225454894,2007-08-29,558000001020030001
독사랑동물병원,영업/정상,"대구광역시 남구 중앙대로 145, 1층 (대명동)",대구광역시 남구 대명동 37-7,,343588.96775158,261851.174418263,2007-08-29,344000001020070001
웰케어동물병원,영업/정상,"서울특별시 마포구 월드컵북로 27, 이화빌딩 (서교동)",서울특별시 마포구 서교동 447-2 이화빌딩,02-337-7575,192782.111359982,450515.900711257,2007-08-22,313000001020070007
러브펫 동물병원,영업/정상,경상북도 경주시 황성로 32 (황성동),경상북도 경주시 황성동 472-10,054-771-1930,399977.348531458,265101.623191541,2007-08-20,505000001020070001
ZOO동물병원,영업/정상,"서울특별시 성북구 정릉로 328, 1층 (정릉동)",서울특별시 성북구 정릉동 16-162,,201656.201385347,455521.05830576,2007-08-20,307000001020070005
산들동물병원,영업/정상,전남광주통합특별시 순천시 서면 죽평아랫돔길 8,전남광주통합특별시 순천시 서면 죽평리 243-1,,244914.983406039,167025.128647233,2007-08-17,579000001020070004
보성통증동물병원,영업/정상,"서울특별시 성북구 보국문로 68-1, 정호빌딩 1층 (정릉동)",서울특별시 성북구 정릉동 285-4 정호빌딩,,200758.469042701,456474.683984875,2007-08-13,307000001020070004
대영동물병원,영업/정상,전북특별자치도 전주시 덕진구 동부대로 582 (산정동),전북특별자치도 전주시 덕진구 산정동 800-11,063-246-7155,215026.611889433,260267.341532906,2007-08-06,464100001020070002
24시센트럴동물메디컬센터,영업/정상,서울특별시 성동구 고산자로 207 (행당동),서울특별시 성동구 행당동 318-36,02-3395-7975,202907.218919388,450712.086716399,2007-07-25,303000001020070002
반석가금진료연구소,영업/정상,충청북도 음성군 대소읍 대금로54번길 8,충청북도 음성군 대소읍 대풍리 524-2,043-535-6426,240160.096378157,387198.303386997,2007-07-23,447000001020070002
닥터김 동물의료센터,영업/정상,"경상남도 거제시 중곡1로 48, 해원빌딩 1층 (고현동)",경상남도 거제시 고현동 989-13 해원빌딩,,348562.834046153,156441.730856964,2007-07-20,537000001020070001
베스트동물병원,영업/정상,경상북도 구미시 인동남길 66 (진평동),경상북도 구미시 진평동 5-3,054-476-8274,328184.392822436,289788.74620631,2007-07-19,508000001020070001
애플동물병원,영업/정상,서울특별시 광진구 천호대로 642-1 (능동),서울특별시 광진구 능동 256-1,,207733.266195381,450105.913833549,2007-07-05,304000001020070003
현대 동물병원,영업/정상,전북특별자치도 장수군 장수읍 교촌로 47-3,전북특별자치도 장수군 장수읍 장수리 214-8,063-351-3050,247274.340752115,238712.810607718,2007-07-04,475100001020070001
열린동물병원,영업/정상,충청북도 충주시 금릉로 78 (교현동),충청북도 충주시 교현동 1326,043-857-0075,282240.596778554,387388.331531285,2007-07-03,439000001020070001
춘천철원화천양구축협 양구동물병원,영업/정상,강원특별자치도 양구군 국토정중앙면 창동길 3,강원특별자치도 양구군 국토정중앙면 창리 386-1,033-481-8608,289133.506429172,509065.69186114,2007-07-03,432000001020070001
비비펫 동물병원,영업/정상,서울특별시 성북구 화랑로 91 (하월곡동),서울특별시 성북구 하월곡동 16-7,,203650.819277724,455630.293665959,2007-06-28,307000001020070003
의성축협동물병원,영업/정상,경상북도 의성군 봉양면 모선길 20,경상북도 의성군 봉양면 도원리 802-1,054-861-2666,341338.003528623,311602.153880074,2007-06-27,515000001020070001
디오빌 동물병원,영업/정상,"서울특별시 영등포구 당산로 222, 1층 103-3호 (당산동5가, 당산디오빌)",서울특별시 영등포구 당산동5가 11-33 당산디오빌,02-2671-0026,191292.095160096,447892.078672003,2007-06-27,318000001020070001
행복한 동물병원,영업/정상,인천광역시 남동구 구월로 314 (만수동),인천광역시 남동구 만수동 916-2,,175643.342549476,439270.511694322,2007-06-18,353000001020070002
새은평동물의료센터,영업/정상,"서울특별시 은평구 서오릉로 80(대조동, 북한산 포레스트)",서울특별시 은평구 대조동 179-16 북한산 포레스트,,193059.53692408,456143.236850271,2007-06-15,311000001020070004
Dr.남동물병원,영업/정상,"전남광주통합특별시 서구 염화로 97, 1층 (화정동)",전남광주통합특별시 서구 화정동 825-10,,188556.07018578,182641.976788227,2007-06-14,581000001020070002
봄내동물병원,영업/정상,강원특별자치도 춘천시 퇴계로 221 (석사동),강원특별자치도 춘천시 석사동 818-2,033-262-9070,265328.029153914,484018.373448398,2007-06-14,418000001020070001
축협동물병원,영업/정상,"전남광주통합특별시 무안군 무안읍 면성1길 54, 2층",전남광주통합특별시 무안군 무안읍 성내리 20-27 2층,,152084.575844367,166167.233290735,2007-06-12,588000001020070001
푸른동물병원,영업/정상,서울특별시 구로구 구로동로 111-1 (구로동),서울특별시 구로구 구로동 722-4,,189698.626876621,442939.027026019,2007-06-08,316000001020070001
드림벳동물병원,영업/정상,경상남도 진주시 문산읍 문산로 923,경상남도 진주시 문산읍 상문리 186-3,,309048.874590188,185675.711385932,2007-06-07,531000001020070001
우성동물병원,영업/정상,경상북도 청도군 청도읍 중앙로 78,경상북도 청도군 청도읍 원정리 534-3,054-373-7115,358606.764477596,239893.909389712,2007-06-05,519000001020070002
참사랑동물병원,영업/정상,경기도 수원시 영통구 영통로 118 (망포동),경기도 수원시 영통구 망포동 559-5 델파빌딩 1층,031-273-8875,204995.032584676,415167.710620243,2007-06-01,374000001020070003
서울허브동물병원,영업/정상,"서울특별시 관악구 남부순환로 1811, 신원메트로빌 (봉천동)",서울특별시 관악구 봉천동 870-13 신원메트로빌,02-875-7579,195635.738009117,442172.892032644,2007-06-01,320000001020070003
로잔동물의료센터,영업/정상,"서울특별시 관악구 관악로29길 3, 1층 (봉천동)",서울특별시 관악구 봉천동 40-29 수안빌딩,02-872-7588,196078.028966234,442691.138064898,2007-06-01,320000001020070002
라임동물병원,영업/정상,경기도 파주시 순못길 21 (다율동),경기도 파주시 다율동 1001-1,,174896.338337141,469399.542000551,2007-05-28,406000001020070002
레이크동물병원,영업/정상,경기도 용인시 기흥구 평촌1로8번길 11-4 (동백동),경기도 용인시 기흥구 동백동 607-11,80057507,213482.377875396,420389.827658325,2007-05-22,563000001020070004
오리엔탈타이거동물병원,영업/정상,"인천광역시 검단구 고산로 37, 101호 (원당동)",인천광역시 검단구 원당동 851-1 101호,032-561-7582,,,2007-05-22,356500001020070002
다나동물병원,영업/정상,서울특별시 동작구 동작대로 47 (사당동),서울특별시 동작구 사당동 1019-54 오사빌딩 1층,02-3471-0375,198290.987454945,442079.914970215,2007-05-22,319000001020070001
쪼쪼동물병원,영업/정상,"경상남도 창원시 성산구 대원로 87, 센트럴스퀘어상가 208호 (대원동)",경상남도 창원시 성산구 대원동 36-5,055-276-8275,350289.15406655,194044.129488862,2007-05-18,567000001020070001
모양동물병원,영업/정상,전북특별자치도 고창군 고창읍 보릿골로 16,전북특별자치도 고창군 고창읍 읍내리 1195,,172211.971037309,214177.902466393,2007-05-18,478100001020070001
쿨독동물병원,영업/정상,"서울특별시 송파구 중대로9길 48, MOXENHOUSE (가락동)",서울특별시 송파구 가락동 87-1 MOXENHOUSE,02-408-5400,210468.408293066,443882.442726704,2007-05-17,323000001020070005
맑은 동물병원,영업/정상,"서울특별시 동대문구 청계천로 417, 108호 (신설동, 청계천 대성 스카이렉스1)",서울특별시 동대문구 신설동 109-13 청계천 대성 스카이렉스1,02-2234-1379,202042.817335648,452190.100421552,2007-05-11,305000001020070001
문산동물의료센터,영업/정상,"경기도 파주시 문산읍 문향로 52-1, 우리들빌딩 201호",경기도 파주시 문산읍 문산리 10-47,031-953-7570,181065.747530963,483816.596281343,2007-05-08,406000001020070001
주안동물병원,영업/정상,인천광역시 미추홀구 석정로 400 (주안동),인천광역시 미추홀구 주안동 24-2,032-203-0075,171606.532345268,440552.000727532,2007-05-08,351000001020070001
풍동동물병원,영업/정상,"경기도 고양시 일산동구 숲속마을로 48 (풍동, 신성프라자)",경기도 고양시 일산동구 풍동 1280,,182103.488459125,462804.299266978,2007-05-01,394000001020070006
미래동물병원,영업/정상,경상남도 창녕군 영산면 로터리길 22-1,경상남도 창녕군 영산면 동리 134-26,,338740.128062791,218198.715618535,2007-04-27,541000001020070001
중마동물병원,영업/정상,전남광주통합특별시 광양시 중마중앙로 106 (중동),전남광주통합특별시 광양시 중동 696-4 18통4반 305호,,,,2007-04-26,580000001020070001
유림동물병원,영업/정상,"서울특별시 노원구 월계로45길 28 (월계동, 월계아파트형공장)",서울특별시 노원구 월계동 98-9,,204454.974085477,458289.069882291,2007-04-26,310000001020070002
현대동물병원,영업/정상,"경기도 부천시 원미구 송내대로265번길 85, 뱅뱅프라자 204호 (상동)",경기도 부천시 원미구 상동 535-1 뱅뱅프라자,,178170.903829042,445043.834754535,2007-04-25,386000001020070003
상암동물병원,영업/정상,서울특별시 마포구 월드컵북로 336 (상암동),서울특별시 마포구 상암동 34-46,02-375-7222,190625.002537437,452644.181543234,2007-04-18,313000001020070003
서울종합동물병원,영업/정상,인천광역시 부평구 굴포로 42 (갈산동),인천광역시 부평구 갈산동 364,032-508-7571,175684.463603513,445522.585584688,2007-04-16,354000001020070003
주주동물병원,영업/정상,"인천광역시 연수구 해돋이로 107, E동 10,11호 (송도동, 송도더샵퍼스트월드)","인천광역시 연수구 송도동 4-1 송도더샵퍼스트월드 E동 10,11호",032-858-7582,168780.099913799,432168.287166052,2007-04-16,352000001020070002
김서필동물병원,영업/정상,경상북도 봉화군 봉화읍 내성로1길 60-2,경상북도 봉화군 봉화읍 내성리 242-9,,355023.446115562,378029.229324753,2007-04-11,524000001020070001
파랑새동물병원,영업/정상,서울특별시 금천구 시흥대로 276 (독산동),서울특별시 금천구 독산동 1077-31,,191042.197178853,439576.514509179,2007-04-05,317000001020070005
금천동물병원,영업/정상,서울특별시 금천구 독산로 188 (독산동),서울특별시 금천구 독산동 378-397,,191390.806562942,440198.987570121,2007-04-05,317000001020070004
그린동물병원,영업/정상,서울특별시 금천구 독산로 272 (독산동),서울특별시 금천구 독산동 193-31,,191370.474726027,440981.152681881,2007-04-05,317000001020070003
조정연동물병원,영업/정상,서울특별시 금천구 금하로 679 (시흥동),서울특별시 금천구 시흥동 838-33,,191594.6614089,438942.619642611,2007-04-05,317000001020070002
온양 발리동물병원,영업/정상,울산광역시 울주군 온양읍 보곡3길 40 (온양서희스타힐스),울산광역시 울주군 온양읍 발리 1311 온양서희스타힐스,052-239-7585,408257.125490873,214729.814051051,2007-03-31,373000001020070002
탑케어동물의료원,영업/정상,"경기도 고양시 덕양구 화신로272번길 5, 2,3층 (화정동)",경기도 고양시 덕양구 화정동 984-8,1666-7501,185013.703419501,458778.522826862,2007-03-30,394000001020070002
서면동물병원,영업/정상,부산광역시 부산진구 부전로 87 (부전동),부산광역시 부산진구 부전동 466-19,051-809-8092,387137.788787553,186246.333514969,2007-03-29,329000001020070002
중앙동물병원,영업/정상,서울특별시 성북구 돌곶이로 56 (석관동),서울특별시 성북구 석관동 268-11,,205168.265613105,456283.72045511,2007-03-29,307000001020070001
라파동물병원,영업/정상,경상북도 고령군 대가야읍 쾌빈3길 2,,054-955-0058,315002.348704924,248909.791764919,2007-03-27,520000001020070001
리더스 동물병원,영업/정상,"서울특별시 양천구 신목로 80, 신정동빌딩 (신정동)",서울특별시 양천구 신정동 117-35 신정동빌딩,02-2652-5475,188828.544788973,446633.615480486,2007-03-27,314000001020070002
와우종합동물병원,영업/정상,서울특별시 관악구 난곡로 247 (신림동),서울특별시 관악구 신림동 763-20,02-866-0880,192478.528723944,441550.927143633,2007-03-21,320000001020070001
잠실준25시동물병원,영업/정상,"서울특별시 송파구 석촌호수로 138, 유시에셋 105호 (삼전동)",서울특별시 송파구 삼전동 22-1 유시에셋,02-415-7580,208088.558210131,444991.490732515,2007-03-16,323000001020070004
초록동물병원,영업/정상,울산광역시 울주군 삼남면 상평강변길 3,울산광역시 울주군 삼남면 교동리 1499-264,052-262-6114,392265.573808011,231268.662943719,2007-03-14,373000001020070001
박창석종합동물병원,영업/정상,서울특별시 마포구 도화길 42 (도화동),서울특별시 마포구 도화동 182-6,02-6405-7582,195543.867545557,448806.629514746,2007-03-14,313000001020070002
백슬동물병원,영업/정상,"인천광역시 남동구 예술로 198, CGV 홈플러스 1층 (구월동)",인천광역시 남동구 구월동 1130 CGV 홈플러스,,173552.310556009,438905.868022571,2007-03-13,353000001020070001
장산동물병원,영업/정상,"부산광역시 해운대구 반여로 96, 1층 (반여동, 영풍빌딩)",부산광역시 해운대구 반여동 1629-5,,393310.075734861,191056.54604888,2007-03-07,333000001020070001
우리동물병원,영업/정상,경상북도 청도군 화양읍 청화로 55,경상북도 청도군 화양읍 범곡리 140-3,054-373-3366,356937.996717384,240118.432509551,2007-03-05,519000001020070001
도그플러스,영업/정상,"경기도 김포시 풍무로 167, 3층 (풍무동)",경기도 김포시 풍무동 38-1 3층,,175533.126928566,456437.773530883,2007-02-28,409000001020070001
참 동물병원,영업/정상,인천광역시 제물포구 우현로 51 (내동),인천광역시 제물포구 내동 209-42,,,,2007-02-27,350100001020071001
참 동물병원,영업/정상,인천광역시 중구 우현로 51 (내동),인천광역시 중구 내동 209-42,,,,2007-02-27,349000001020070001
쥬쥬동물병원,영업/정상,"강원특별자치도 동해시 지양길 6, 1층 (효가동)",강원특별자치도 동해시 효가동 162-53,033-522-3313,386381.728064104,445507.441926803,2007-02-26,421000001020070001
현대동물병원,영업/정상,경기도 용인시 기흥구 상갈로 31 (상갈동),경기도 용인시 기흥구 상갈동 119-8,,209530.187222169,418583.339658078,2007-02-26,563000001020070001
오수동물병원,영업/정상,"전북특별자치도 임실군 오수면 오수로 182, 오수동물병원",전북특별자치도 임실군 오수면 오수리 390-18 오수동물병원,,229526.617002344,226789.103744738,2007-02-23,476100001020060003
군산24시 제일동물병원,영업/정상,전북특별자치도 군산시 진포로 73 (미장동),전북특별자치도 군산시 미장동 495-6,,175529.879838795,274026.847039408,2007-02-23,467100001020070001
도그앤캣동물병원,영업/정상,인천광역시 부평구 경원대로 1355 (부평동),인천광역시 부평구 부평동 341-160,032-524-0075,175119.924723914,443280.557010331,2007-02-22,354000001020070001
삼성동물병원,영업/정상,부산광역시 수영구 연수로 235 (망미동),부산광역시 수영구 망미동 837-4 19통5반,051-754-3270,390929.931167972,188050.508150855,2007-02-15,338000001020070001
24시 아프리카동물병원,영업/정상,"경기도 안산시 단원구 원포공원2로 35, 메가쇼핑타운1 105,106,107,110,111호,202호 (초지동)",경기도 안산시 단원구 초지동 742-9 메가쇼핑타운1,,183400.7,422211.87,2007-02-07,393000001020070002
전남야생동물구조관리센터,영업/정상,"전남광주통합특별시 순천시 순천만길 922-15, 야생동물구조관리센터 (인월동)",전남광주통합특별시 순천시 인월동 226-1 야생동물구조관리센터,,244168.514336729,154696.22175882,2007-02-06,579000001020070002
소담동물병원,영업/정상,경기도 수원시 장안구 하률로 9 (천천동),경기도 수원시 장안구 천천동 548-7,031-269-1121,197651.774772525,422354.214883582,2007-02-02,374000001020070001
다대동물병원,영업/정상,부산광역시 사하구 다대로 549 (다대동),부산광역시 사하구 다대동 909,,379768.050922519,174910.857552639,2007-02-02,334000001020070001
백암동물병원,영업/정상,경기도 용인시 처인구 백암면 근창로 45,경기도 용인시 처인구 백암면 근창리 20-4,031-336-1245,232802.024242569,406877.508100581,2007-01-26,562000001020070001
나은동물병원,영업/정상,"강원특별자치도 강릉시 교동광장로100번길 8-12, 1층 (교동)",강원특별자치도 강릉시 교동 1881-9,,365345.931006914,475285.84886344,2007-01-25,420000001020070002
펫프렌즈동물병원,영업/정상,"전남광주통합특별시 서구 금화로 240, 3층 (풍암동, 롯데마트)",전남광주통합특별시 서구 풍암동 423-2 롯데마트 3층,,188791.275961965,181590.099672513,2007-01-16,581000001020070001
한일동물병원,영업/정상,충청북도 제천시 의병대로 55-3 (명동),충청북도 제천시 명동 11-9,043-643-3037,307181.499642671,404632.4358758,2007-01-16,440000001020070001
라임동물병원,영업/정상,"경기도 부천시 오정구 소사로 722 (원종동, 제이디 스카이빌)",경기도 부천시 오정구 원종동 373-12 제이디 스카이빌,,182709.017969268,446497.450563465,2007-01-08,386000001020070001
강남동물병원,영업/정상,경상북도 구미시 송원서로2길 29 (원평동),경상북도 구미시 원평동 1060-14,,321130.336336205,292233.800636349,2006-12-26,508000001020060001
동물사랑병원,영업/정상,경기도 부천시 원미구 도약로 39 (상동),경기도 부천시 원미구 상동 524-4,,178169.001483013,445618.210163006,2006-12-26,386000001020060012
부자동물병원,영업/정상,전남광주통합특별시 나주시 금영로 21 (이창동),전남광주통합특별시 나주시 이창동 78-8,,174037.105139319,166296.982263751,2006-12-14,579500001020060003
동백동물병원,영업/정상,"경기도 용인시 기흥구 동백5로 21-11, 107호 (중동, 동백훼미리프라자 1)",경기도 용인시 기흥구 중동 832-1 107호,031-693-8627,213479.069796819,419519.229064416,2006-12-14,563000001020060004
짱구네동물병원,영업/정상,"인천광역시 부평구 평천로 356 (갈산동, 민상빌딩)",인천광역시 부평구 갈산동 59-5,032-511-5515,176034.204096077,446186.519049916,2006-12-11,354000001020060005
호남동물병원,영업/정상,전남광주통합특별시 구례군 구례읍 봉성로 58,전남광주통합특별시 구례군 구례읍 봉남리 145-1,,242232.287052787,189903.893500319,2006-12-07,584000001020060002
팜펫동물병원,영업/정상,"경기도 부천시 원미구 길주로 219, 드림빌딩 (중동)",경기도 부천시 원미구 중동 1034-4 드림빌딩,,179310.387407428,444754.845185643,2006-12-06,386000001020060011
서울동물병원,영업/정상,경기도 과천시 용마로 2 (과천동),경기도 과천시 과천동 513-4,02-503-7787,199420.048751578,438431.484462609,2006-11-22,397000001020060002
쌤아저씨,영업/정상,대전광역시 서구 대덕대로 4 (내동),대전광역시 서구 내동 169-11,042-531-4405,233354.447190986,314886.191218798,2006-11-22,366000001020060004
굿모닝동물병원,영업/정상,경기도 시흥시 군자로 511 (거모동),경기도 시흥시 거모동 1757-7,031-508-0555,180905.305188228,426959.715302146,2006-11-17,401000001020060001
올리브동물병원,영업/정상,"경기도 고양시 일산동구 중앙로 1130, C동 1층 12호 (마두동, 강촌마을6단지아파트)",경기도 고양시 일산동구 마두동 806 강촌마을6단지아파트 C동 1층 12호,031-908-7582,180539.609005671,460835.850681465,2006-11-17,394000001020060014
용원동물병원,영업/정상,경상남도 창원시 진해구 용원로 36-1 (용원동),경상남도 창원시 진해구 용원동 1265-4,055-543-7523,365262.658029318,179336.040447589,2006-11-10,567000001020062001
프렌즈동물병원,영업/정상,경기도 의정부시 호국로 1300 (의정부동),경기도 의정부시 의정부동 187-18,031-845-2500,204215.40405255,471214.25539681,2006-10-30,382000001020060002
큐피트동물병원,영업/정상,경기도 부천시 원미구 부일로 447-1 (심곡동),경기도 부천시 원미구 심곡동 399-11,032-666-7975,180472.098846253,442717.913709294,2006-10-26,386000001020060010
아지동물병원,영업/정상,"서울특별시 성동구 독서당로 289 (금호동4가,지상1층)",서울특별시 성동구 금호동4가 1108 지상1층,02-6085-7750,201790.117515658,449530.70769686,2006-10-23,303000001020060001
펫피아 동물병원,영업/정상,경기도 고양시 덕양구 충경로 45 (행신동),경기도 고양시 덕양구 행신동 756-10,,185338.681154452,457050.109999015,2006-10-19,394000001020060013
광주축산농협동물병원,영업/정상,전남광주통합특별시 남구 송암로24번길 52 (송하동),전남광주통합특별시 남구 송하동 262-1,062-674-1232,189412.47534577,178998.394557622,2006-10-16,581500001020060002
조재진동물병원,영업/정상,인천광역시 부평구 원적로 419(산곡동),인천광역시 부평구 산곡동 411-23,032-518-3800,174557.960084091,444673.340890757,2006-10-16,354000001020060003
피그만클리닉,영업/정상,"경기도 고양시 덕양구 삼송로 222, 헤리엇오피스 310호 (삼송동)",경기도 고양시 덕양구 삼송동 293 310호,,191025.010600686,461186.001629362,2006-10-10,394000001020060012
랑'S종합동물병원,영업/정상,경상남도 진주시 대신로 259-1 (상대동),경상남도 진주시 상대동 306-29,,301665.469090763,187728.802251209,2006-10-04,531000001020060003
경상국립대학교수의과대학부속동물병원,영업/정상,경상남도 진주시 진주대로 501 (가좌동),경상남도 진주시 가좌동,055-772-2324,299974.640093388,184196.415879105,2006-10-02,531000001020060004
풍동 라파엘 동물병원,영업/정상,"경기도 고양시 일산동구 숲속마을로 50-76, 중앙프라자 204,205호 (풍동)",경기도 고양시 일산동구 풍동 1273-6 중앙프라자,,182186.684498782,462835.495493601,2006-09-12,394000001020060011
서래동물병원,영업/정상,서울특별시 서초구 서래로 38 (반포동),서울특별시 서초구 반포동 91-10,02-6052-8275,199799.790772818,444016.538365928,2006-09-06,321000001020060004
죽전동물병원,영업/정상,"경기도 용인시 기흥구 죽전로 49, 101호 (보정동)",경기도 용인시 기흥구 보정동 1208-2 씨티프라자,031-266-2993,210058.147500119,424310.334404575,2006-09-05,563000001020060002
토베스트 동물병원,영업/정상,경기도 고양시 일산동구 일산로441번길 15-19 (정발산동),경기도 고양시 일산동구 정발산동 1203-7,,180354.271381319,463360.822868556,2006-08-25,394000001020060010
센텀동물종합병원,영업/정상,"부산광역시 해운대구 센텀중앙로 145, 205호 (재송동)",부산광역시 해운대구 재송동 1200 센텀파크아파트상가 6동 205호,,393239.237933586,188619.149645081,2006-08-17,333000001020060002
카우만 동물병원,영업/정상,경기도 포천시 왕방로 68 (신읍동),경기도 포천시 신읍동 441,,216606.879972509,487555.622623199,2006-08-14,560000001020060001
소사프라임동물병원,영업/정상,경기도 부천시 소사구 소사로 184 (소사본동),경기도 부천시 소사구 소사본동 184-6,,181866.423021461,441401.846805824,2006-08-14,386000001020060009
필종합동물병원,영업/정상,"인천광역시 남동구 남촌동로25번길 11 (남촌동,1층)",인천광역시 남동구 남촌동 333-5 1층,,174796.478061806,436646.684412625,2006-08-11,353000001020060002
안동제1 동물병원,영업/정상,경상북도 안동시 옥동1길 2 (옥동),경상북도 안동시 옥동 796-1,,352071.498057006,341053.155066362,2006-08-10,507000001020060003
코리아동물병원,영업/정상,전남광주통합특별시 나주시 풍물시장2길 35-8 (이창동),전남광주통합특별시 나주시 이창동 741-7,,173324.084519551,166216.788743067,2006-08-07,579500001020060002
숲속동물병원,영업/정상,"서울특별시 중랑구 겸재로 207, 1층 (면목동)",서울특별시 중랑구 면목동 103-4 1층,,207928.911342193,454115.499601712,2006-08-01,306000001020060006
효진동물병원,영업/정상,전남광주통합특별시 나주시 왕곡면 나주서부로 4,전남광주통합특별시 나주시 왕곡면 장산리 394-1,,172855.813763297,165227.465973686,2006-07-31,579500001020060001
미소동물병원,영업/정상,서울특별시 성북구 종암로 91(종암동),서울특별시 성북구 종암동 68-1,,202964.017087364,455119.576408015,2006-07-28,307000001020060001
한솔가축병원,영업/정상,충청남도 예산군 삽교읍 충의로 170,충청남도 예산군 삽교읍 송산리 73-5,,171951.155129104,354892.364248828,2006-07-27,461000001020060001
연제종합동물병원,영업/정상,부산광역시 수영구 연수로 241 (망미동),부산광역시 수영구 망미동 963-21,,390998.533798357,188044.132082172,2006-07-27,338000001020060003
진월24동물병원,영업/정상,"전남광주통합특별시 남구 서문대로678번길 7, 202호 (진월동, 대주아파트)",전남광주통합특별시 남구 진월동 249 대주아파트,,190833.810531227,180136.560840162,2006-07-24,581500001020060001
웅상프랜드 동물병원,영업/정상,경상남도 양산시 덕계로 103 (덕계동),경상남도 양산시 덕계동 718-46,,395607.000840711,210693.243128985,2006-07-21,538000001020060001
스마트동물병원,영업/정상,부산광역시 사하구 다대로 624 (다대동),부산광역시 사하구 다대동 1551-39,,379691.417528373,174201.248166774,2006-07-21,334000001020060002
파우동물병원,영업/정상,"경기도 용인시 수지구 현암로125번길 6, 105호 (죽전동, 그린프라자)",경기도 용인시 수지구 죽전동 1178-1 그린프라자 105호,,210878.900072523,425585.048816026,2006-07-19,564000001020060003
가믄장 동물병원,영업/정상,충청남도 금산군 금산읍 금산로 1444,충청남도 금산군 금산읍 상리 127-4,,243923.510366709,289236.865853216,2006-07-18,455000001020060001
24시동물병원,영업/정상,경기도 용인시 기흥구 구갈로 53 (구갈동),경기도 용인시 기흥구 구갈동 391-5,,209775.175,419688.265000001,2006-07-18,563000001020060001
원당동물병원,영업/정상,"인천광역시 검단구 원당대로 852, 창신프라자 204호 (당하동)",인천광역시 검단구 당하동 1028-7 창신프라자,032-566-7588,,,2006-07-14,356500001020060004
유성동물병원,영업/정상,제주특별자치도 제주시 한림읍 금악로 41,제주특별자치도 제주시 한림읍 금악리 2031-24,,134565.43384432,-14825.1125522478,2006-07-12,651000001020061004
광교산동물병원,영업/정상,경기도 수원시 장안구 팔달로 298 (영화동),경기도 수원시 장안구 영화동 127-39,031-241-2668,201429.614072475,420974.343446271,2006-07-06,374000001020060005
제일동물병원,영업/정상,"경기도 안양시 동안구 시민대로 187, 105호 (비산동, 안양건설타워)",경기도 안양시 동안구 비산동 1112-1 안양건설타워 105호,031-388-1845,195651.673909625,432187.915104016,2006-07-05,383000001020060004
보람동물병원,영업/정상,서울특별시 광진구 군자로 84 (군자동),서울특별시 광진구 군자동 363-4,,206218.599101694,449808.490100535,2006-07-03,304000001020060003
미니주동물병원,영업/정상,서울특별시 양천구 목동중앙북로 37 (목동),서울특별시 양천구 목동 601-6,26518575,188251.309728728,449540.781075325,2006-06-30,314000001020060004
화랑동물병원,영업/정상,서울특별시 노원구 화랑로 473 (공릉동),서울특별시 노원구 공릉동 227-68,,206961.989599302,457441.131535628,2006-06-28,310000001020060004
승재동물병원 약품,영업/정상,전북특별자치도 임실군 오수면 삼일로 4,전북특별자치도 임실군 오수면 오수리 367-6,,229626.450489597,226640.909722929,2006-06-26,476100001020060002
가람동물병원,영업/정상,경기도 구리시 건원대로 41 (인창동),경기도 구리시 인창동 346-40,031-558-7582,212265.095974698,455832.418402611,2006-06-23,398000001020060001
한솔동물병원,영업/정상,부산광역시 사하구 낙동대로 184 (괴정동),부산광역시 사하구 괴정동 262-1,,381944.468411967,179879.715624262,2006-06-20,334000001020060001
산들동물병원,영업/정상,경기도 고양시 일산동구 고봉로 250 (중산동),경기도 고양시 일산동구 중산동 1669-4,,180391.690541729,464405.966812253,2006-06-17,394000001020060009
초원동물병원,영업/정상,부산광역시 동래구 명장로 150 (안락동),부산광역시 동래구 안락동 469-8,051-525-1275,392296.445551585,190840.090551306,2006-06-15,330000001020060001
진영동물병원,영업/정상,경상남도 김해시 진영읍 여래로 33,경상남도 김해시 진영읍 여래리 700-26,,357710.179840692,201795.503585394,2006-06-12,535000001020060004
주현동물병원,영업/정상,경기도 안양시 만안구 병목안로 57 (안양동),경기도 안양시 만안구 안양동 714-94,031-443-9726,192475.693620098,432692.949031299,2006-06-12,383000001020060002
해맑은 동물병원,영업/정상,,경기도 고양시 일산서구 탄현동 1573-5 현해프라자 203호,031-924-0075,179054.660565285,465462.149809784,2006-06-08,394000001020060008
안민 동물병원,영업/정상,경기도 양주시 은현면 은현로 73-8,경기도 양주시 은현면 선암리 342-2,031-859-0087,202020.003340418,485869.795460793,2006-06-02,559000001020060001
보경종합동물병원,영업/정상,"경상북도 안동시 제비원로 113-16, 333동 120호 (당북동)",경상북도 안동시 당북동 333-120,,353940.476857671,341550.401343307,2006-05-26,507000001020060002
에버랜드 동물병원,영업/정상,경기도 용인시 처인구 포곡읍 에버랜드로 199,경기도 용인시 처인구 포곡읍 전대리 310,031-320-8708,219138.424611781,420903.964757574,2006-05-26,562000001020060001
청도축협동물병원,영업/정상,경상북도 청도군 화양읍 청려로 1790,경상북도 청도군 화양읍 동천리 139-2,,355122.797013363,240369.498465454,2006-05-24,519000001020060001
쿨펫동물병원,영업/정상,"부산광역시 사상구 낙동대로 733, 롯데마트엄궁점 2층 (엄궁동)",부산광역시 사상구 엄궁동 690 롯데마트엄궁점,051-314-7582,379352.805619145,182712.079140728,2006-05-19,339000001020060001
김재문동물병원,영업/정상,"강원특별자치도 횡성군 횡성읍 중앙로 14, 1층",강원특별자치도 횡성군 횡성읍 읍하리 556-7,,286994.076225161,443442.608155627,2006-05-18,426000001020060001
강북동물병원,영업/정상,경상북도 경산시 하양읍 조산천동길 48,경상북도 경산시 하양읍 동서리 592-1,,364297.923897847,270032.676705901,2006-05-11,513000001020060001
박동물병원,영업/정상,전북특별자치도 무주군 무주읍 한풍루로 291,전북특별자치도 무주군 무주읍 당산리 1256-4,063-322-5698,259252.819583738,278302.179565385,2006-05-10,474100001020060001
강영석동물병원,영업/정상,충청남도 홍성군 홍성읍 조양로151번길 25,충청남도 홍성군 홍성읍 오관리 297-29,041-633-4200,170123.383575071,344660.812351314,2006-05-04,460000001020060001
수동물병원,영업/정상,"경기도 부천시 오정구 소사로 709, 그린메디칼프라자 (원종동)",경기도 부천시 오정구 원종동 375-3 그린메디칼프라자,032-675-8575,182646.330270706,446357.327550673,2006-05-04,386000001020060006
디스동물병원,영업/정상,경상남도 거제시 거제중앙로 1852 (고현동),경상남도 거제시 고현동 209-11,,348545.106445107,155093.501458958,2006-05-01,537000001020060001
여천종합동물병원,영업/정상,전남광주통합특별시 여수시 돌산읍 망월대길 7,전남광주통합특별시 여수시 돌산읍 군내리 545,,266162.325166705,124354.063364784,2006-04-25,578500001020060001
첨단우리동물병원,영업/정상,전남광주통합특별시 광산구 첨단내촌로70번길 108-9 (월계동),전남광주통합특별시 광산구 월계동 828-5,,185579.827511668,190402.090666811,2006-04-21,582500001020060002
수성동물병원,영업/정상,대구광역시 수성구 수성로 151 (중동),대구광역시 수성구 중동 400-10,,345567.742578871,261085.725706955,2006-04-21,346000001020060003
허동물병원,영업/정상,"대구광역시 수성구 명덕로 421, 4호 (수성동2가)",대구광역시 수성구 수성동2가 60-1 4호,,345939.123137491,262812.721231736,2006-04-21,346000001020060002
엘림동물병원,영업/정상,"경기도 부천시 원미구 삼작로 305 (도당동, 성진그린타운 102동)",경기도 부천시 원미구 도당동 141-3 성진그린타운 102동,,181851.85,446472.2005,2006-04-17,386000001020060005
고려종합동물병원,영업/정상,"서울특별시 강남구 선릉로 225, 도곡렉슬상가 507-2호 (도곡동)",서울특별시 강남구 도곡동 527-3 도곡렉슬상가 507-2호,02-575-7999,204586.370038998,443682.974096,2006-04-14,322000001020060005
고성동물병원,영업/정상,경상남도 고성군 고성읍 동외로 163-14,경상남도 고성군 고성읍 동외리 287-12,,320950.108465039,164915.518836173,2006-04-13,542000001020060001
에덴동물병원,영업/정상,전남광주통합특별시 함평군 함평읍 영수길 216,전남광주통합특별시 함평군 함평읍 기각리 1337,,,,2006-04-12,588500001020060001
아쿠아 종합동물병원,영업/정상,경상남도 김해시 번화2로 42 (삼문동),경상남도 김해시 삼문동 579-7,055-333-2967,364324.405707563,189658.887124435,2006-04-12,535000001020060003
현대동물병원,영업/정상,경기도 수원시 권선구 매송고색로 661-1 (고색동),경기도 수원시 권선구 고색동 408-16,031-293-0285,197881.358620174,416449.562721124,2006-04-12,374000001020060004
대전종합 동물병원,영업/정상,"대전광역시 서구 대덕대로168번길 26, 동원빌딩 (갈마동)",대전광역시 서구 갈마동 1438 동원빌딩,,233789.367127086,316315.228964832,2006-04-12,366000001020060002
서사라동물병원,영업/정상,제주특별자치도 제주시 서사로 148-1 (삼도일동),제주특별자치도 제주시 삼도일동 569-18,,155285.610744178,406.571375109567,2006-04-10,651000001020060001
이솝동물병원,영업/정상,경상남도 창원시 의창구 의안로 4 (소답동),경상남도 창원시 의창구 소답동 113-20,055-293-8833,347701.887073432,197049.159516527,2006-04-07,567000001020060002
수락 동물병원,영업/정상,"서울특별시 노원구 동일로 1622 (상계동, 유성상가)",서울특별시 노원구 상계동 11-410 태성빌라 202호,,204868.610894882,463402.191962795,2006-04-07,310000001020060003
주주종합동물병원,영업/정상,충청북도 청주시 청원구 공항로 102 (율량동),충청북도 청주시 청원구 율량동 925,,243432.34960486,351808.246192847,2006-03-30,573500001020061001
방어진 행복한 동물병원,영업/정상,울산광역시 동구 방어진순환도로 548 (방어동),울산광역시 동구 방어동 73-1,052-235-7585,420112.435141623,223926.96588886,2006-03-29,371000001020060001
올리브동물병원,영업/정상,서울특별시 종로구 자하문로 305 (홍지동),서울특별시 종로구 홍지동 126-8,,196308.215602977,455218.757468473,2006-03-27,300000001020060001
도희동물병원,영업/정상,"인천광역시 서해구 승학로 245, 1층 (심곡동)",인천광역시 서해구 심곡동 333-7 1층,032-566-0038,,,2006-03-20,356100001020060002
행복한동물병원,영업/정상,서울특별시 양천구 공항대로 636 (목동),서울특별시 양천구 목동 515-1,26552258,188918.535367036,449389.208595744,2006-03-20,314000001020060003
미래종합동물병원,영업/정상,"강원특별자치도 춘천시 공지로 159, 1층 (석사동)",강원특별자치도 춘천시 석사동 431-5,033-257-7533,265448.34244046,484406.584828884,2006-03-17,418000001020060002
바우동물병원,영업/정상,전북특별자치도 전주시 덕진구 견훤로 491 (우아동3가),전북특별자치도 전주시 덕진구 우아동3가 602-1,063-243-3200,213935.386645145,261601.315259276,2006-03-15,464100001020060002
우리동물병원,영업/정상,"경기도 오산시 경기대로 174, 다모아프라자 101,102호 (원동)",경기도 오산시 원동 372-1 다모아프라자,031-373-8486,206486.944071823,404277.57394721,2006-03-15,400000001020060001
마루종합동물병원,영업/정상,"강원특별자치도 원주시 무실로 182, 106호 (단계동)",강원특별자치도 원주시 단계동 803-2 106호,033-742-7582,283125.943357781,426975.404734288,2006-03-10,419000001020060002
옥동종합 동물병원,영업/정상,울산광역시 남구 문수로 358 (옥동),울산광역시 남구 옥동 249-3,,407853.373938787,228500.504345516,2006-03-10,370000001020060002
로뎀종합동물병원,영업/정상,"경기도 부천시 원미구 원미로 117 (원미동, 유림연립)",경기도 부천시 원미구 원미동 95-5 유림연립,,181428.727972269,443454.091193154,2006-03-08,386000001020060004
다산동물병원「산업동물 출장진료 전문」,영업/정상,경기도 이천시 장호원읍 서동대로8809번길 22-5,경기도 이천시 장호원읍 장호원리 392-2,,254534.464468889,401772.14564233,2006-03-07,407000001020060001
세인트동물병원,영업/정상,서울특별시 강서구 강서로 36 (화곡동),서울특별시 강서구 화곡동 345-9 12통7반 2층동 202호,26950072,186089.863061551,447596.233613709,2006-03-07,315000001020060001
애드펫동물병원,영업/정상,"서울특별시 영등포구 선유서로 67, 신동아하이팰리스상가 104동 131호 (양평동2가)",서울특별시 영등포구 양평동2가 1-1 신동아하이팰리스,20682277,189734.544016734,446634.254586356,2006-03-06,318000001020060003
덕소동물의료센터,영업/정상,경기도 남양주시 와부읍 덕소로 92,경기도 남양주시 와부읍 덕소리 473-2,,218660.323942439,453787.149637332,2006-02-28,399000001020060001
세진동물병원,영업/정상,서울특별시 중랑구 망우로 415(망우동),서울특별시 중랑구 망우동 488-14,,208613.331372822,455266.331938295,2006-02-23,306000001020060003
진서동물병원,영업/정상,서울특별시 중랑구 신내로10길 7 (신내동),서울특별시 중랑구 신내동 571-8,,208400.763171651,455823.471989854,2006-02-23,306000001020060002
한마음동물병원,영업/정상,경상남도 김해시 가락로 280 (구산동),경상남도 김해시 구산동 440-2,055-313-7200,370401.416564038,196121.099456083,2006-02-22,535000001020060002
이플동물병원,영업/정상,경기도 성남시 수정구 복정로 35 (복정동),경기도 성남시 수정구 복정동 694,,211179.930693442,439340.291895228,2006-02-21,378000001020060003
교대동물병원,영업/정상,"서울특별시 서초구 서초대로 325 (서초동,지상1층)",서울특별시 서초구 서초동 1690-2 지상1층,,201436.64625883,443641.297497268,2006-02-21,321000001020060001
일오삼동물병원,영업/정상,서울특별시 양천구 지양로 52 (신월동),서울특별시 양천구 신월동 972-6,26061990,185337.191425189,446489.360689817,2006-02-14,314000001020060001
화성동물병원,영업/정상,경상북도 성주군 성주읍 시장길 6,경상북도 성주군 성주읍 경산리 685-6,,316033.415095398,269388.984297323,2006-02-03,521000001020060001
삼성종합동물병원,영업/정상,강원특별자치도 원주시 현충로 278 (태장동),강원특별자치도 원주시 태장동 1037-12,033-732-1275,284023.928441517,431115.729412468,2006-02-01,419000001020060001
브라운동물병원,영업/정상,"서울특별시 노원구 동일로203가길 29 (중계동, 브라운스톤중계)",서울특별시 노원구 중계동 525 풍림(아) 111-1808,62243858,205601.926027171,459732.128595514,2006-02-01,310000001020060002
이호동물병원,영업/정상,제주특별자치도 제주시 한림읍 금악북로 257,제주특별자치도 제주시 한림읍 금악리 595-1,,136239.320563025,-15609.8874412035,2006-01-31,651000001020061002
엘케이동물병원,영업/정상,"서울특별시 노원구 덕릉로 589, 두림빌딩 102호 (중계동)",서울특별시 노원구 중계동 413-9 두림빌딩 102호,,206261.421352141,460957.204690889,2006-01-27,310000001020060001
로얄동물병원,영업/정상,서울특별시 은평구 연서로 137 (구산동),서울특별시 은평구 구산동 1-1,,192584.639355994,456538.922729473,2006-01-26,311000001020060001
호수동물병원,영업/정상,"서울특별시 송파구 오금로 126, 105호 (송파동, 레이크 해모로)",서울특별시 송파구 송파동 58-4 레이크 해모로 105호,02-413-7514,209549.208403392,445465.16800288,2006-01-25,323000001020060001
신세계동물병원,영업/정상,경상북도 포항시 남구 중앙로 20-1 (해도동),경상북도 포항시 남구 해도동 123-5,,413678.229694745,282016.411930293,2006-01-24,502000001020060001
동물병원 WITH-PET,영업/정상,"경상남도 사천시 사천읍 동문로 37, 1동 1층",경상남도 사천시 사천읍 선인리 180,,299937.946581749,176373.671012159,2006-01-23,534000001020060001
서수원동물병원,영업/정상,경기도 화성시 효행구 봉담읍 진등1길 72,경기도 화성시 효행구 봉담읍 동화리 425-19,031-297-7556,195528.0711788,413271.606011373,2006-01-16,575000001020060001
축협동물병원,영업/정상,강원특별자치도 영월군 영월읍 단종로 5,강원특별자치도 영월군 영월읍 영흥리 948-12,033-372-2260,330292.336750313,410135.291213939,2006-01-13,427000001020060001
원동물병원,영업/정상,"울산광역시 울주군 언양읍 웃방천5길 14, 바동 104호 (서부상가)",울산광역시 울주군 언양읍 서부리 232-1,,391270.186854329,231944.355329488,2006-01-04,373000001020060001
주연동물병원,영업/정상,서울특별시 중랑구 면목로 273 (면목동),서울특별시 중랑구 면목동 353-25,22079931,207501.313934626,452781.027328961,2006-01-04,306000001020060001
다니엘동물병원,영업/정상,"서울특별시 서초구 효령로 214, 삼양빌딩 2층 (서초동)",서울특별시 서초구 서초동 1486-2 삼양빌딩,02-585-0087,200612.401809114,442325.922331271,2005-12-30,321000001020050004
합천가축병원,영업/정상,경상남도 합천군 삼가면 일부4길 21-1,경상남도 합천군 삼가면 일부리 918-1,,301826.662749768,213163.057123119,2005-12-28,548000001020050002
해인사농업협동조합동물병원,영업/정상,경상남도 합천군 가야면 황산1길 69-15,경상남도 합천군 가야면 황산리 351 26통,,302575.471776656,252090.169757514,2005-12-28,548000001020050001
가야농업협동조합동물병원,영업/정상,,경상남도 합천군 가야면 황산리 18-8,,302891.593586511,251637.283708462,2005-12-28,548000001019980001
고려동물병원(출장진료전문동물병원),영업/정상,전남광주통합특별시 담양군 담양읍 지침4길 7-7,전남광주통합특별시 담양군 담양읍 지침리 58,,198638.307878896,202266.771632659,2005-12-23,583000001020050002
정자프라임동물병원,영업/정상,"경기도 성남시 분당구 내정로 58, 스포라이프 스포츠센타 111호 (정자동)",경기도 성남시 분당구 정자동 117-1 스포라이프 스포츠센타 111호,,210134.637941368,429264.635322598,2005-12-23,378000001020050014
쿨펫동물병원 구미점,영업/정상,"경상북도 구미시 구미대로22길 11, 롯데마트구미점 (신평동)",경상북도 구미시 신평동 465 롯데마트구미점,054-461-7582,322854.380277954,291225.602303128,2005-12-22,508000001020050003
충남동물병원,영업/정상,충청남도 논산시 부적면 백일헌로 25,충청남도 논산시 부적면 덕평리 35-3,,212887.665211269,301593.03689975,2005-12-22,454000001020050002
다솜동물병원,영업/정상,"경기도 부천시 원미구 지봉로 116, 역곡시장 (역곡동)",경기도 부천시 원미구 역곡동 108 역곡시장,032-351-3031,183330.134646378,442916.814230876,2005-12-14,386000001020050015
다오동물병원,영업/정상,"인천광역시 계양구 계산새로 71, D동 123,124호 (계산동, 하이베라스)","인천광역시 계양구 계산동 1062 하이베라스 123,124호 D동",032-548-0275,176607.326609066,448516.12033842,2005-12-12,355000001020050004
길경진동물병원,영업/정상,부산광역시 서구 구덕로 308 (동대신동2가),부산광역시 서구 동대신동2가 368-1,,383853.338565415,181003.403457886,2005-12-08,326000001020050001
홍성축협 동물병원,영업/정상,충청남도 홍성군 홍성읍 구항길 389,충청남도 홍성군 홍성읍 월산리 277-12,,167590.587121012,343118.471455621,2005-12-07,460000001020050001
강남종합동물병원,영업/정상,경기도 용인시 기흥구 신갈로 85 (신갈동),경기도 용인시 기흥구 신갈동 38-5,031-283-0775,209286.071286772,419153.769159212,2005-11-29,563000001020050001
예동물병원,영업/정상,"전남광주통합특별시 광산구 어등대로 712, 1층 (소촌동)",전남광주통합특별시 광산구 소촌동 529-21,,181171.001659838,182521.904391945,2005-11-25,582500001020050001
익산군산축협동물병원,영업/정상,전북특별자치도 익산시 함라면 용산로 497,전북특별자치도 익산시 함라면 함열리 209-1,063-862-5557,192238.242140145,284021.348190139,2005-11-18,468100001020050002
가람동물병원,영업/정상,"경기도 부천시 소사구 경인로 494, 조양프라자 (괴안동)",경기도 부천시 소사구 괴안동 109-5 조양프라자,,183160.18,442375.815,2005-11-17,386000001020050013
고려동물병원,영업/정상,경기도 화성시 효행구 봉담읍 효행로 293,경기도 화성시 효행구 봉담읍 와우리 148-2,031-225-0275,197662.27028232,413357.4241882,2005-11-16,575000001020050005
금릉동물의료센터,영업/정상,"경기도 파주시 금빛로 24-28, 우성메디피아 2층 201, 202호 (금촌동)",경기도 파주시 금촌동 989-6 우성메디피아,031-948-3375,179509.28,472152.229,2005-11-15,406000001020050003
베스트동물병원,영업/정상,"경기도 화성시 병점구 효행로 1036, 아시아빌딩 101호 (진안동)",경기도 화성시 병점구 진안동 877-4 아시아빌딩 101호,031-226-0275,203542.416641477,412371.665682868,2005-11-10,576000001020050004
신세계동물병원,영업/정상,인천광역시 남동구 백범로 203 (만수동),인천광역시 남동구 만수동 897-2,,175707.804774282,439731.52662138,2005-11-08,353000001020050012
펫토이동물병원,영업/정상,서울특별시 용산구 대사관로 32 (한남동),서울특별시 용산구 한남동 653-26,,200079.108817319,447917.947059496,2005-11-04,302000001020050005
아리랑동물병원,영업/정상,전남광주통합특별시 화순군 화순읍 진각로 16-1,전남광주통합특별시 화순군 화순읍 삼천리 488-1,,198669.443564368,172677.916799546,2005-11-03,585500001020050002
이레동물병원,영업/정상,전남광주통합특별시 순천시 황전면 괴목길 11-1,전남광주통합특별시 순천시 황전면 괴목리 45-1,061-745-7577,238896.824179962,178248.966143063,2005-10-31,579000001020050001
유현동물병원,영업/정상,"서울특별시 도봉구 방학로 187, 105호 (방학동, 한화아파트 상가)",서울특별시 도봉구 방학동 731 한화아파트 상가 105호,,202728.506823589,462100.914909035,2005-10-21,309000001020050006
사과나무 동물병원,영업/정상,"경기도 고양시 일산서구 일산로 539, 2층 (일산동)",경기도 고양시 일산서구 일산동 1084-3,,179459.928318467,463906.049359777,2005-10-14,394000001020050008
두리동물클리닉,영업/정상,경기도 수원시 팔달구 효원로 53 (매산로3가),경기도 수원시 팔달구 매산로3가 73-4,031-221-2410,200753.726433312,418540.997149971,2005-10-11,374000001020050003
횡성동물병원,영업/정상,강원특별자치도 횡성군 횡성읍 횡성로 390,강원특별자치도 횡성군 횡성읍 읍상리 659-8,,287101.874683538,443269.55255219,2005-10-05,426000001020050002
아이펫동물병원,영업/정상,대구광역시 서구 서대구로 64 (평리동),대구광역시 서구 평리동 1360,,340516.911587596,263743.990400937,2005-10-05,343000001020050002
나래동물병원,영업/정상,서울특별시 광진구 능동로 283 (군자동),서울특별시 광진구 군자동 1-2,,206836.098040667,450344.799584363,2005-10-05,304000001020050004
평택축협동물병원,영업/정상,경기도 평택시 안중읍 서해로 1146-20,경기도 평택시 안중읍 안중리 194-14,031-683-3003,194709.272944876,388266.142117707,2005-09-29,391000001020050004
다사랑동물병원,영업/정상,대전광역시 동구 비래서로 54 (가양동),대전광역시 동구 가양동 31-7,042-628-0075,240342.925,317112.78,2005-09-27,364000001020050005
정 동물병원,영업/정상,충청남도 서산시 고운로 329 (잠홍동),충청남도 서산시 잠홍동 558-8,,152695.260252577,365145.302311551,2005-09-22,453000001020050001
우리동물병원,영업/정상,경기도 안성시 장기1길 5(인지동),경기도 안성시 인지동 427-2,,223843.732299102,389204.881414355,2005-09-20,408000001020050003
한강동물병원,영업/정상,경상남도 창원시 마산합포구 월영남로 7 (해운동),경상남도 창원시 마산합포구 해운동 17-2,055-241-5005,341923.677642923,187661.214491471,2005-09-16,567000001020051002
우수영동물병원,영업/정상,전남광주통합특별시 해남군 문내면 동영길 22-1,전남광주통합특별시 해남군 문내면 동외리 857-7,,136894.112131307,122317.73476787,2005-09-14,587000001020050001
쥬쥬동물병원,영업/정상,"경기도 안산시 단원구 광덕대로 206, 103,104호 (고잔동,골든빌)","경기도 안산시 단원구 고잔동 724 골든빌 103,104호",,184967.265798779,423648.843062509,2005-09-08,393000001020050009
오 동물병원,영업/정상,대구광역시 달서구 조암로 42 (월성동),대구광역시 달서구 월성동 1832,053-641-1050,337759.138957556,259353.80441618,2005-09-08,347000001020050004
가람동물병원,영업/정상,"제주특별자치도 서귀포시 대정읍 최남단해안로29번길 22, 가람동물병원",제주특별자치도 서귀포시 대정읍 하모리 2142-7 가람동물병원,064-794-7571,130265.2234562,-30484.0163518856,2005-09-07,652000001020031001
강산동물병원(출장전문),영업/정상,"경기도 안성시 대덕면 차골길 17, 101호",경기도 안성시 대덕면 내리 165,031-656-6166,219981.73535088,388567.56494299,2005-09-05,408000001020050002
고려동물병원,영업/정상,강원특별자치도 춘천시 안마산로 189 (퇴계동),강원특별자치도 춘천시 퇴계동 140-23,033-264-9975,264639.498608464,483424.123688559,2005-09-02,418000001020050003
한서동물병원,영업/정상,제주특별자치도 제주시 아봉로 759 (봉개동),제주특별자치도 제주시 봉개동 2417-1,,161944.898314636,-489.699426948971,2005-08-30,651000001020051003
행복한동물병원,영업/정상,서울특별시 성북구 돌곶이로 91 (장위동),서울특별시 성북구 장위동 64-124,,204905.934016824,456539.548893239,2005-08-30,307000001020050003
마크로24시 동물병원,영업/정상,대전광역시 서구 한밭대로570번길 8 (월평동),대전광역시 서구 월평동 429,,232403.422303259,317521.680478736,2005-08-29,366000001020050006
미래동물병원,영업/정상,전남광주통합특별시 함평군 월야면 월야장교길 12,전남광주통합특별시 함평군 월야면 정산리 696-14,,164469.312238563,189056.53705577,2005-08-26,588500001020050001
동암동물병원,영업/정상,"인천광역시 남동구 백범로 477, 3층 (간석동)",인천광역시 남동구 간석동 570-6,,173238.101694548,440768.11130805,2005-08-25,353000001020050010
구서동물병원,영업/정상,부산광역시 금정구 금강로 454 (구서동),부산광역시 금정구 구서동 258-22,,390042.878808914,196306.415053804,2005-08-19,335000001020050001
한수24시동물병원,영업/정상,"서울특별시 은평구 증산로 267, 103호 (증산동)",서울특별시 은평구 증산동 174-6 103호,,191719.641873868,453281.965089313,2005-08-16,311000001020050004
사랑동물병원,영업/정상,"인천광역시 부평구 동수천로 124, 103~104호 (부개동)",인천광역시 부평구 부개동 86-1,032-203-8984,176683.744972157,443851.547344314,2005-08-12,354000001020050002
정동물병원,영업/정상,서울특별시 강동구 상암로 64 (천호동),,02-474-7588,211441.131850288,449622.883948052,2005-08-11,324000001020050007
수 동물병원,영업/정상,"서울특별시 노원구 동일로 1689 (상계동, 하이베라스)",서울특별시 노원구 상계동 1265 동방미주(아)109-1001,,204922.610046493,464356.527197506,2005-07-29,310000001020050003
동인동물병원,영업/정상,경기도 남양주시 호평로 63 (호평동),경기도 남양주시 호평동 165-3,,221729.809881654,461569.298561741,2005-07-19,399000001020050003
마사랑동물병원,영업/정상,경기도 과천시 경마공원대로 107 (주암동),경기도 과천시 주암동 685-12,,201498.209730765,437860.202279716,2005-07-08,397000001020050003
삼성안내견학교 부속동물병원,영업/정상,경기도 용인시 처인구 포곡읍 에버랜드로376번길 1-27,경기도 용인시 처인구 포곡읍 유운리 505,031-320-8936,218290.8221773,422276.722498098,2005-07-07,405000001020050009
모래내동물병원,영업/정상,전북특별자치도 전주시 덕진구 안덕원로 165 (인후동2가),전북특별자치도 전주시 덕진구 인후동2가 234-1,063-274-7500,213111.374863317,259320.286421484,2005-07-04,464100001020050006
삼성동물병원,영업/정상,"강원특별자치도 동해시 중앙로 158 (천곡동, 영동상사)",강원특별자치도 동해시 천곡동 979-4,033-533-7522,387233.544256095,448044.922328083,2005-07-04,421000001020050001
대관령가축병원,영업/정상,경상북도 영천시 완산로 4-25 (완산동),경상북도 영천시 완산동 891,,374989.879344952,274949.551097451,2005-06-28,510000001020050008
양수의과병원,영업/정상,경상북도 영천시 호국로 28 (야사동),경상북도 영천시 야사동 293-8,,375035.608023977,276373.853345341,2005-06-28,510000001020050007
박한준종합동물병원,영업/정상,경기도 시흥시 복지로 47 (대야동),경기도 시흥시 대야동 490-2,031-315-7582,181266.089586862,437987.885439946,2005-06-28,401000001020050002
튼튼동물치과병원,영업/정상,"경기도 고양시 일산동구 일산로 38, 우림오피스텔 1층 110호 (백석동)",경기도 고양시 일산동구 백석동 1309 우림오피스텔,031-811-9975,181155.460369535,459965.050429279,2005-06-28,394000001020050005
최기섭동물병원,영업/정상,경상북도 경주시 금성로 339 (성건동),경상북도 경주시 성건동 178-24,,399294.124861663,263100.164623856,2005-06-27,505000001020050001
시민동물병원,영업/정상,부산광역시 동구 초량상로 84-1 (초량동),부산광역시 동구 초량동 287-9,,385778.941635952,181909.916403824,2005-06-24,327000001020050001
청화종합동물병원,영업/정상,"서울특별시 용산구 장문로 18, 2층 (동빙고동)",서울특별시 용산구 동빙고동 7-19,,199254.608612617,447354.661580526,2005-06-24,302000001020050004
영천축협동물병원,영업/정상,경상북도 영천시 호국로 17 (문외동),경상북도 영천시 문외동 40-29,,374934.051295412,276377.776489184,2005-06-23,510000001020050006
행복한동물병원,영업/정상,"제주특별자치도 제주시 정든로3길 12, 제이소소 지하층 102호 (이도이동)",제주특별자치도 제주시 이도이동 423-5 제이소소,,157352.122661688,263.211488195122,2005-06-20,651000001019980002
구미칠곡축산농협동물병원,영업/정상,"경상북도 구미시 선산읍 선산대로 1560-5, 1층",경상북도 구미시 선산읍 교리 422-14,054-482-1377,317475.159916351,306647.759391781,2005-06-17,508000001020050001
우성동물병원,영업/정상,대구광역시 군위군 군위읍 중앙1길 17,대구광역시 군위군 군위읍 서부리 151-31,054-382-1357,340719.819103384,304453.055988013,2005-06-15,514000001020130001
안창선동물병원,영업/정상,경기도 평택시 탄현로 276 (지산동),경기도 평택시 지산동 824-2,031-665-6252,204869.413901141,397261.393229205,2005-06-15,391000001020050003
The행복한동물병원,영업/정상,"경상남도 창원시 마산회원구 내서읍 호원로 311, 1층 102호 (호계리치프라자)",경상남도 창원시 마산회원구 내서읍 호계리 177-7 호계리치프라자 102호,055-242-8988,338505.074311196,196826.910560238,2005-06-14,567000001020051001
대흥동물병원,영업/정상,대구광역시 남구 대명로 230 (대명동),대구광역시 남구 대명동 332-16 17통2반,,342865.665969458,261244.956926801,2005-06-14,344000001020050003
현대동물병원,영업/정상,인천광역시 제물포구 제물량로 60-1 (신흥동3가),인천광역시 제물포구 신흥동3가 6-11,032-885-7578,,,2005-06-09,350100001020051003
현대동물병원,영업/정상,인천광역시 중구 제물량로 60-1 (신흥동3가),인천광역시 중구 신흥동3가 6-11,032-885-7578,,,2005-06-09,349000001020050003
가나동물병원,영업/정상,경기도 부천시 소사구 경인로 72 (송내동),경기도 부천시 소사구 송내동 393-1,,178984.194323843,442395.717376002,2005-06-08,386000001020050009
둔산동물병원,영업/정상,대전광역시 서구 대덕대로 145 (갈마동),대전광역시 서구 갈마동 1070,,233571.45515883,316266.199105878,2005-06-08,366000001020050005
동주동물병원,영업/정상,강원특별자치도 철원군 동송읍 이평2로 17,강원특별자치도 철원군 동송읍 이평리 685-32,,219302.506906023,522672.715933309,2005-06-07,430000001020050001
순풍동물병원,영업/정상,"대구광역시 북구 학정로 149, 한우리메디타워 2층 204호 (태전동)",대구광역시 북구 태전동 1195,053-326-2557,339911.359278349,270114.910523775,2005-06-07,345000001020050003
이다종합동물병원,영업/정상,서울특별시 광진구 뚝섬로 504 (자양동),서울특별시 광진구 자양동 553-280,,205770.381275106,448175.187322101,2005-06-02,304000001020050002
한민동물병원,영업/정상,대전광역시 서구 갈마로 274 (내동),대전광역시 서구 내동 7,,234334.277399736,314650.550278826,2005-06-01,366000001020050004
우리동물병원,영업/정상,경상남도 통영시 장좌로 49 (정량동),경상남도 통영시 정량동 1376-3,055-644-8801,330831.308242045,150250.945640429,2005-05-31,533000001020050001
남원축협 동물병원,영업/정상,전북특별자치도 남원시 붕맛길 99 (향교동),전북특별자치도 남원시 향교동 263-3,,234818.150361364,213062.433310792,2005-05-30,470100001020050001
래플즈 동물병원,영업/정상,경기도 구리시 동구릉로 120 (인창동),경기도 구리시 인창동 408-28,031-563-7582,212024.477144164,456397.139086741,2005-05-30,398000001020050002
보드미동물병원,영업/정상,충청북도 충주시 국원대로 108 (교현동),충청북도 충주시 교현동 538-1 11통1반,043-843-0075,282608.825530733,387016.940617145,2005-05-26,439000001020050001
동대구동물의료센터,영업/정상,"대구광역시 동구 신암로 70, 2층 (신암동)",대구광역시 동구 신암동 1293-3,,345153.969828756,265348.207917456,2005-05-25,342000001020050001
은행나무종합동물병원,영업/정상,서울특별시 금천구 금하로 694 (시흥동),서울특별시 금천구 시흥동 909-5,,191713.014337305,438832.871467502,2005-05-25,317000001020050002
원주축협동물병원,영업/정상,강원특별자치도 원주시 문막읍 건등로 70,강원특별자치도 원주시 문막읍 건등리 1477-1 0통0반,033-735-7359,272912.892126908,424015.32582032,2005-05-20,419000001020050001
다나동물병원,영업/정상,경기도 부천시 원미구 도약로 31 (상동),경기도 부천시 원미구 상동 523-10,,178088.835140956,445630.370445429,2005-05-19,386000001020050006
백마동물병원,영업/정상,"경기도 고양시 일산동구 일산로 212, 장항A타운 1층 (마두동)",경기도 고양시 일산동구 마두동 728-1 장항A타운,,181395.717224051,461459.891588772,2005-05-16,394000001020050004
제일동물병원,영업/정상,전남광주통합특별시 보성군 보성읍 현충로 74,전남광주통합특별시 보성군 보성읍 보성리 927-25,,207245.515542845,140921.953306825,2005-05-13,585000001020050001
우정 동물병원,영업/정상,"울산광역시 중구 종가3길 24, 1층 (유곡동)",울산광역시 중구 유곡동 475-10,,408192.916603713,231382.584631951,2005-05-13,369000001020050002
행복한 동물병원,영업/정상,대전광역시 유성구 송강로 4 (송강동),대전광역시 유성구 송강동 187-9,,234642.121077852,325784.573252983,2005-05-13,367000001020050001
서울동물병원,영업/정상,대전광역시 중구 보문산로64번길 4 (산성동),대전광역시 중구 산성동 279-7,042-585-6767,234735.317339028,311620.891571858,2005-05-12,365000001020050005
마음을 나누는 동물병원,영업/정상,"서울특별시 서대문구 신촌로35길 10, 지하1층 424호 (북아현동, e편한세상신촌 4단지)",서울특별시 서대문구 북아현동 136-21 e편한세상신촌 4단지,02-365-7582,196030.361275336,450665.925027885,2005-05-11,312000001020050001
해맑은 동물병원,영업/정상,"전북특별자치도 군산시 나운2길 27, 1층 103호 (나운동)",전북특별자치도 군산시 나운동 96-1,063-464-7582,173136.887088607,273927.996331799,2005-05-10,467100001020050001
현화동물병원,영업/정상,경기도 평택시 안중읍 안현로서6길 38,경기도 평택시 안중읍 현화리 45,,193264.914043534,387025.577477067,2005-05-10,391000001020050002
양산 동물 메디컬센터,영업/정상,경상남도 양산시 삽량로 175 (중부동),경상남도 양산시 중부동 708-3,055-365-0075,384110.535891178,205871.364629376,2005-05-07,538000001020050001
마루 동물병원,영업/정상,전북특별자치도 전주시 완산구 감나무3길 4 (서신동),전북특별자치도 전주시 완산구 서신동 780-4,063-276-7500,210984.489179393,258970.559574836,2005-05-04,464100001020050003
횡성축협동물병원,영업/정상,강원특별자치도 횡성군 횡성읍 횡성로 337,강원특별자치도 횡성군 횡성읍 교항리 34,,286738.518127161,442866.449811485,2005-05-03,426000001020050001
도그빌동물병원,영업/정상,강원특별자치도 강릉시 명륜로 23-1 (교동),강원특별자치도 강릉시 교동 225-12,,367000.790756769,474981.682265812,2005-04-29,420000001020050001
온힐동물메디컬,영업/정상,"경상남도 김해시 대청로 58-10, 1층 (관동동)",경상남도 김해시 관동동 528-1,055-313-0975,363910.856546003,188226.469782012,2005-04-25,535000001020050001
경남유우동물병원,영업/정상,경상남도 창원시 의창구 동읍 용잠로 30-6,경상남도 창원시 의창구 동읍 용잠리 396-1,,353468.004931557,199068.917314287,2005-04-14,567000001020050003
하나동물병원,영업/정상,경기도 의정부시 부용로 187 (신곡동),경기도 의정부시 신곡동 772-2,031-853-7550,206799.975,472111.495,2005-04-14,382000001020050001
논현동물병원,영업/정상,"서울특별시 강남구 강남대로118길 47, 1층 (논현동)",서울특별시 강남구 논현동 181-8 1층,02-3442-3785,202300.540921385,445031.940057654,2005-04-14,322000001020050008
아름동물병원,영업/정상,"경기도 성남시 분당구 성남대로779번길 52, 신흥코아 102호 (이매동)",경기도 성남시 분당구 이매동 137-4 신흥코아 102호,,210803.525,433051.775,2005-04-08,378000001020050004
그랜드 동물병원,영업/정상,"경기도 고양시 일산서구 주엽로 134, 시대프라자 101호 (주엽동)",경기도 고양시 일산서구 주엽동 115-1 시대프라자,,178593.884197265,463172.801035455,2005-04-07,394000001020050003
미르동물병원,영업/정상,대구광역시 달서구 달구벌대로 1223 (이곡동),대구광역시 달서구 이곡동 538-3,,335541.065112862,262361.359495297,2005-04-07,347000001020050002
마이펫 동물병원,영업/정상,인천광역시 남동구 백범로 400 (간석동),인천광역시 남동구 간석동 216-4,,173998.976181406,440636.703499565,2005-04-04,353000001020050004
해원이네동물병원,영업/정상,전북특별자치도 익산시 여산면 여강로 7,전북특별자치도 익산시 여산면 여산리 458,,207521.40230242,284204.896406237,2005-03-28,468100001020050001
김 S 동물병원,영업/정상,경기도 고양시 일산동구 무궁화로93번길 6-10 (정발산동),경기도 고양시 일산동구 정발산동 702-4,031-916-7509,179960.726089658,462730.421501637,2005-03-22,394000001020050002
삼산종합동물병원,영업/정상,인천광역시 부평구 체육관로 40 (삼산동),인천광역시 부평구 삼산동 459-5,032-330-0075,176600.119424585,445146.367348796,2005-03-21,354000001020050001
페츠업 동물병원,영업/정상,대구광역시 서구 서대구로 136 (평리동),대구광역시 서구 평리동 1371-3,,340399.559134917,264436.412999101,2005-03-21,343000001020050001
이즈동물병원,영업/정상,충청북도 청주시 상당구 용암북로 154 (용암동),충청북도 청주시 상당구 용암동 2642,,245916.579569916,346899.268303549,2005-03-14,572000001020051001
캣앤독동물병원,영업/정상,충청북도 청주시 흥덕구 풍산로 59 (가경동),충청북도 청주시 흥덕구 가경동 1195,,238991.714652254,347491.481762509,2005-03-11,573000001020052001
산책동물병원,영업/정상,전북특별자치도 전주시 덕진구 건산로 290 (우아동2가),전북특별자치도 전주시 덕진구 우아동2가 866-11,063-244-7509,215174.519932154,259545.564108013,2005-03-09,464100001020050001
노성남 동물병원,영업/정상,인천광역시 연수구 독배로 55(옥련동),인천광역시 연수구 옥련동 196,032-833-1770,168451.956276463,436007.296948034,2005-03-09,352000001020050001
동산동물병원,영업/정상,대구광역시 중구 서성로 34 (남성로),대구광역시 중구 남성로 1 15통5반 205호,,343299.942449842,264434.457160927,2005-03-08,341000001020050002
23시 하단오거리 동물병원,영업/정상,"부산광역시 사하구 하신중앙로 340, 1층 (하단동)",부산광역시 사하구 하단동 617-10,,379316.717074932,180252.591342197,2005-03-08,334000001020050002
우동물병원,영업/정상,경기도 화성시 만세구 우정읍 조암남로 22,경기도 화성시 만세구 우정읍 조암리 350-11,,183748.330583072,397939.898943234,2005-03-07,574000001020050003
현대동물병원,영업/정상,경기도 포천시 소흘읍 송우로 87,경기도 포천시 소흘읍 송우리 728-4,,212192.819091301,480861.780971248,2005-02-25,560000001020050002
퍼피즌동물병원,영업/정상,"서울특별시 강남구 선릉로 636, 키스톤빌딩 1층 (삼성동)",서울특별시 강남구 삼성동 34-3 키스톤빌딩,02-541-2651,203734.271854963,445664.7050852,2005-02-25,322000001020050004
홍익동물병원,영업/정상,경기도 이천시 단월로 17-13 (단월동),경기도 이천시 단월동 555-3,,239843.837773003,413199.722633819,2005-02-21,407000001020050001
좋은 친구들 동물병원,영업/정상,인천광역시 남동구 만수로 25 (만수동),인천광역시 남동구 만수동 869-11,,176166.479034099,439707.31558573,2005-02-21,353000001020050001
동물병원숲,영업/정상,"전남광주통합특별시 북구 하서로 394, 104호 (양산동, 양산 명지써밋 주상복합)",전남광주통합특별시 북구 양산동 1155 양산 명지써밋 주상복합,,,,2005-02-17,582000001020050001
시마동물병원,영업/정상,"서울특별시 노원구 동일로 1356, 상가동 2층 201호 (상계동, 상계주공4단지아파트)",서울특별시 노원구 상계동 749-5 상계주공4단지아파트,,205421.148836089,460856.264207739,2005-02-17,310000001020050001
그랜드24시동물병원,영업/정상,경기도 광주시 경안안길 5 (경안동),경기도 광주시 경안동 123-7 3통,,222227.860488953,434738.68496788,2005-02-15,554000001020050003
제주자연동물병원,영업/정상,제주특별자치도 제주시 구좌읍 해맞이해안로 1076-1,제주특별자치도 제주시 구좌읍 한동리 3,,184620.743728195,4847.42807040119,2005-02-02,651000001020051001
굿모닝24시동물병원,영업/정상,"충청남도 천안시 서북구 쌍용대로 43 (쌍용동, 진주빌딩)",충청남도 천안시 서북구 쌍용동 1176-1,,211650.470639739,366661.610105376,2005-01-27,449000001020050002
일산동물의료원,영업/정상,"경기도 고양시 일산서구 대화로 407, 일산로 676 3층(추가) (대화동)","경기도 고양시 일산서구 대화동 2038 ,대화동2038-1",031-924-7582,178216.903499662,464479.377142906,2005-01-25,394000001020050001
백석동물병원,영업/정상,"충청남도 천안시 서북구 백석3로 134, 108호 (백석동,대건플라자)",충청남도 천안시 서북구 백석동 872 대건플라자 108호,,211082.514725582,368967.092828219,2005-01-14,449000001020050001
삼성동물종합병원,영업/정상,"서울특별시 도봉구 도봉로 499, 1층 (쌍문동)",서울특별시 도봉구 쌍문동 88-115 1층,,203044.803049581,460873.221247942,2005-01-13,309000001020050002
우리동물병원,영업/정상,"전남광주통합특별시 목포시 영산로 607, 우진아트빌 상가동 101호 (석현동)",전남광주통합특별시 목포시 석현동 816-17 우진아트빌,061-281-7520,146898.444393019,146859.260945116,2005-01-11,578000001020050001
강남동물병원,영업/정상,울산광역시 남구 돋질로 234 (달동),울산광역시 남구 달동 1328-3,,411287.281707406,229487.119942662,2005-01-11,370000001020050001
쥬라기동물병원,영업/정상,서울특별시 광진구 광나루로 601 (광장동),서울특별시 광진구 광장동 530-39,,208344.912915338,448875.286459939,2005-01-11,304000001020050001
고은동물병원,영업/정상,경상북도 경산시 경안로 226 (중방동),"경상북도 경산시 중방동 841-5 한국농어촌공사 경산,청도지사",,356864.208357303,260011.433878768,2005-01-04,513000001020050001
Dr.JK 동물병원,영업/정상,"경기도 고양시 일산동구 무궁화로 17, 한라밀라트 A동 102호 (장항동)",경기도 고양시 일산동구 장항동 742 한라밀라트 A동 102호,,179321.637884805,462227.553754862,2004-12-27,394000001020040010
백제동물병원,영업/정상,전남광주통합특별시 강진군 강진읍 탐진로 135,전남광주통합특별시 강진군 강진읍 동성리 408,061-433-2700,178797.028763278,127187.80381827,2004-12-21,586500001020060001
제이엠 동물병원,영업/정상,"경기도 고양시 일산동구 정발산로 43-20, 센트럴프라자 205호 (장항동)",경기도 고양시 일산동구 장항동 846 센트럴프라자 205호,031-924-1375,179935.267998763,461800.124782342,2004-12-18,394000001020040009
현대동물병원,영업/정상,경기도 동두천시 큰시장로 42 (생연동),경기도 동두천시 생연동 695-3,,204601.485622028,488656.337046021,2004-12-18,392000001020040003
장성동물병원,영업/정상,경상북도 포항시 북구 용두산길 23 (장성동),경상북도 포항시 북구 장성동 1353-5 12통,,414462.504323426,287661.10045963,2004-12-14,502000001020040003
강북동물병원,영업/정상,"서울특별시 강북구 오현로 194 (번동, 덕수빌딩 1층)",서울특별시 강북구 번동 309 덕수빌딩 1층,,203452.54250506,458496.347795039,2004-12-08,308000001020040005
정다운동물병원,영업/정상,"경기도 안산시 단원구 예술대학로 137, 덕성빌딩 201호 (고잔동)",경기도 안산시 단원구 고잔동 634-4 덕성빌딩 201호,,185583.614250357,425270.927818102,2004-12-07,393000001020040010
시화종합동물병원,영업/정상,"경기도 시흥시 정왕대로 64 (정왕동,메가쇼핑몰(108,109호))","경기도 시흥시 정왕동 1861-2 메가쇼핑몰(108,109호)",031-507-0082,175417.656719379,428065.936335703,2004-12-06,401000001020040008
빛가온동물병원,영업/정상,서울특별시 서대문구 통일로 375 (홍제동),서울특별시 서대문구 홍제동 90-67,,195452.239317506,453470.456230794,2004-12-06,312000001020040006
상모동물병원,영업/정상,경상북도 구미시 상사서로 68 (상모동),경상북도 구미시 상모동 48-6,,322012.948095629,288427.115527705,2004-12-02,508000001020040002
더조은동물병원,영업/정상,"울산광역시 울주군 범서읍 천상중앙길 47, 더조은동물병원 1층",울산광역시 울주군 범서읍 천상리 639-6,,402223.250238521,231600.895185118,2004-12-02,373000001020040001
신탄진 동물병원,영업/정상,대전광역시 대덕구 신탄진로 797 (신탄진동),대전광역시 대덕구 신탄진동 147-5,,238390.888962502,327594.92162851,2004-12-02,368000001020040004
삼덕종합동물병원,영업/정상,대구광역시 중구 달구벌대로 2145-1(삼덕동1가),대구광역시 중구 삼덕동1가 41-14,,344301.578773298,263914.447358937,2004-12-02,341000001020040001
사천동물병원,영업/정상,경상남도 사천시 사남면 병둔2길 41-9,경상남도 사천시 사남면 화전리 1270-6,,298190.589246766,173133.954238257,2004-11-26,534000001020040003
사랑동물병원,영업/정상,부산광역시 수영구 수영로 733 (수영동),부산광역시 수영구 수영동 76-1 16통5반 백제삼정데파트 1401호,,393045.470687985,187552.7453973,2004-11-25,338000001020040002
한샘동물병원,영업/정상,"서울특별시 구로구 경인로40길 25, 상가동 211호 (개봉동, 청실아파트)",서울특별시 구로구 개봉동 175-8 청실아파트 상가 211호,26817585,187529.287048056,443706.916313441,2004-11-24,316000001020040008
씨밀레동물병원,영업/정상,"서울특별시 송파구 올림픽로47길 20, 웅산빌딩 (풍납동)",서울특별시 송파구 풍납동 403-9 웅산빌딩,02-470-7905,210247.717092457,447380.181370712,2004-11-22,323000001020040005
서울,영업/정상,전남광주통합특별시 목포시 원산중앙로 10 (산정동),전남광주통합특별시 목포시 산정동 1766,061-279-1175,142676.455960649,145556.299051352,2004-11-11,578000001020040005
현대가축병원,영업/정상,전남광주통합특별시 목포시 영산로 687 (석현동),전남광주통합특별시 목포시 석현동 929-1,,147005.209168995,147663.778782662,2004-11-11,578000001020040002
수동물병원,영업/정상,전남광주통합특별시 남구 서문대로 791-1 (주월동),전남광주통합특별시 남구 주월동 387-2,,190641.929420202,181211.945299389,2004-11-04,581500001020040006
서울동물병원,영업/정상,경기도 화성시 병점구 병점2로 9 (병점동),경기도 화성시 병점구 병점동 364-4,,203296.326859387,411509.837152185,2004-11-01,576000001020040004
동물을사랑하는사람들,영업/정상,서울특별시 강북구 도봉로98길 56 (번동),서울특별시 강북구 번동 471-1,,202821.895631378,459831.859673282,2004-11-01,308000001020040004
한마음종합동물병원,영업/정상,대구광역시 달서구 두류공원로 267 (두류동),대구광역시 달서구 두류동 472-11,053-555-7585,340628.216825993,262980.54793173,2004-10-28,347000001020040009
유수의과 동물병원(출장전문),영업/정상,경기도 안성시 죽산면 죽산초교길 15,경기도 안성시 죽산면 죽산리 419,,237305.275966078,397161.922529079,2004-10-14,408000001020040001
송이종합동물병원,영업/정상,"서울특별시 송파구 가락로 210, 1층 101호 (송파동)",서울특별시 송파구 송파동 146-6,02-415-7114,210230.922086605,444982.623341455,2004-10-13,323000001020040004
도그플러스 동물병원(미유펫 대구점),영업/정상,"대구광역시 북구 동암로12길 8, 2층 (동천동, 칠곡홈플러스)",대구광역시 북구 동천동 668-1 13통5반 칠곡홈플러스 301호,053-314-0075,340320.722709596,272735.675659876,2004-10-11,345000001020040001
이엘 동물병원,영업/정상,전북특별자치도 전주시 완산구 장승배기로 321(서서학동),전북특별자치도 전주시 완산구 서서학동 367-37,,213141.116834874,255711.054321454,2004-10-07,464100001020040008
송 동물의료센터,영업/정상,전북특별자치도 전주시 덕진구 견훤로 247 (인후동1가),전북특별자치도 전주시 덕진구 인후동1가 448-33,063-247-6677,214157.963775644,259320.235311607,2004-10-02,464100001020040006
하단동물병원,영업/정상,부산광역시 사하구 하신중앙로 296 (하단동),부산광역시 사하구 하단동 608-1,,378926.781968298,180039.910277046,2004-09-23,334000001020040007
대전양한방동물병원,영업/정상,"대전광역시 유성구 현충원로347번길 31-10, 1층 (구암동)",대전광역시 유성구 구암동 656-4,,227611.81380324,317729.130559003,2004-09-22,367000001020040003
고은동물병원,영업/정상,부산광역시 사상구 모라로 107 (모라동),부산광역시 사상구 모라동 459-2,,381307.194126978,189290.726029868,2004-09-22,339000001020040002
파란종합 동물병원,영업/정상,서울특별시 양천구 신월로 149 (신월동),서울특별시 양천구 신월동 546-25,26928255,185810.065888388,446160.866332835,2004-09-22,314000001020040005
21세기종합동물병원,영업/정상,대구광역시 동구 아양로 216 (효목동),대구광역시 동구 효목동 64-6,,347722.375295625,266318.767832393,2004-09-18,342000001020040003
신도안동물병원,영업/정상,충청남도 계룡시 엄사면 전원로 8-1,충청남도 계룡시 엄사면 엄사리 168-8,042-841-7533,221634.570482606,310000.933325345,2004-09-15,558000001020040001
장 동물병원,영업/정상,부산광역시 사하구 윤공단로56번길 55 (다대동),부산광역시 사하구 다대동 935-11,,379663.347610286,175088.230386396,2004-09-15,334000001020040005
해남진도축협동물병원,영업/정상,"전남광주통합특별시 해남군 해남읍 홍교로 64, 해남축산농협",전남광주통합특별시 해남군 해남읍 평동리 162 해남축산농협,,163252.13501925,118981.026155592,2004-09-13,587000001020040001
펫필드동물병원,영업/정상,경기도 평택시 평택5로114번길 54 (비전동),경기도 평택시 비전동 831-5,031-656-8575,209931.290169039,388148.021681245,2004-09-13,391000001020040004
펫가든동물병원,영업/정상,"충청남도 천안시 서북구 성정두정로 1, 2층 (성정동, 롯데마트)",충청남도 천안시 서북구 성정동 1485 롯데마트 2층,,212478.663749874,369462.286024265,2004-09-10,449000001020040008
프렌즈동물병원,영업/정상,"전남광주통합특별시 서구 상무민주로 90, 2층 (쌍촌동)",전남광주통합특별시 서구 쌍촌동 1271-1 2층,062-374-0128,187135.331922263,184387.880413798,2004-09-08,581000001020040007
제니스동물병원,영업/정상,대구광역시 수성구 달구벌대로 2475 (범어동),대구광역시 수성구 범어동 167-18,053-756-8290,347472.020791066,263351.12276167,2004-09-07,346000001020040011
연산동물병원,영업/정상,충청남도 논산시 벌곡면 대둔로 825-6,충청남도 논산시 벌곡면 한삼천리 264-4,,223917.999654595,300826.46145394,2004-09-06,454000001020040003
서현동물병원,영업/정상,전남광주통합특별시 남구 천변좌로 370 (구동),전남광주통합특별시 남구 구동 37-23,062-671-7007,191921.419488128,182952.909919247,2004-09-03,581500001020040005
도도동물병원,영업/정상,충청북도 청주시 상당구 월평로 151-1 (용암동),충청북도 청주시 상당구 용암동 1403,043-294-8855,244828.190880351,345742.251764177,2004-09-03,572000001020041004
녹양동물병원,영업/정상,경기도 의정부시 녹양로 66 (녹양동),경기도 의정부시 녹양동 354-1,,202869.433614522,472704.773518492,2004-09-03,382000001020040005
굿모닝동물병원,영업/정상,전남광주통합특별시 북구 설죽로 305 (용봉동),전남광주통합특별시 북구 용봉동 476-1,,190609.60662915,187517.986908876,2004-09-01,582000001020040003
원 동물병원,영업/정상,"경기도 수원시 영통구 덕영대로 1535, 현대프라자 111호 (영통동)",경기도 수원시 영통구 영통동 976-7 현대프라자 111호,031-205-7900,205137.139182179,416040.882288247,2004-09-01,374000001020040008
가인동물병원,영업/정상,충청북도 충주시 계명대로 155 (연수동),충청북도 충주시 연수동 397,,282896.109202603,387176.123171854,2004-08-31,439000001020040001
바울 동물병원,영업/정상,"인천광역시 강화군 강화읍 남문로 30, 2층",인천광역시 강화군 강화읍 남산리 43-3 2층,,154801.992243109,471125.601325049,2004-08-27,357000001020040001
한빛동물병원,영업/정상,서울특별시 성동구 금호산길 58(금호동2가),서울특별시 성동구 금호동2가 485-1,02-2233-1848,201657.926313791,450119.508052252,2004-08-19,303000001020040004
푸른동물병원,영업/정상,전남광주통합특별시 서구 상일로 44 (쌍촌동),전남광주통합특별시 서구 쌍촌동 1348-6,,187478.659180089,184483.087261831,2004-08-18,581000001020040006
트레벨동물병원,영업/정상,경기도 하남시 하남대로 763 (신장동),경기도 하남시 신장동 455-1 1층,,218667.739087652,448540.961730609,2004-08-18,404000001020040003
갑을동물병원,영업/정상,"부산광역시 해운대구 재반로 148, 32호 (재송동)",부산광역시 해운대구 재송동 1098-1 14통2반 현대맨션 303호,,393214.96672368,189314.473837979,2004-08-16,333000001020040006
강남동물병원,영업/정상,경기도 성남시 중원구 광명로 341 (금광동),경기도 성남시 중원구 금광동 3661,,214413.274388095,438223.283606766,2004-08-13,378000001020040015
온유동물병원,영업/정상,경기도 부천시 원미구 길주로 342 (중동),경기도 부천시 원미구 중동 1087,,180523.628906553,444460.540004691,2004-08-12,386000001020040014
성복동물병원,영업/정상,"경기도 용인시 수지구 성복2로76번길 26-3, B101호 (성복동, 드림타워)",경기도 용인시 수지구 성복동 740-1 6통3반 드림타워 B101호,,207102.821071061,423695.354041086,2004-08-05,405000001020040006
우리동물병원,영업/정상,인천광역시 서해구 서곶로 349 (연희동),인천광역시 서해구 연희동 687-2,,,,2004-08-05,356100001020040004
세림동물병원,영업/정상,"충청북도 청주시 상당구 산성로116번길 25, 상가동 101호 (용담동, 부영아파트5단지)",충청북도 청주시 상당구 용담동 418 상가동 101호,043-286-7582,245205.318435886,348169.132561213,2004-07-28,572000001020041002
우리동물병원,영업/정상,강원특별자치도 춘천시 동내면 춘천순환로 70,강원특별자치도 춘천시 동내면 거두리 926-5,033-263-7502,266079.306539143,483901.979099313,2004-07-23,418000001020040003
금오산낙농축협동물병원,영업/정상,경상북도 김천시 공단1길 164 (대광동),경상북도 김천시 대광동 1088,054-433-3130,302245.563746022,294870.52638688,2004-07-22,506000001020040002
금오산낙협동물병원,영업/정상,,경상북도 김천시 부곡동 395-3,,,,2004-07-22,506000001020040001
해맑은동물병원,영업/정상,"충청남도 천안시 서북구 두정로 142, 오성빌딩 201호 (두정동)",충청남도 천안시 서북구 두정동 696 오성빌딩 201호,,211744.165045004,370246.577843589,2004-07-22,449000001020040007
아이펫동물병원,영업/정상,"경기도 성남시 분당구 장미로 78, 시그마3 105호 (야탑동)",경기도 성남시 분당구 야탑동 360-1 시그마3 105호,,211400.205761988,434607.080135576,2004-07-20,378000001020040013
우리동물병원,영업/정상,"충청북도 청주시 상당구 쇠내로 48, 301동 114호 (금천동, 금천 센트럴파크 스타힐스)",충청북도 청주시 상당구 금천동 477 금천 센트럴파크 스타힐스,043-223-7582,244708.782385305,347086.317305363,2004-07-07,572000001020041001
이솝동물병원,영업/정상,경기도 고양시 일산동구 일산로286번길 7-7 (마두동),경기도 고양시 일산동구 마두동 898-7,031-903-3399,181071.114461288,462169.59585174,2004-07-01,394000001020040004
해맑은동물병원,영업/정상,"대구광역시 달서구 월배로 80, 401동 1층 127호 (진천동, 진천역 대성스카이렉스 상가)",대구광역시 달서구 진천동 508 진천역 대성스키이렉스 상가1층 401동 127호,053-633-8811,337646.464781066,258084.52153149,2004-06-25,347000001020040007
엔젤동물병원,영업/정상,"경기도 성남시 분당구 성남대로171번길 17, 씨티밸리 101호 (금곡동)",경기도 성남시 분당구 금곡동 172 씨티밸리 101호,031-713-5004,209393.18973383,427682.385334697,2004-06-19,378000001020040011
다솜동물병원,영업/정상,경상북도 칠곡군 왜관읍 중앙로 136,경상북도 칠곡군 왜관읍 왜관리 298-1,,326143.30409437,277175.649079919,2004-06-17,522000001020040001
아라종합동물병원,영업/정상,인천광역시 미추홀구 주안로 73 (주안동),인천광역시 미추홀구 주안동 241-9,032-886-0079,171430.57679836,440291.217551116,2004-06-17,351000001020040003
메디펫동물병원,영업/정상,서울특별시 은평구 통일로 885 (갈현동),서울특별시 은평구 갈현동 394-27,02-384-0075,192825.79571149,457740.673229191,2004-06-08,311000001020040004
우리동물병원,영업/정상,경기도 이천시 영창로 246 (창전동),경기도 이천시 창전동 461-14,,239827.263412058,419924.486812839,2004-06-04,407000001020040002
마리동물병원,영업/정상,서울특별시 마포구 신촌로 16 (동교동),서울특별시 마포구 동교동 174-14,02-323-7582,193576.474980538,450639.754538572,2004-06-04,313000001020040007
스마일동물병원,영업/정상,대전광역시 대덕구 중리로 58 (중리동),대전광역시 대덕구 중리동 375-26,042-626-3075,238100.61,318238.475,2004-06-03,368000001020040003
하나동물종합병원,영업/정상,"전북특별자치도 남원시 남문로 409, 선수학전문학원,꽃화원,sk텔레콤 (왕정동)","전북특별자치도 남원시 왕정동 59-2 선수학전문학원,꽃화원,sk텔레콤",,234089.835706459,211971.040977457,2004-06-01,470100001020040001
박형우동물병원,영업/정상,"서울특별시 강동구 올림픽로 568, EMK빌딩 2층 (성내동)",서울특별시 강동구 성내동 322-6 EMK빌딩,02-488-8275,210670.369892293,447779.714780142,2004-05-31,324000001020040005
한빛동물병원,영업/정상,경기도 화성시 만세구 남양읍 남양시장로 101,경기도 화성시 만세구 남양읍 남양리 1274-2,,183949.066212286,412127.638488839,2004-05-28,574000001020040002
가야동물병원,영업/정상,전남광주통합특별시 북구 동문대로 131 (우산동),전남광주통합특별시 북구 우산동 206-8,,193201.536340291,186176.713104084,2004-05-27,582000001020040013
베스트 종합 동물병원,영업/정상,대구광역시 달서구 달구벌대로 1524 (감삼동),대구광역시 달서구 감삼동 600-17,,338471.876998559,262113.146183692,2004-05-27,347000001020040006
아나푸게안과동물병원,영업/정상,전남광주통합특별시 북구 설죽로 191 (용봉동),전남광주통합특별시 북구 용봉동 1402-6,,190523.97980563,186413.71137516,2004-05-25,582000001020040006
바이오컨설팅 & 신동물병원(산업동물),영업/정상,전남광주통합특별시 북구 임동로 6 (임동),전남광주통합특별시 북구 임동 94-131,,190518.376364732,184626.046528497,2004-05-25,582000001020040001
전남낙협동물병원,영업/정상,전남광주통합특별시 나주시 산포면 송림산제길 170,전남광주통합특별시 나주시 산포면 산제리 387,061-336-8166,183750.953014964,168779.401382235,2004-05-24,579500001020040001
창녕축협동물병원,영업/정상,경상남도 창녕군 창녕읍 갈전길 153,경상남도 창녕군 창녕읍 하리 421-1,055-533-8292,334432.457604049,230335.725001443,2004-05-21,541000001020040001
강남동물병원,영업/정상,충청남도 홍성군 홍성읍 조양로 190,충청남도 홍성군 홍성읍 고암리 536-1,,170451.656209806,344409.105994942,2004-05-20,460000001020040002
고려동물종합병원,영업/정상,대전광역시 대덕구 송촌로93번길 2 (송촌동),대전광역시 대덕구 송촌동 481-11,042-633-7582,239437.377502069,318084.008969853,2004-05-14,368000001020040001
바우동물병원,영업/정상,경기도 안양시 만안구 박달로 512 (박달동),경기도 안양시 만안구 박달동 68-8,031-443-1280,,,2004-05-13,383000001020040010
닥터원동물병원,영업/정상,"경기도 시흥시 서울대학로278번길 19-13, 108동 B-134호 (배곧동, 시흥배곧 C1 호반 써밋플레이스)",경기도 시흥시 배곧동 191 시흥배곧 C1 호반 써밋플레이스,031-432-6991,175778.500048456,429887.847826116,2004-05-10,401000001020040006
김수영 동물병원,영업/정상,"충청남도 천안시 서북구 월봉로 85, 쌍용메디칼 (쌍용동)",충청남도 천안시 서북구 쌍용동 1544-1 쌍용메디칼,,210450.43,366337.75,2004-05-08,449000001020040004
다나동물병원,영업/정상,전남광주통합특별시 서구 내방로 326(화정동),전남광주통합특별시 서구 화정동 94-10,,188657.987885525,184248.922644444,2004-05-07,581000001020040005
삼계동물병원,영업/정상,"경상남도 창원시 마산회원구 내서읍 호계본동로 17-2, 코오롱그랜드쇼핑 206호",경상남도 창원시 마산회원구 내서읍 호계리 790-124 코오롱그랜드쇼핑,055-232-0075,338340.773898211,196858.687330402,2004-05-07,567000001020041001
우리집동물병원,영업/정상,"서울특별시 강남구 남부순환로 2737, 1층 (도곡동)",서울특별시 강남구 도곡동 180-31 1층,02-572-9300,203923.903410608,442699.093833218,2004-05-07,322000001020040007
24시 팔용feel동물병원,영업/정상,"경상남도 창원시 의창구 평산로 102 (팔용동, 녹주빌딩 102~104호)",경상남도 창원시 의창구 팔용동 42-36 녹주빌딩 102~104호,055-255-1275,347363.218175606,195963.144886347,2004-05-06,567000001020040001
서울동물병원,영업/정상,서울특별시 영등포구 영중로27길 10 (영등포동7가),서울특별시 영등포구 영등포동7가 64-48,26328687,191465.892560136,446905.037998287,2004-05-04,318000001020040002
천지동물병원,영업/정상,전남광주통합특별시 함평군 함평읍 내바람길 53,,,,,2004-05-03,588500001020040001
굿모닝펫 동물병원,영업/정상,"경기도 성남시 분당구 정자일로 55, 108-110호 (금곡동, 분당두산위브아파트)",경기도 성남시 분당구 금곡동 192 분당두산위브아파트 108-110호,,209250.850612618,428148.405552249,2004-05-03,378000001020040008
이곡종합동물병원,영업/정상,대구광역시 달서구 이곡공원로 19 (이곡동),대구광역시 달서구 이곡동 1238-6,053-581-7582,336289.839152231,262745.838886071,2004-05-01,347000001020040005
강진동물약품병원,영업/정상,전남광주통합특별시 강진군 강진읍 보은로 196,전남광주통합특별시 강진군 강진읍 동성리 33-1,,179635.393486156,126953.859898905,2004-04-28,586500001020040001
경기중앙동물병원,영업/정상,"경기도 안양시 만안구 안양로 150 (안양동,신강빌딩 지상1층)",경기도 안양시 만안구 안양동 510-6 신강빌딩 지상1층,031-443-8875,,,2004-04-28,383000001020040009
꿈의동물병원,영업/정상,"경기도 안산시 단원구 광덕1로 159 (고잔동, 대림프라자 102호)",경기도 안산시 단원구 고잔동 718-5 대림프라자 102호,,184621.554255087,422922.275824289,2004-04-26,393000001020040002
송강동물병원,영업/정상,대전광역시 유성구 구즉로52번길 46 (송강동),대전광역시 유성구 송강동 186-7,,234675.420989351,325828.835719641,2004-04-21,367000001020040001
우리동물병원,영업/정상,서울특별시 서대문구 통일로 197 (영천동),서울특별시 서대문구 영천동 299,,196510.559726227,452071.434486309,2004-04-21,312000001020040004
김인천동물병원,영업/정상,"경기도 안양시 동안구 경수대로 472 (호계동, 영풍주상복합아파트상가 114호)",경기도 안양시 동안구 호계동 801-4 영풍주상복합아파트상가 114호,031-477-7275,196318.035353187,429212.510427888,2004-04-16,383000001020040008
스마트동물병원,영업/정상,대전광역시 서구 문정로 208 (둔산동),대전광역시 서구 둔산동 1810,042-486-8878,235425.674829752,316949.971733897,2004-04-14,366000001020040005
이상록동물병원,영업/정상,"서울특별시 서초구 잠원로8길 25, 신반포스퀘어 119호 (잠원동)",서울특별시 서초구 잠원동 57-20 119호,02-533-5505,200958.810528572,445792.191399183,2004-04-14,321000001020040009
강아지나라동물병원,영업/정상,경기도 남양주시 진접읍 장현로 112-1,경기도 남양주시 진접읍 장현리 351-42,,216171.459237429,468590.721699489,2004-04-13,399000001020040001
열린24시동물병원,영업/정상,서울특별시 강동구 양재대로 1508(길동),서울특별시 강동구 길동 348-5,02-487-7575,212411.971863699,448670.048313635,2004-04-13,324000001020040003
온누리동물병원,영업/정상,인천광역시 미추홀구 인주대로 168 (용현동),인천광역시 미추홀구 용현동 146-275,032-866-5725,169457.086921851,439344.430255539,2004-04-10,351000001020040002
굿모닝 동물병원,영업/정상,서울특별시 구로구 개봉로 121 (개봉동),서울특별시 구로구 개봉동 353-15,20608673,187208.898086847,443837.883012335,2004-04-10,316000001020040005
신흥동물병원,영업/정상,"경기도 성남시 수정구 수정로 226, 창진빌딩 (신흥동)",경기도 성남시 수정구 신흥동 3414 창진빌딩,,212737.507757436,438118.698462974,2004-04-09,378000001020040007
쿨펫동물병원,영업/정상,"인천광역시 계양구 봉오대로 785 (작전동, 이마트)",인천광역시 계양구 작전동 911-1 이마트,032-555-7582,176674.935225112,447677.795056986,2004-04-07,355000001020040004
수피아동물병원,영업/정상,"서울특별시 노원구 동일로192길 87, 1층 (공릉동)",서울특별시 노원구 공릉동 441-152 1층,,206777.482930833,458375.201956698,2004-04-01,310000001020040002
주주동물병원,영업/정상,서울특별시 동대문구 사가정로 121 (전농동),서울특별시 동대문구 전농동 38-24,02-2244-1081,205096.03189952,452842.927086522,2004-03-30,305000001020040001
한결동물의료센터,영업/정상,전남광주통합특별시 서구 풍암순환로188번길 15 (풍암동),전남광주통합특별시 서구 풍암동 1137,,189281.908948695,180985.791354867,2004-03-29,581000001020040004
행복나눔동물병원,영업/정상,"경기도 군포시 군포로476번길 2, 1층 (당동)",경기도 군포시 당동 904 1층,,195001.302071882,427402.563623044,2004-03-26,402000001020060004
우리동물병원,영업/정상,"경기도 안양시 동안구 비산로 18, 자이아이파크 상가동 205호 (비산동)",경기도 안양시 동안구 비산동 515-2 자이아이파크 상가동 205호,031-465-3375,,,2004-03-26,383000001020040006
호원종합동물병원,영업/정상,경기도 의정부시  평화로  374 (호원동),경기도 의정부시 호원동 425,031-826-8875,204212.113189262,469206.210683802,2004-03-26,382000001020040003
윤성철동물병원,영업/정상,강원특별자치도 홍천군 홍천읍 홍천로 383,강원특별자치도 홍천군 홍천읍 신장대리 18-5,,278230.854760254,465657.318472933,2004-03-25,425000001020040001
한 동물병원,영업/정상,서울특별시 서초구 동산로 66 (양재동),서울특별시 서초구 양재동 377-4,02-577-3690,203997.623430765,441078.17661246,2004-03-22,321000001020040006
행복한종합동물병원,영업/정상,강원특별자치도 강릉시 경강로 2142 (옥천동),강원특별자치도 강릉시 옥천동 166,,367397.180551872,474453.041996939,2004-03-20,420000001020040002
해운대조은동물병원,영업/정상,부산광역시 해운대구 해운대로 624 (우동),부산광역시 해운대구 우동 529-2,,396661.611162823,187066.901525248,2004-03-19,333000001020040004
사랑의동물병원,영업/정상,서울특별시 서초구 마방로6길 18 (양재동),서울특별시 서초구 양재동 257-2,02-577-7475,203660.173588688,441406.082303877,2004-03-16,321000001020040005
해피동물병원,영업/정상,서울특별시 구로구 중앙로 67 (고척동),서울특별시 구로구 고척동 50-95,26197533,187701.337760511,444604.067349597,2004-03-16,316000001020040002
마이펫종합동물병원,영업/정상,"전북특별자치도 정읍시 중앙로 83-1, 마이펫종합동물병원 (수성동)",전북특별자치도 정읍시 수성동 837 마이펫종합동물병원,063-538-8575,186284.260428119,229976.157048603,2004-03-15,469100001020040001
김대일동물병원,영업/정상,"경기도 평택시 서정역로36번길 98, 1층 (이충동)",경기도 평택시 이충동 436-7,031-665-7585,205377.044097195,395073.325172211,2004-03-15,391000001020040002
금강동물병원,영업/정상,"대구광역시 수성구 동원로 152, 지하1층 (만촌동)",대구광역시 수성구 만촌동 1326-14 지하1층,,347662.451959747,264758.469397014,2004-03-15,346000001020040004
현대 동물병원,영업/정상,경기도 의왕시 모락로 16 (오전동),경기도 의왕시 오전동 108 현대프라자 107호,,197015.31502601,428599.47684944,2004-03-12,403000001020040001
의정부종합동물병원,영업/정상,경기도 의정부시 시민로 154 (의정부동),경기도 의정부시 의정부동 94-2,031-846-9600,204528.661094864,470532.289039151,2004-03-12,382000001020040002
늘조은동물병원,영업/정상,"경상남도 진주시 진양호로 236 (평거동,라비안 빌딩 1층)",경상남도 진주시 평거동 193-10 라비안 빌딩 1층,055-748-7391,296664.344736941,186717.269826551,2004-03-09,531000001020040002
우면동물병원,영업/정상,"서울특별시 서초구 바우뫼로7길 8, 201호 (우면동,우면세신상가)",서울특별시 서초구 우면동 66-2 우면세신상가 201호,02-578-7572,202175.011113176,440963.759050916,2004-03-08,321000001020040004
한국마사회 부산경남부속동물병원,영업/정상,부산광역시 강서구 가락대로 929 (범방동),부산광역시 강서구 범방동 1833,051-901-7434,371094.285733231,185672.987884375,2004-03-04,336000001020040001
화목종합동물병원,영업/정상,"부산광역시 해운대구 세실로 48, 206호 (좌동)",부산광역시 해운대구 좌동 1315 해운대삼정코아복합상가 206호,,398407.043332602,187784.843934451,2004-03-03,333000001020040002
24시아프리카동물메디컬센터,영업/정상,"서울특별시 강서구 공항대로 335 (등촌동, 경왕빌딩)",서울특별시 강서구 등촌동 24통7반 우장산롯데캐슬 307동 1003호,36657975,186227.878853386,450670.194627189,2004-02-25,315000001020040003
아이센텀 동물메디컬센터,영업/정상,"부산광역시 해운대구 센텀동로 25, B동 204호 (우동, 대우월드마크센텀아파트)",부산광역시 해운대구 우동 1488 대우월드마크센텀아파트,,394112.524871033,187887.931705979,2004-02-19,333000001020040001
봉선동물병원,영업/정상,전남광주통합특별시 남구 봉선중앙로 94 (봉선동),전남광주통합특별시 남구 봉선동 1027-6,,191827.454193137,181137.866649241,2004-02-18,581500001020040002
청천종합동물병원,영업/정상,인천광역시 부평구 마장로432번길 3 (청천동),인천광역시 부평구 청천동 174-7,032-517-0075,173809.191288058,446087.724044165,2004-02-14,354000001020040003
늘푸른동물병원,영업/정상,"서울특별시 관악구 난곡로 223-1, 1층 (신림동)",서울특별시 관악구 신림동 727-21 1층,02-857-7572,192579.039199522,441340.880869548,2004-02-12,320000001020040004
형곡동물병원,영업/정상,경상북도 구미시 신시로 60 (형곡동),경상북도 구미시 형곡동 857,,320547.375392065,291121.405027111,2004-02-11,508000001020040001
사천축협동물병원,영업/정상,경상남도 사천시 사천읍 사천대로 1817 (사천축협),경상남도 사천시 사천읍 사주리 49-3,055-851-5860,298604.996149296,176067.57310382,2004-02-10,534000001020040002
사천축협동물병원,영업/정상,,경상남도 사천시 사천읍 수석리 259-3,,,,2004-02-09,534000001020040001
진주축협 동물병원,영업/정상,경상남도 진주시 동진로 213 (상대동),경상남도 진주시 상대동 303-45,055-758-9111,301440.289473591,187333.40415615,2004-02-09,531000001020040001
행복한동물병원,영업/정상,서울특별시 관악구 은천로 121 (봉천동),서울특별시 관악구 봉천동 464-38,02-887-7179,195403.185462446,442745.315307084,2004-02-09,320000001020040003
세진동물병원,영업/정상,"부산광역시 수영구 과정로15번길 7 (망미동, 국화)",부산광역시 수영구 망미동 426-1 국화,,392014.257311586,187965.943560422,2004-02-04,338000001020040001
정수동물병원,영업/정상,"경기도 안양시 동안구 흥안대로456번길 11, 102호 (평촌동,본프라자)",경기도 안양시 동안구 평촌동 69-1 본프라자 102호,031-425-7588,197848.081850486,432525.750580318,2004-02-03,383000001020040004
에버펫 동물병원,영업/정상,"서울특별시 송파구 오금로 422, 연암빌딩 1층 (가락동)",서울특별시 송파구 가락동 175-14 연암빌딩,02-409-7533,212024.630462535,443845.004858293,2004-02-03,323000001020040001
행복한동물병원,영업/정상,경상북도 문경시 모전로 56 (모전동),경상북도 문경시 모전동 115-11,,306631.845791439,343482.744728714,2004-01-31,512000001020040003
행복한동물병원,영업/정상,"경기도 파주시 경의로 1813, 2층 201호 (아동동)",경기도 파주시 아동동 296-11,031-957-0075,180215.309519896,474072.614448208,2004-01-28,406000001020040001
미래동물병원,영업/정상,전북특별자치도 부안군 부안읍 번영로 155-2,전북특별자치도 부안군 부안읍 봉덕리 574-49,,176177.255315701,247447.507567264,2004-01-26,479100001020040001
이레동물병원,영업/정상,"경기도 김포시 김포대로 821, 2층 (사우동)",경기도 김포시 사우동 139-2,031-985-5075,175389.962487018,457386.846763996,2004-01-26,409000001020040002
펫프렌즈동물병원,영업/정상,"충청남도 천안시 서북구 두정로 203 (두정동,주차빌딩101)",충청남도 천안시 서북구 두정동 1263 주차빌딩101,,212382.919951988,370290.628300577,2004-01-19,449000001020040001
참사랑동물병원,영업/정상,서울특별시 양천구 목동남로4길 6-11 (신정동),서울특별시 양천구 신정동 337-7,26437882,188002.835842746,445120.122760486,2004-01-17,314000001020040001
주주동물병원,영업/정상,"경기도 용인시 기흥구 구갈로 94 (구갈동, 주주동물병원)",경기도 용인시 기흥구 구갈동 345-1,031-284-8875,209820.66,420086.404999999,2004-01-16,405000001020040001
조은동물병원,영업/정상,"경기도 성남시 중원구 광명로142번길 3, 미래타운 B101호 (성남동)",경기도 성남시 중원구 성남동 2759 미래타운,,212689.737215681,437272.002273517,2004-01-14,378000001020040004
신공항동물병원,영업/정상,"인천광역시 영종구 운남동로3번길 9, 1층 (운남동)",인천광역시 영종구 운남동 1570-2,,,,2004-01-14,349100001020040001
센트럴종합동물병원,영업/정상,부산광역시 영도구 태종로 78 (대교동1가),부산광역시 영도구 대교동1가 143,,385893.710347017,178909.559714111,2004-01-03,328000001020040001
다우동물병원,영업/정상,"경기도 김포시 중봉로 9, 주연메디칼 102호 (감정동)",경기도 김포시 감정동 513-2 주연메디칼,,173195.627150795,457925.218027617,2004-01-02,409000001020040001
동물사랑동물병원,영업/정상,경기도 수원시 팔달구 일월로22번길 15 (화서동),경기도 수원시 팔달구 화서동 724-4,031-298-7502,198208.255,420434.24,2003-12-31,374000001020030020
연은동물병원,영업/정상,경기도 부천시 오정구 역곡로490번길 5 (고강동),경기도 부천시 오정구 고강동 350-8,,183700.153290177,447390.93979608,2003-12-24,386000001020030013
리즈동물병원,영업/정상,"서울특별시 양천구 목동중앙로 43, 1층 (목동, 목동 글로리파크)",서울특별시 양천구 목동 773-3 목동 글로리파크,20621110,188394.976615451,447929.348133359,2003-12-10,314000001020030011
종합동물병원,영업/정상,경상남도 합천군 대양면 동부로 7,경상남도 합천군 대양면 정양리 103-8,,305348.483749775,229135.88920704,2003-12-08,548000001020030002
동물사랑동물병원,영업/정상,서울특별시 마포구 월드컵로 73 (망원동),서울특별시 마포구 망원동 378-3,02-3142-0008,192005.642565774,450350.487300161,2003-12-08,313000001020030008
강남동물병원,영업/정상,제주특별자치도 제주시 중앙로 106 (삼도이동),제주특별자치도 제주시 삼도이동 214-20,,155647.099009438,1482.74809825002,2003-12-05,651000001020010001
진북동물병원,영업/정상,경상남도 창원시 마산합포구 진북면 학동로 537-48,경상남도 창원시 마산합포구 진북면 영학리 211-5,055-271-7271,330971.078417338,184558.14039625,2003-12-05,567000001020031001
신세계동물병원,영업/정상,경상북도 안동시 퇴계로 127 (명륜동),경상북도 안동시 명륜동 328-4,054-858-7553,354883.392819763,342246.644587341,2003-12-04,507000001020030002
메디펫 동물병원,영업/정상,서울특별시 서초구 효령로 384 (서초동),서울특별시 서초구 서초동 1343-1,02-586-7501,202224.044981786,442819.765024889,2003-12-01,321000001020030011
송도종합동물병원,영업/정상,"인천광역시 연수구 한나루로 185, 청학만신당 1층 101,102호 (옥련동)",인천광역시 연수구 옥련동 336-8 청학만신당,032-832-7588,169504.071289177,436050.169228334,2003-11-27,352000001020030002
미래종합동물병원,영업/정상,"전북특별자치도 익산시 하나로 426, 엘드타운 1층 102호 (어양동)",전북특별자치도 익산시 어양동 655-1 엘드타운 102호,,198327.187679373,273119.156764793,2003-11-26,468100001020030002
수제가축병원,영업/정상,경기도 동두천시 중앙로217번길 8 (생연동),경기도 동두천시 생연동 691-107,031-861-2328,204530.726141938,488719.228189422,2003-11-17,392000001020030005
청운동물병원,영업/정상,대전광역시 중구 태평로 36 (유천동),대전광역시 중구 유천동 324-19,042-522-0005,235207.088935931,313317.256588268,2003-11-14,365000001020030001
황제 동물병원,영업/정상,전남광주통합특별시 동구 의재로 27 (학동),전남광주통합특별시 동구 학동 676-12,,193634.983021208,181532.295755772,2003-11-06,580500001020030002
장유동물병원,영업/정상,경상남도 김해시 능동로 11 (삼문동),경상남도 김해시 삼문동 77-14,055-313-7582,363384.80503758,190015.017998152,2003-11-03,535000001020030001
두산메디펫동물병원,영업/정상,대구광역시 수성구 동대구로 24 (지산동),대구광역시 수성구 지산동 1054-1,,346674.126280118,260342.804206552,2003-10-28,346000001020030002
안암동물병원,영업/정상,"서울특별시 동대문구 안암로 40, 1층 (용두동)",서울특별시 동대문구 용두동 732-5,02-925-3686,202296.946950935,453139.055096553,2003-10-24,305000001020030001
참누리동물병원,영업/정상,"경기도 시흥시 대은로 81, 102호, 201호 (대야동, 모비딕빌딩)","경기도 시흥시 대야동 모비딕빌딩  102호,201호",031-318-3375,181992.191375186,438080.194127793,2003-10-21,401000001020030002
남산동물병원,영업/정상,울산광역시 남구 북부순환도로 40 (무거동),울산광역시 남구 무거동 1434-3,,405588.457617126,230386.844511029,2003-10-21,370000001020030006
행복한동물병원,영업/정상,"경기도 부천시 원미구 소향로13번길 14-16, 대맥프라자 (상동)",경기도 부천시 원미구 상동 546-3 대맥프라자,,177820.724608891,444676.998031042,2003-10-17,386000001020030011
문혜동물병원,영업/정상,강원특별자치도 철원군 갈말읍 명성로 279,강원특별자치도 철원군 갈말읍 군탄리 447-12,,227012.018556731,517085.640745634,2003-10-14,430000001020030004
조양래 동물의료센터,영업/정상,"부산광역시 남구 수영로 224-1, 호수약국 (대연동)",부산광역시 남구 대연동 1746-5 호수약국,,390524.549331831,183746.282357667,2003-10-13,331000001020030003
로얄동물병원,영업/정상,경기도 양주시 고암길 58 (고암동),경기도 양주시 고암동 129-1,031-857-7570,206032.185,481011.534999999,2003-10-02,559000001020030008
강남동물병원,영업/정상,"경기도 군포시 산본로343번길 23, 104호 (산본동)",경기도 군포시 산본동 1137-3 옥산프라자 104호,,193760.682443218,428648.90076351,2003-10-02,402000001020060003
이솝동물병원,영업/정상,경기도 광주시 초월읍 경충대로 1264,경기도 광주시 초월읍 대쌍령리 185-1,031-768-8820,225386.463163815,431747.680878323,2003-09-29,554000001020030005
광진동물의료센터,영업/정상,서울특별시 광진구 광나루로 507 (구의동),서울특별시 광진구 구의동 68-37,,207526.590151138,449223.749584778,2003-09-26,304000001020030003
영인동물병원,영업/정상,,제주특별자치도 제주시 이도이동 1060-14,,156860.616668656,166.9770335498,2003-09-20,651000001020030001
강원양돈축산업협동조합동물병원,영업/정상,강원특별자치도 강릉시 솔올로 9 (교동),강원특별자치도 강릉시 교동 1888-3,,365354.054746923,475083.663036931,2003-09-17,420000001020030001
우리종합동물병원,영업/정상,경상남도 김해시 능동로155번길 2 (부곡동),경상남도 김해시 부곡동 1161-8,,364599.679457776,190768.066229212,2003-09-16,535000001020030005
제일동물병원,영업/정상,제주특별자치도 제주시 한림읍 금악로 25,제주특별자치도 제주시 한림읍 금악리 2093-1,,134462.257825608,-14983.1092261583,2003-09-09,651000001020031006
상아동물병원,영업/정상,경상남도 거제시 옥포로26길 23 (옥포동),경상남도 거제시 옥포동 530-3,,354531.422523035,156594.946409084,2003-09-05,537000001020030001
가야종합동물병원,영업/정상,부산광역시 부산진구 가야대로 491 (개금동),부산광역시 부산진구 개금동 186-22,,384527.588979378,185689.613776812,2003-09-03,329000001020030003
차동물병원,영업/정상,부산광역시 북구 금곡대로 304 (화명동),부산광역시 북구 화명동 1469-4,,383277.652059372,194763.900036932,2003-09-02,332000001020030003
통도동물병원,영업/정상,"경상남도 양산시 하북면 신평로 22-1, 통도동물병원",경상남도 양산시 하북면 순지리 691-53 통도동물병원,055-382-7871,389336.13651432,223198.718768584,2003-08-26,538000001020030002
엄궁종합동물병원,영업/정상,부산광역시 사상구 대동로 18(엄궁동),부산광역시 사상구 엄궁동 25-25,051-316-7597,379809.772476092,183277.920634008,2003-08-25,339000001020030003
백산동물병원,영업/정상,경기도 여주시 청심로 99 (하동),경기도 여주시 하동 394-8,031-883-3030,255921.844704637,422138.428360166,2003-08-20,411000001020030003
신베트,영업/정상,"충청남도 홍성군 홍성읍 법원1길 12, 203호",충청남도 홍성군 홍성읍 월산리 859-8 203호,,168761.576045577,344391.559526545,2003-08-20,460000001020030001
늘푸른종합동물병원,영업/정상,대구광역시 북구 칠곡중앙대로 471 (관음동),대구광역시 북구 관음동 1386-7,053-322-9075,339699.929254866,271940.297572072,2003-08-20,345000001020030005
유동물병원,영업/정상,"경기도 의왕시 부곡중앙로 22, 2층 (삼동)",경기도 의왕시 삼동 192-27,,195603.268861974,424313.31540136,2003-08-18,403000001020030003
김대진동물병원,영업/정상,경상북도 영주시 영주로 178 (영주동),경상북도 영주시 영주동 505-1,,344395.101662281,370608.756515075,2003-08-14,509000001019970001
연희동물병원,영업/정상,서울특별시 서대문구 연희로25길 101 (연희동),서울특별시 서대문구 연희동 89-9,,193930.446499491,451877.143836815,2003-08-12,312000001020030005
더독,영업/정상,경기도 고양시 일산동구 고봉로278번길 16 (중산동),경기도 고양시 일산동구 중산동 1667-3,031-977-0154,180390.956863047,464559.984135262,2003-08-02,394000001020020012
가야동물병원,영업/정상,경기도 수원시 팔달구 효원로 49 (매산로3가),경기도 수원시 팔달구 매산로3가 63-3,031-234-8318,200760.336369281,418585.026271718,2003-08-02,374000001020030014
신영통동물병원,영업/정상,경기도 수원시 영통구 영통로 103 (망포동),경기도 수원시 영통구 망포동 570-5,031-204-9006,205097.555414086,415047.725564943,2003-08-01,374000001020030013
한사랑동물병원,영업/정상,서울특별시 용산구 신흥로 36-1 (용산동2가),서울특별시 용산구 용산동2가 45-7,,198816.63972746,448827.72464503,2003-08-01,302000001020030004
좋은동물병원,영업/정상,전남광주통합특별시 서구 운천로 29 (금호동),전남광주통합특별시 서구 금호동 753-2,,187064.130011569,181802.594998289,2003-07-30,581000001020030003
가나동물병원,영업/정상,대구광역시 북구 산격로 109 (산격동),대구광역시 북구 산격동 1216-4,,345123.958864308,267760.090893224,2003-07-28,345000001020030004
푸른동물병원,영업/정상,경기도 광주시 고불로 54 (중대동),경기도 광주시 중대동 17-10,,220477.988292893,432377.976458336,2003-07-24,554000001020030002
두류동물병원,영업/정상,대구광역시 달서구 성당로 21 (성당동),대구광역시 달서구 성당동 211-3,,340738.803778742,261033.026149169,2003-07-24,347000001020030006
아름다운동물병원,영업/정상,"경기도 부천시 원미구 상일로 100, 송내부건프라자 (상동)",경기도 부천시 원미구 상동 401-1 송내부건프라자,,178104.816341839,443262.007187175,2003-07-23,386000001020030006
호크종합동물병원,영업/정상,충청남도 논산시 중앙로398번길 2 (취암동),충청남도 논산시 취암동 1051-1,,207977.301058954,299909.154263395,2003-07-21,454000001020030003
서경석동물병원,영업/정상,"서울특별시 강남구 일원로 35, 남경빌딩 1층 (일원동)",서울특별시 강남구 일원동 684 남경빌딩 1층,02-3412-0067,207112.195695469,443163.101895121,2003-07-19,322000001020030013
위즈동물병원,영업/정상,서울특별시 강북구 도봉로 202 (미아동),서울특별시 강북구 미아동 197-9,02-987-7959,202252.685889614,458266.094612693,2003-07-18,308000001020030005
제일종합동물병원,영업/정상,서울특별시 금천구 독산로 58 (시흥동),서울특별시 금천구 시흥동 837-37,,191634.03001625,438938.604807179,2003-07-11,317000001020030001
분당에덴동물병원,영업/정상,경기도 광주시 능평로 168 (능평동),경기도 광주시 능평동 175-9,,,,2003-07-09,554000001020030001
이용철동물병원,영업/정상,"경기도 고양시 일산서구 고양대로 688, 201호 (일산동)",경기도 고양시 일산서구 일산동 646-1,,179854.219202599,464610.373864229,2003-07-03,394000001020030010
러브펫종합동물병원,영업/정상,서울특별시 관악구 남부순환로 1429 (신림동),서울특별시 관악구 신림동 564-3,02-837-8875,191931.67685502,442114.455572179,2003-07-03,320000001020030005
창문동물병원,영업/정상,서울특별시 강북구 월계로 35 (미아동),서울특별시 강북구 미아동 48-24,02-988-0251,202914.28277604,456532.141186728,2003-06-26,308000001020030004
강북종합,영업/정상,충청남도 공주시 번영1로 54 (신관동),충청남도 공주시 신관동 642-1,,211964.837232423,330162.843749985,2003-06-25,450000001020030016
신동,영업/정상,충청남도 공주시 공주대학로 23-44 (신관동),충청남도 공주시 신관동 197 3통4반 새뜸현대아파트 402동 2204호,,212094.357492117,329735.638010592,2003-06-25,450000001020030009
이기영수의과병원,영업/정상,충청남도 공주시 감영길 7 (반죽동),충청남도 공주시 반죽동 194-3 2통2반,,210871.215266005,327999.382022128,2003-06-25,450000001020030008
대관령,영업/정상,충청남도 공주시 웅진로 209 (산성동),충청남도 공주시 산성동 174-39 3통5반,,211104.939617547,328695.641578679,2003-06-25,450000001020030007
충남,영업/정상,충청남도 공주시  웅진로  98-3 (중학동),충청남도 공주시 중학동 91-2 91-2,,211028.029713045,327585.26358846,2003-06-25,450000001020030006
공주동물병원,영업/정상,충청남도 공주시 왕릉로 141-1 (금성동),충청남도 공주시 금성동 184-7 184-7,,210917.385,329278.755,2003-06-25,450000001020030004
한국동물병원,영업/정상,충청남도 공주시 장기로 139-4 (금흥동),충청남도 공주시 금흥동 35-3 현대아파트 404동 102호,,213812.100925236,331274.67804709,2003-06-25,450000001020030001
민락동물병원,영업/정상,경기도 의정부시 용현로 130 (민락동),경기도 의정부시 민락동 738-6,031-852-7542,207899.07496007,470951.325883865,2003-06-21,382000001020030006
중부동물병원,영업/정상,대구광역시 중구 달구벌대로 2114 (봉산동),대구광역시 중구 봉산동 53-2,,343967.748782351,263925.43618933,2003-06-19,341000001020030002
해맑은동물병원,영업/정상,제주특별자치도 제주시 과원로 64 (연동),제주특별자치도 제주시 연동 1395-6,,152520.076810983,-2137.90583212296,2003-06-13,651000001020030005
Dr. dog 동물영상의료센터,영업/정상,경기도 고양시 일산동구 일산로394번길 5-11 (정발산동),경기도 고양시 일산동구 정발산동 1294-4,,180629.358181067,463166.489098148,2003-06-13,394000001020030008
해피동물병원,영업/정상,전남광주통합특별시 광산구 하남대로 279 (신가동),전남광주통합특별시 광산구 신가동 930-9,,183911.498092744,186704.011425106,2003-06-12,582500001020030002
해태동물병원,영업/정상,서울특별시 강동구 동남로73길 26 (명일동),,02-427-5685,213607.080568254,450119.168256979,2003-06-07,324000001020030005
둔촌동물병원,영업/정상,서울특별시 강동구 양재대로 1385 (성내동),서울특별시 강동구 성내동 415-1,02-474-5100,212003.885525669,447526.554465662,2003-06-07,324000001020030003
강동동물병원,영업/정상,"서울특별시 강동구 양재대로121길 13, 101동 102호 (천호동, 동인씨엘로)",서울특별시 강동구 천호동 52-15 동인씨엘로,02-472-7343,212367.436951409,448910.259595477,2003-06-07,324000001020030002
두루동물병원,영업/정상,서울특별시 강동구 구천면로 498-1 (명일동),,02-442-7772,213510.67624499,449651.323226599,2003-05-30,324000001020030001
헤세드동물병원,영업/정상,"경기도 이천시 마장면 마장로 16, 마장타워 1층 109호",경기도 이천시 마장면 오천리 428-12,031-642-7582,231332.169497488,416862.812585705,2003-05-29,407000001020030012
서울우유협동조합유우진료소,영업/정상,서울특별시 중랑구 중랑천로 71 (상봉동),서울특별시 중랑구 상봉동 137-7,02-2094-8344,206321.919332707,454381.762925507,2003-05-28,306000001020030002
이영준동물병원,영업/정상,전북특별자치도 완주군 봉동읍 봉동동서로 40,전북특별자치도 완주군 봉동읍 낙평리 926-3,063-263-5100,214144.685040211,270529.805547372,2003-05-27,472100001020030001
주주동물병원,영업/정상,전남광주통합특별시 북구 필문대로 75 (풍향동),전남광주통합특별시 북구 풍향동 581-20,,193345.652447143,184856.849978565,2003-05-23,582000001020040004
반딧불 동물병원,영업/정상,"경기도 고양시 일산서구 중앙로 1443, 가람상가 208호 (주엽동)",경기도 고양시 일산서구 주엽동 110-2 가람상가 208호,,178734.035214849,463140.211764088,2003-05-20,394000001020030007
PET25시동물병원,영업/정상,경기도 평택시 평택로 69 (평택동),경기도 평택시 평택동 59-39,,207516.742035408,387938.685850562,2003-05-17,391000001020030002
굿모닝동물병원,영업/정상,대구광역시 북구 대천로 72-1 (동천동),대구광역시 북구 동천동 932-4,,340446.127644863,271863.435834217,2003-05-16,345000001020030003
영민동물병원,영업/정상,경상북도 안동시 경북대로 555 (송현동),경상북도 안동시 송현동 419-1,054-858-8575,351878.733636768,343233.26757682,2003-05-15,507000001020030001
흙 동물병원,영업/정상,충청남도 예산군 예산읍 천변로 205,충청남도 예산군 예산읍 예산리 203,,186611.439576285,353146.785972398,2003-05-13,461000001019900001
평창축협동물병원,영업/정상,강원특별자치도 평창군 평창읍 노성로 67,강원특별자치도 평창군 평창읍 하리 3,033-334-2312,323886.72457589,431234.166027544,2003-05-13,428000001020030001
교래 말 전문병원,영업/정상,제주특별자치도 제주시 구좌읍 세화경마루길 14-14,제주특별자치도 제주시 구좌읍 세화리 1972,,185449.838948243,551.802032166677,2003-05-12,651000001020031004
길음동물병원,영업/정상,"서울특별시 성북구 동소문로 248 (길음동, 삼부상가 102동 6,7호)",서울특별시 성북구 길음동 1276,,202029.981799661,455605.716911266,2003-05-12,307000001020030004
보계동물병원,영업/정상,경상남도 양산시 양주2길 11 (중부동),경상남도 양산시 중부동 680-8,055-374-0488,384545.099771623,206333.770812382,2003-05-10,538000001020030001
준동물병원,영업/정상,서울특별시 송파구 위례성대로 178 (오금동),서울특별시 송파구 오금동 3,,211484.290827004,445340.765258539,2003-05-07,323000001020030006
캐비어동물병원,영업/정상,충청남도 논산시 계백로 1006-3 (취암동),충청남도 논산시 취암동 1040-16,,207915.886672201,300311.905496534,2003-05-01,454000001020030002
주주동물종합병원,영업/정상,"서울특별시 강남구 선릉로 412, 1층 (대치동)",서울특별시 강남구 대치동 898-8 1층,02-556-0975,204402.510687947,444390.692975457,2003-04-24,322000001020030006
토론토 동물병원,영업/정상,"서울특별시 양천구 등촌로 172, 등촌빌딩 A동 102호 (목동)",서울특별시 양천구 목동 657-21 등촌빌딩,26428653,187788.82257199,449204.635182585,2003-04-24,314000001020030007
신정 동물병원,영업/정상,"서울특별시 양천구 오목로 198-1, 1층 (신정동)",서울특별시 양천구 신정동 987-3,26977576,187507.502548024,447012.966763513,2003-04-22,314000001020030006
민들레동물병원,영업/정상,경상남도 진주시 진양호로 427-1 (인사동),경상남도 진주시 인사동 198-15,,297642.018981407,188331.706096308,2003-04-18,531000001019960001
수사랑 동물병원,영업/정상,"대전광역시 유성구 노은서로108번길 47, 102호 (노은동)",대전광역시 유성구 노은동 496-10 102호,,228413.917256951,318807.823035944,2003-04-16,367000001020030005
심동물병원,영업/정상,전남광주통합특별시 곡성군 옥과면 리문5길 15,전남광주통합특별시 곡성군 옥과면 리문리 409-3,,212330.621181263,197294.019444856,2003-04-15,583500001020030001
연두동물병원,영업/정상,"전남광주통합특별시 광산구 신창로 52, 1층 101호 (신창동)",전남광주통합특별시 광산구 신창동 1215-4,,185107.616309496,187867.940423528,2003-04-11,582500001020030001
신성동물병원,영업/정상,경기도 포천시 내촌면 내촌로 73-8,경기도 포천시 내촌면 내리 312-1,,220012.378000513,476047.551188012,2003-04-11,560000001020030003
영중동물병원,영업/정상,경기도 포천시 영중면 양문로 82-1,경기도 포천시 영중면 양문리 772-12,,221257.170561553,499726.452473379,2003-04-11,560000001020030002
정철 동물병원,영업/정상,울산광역시 북구 진장17길 11 (진장동),울산광역시 북구 진장동 727-4,052-287-0348,413478.903451483,231692.117235205,2003-04-11,372000001020030001
사랑동물병원,영업/정상,경상북도 구미시 인동5길 6 (인의동),경상북도 구미시 인의동 840-1,,327990.368758437,290193.224185343,2003-04-09,508000001020030003
로얄펫동물병원,영업/정상,경기도 의정부시 신흥로 171 (의정부동),경기도 의정부시 의정부동 594-2,,203749.27887599,469879.270738033,2003-04-08,382000001020030002
신촌동물병원,영업/정상,경기도 의정부시 신흥로 357-1 (가능동),경기도 의정부시 가능동 648-23,,203675.065530482,471757.179544994,2003-04-08,382000001020030001
고성동물병원,영업/정상,"강원특별자치도 고성군 간성읍 간성북로7번길 18, 나탈리아아트컬렉션",강원특별자치도 고성군 간성읍 신안리 360-11 나탈리아아트컬렉션,,328396.580626881,542974.82410008,2003-04-07,434000001020030001
대형동물병원,영업/정상,서울특별시 강북구 한천로 1135(수유동),서울특별시 강북구 수유동 266-20,,201538.864478395,460390.345091214,2003-04-07,308000001020030003
운남동물병원,영업/정상,전남광주통합특별시 광산구 하남대로 273 (신가동),전남광주통합특별시 광산구 신가동 930-5,,183856.52,186707.86,2003-04-04,582500001020030010
녹십자동물병원,영업/정상,전남광주통합특별시 광산구 광산로 96-1 (송정동),전남광주통합특별시 광산구 송정동 652-1,,181783.075597749,182572.002771926,2003-04-04,582500001020030006
피그월드 동물병원,영업/정상,"충청남도 홍성군 홍성읍 백월로 86, 102호",충청남도 홍성군 홍성읍 월산리 459 102호,,167723.973867267,344071.021042464,2003-04-03,460000001020030002
두타동물병원,영업/정상,강원특별자치도 삼척시 중앙로 245-2 (남양동),강원특별자치도 삼척시 남양동 18-16 8통4반,,391763.205544848,440328.132152911,2003-04-03,424000001020030004
동해삼척태백축산업협동조합 동물병원,영업/정상,강원특별자치도 삼척시 중앙로 217 (남양동),강원특별자치도 삼척시 남양동 329-12,,391750.172534232,440027.155108403,2003-04-03,424000001020030003
어진종합동물병원,영업/정상,대구광역시 달서구 월배로 182 (상인동),대구광역시 달서구 상인동 255-2,,338561.653391448,258559.713839615,2003-04-02,347000001020030003
제주축산업협동조합 동물병원,영업/정상,제주특별자치도 제주시 동문로 41 (일도일동),제주특별자치도 제주시 일도일동 1073,,156346.905921033,1967.47965291405,2003-03-31,651000001020030008
의양동물병원,영업/정상,"경기도 양주시 은현면 은현로 40, 1층",경기도 양주시 은현면 선암리 318-1,,202002.173186388,485542.79246452,2003-03-31,559000001020030011
김동물병원,영업/정상,경기도 양주시 광적면 광적로 119,경기도 양주시 광적면 석우리 417-5,031-879-4650,198136.467785929,480710.794541047,2003-03-31,559000001020030007
백석동물병원,영업/정상,경기도 양주시 백석읍 꿈나무로 163,경기도 양주시 백석읍 오산리 541-3,031-879-7433,198979.588359666,476930.598612029,2003-03-31,559000001020030005
광적동물병원,영업/정상,경기도 양주시 광적면 가래비길 39,경기도 양주시 광적면 가납리 728-12 1통4반,031-836-3507,198735.130042664,480010.414050609,2003-03-31,559000001020030003
오수의과동물병원,영업/정상,"충청북도 진천군 진천읍 원덕로 342, 원주민부동산",충청북도 진천군 진천읍 읍내리 30-1 원주민부동산,,240029.608678219,372892.228210815,2003-03-31,445000001020030001
이담동물병원,영업/정상,"경기도 동두천시 중앙로 134-12 (지행동, 예일복합타워(104,105))",경기도 동두천시 지행동 694 201호,,204612.769606342,487830.95262615,2003-03-31,392000001020030001
중부동물병원,영업/정상,충청북도 단양군 단양읍 삼봉로 319,충청북도 단양군 단양읍 별곡리 333,,321825.67527031,387943.715584933,2003-03-28,448000001020030001
헬로우동물병원,영업/정상,대구광역시 달서구 선원로 262 (용산동),대구광역시 달서구 용산동 499-1,,337345.812818699,263103.592157533,2003-03-28,347000001020030002
참조은 동물병원,영업/정상,"부산광역시 사하구 낙동대로 280, 303동 104호 (괴정동, 사하역 비스타 동원)",부산광역시 사하구 괴정동 1284 사하역 비스타 동원,,380920.554169365,179674.110046112,2003-03-26,334000001020030002
메트로동물병원,영업/정상,"부산광역시 남구 분포로 61, 빌리브센트로 B동 B227,B228호 (용호동)","부산광역시 남구 용호동 958 빌리브센트로 B동 B227,호",051-623-7588,392463.221261721,183403.499935071,2003-03-24,331000001020030001
희망동물병원,영업/정상,전남광주통합특별시 남구 천변좌로 394 (사동),전남광주통합특별시 남구 사동 79,062-671-8288,192084.977945913,182764.436592362,2003-03-19,581500001020030007
신림종합동물병원,영업/정상,서울특별시 관악구 신림로 157-1 (신림동),서울특별시 관악구 신림동 395-53,02-877-5599,193994.513608216,441211.956328551,2003-03-19,320000001020030003
다솜동물병원,영업/정상,"전남광주통합특별시 남구 독립로 82, 1층 (백운동)",전남광주통합특별시 남구 백운동 348-1,,191046.194686294,182418.678815433,2003-03-18,581500001020030005
최광호동물병원,영업/정상,전남광주통합특별시 남구 방림로 10 (방림동),전남광주통합특별시 남구 방림동 566,062-673-4047,192507.689314958,181530.724684788,2003-03-18,581500001020030003
노아동물병원,영업/정상,전남광주통합특별시 남구 대남대로 407 (월산동),전남광주통합특별시 남구 월산동 930-18,062-363-4860,189808.893154742,183110.083618509,2003-03-18,581500001020030002
하태흥반려동물의료센터,영업/정상,인천광역시 남동구 만수로 10 (만수동),인천광역시 남동구 만수동 102-8,,176090.579393593,439584.438879359,2003-03-18,353000001020030003
형제동물병원(출장진료전문),영업/정상,경상남도 함양군 함양읍 돌북1길 27,경상남도 함양군 함양읍 백연리 340,,265394.124293573,224340.563536044,2003-03-15,546000001020030008
신성가축병원,영업/정상,경상남도 함양군 함양읍 중앙시장길 17 (신성가축병원),경상남도 함양군 함양읍 용평리 646-2,,266159.273175624,224480.746054629,2003-03-15,546000001020030007
진동물병원(출장전문),영업/정상,"경상남도 함양군 함양읍 용평5길 37, 진동물병원",경상남도 함양군 함양읍 용평리 647-5 진동물병원,,266101.220335977,224380.995669699,2003-03-15,546000001020030006
이수의과동물병원(출장진료전문),영업/정상,경상남도 함양군 안의면 종로길 11-6,경상남도 함양군 안의면 금천리 115-5,,273607.519960715,236772.16260145,2003-03-15,546000001020030002
홍성낙협서산지점,영업/정상,충청남도 서산시 부춘1로 47 (읍내동),충청남도 서산시 읍내동 587-3,,150418.042309196,365088.437808942,2003-03-12,453000001020030001
한빛 동물병원,영업/정상,경기도 수원시 장안구 만석로19번길 29 (천천동),경기도 수원시 장안구 천천동 527-3 105호,031-252-2119,198430.307445911,421626.500488085,2003-03-11,374000001020030006
다원축산동물병원,영업/정상,대전광역시 유성구 원내로51번길 22 (원내동),대전광역시 유성구 원내동 101-5,,228790.22694813,311169.784278089,2003-03-10,367000001020030001
김동물병원,영업/정상,"경기도 안산시 상록구 화랑로 501, 1층동 103호 (성포동,예술프라자)",경기도 안산시 상록구 성포동 583-5 예술프라자 1층동 103호,,186090.60217664,424329.659743303,2003-03-08,393000001020030002
CH동물병원,영업/정상,서울특별시 강동구 구천면로 322 (천호동),서울특별시 강동구 천호동 233-145 19통4반,02-488-7510,211916.228910522,449541.375632359,2003-03-07,324000001020030009
24시 건국 본 동물병원,영업/정상,"인천광역시 미추홀구 인하로 287, 2층 (주안동)",인천광역시 미추홀구 주안동 1464-22,032-864-0075,171614.844164113,438502.570884745,2003-03-04,351000001020030001
바른 동물병원,영업/정상,"전북특별자치도 전주시 덕진구 동부대로 841, 1층 (호성동1가)",전북특별자치도 전주시 덕진구 호성동1가 587-22,063-241-7275,213615.079809287,262410.616300044,2003-02-28,464100001020030003
밀양축협동물병원,영업/정상,경상남도 밀양시 중앙로 264-6 (삼문동),경상남도 밀양시 삼문동 226-5,,359315.877452752,222204.899733465,2003-02-27,536000001020030001
반송동물병원,영업/정상,부산광역시 해운대구 아랫반송로 11-1 (반송동),부산광역시 해운대구 반송동 257-248,,395445.927913872,193925.812823937,2003-02-25,333000001020030001
동물은내친구,영업/정상,서울특별시 동작구 사당로 252 (사당동),서울특별시 동작구 사당동 321-114,02-582-7708,197790.556730166,442326.174711123,2003-02-25,319000001020030001
감춘영가축병원,영업/정상,"경상남도 남해군 남해읍 화전로43번길 4, 가축병원",경상남도 남해군 남해읍 서변리 138-2 가축병원,,281745.582541737,148840.943853913,2003-02-24,543000001020030001
에니펫동물병원,영업/정상,충청남도 천안시 동남구 터미널2로 8 (신부동),충청남도 천안시 동남구 신부동 816 대흥빌딩,,214070.522552721,368702.732111359,2003-02-13,449000001020030001
동원동물병원,영업/정상,경상남도 사천시 사천읍 진삼로 1527,경상남도 사천시 사천읍 수석리 180-4,,298889.169971052,177055.887296919,2003-02-11,534000001020030001
공원애견동물병원,영업/정상,"경기도 안산시 상록구 오목로 78 (본오동,1층)",경기도 안산시 상록구 본오동 722-1 1층,,188110.51,420901.775000001,2003-02-04,393000001020030005
내방동물병원,영업/정상,"서울특별시 서초구 서초대로 108, 2층 (방배동)",서울특별시 서초구 방배동 898-3,34738274,199410.881389269,442807.588410592,2003-02-04,321000001020030003
한강동물병원,영업/정상,서울특별시 노원구 노원로34길 76 (상계동),서울특별시 노원구 상계동 430-13,,205760.070207788,462233.044847674,2003-01-30,310000001020030001
드림동물병원,영업/정상,서울특별시 성북구 동소문로 74 (동소문동5가),서울특별시 성북구 동소문동5가 8-1,,201140.235380844,454391.621845133,2003-01-30,307000001020030001
오렌지동물병원,영업/정상,서울특별시 성동구 행당로8길 41-2 (행당동),서울특별시 성동구 행당동 322-100,02-2297-7582,202931.789940848,450419.387012901,2003-01-24,303000001020030007
평생피부과동물병원,영업/정상,"서울특별시 성동구 행당로 76, 110호 (행당동, 한진노변상가)",서울특별시 성동구 행당동 346 한진노변상가 110호,02-3395-0075,202511.142930696,450401.303715561,2003-01-24,303000001020030006
태성동물병원「산업동물 출장진료 전문」,영업/정상,경기도 이천시 구만리로 325 (갈산동),경기도 이천시 갈산동 85-4,,241311.614924011,419992.82988141,2003-01-22,407000001020030003
중부동물병원 「산업동물 출장진료 전문」,영업/정상,경기도 이천시 남천로 63-1 (중리동),경기도 이천시 중리동 208-8,031-634-3030,239348.314316887,419559.655382033,2003-01-22,407000001020030002
경기동물전문병원「산업동물 출장진료 전문」,영업/정상,경기도 이천시 남천로 65 (중리동),경기도 이천시 중리동 208-7,,239361.7600641,419558.864292174,2003-01-22,407000001020030001
참사랑동물병원,영업/정상,"경기도 남양주시 도농로 32, 306호 (도농동)",경기도 남양주시 도농동 1-10 306호,,214064.826160483,456356.063885567,2003-01-22,399000001020030002
고병기동물병원,영업/정상,"경기도 수원시 권선구 덕영대로1201번길 16, 세일프라자 101호 (권선동)",경기도 수원시 권선구 권선동 1192-2 세일프라자 101호,031-236-7582,201946.76195423,416431.225185333,2003-01-22,374000001020030001
덕수동물병원,영업/정상,"인천광역시 남동구 구월로 65 (간석동, 현대홈타운 102동 상가104호)",인천광역시 남동구 간석동 900-153,,173203.475038039,439592.596974408,2003-01-22,353000001020030001
개금동물병원,영업/정상,부산광역시 사상구 가야대로 367 (주례동),부산광역시 사상구 주례동 23-2,,383345.200417545,185460.585513187,2003-01-22,339000001020030001
신도림동물병원,영업/정상,"서울특별시 구로구 경인로 661, 신도림1차푸르지오 101동 139호 (신도림동)",서울특별시 구로구 신도림동 337 신도림1차푸르지오 101동 139호,26363992,190005.132500398,445250.538868558,2003-01-21,316000001020030002
경북대동물병원,영업/정상,경상북도 경주시 안강읍 안현로 1553,경상북도 경주시 안강읍 안강리 304-4,,400857.256335937,279347.593825031,2003-01-20,505000001020030001
현풍동물병원,영업/정상,대구광역시 달성군 유가읍 테크노공원로 51,대구광역시 달성군 유가읍 봉리 613,053-614-3570,331838.761722146,244537.750024761,2003-01-15,348000001020030006
구지동물병원,영업/정상,대구광역시 달성군 구지면 창리로11길 33,대구광역시 달성군 구지면 창리 429-3,,327697.977320854,240816.056786303,2003-01-15,348000001020030003
해맑은동물병원,영업/정상,"서울특별시 강서구 양천로57길 10-20 (가양동, 이스타빌Ⅰ)",서울특별시 강서구 가양동 1480-5 10통7반 이스타빌1 502호,36637584,186943.885592447,451159.513463994,2003-01-15,315000001020030004
굿프렌즈동물병원,영업/정상,"경기도 용인시 수지구 용구대로 2794, 남곡빌딩 1층 102호 (죽전동)",경기도 용인시 수지구 죽전동 915-3 남곡빌딩,,209623.710694829,425913.145681997,2003-01-14,564000001020030001
수동물병원,영업/정상,서울특별시 서초구 방배중앙로 149 (방배동),서울특별시 서초구 방배동 790-27,,198732.246033702,443365.92231754,2003-01-13,321000001020030002
푸른동물병원,영업/정상,전북특별자치도 군산시 팔마로 154-1 (동흥남동),전북특별자치도 군산시 동흥남동 400-15,063-466-8711,174521.842519457,274840.237618401,2003-01-11,467100001020030001
명성동물병원,영업/정상,전남광주통합특별시 장흥군 관산읍 정남진로 16-1,전남광주통합특별시 장흥군 관산읍 옥당리 430-9,061-867-3444,194443.029262149,118226.032786704,2003-01-06,586000001020030004
희망동물병원,영업/정상,전남광주통합특별시 장흥군 장흥읍 중앙로 38-1,전남광주통합특별시 장흥군 장흥읍 건산리 722-17,061-863-1149,191487.089690299,131222.745960492,2003-01-06,586000001020030003
현대동물병원,영업/정상,전남광주통합특별시 장흥군 장흥읍 동교1길 47,전남광주통합특별시 장흥군 장흥읍 건산리 395-2,061-864-6888,191700.553098193,131123.273344351,2003-01-06,586000001020030002
천관동물병원,영업/정상,"전남광주통합특별시 장흥군 장흥읍 건산동부로 113, 천관동물병원 1층",전남광주통합특별시 장흥군 장흥읍 건산리 561,,191706.370307942,131938.103353414,2003-01-06,586000001020030001
도그앤피플 동물병원,영업/정상,"울산광역시 남구 대학로 39, 1층 (무거동)",울산광역시 남구 무거동 583-17,,404567.078417796,228969.916670079,2003-01-03,370000001020030002
참동물병원,영업/정상,"서울특별시 노원구 동일로 1530 (상계동, 다모아빌딩)",서울특별시 노원구 상계동 2-1 부영(아) 109-1903,,205053.302838704,462521.779042418,2002-12-30,310000001020020008
원효종합동물병원,영업/정상,서울특별시 용산구 새창로 122-2(용문동),서울특별시 용산구 용문동 25-36,,196459.674190442,448255.165737565,2002-12-30,302000001020020014
청산동물병원,영업/정상,전남광주통합특별시 해남군 해남읍 안동길 38-18,전남광주통합특별시 해남군 해남읍 안동리 268,,161859.380219011,117088.433549159,2002-12-27,587000001020020007
가나다동물병원,영업/정상,전남광주통합특별시 해남군 해남읍 중앙2로 155,전남광주통합특별시 해남군 해남읍 고도리 473-1,,162718.349740837,118703.951893448,2002-12-27,587000001020020006
다도해동물병원,영업/정상,전남광주통합특별시 해남군 북평면 달량진길 48,전남광주통합특별시 해남군 북평면 남창리 295-2,,165699.220515441,100854.087527789,2002-12-27,587000001020020004
열린동물종합병원,영업/정상,"서울특별시 용산구 원효로 171, 신영빌딩 (원효로2가)",서울특별시 용산구 원효로2가 84-10 신영빌딩,32730075,196549.89584221,448153.524398611,2002-12-27,302000001020020009
배곧동물병원,영업/정상,"경기도 시흥시 배곧3로 96, 131호 (정왕동, M-플러스)",경기도 시흥시 정왕동 2514 131호,031-503-6611,176020.267577341,429797.394821987,2002-12-26,401000001020020006
중곡동물병원,영업/정상,서울특별시 광진구 긴고랑로 47 (중곡동),서울특별시 광진구 중곡동 241-34,,207137.468593835,451166.351150671,2002-12-26,304000001020020001
홍제동물병원,영업/정상,서울특별시 서대문구 통일로 463 (홍제동),서울특별시 서대문구 홍제동 330-54,,194873.372298953,454149.190304917,2002-12-24,312000001019980001
한마음동물병원,영업/정상,서울특별시 은평구 갈현로 35 (신사동),서울특별시 은평구 신사동 9-34,,191993.241663672,455411.934758025,2002-12-24,311000001020020004
효창동물병원,영업/정상,서울특별시 용산구 백범로 293 (효창동),서울특별시 용산구 효창동 70-11,,196561.891893717,448563.455747747,2002-12-23,302000001020020003
남산동물병원,영업/정상,"서울특별시 용산구 후암로 51, 지상1층 (후암동)",서울특별시 용산구 후암동 63-1 지상1층,,197907.242547187,449803.89961095,2002-12-23,302000001020020002
장미동물병원(출장진료전문동물병원),영업/정상,"전남광주통합특별시 담양군 담양읍 죽향대로 1169, 남도한우 3층",전남광주통합특별시 담양군 담양읍 백동리 680-4,,198158.967677255,201186.197131913,2002-12-21,583000001020020006
21세기종합동물병원,영업/정상,부산광역시 북구 만덕대로 34 (덕천동),부산광역시 북구 덕천동 383-3,,382847.489671454,192011.470529529,2002-12-21,332000001020020001
홈종합동물병원,영업/정상,"경기도 김포시 풍무로 85, 1동 4층 (풍무동)",경기도 김포시 풍무동 407-19,031-986-9975,175328.957999749,455696.179869569,2002-12-20,409000001020020003
해맑은동물병원,영업/정상,인천광역시 남동구 장승로 24 (만수동),인천광역시 남동구 만수동 1079-3,,176513.349304618,438198.704539862,2002-12-13,353000001020020003
서울플러스종합동물병원,영업/정상,"서울특별시 강서구 등촌로 55, 신진통상빌딩 (화곡동)",서울특별시 강서구 화곡동 772-71 신진통상빌딩,26527515,187845.607491496,448071.203005256,2002-12-13,315000001020020019
문수동물병원,영업/정상,전남광주통합특별시 여수시 율촌면 봉전길 3,전남광주통합특별시 여수시 율촌면 상봉리 168,,250740.583326518,147141.38432012,2002-12-12,578500001020020008
신일환동물병원,영업/정상,전남광주통합특별시 여수시 쌍봉로 43 (학동),전남광주통합특별시 여수시 학동 11-16,,260414.807449011,141109.41180357,2002-12-12,578500001020020006
여수동물병원,영업/정상,전남광주통합특별시 여수시 좌수영로 32 (서교동),전남광주통합특별시 여수시 서교동 224-1,,266627.8676285,138543.037634628,2002-12-12,578500001020020005
돌산동물병원,영업/정상,전남광주통합특별시 여수시 돌산읍 망월대길 13,전남광주통합특별시 여수시 돌산읍 군내리 535,,266225.3693195,124360.529766557,2002-12-12,578500001020020001
연두 동물병원,영업/정상,"경기도 수원시 권선구 서수원로577번길 341, 상가동 1층 B127호 (금곡동, 수원모아미래도센트럴타운1단지)",경기도 수원시 권선구 금곡동 1078 수원모아미래도센트럴타운1단지 상가동 B127호,031-294-8277,194444.549154702,419297.263520557,2002-12-12,374000001020020007
염창제일동물병원,영업/정상,"서울특별시 강서구 양천로 651, 1층 (염창동)",서울특별시 강서구 염창동 244-26,36657582,188426.376682991,450097.964880696,2002-12-05,315000001020020014
미래동물병원,영업/정상,"서울특별시 강서구 강서로 45 (화곡동, 미래동물병원)",서울특별시 강서구 화곡동 425-1 8통6반 청구빌라 301호,26080234,185891.098820069,447597.645520329,2002-12-05,315000001020020013
강서동물병원,영업/정상,"서울특별시 강서구 곰달래로15길 46 (화곡동, 강서동물병원)",서울특별시 강서구 화곡동 421-23,26915900,185747.731504051,447787.148406951,2002-12-05,315000001020020011
우장동물병원,영업/정상,"서울특별시 강서구 화곡로 143 (화곡동, 충효빌딩)",서울특별시 강서구 화곡동 904 8통8반 목동신시가지아파트 405동 805호,26027582,185582.007190235,448778.356672536,2002-12-05,315000001020020009
고득영동물병원,영업/정상,"서울특별시 강서구 곰달래로 199 (화곡동, 고득영동물병원)",서울특별시 강서구 화곡동 861-8 9통2반,26080973,187118.34741588,447697.851916315,2002-12-05,315000001020020008
박동물병원,영업/정상,"서울특별시 강서구 강서로 333, 104호 105호 (내발산동)",서울특별시 강서구 내발산동 655-12,36655982,185521.368171349,450368.363433796,2002-12-05,315000001020020007
황하동물병원,영업/정상,"서울특별시 강서구 금낭화로 52 (방화동, 세성빌딩)",서울특별시 강서구 방화동,26647773,183311.035546951,451970.423594114,2002-12-05,315000001020020003
용봉동물병원,영업/정상,"서울특별시 강서구 강서로17길 20 (화곡동, 용봉동물병원)",서울특별시 강서구 화곡동 349-23 21통2반,26030781,186195.351584525,447881.317300911,2002-12-05,315000001020020001
PET119동물병원,영업/정상,전남광주통합특별시 목포시 옥암로 129 (상동),전남광주통합특별시 목포시 상동 854-8,,147273.067851905,145850.942314796,2002-12-04,578000001020020002
금쪽같은내새끼 동물병원,영업/정상,서울특별시 은평구 연서로 185 (갈현동),서울특별시 은평구 갈현동 462-25,,192675.457894782,457005.682881862,2002-12-03,311000001020020003
금란동물병원,영업/정상,"서울특별시 중랑구 용마산로 532, 금란동물병원 (망우동)",서울특별시 중랑구 망우동 364-27 금란동물병원,,208814.147876688,455130.344037856,2002-12-03,306000001020020003
해피올동물병원,영업/정상,"경기도 포천시 소흘읍 호국로 571, 정우빌딩",경기도 포천시 소흘읍 송우리 494-1 정우빌딩,,212275.960069033,480062.060884211,2002-12-01,560000001020020003
경남동물병원,영업/정상,경상남도 밀양시 남천강변로 43-4 (내일동),경상남도 밀양시 내일동 644,,358874.46689088,222734.027292834,2002-11-29,536000001020020002
가야동물병원,영업/정상,경상남도 밀양시 백민로 101-1 (내이동),경상남도 밀양시 내이동 1559-22,,358293.390842808,223835.304981328,2002-11-29,536000001020020001
혜성동물병원,영업/정상,경상남도 밀양시 백민로7길 9-6 (내이동),경상남도 밀양시 내이동 1569-13,,358483.767791704,223614.718911147,2002-11-29,536000001020010001
대웅동물병원,영업/정상,경상남도 밀양시 중앙로 384-1 (내이동),경상남도 밀양시 내이동 725-5,,358810.007530003,223222.623052765,2002-11-29,536000001019920001
무안동물병원,영업/정상,경상남도 밀양시 무안면 사명로 485-1,경상남도 밀양시 무안면 무안리 818-36 2통,,349790.757839854,219991.437735603,2002-11-29,536000001019720001
J&C 동물병원「산업동물 출장진료 전문」,영업/정상,경기도 이천시 설성면 신암로 91,경기도 이천시 설성면 신필리 244-20,031-643-5545,248692.137280794,403900.899047,2002-11-29,407000001020020002
대구가축병원,영업/정상,"경상북도 울진군 울진읍 울진중앙로 80, 스피드텔레콤",경상북도 울진군 울진읍 읍내리 296-7 스피드텔레콤,,413531.227049761,390195.614580627,2002-11-27,525000001020020002
가나동물병원,영업/정상,서울특별시 도봉구 방학로 162 (방학동),서울특별시 도봉구 방학동 665-11 2통6반 삼익세라믹아파트 105동 503호,34914748,202939.218770156,462258.903610454,2002-11-26,309000001020020001
하나동물병원,영업/정상,"경기도 김포시 관순로 4 (사우동, 1층상가)",경기도 김포시 사우동 1015 1층상가,,174846.018435275,457719.185605783,2002-11-23,409000001020020002
수호천사동물병원,영업/정상,경기도 안양시 만안구 박달로 551 (안양동),경기도 안양시 만안구 안양동 693-12,031-451-7582,,,2002-11-21,383000001020020002
가나종합동물병원,영업/정상,"경상북도 경산시 성암로21길 3-7 (옥산동, 동현빌)",경상북도 경산시 옥산동 758-7,,356058.468045155,259662.026467258,2002-11-18,513000001020160003
횡성바엘가축병원,영업/정상,강원특별자치도 횡성군 횡성읍 한우로 277-4,강원특별자치도 횡성군 횡성읍 읍하리 112-42,,287050.163121992,443503.986096224,2002-11-16,426000001020020003
자연동물병원,영업/정상,전남광주통합특별시 북구 황계로 59 (운암동),전남광주통합특별시 북구 운암동 348-2,,188645.426074739,186533.412684199,2002-11-07,582000001020040008
현대동물병원,영업/정상,,충청북도 음성군 금왕읍 무극리 551-25,,252457.807637301,387478.178194801,2002-11-05,447000001020020001
애견종합병원,영업/정상,경기도 용인시 처인구 금령로 26 (김량장동),경기도 용인시 처인구 김량장동 333-2,,217583.44655214,414768.43709987,2002-11-05,405000001020020005
푸른동물종합병원,영업/정상,"경기도 시흥시 은행로 130, 102호 (은행동)",경기도 시흥시 은행동 539-7 40통5반 102호,031-404-7588,182228.035061262,437845.224968691,2002-11-01,401000001020020005
메디펫우리동물병원,영업/정상,울산광역시 남구 번영로 147-1 (달동),울산광역시 남구 달동 589-1,,410982.966202059,229008.763928331,2002-11-01,370000001020020004
사랑이있는동물병원,영업/정상,서울특별시 강동구 구천면로 446 (명일동),서울특별시 강동구 명일동,02-428-7893,212967.326934145,449677.159165055,2002-10-30,324000001020020003
워리워리,영업/정상,경기도 고양시 일산서구 대산로223번길 8-26 (대화동),경기도 고양시 일산서구 대화동 2141,,178087.95054199,464107.08164569,2002-10-28,394000001020020011
문수동물병원,영업/정상,"울산광역시 남구 대학로 164, 102호 (무거동, 웰츠타워)",울산광역시 남구 무거동 461 웰츠타워,052-223-5575,405168.736901345,230008.739818431,2002-10-25,370000001020020003
북악동물병원,영업/정상,서울특별시 종로구 자하문로 293 (홍지동),서울특별시 종로구 홍지동 127-7 5통5반 지층 3호,,196420.140799836,455175.041431888,2002-10-25,300000001020020001
피그헬스동물병원,영업/정상,충청남도 논산시 연무읍 득안대로 467,충청남도 논산시 연무읍 죽평리 374-1,,208912.326165402,290081.700233343,2002-10-18,454000001020020001
솔샘동물병원,영업/정상,"서울특별시 강북구 삼양로27길 19, 상가 204동 108호 (미아동, 삼성래미안트리베라아파트)",서울특별시 강북구 미아동 812 삼성래미안트리베라아파트,,201731.684416461,457219.335594234,2002-10-15,308000001020020002
대한동물병원,영업/정상,강원특별자치도 횡성군 횡성읍 중앙로 12,강원특별자치도 횡성군 횡성읍 읍하리 556-5,,287011.229148384,443430.797295863,2002-09-18,426000001020020002
잠실종합동물병원,영업/정상,"서울특별시 송파구 송파대로 388, 창영빌딩 (송파동)",서울특별시 송파구 송파동 96-6 창영빌딩,02-415-7585,209676.418724217,444469.52835088,2002-09-16,323000001020020008
25시동물의료센터,영업/정상,"서울특별시 송파구 삼전로 80, 남관빌딩 (삼전동)",서울특별시 송파구 삼전동 5-3 남관빌딩,02-419-1351,207835.267975002,444818.136471765,2002-09-16,323000001020020007
디아크동물종합병원,영업/정상,서울특별시 동작구 장승배기로27길 18 (노량진동),서울특별시 동작구 노량진동 246-1,02-816-7582,194540.460292957,445499.769649145,2002-09-14,319000001020020001
그림동물병원,영업/정상,충청남도 천안시 동남구 대흥로 320 (성황동),충청남도 천안시 동남구 성황동 10-16,041-568-7277,213381.423935584,368329.02977775,2002-09-13,449000001020020006
에덴동물병원,영업/정상,경기도 수원시 팔달구 정조로 685 (매교동),경기도 수원시 팔달구 매교동 141-5,031-224-2470,201461.052571814,418629.306593505,2002-09-11,374000001020020006
웅상동물병원,영업/정상,"경상남도 양산시 덕계로 66, 웅상동물병원 (덕계동)",경상남도 양산시 덕계동 736-3 웅상동물병원,055-366-0300,395394.715488022,210374.114065617,2002-09-09,538000001020020001
늘푸른종합동물병원,영업/정상,강원특별자치도 원주시 만대로 15 (무실동),강원특별자치도 원주시 무실동 1723-2,033-747-7585,281792.305221912,427027.40278275,2002-08-30,419000001020020004
현리동물병원,영업/정상,경기도 가평군 조종면 현창로 70 (현리동물병원),경기도 가평군 조종면 현리 303-6,,230438.340032529,479828.062881792,2002-08-29,416000001020020001
하나로동물병원,영업/정상,전남광주통합특별시 서구 상무중앙로 101 (치평동),전남광주통합특별시 서구 치평동 1185-3,062-371-0750,186056.694692286,184094.521420116,2002-08-27,581000001020020001
가람동물병원,영업/정상,경상북도 경주시 외동읍 입실로3길 32,경상북도 경주시 외동읍 입실리 1046-17,,410203.362196162,248653.938735849,2002-08-26,505000001020020002
참사랑동물병원,영업/정상,"서울특별시 노원구 한글비석로 272, 101호 (중계동, 중원코아빌딩)",서울특별시 노원구 중계동 366-10 중원코아빌딩 101호,02-938-1122,206777.882449354,461042.637067385,2002-08-19,310000001020020004
안동봉화축협동물병원,영업/정상,"경상북도 안동시 제비원로 152, 안동봉화축협 (광석동)",경상북도 안동시 광석동 20-4 안동봉화축협,,354009.085466143,341897.55901699,2002-08-13,507000001020020001
튼튼동물병원,영업/정상,"부산광역시 남구 수영로334번길 3, 2층 (대연동)",부산광역시 남구 대연동 39-22,051-621-7555,391546.849899376,184145.767058596,2002-08-13,331000001020020002
남산동물병원,영업/정상,"서울특별시 중구 다산로 32, 5상가동 217호 (신당동, 남산타운)",서울특별시 중구 신당동 844 남산타운,22568275,200750.455125653,449638.824308081,2002-08-10,301000001020000002
혜인종합동물병원,영업/정상,강원특별자치도 원주시 나비허리길 60 (단구동),강원특별자치도 원주시 단구동 1619-5,033-766-1475,284908.84361098,425014.972919399,2002-08-08,419000001020020003
25시종합동물병원,영업/정상,"대구광역시 달서구 월배로 330-1, 1층 (송현동)",대구광역시 달서구 송현동 798-244 1층,053-651-1101,339718.235486993,259405.658811091,2002-08-08,347000001020020003
중앙동물병원,영업/정상,전남광주통합특별시 담양군 담양읍 추성로 1327,전남광주통합특별시 담양군 담양읍 객사리 268,,198402.223893143,202302.674639066,2002-08-06,583000001020020003
당고개동물병원,영업/정상,서울특별시 노원구 덕릉로 810-1 (상계동),서울특별시 노원구 상계동 71-225 23통5반,02-932-7582,207362.586624063,463118.059221797,2002-08-06,310000001020020003
원 종합동물병원,영업/정상,경기도 오산시 대원로 37-1 (원동),경기도 오산시 원동 758-8,031-374-1175,206382.362481311,404971.819310055,2002-08-03,400000001020020001
우리가축병원,영업/정상,"전북특별자치도 완주군 고산면 읍내5길 8, 나래빌딩",전북특별자치도 완주군 고산면 읍내리 549-22 나래빌딩,063-262-8575,218773.059898997,274991.999925375,2002-08-02,472100001020020001
펫콤동물병원,영업/정상,경기도 수원시 팔달구 월드컵로 363 (우만동),경기도 수원시 팔달구 우만동 480-40,031-252-2501,202662.774686539,420853.28582743,2002-07-31,374000001020020005
상동물병원,영업/정상,경기도 부천시 원미구 조마루로97번길 34-9 (상동),경기도 부천시 원미구 상동 564-14,032-328-0079,178297.368300479,444430.908300295,2002-07-26,386000001020020003
나라동물병원,영업/정상,"대구광역시 수성구 수성로 185, 상가201동 116호 (중동, 수성 골드클래스 더 센텀)",대구광역시 수성구 중동 356-7 수성 골드클래스 더 센텀 상가201동 116호,,345513.841619671,261458.148130329,2002-07-26,346000001020020007
변수의과동물병원,영업/정상,대구광역시 동구 동촌로 154 (검사동),대구광역시 동구 검사동 957-41,,349614.267888084,266132.43774862,2002-07-22,342000001020020001
사랑으로동물병원,영업/정상,경상남도 창원시 마산회원구 합성서1길 157 (합성동),경상남도 창원시 마산회원구 합성동 129-12,055-253-7507,344251.629922831,194884.270345358,2002-07-20,567000001020021006
현대동물병원,영업/정상,충청북도 충주시 번영대로 144 (연수동),충청북도 충주시 연수동 539-1 34통3반,043-851-3040,283021.522755779,387660.955672362,2002-07-16,439000001020020001
푸우동물병원,영업/정상,대전광역시 중구 동서대로 1433-1 (중촌동),대전광역시 중구 중촌동 398-6,042-223-5775,237164.549862213,315099.561826613,2002-07-16,365000001020020002
에덴동물병원,영업/정상,"전남광주통합특별시 진도군 진도읍 남산로 86, 상가동 101호 (진도 라포엠 아파트)",전남광주통합특별시 진도군 진도읍 남동리 857 진도 라포엠 아파트 상가동 101호,061-542-2785,132219.61232203,108577.535962243,2002-07-15,590500001020020001
조규만외과동물병원,영업/정상,"경기도 부천시 원미구 부일로 226, 대명그린프라자 (상동)",경기도 부천시 원미구 상동 463 대명그린프라자,032-656-7582,178264.429057343,442917.930896891,2002-07-09,386000001020020001
쥬라기동물병원,영업/정상,서울특별시 강동구 올림픽로 703 (천호동),,02-488-7463,210994.485707652,449118.394295589,2002-07-09,324000001020020001
프란다스동물병원,영업/정상,"서울특별시 서대문구 거북골로 120, 상가 205동 (남가좌동, DMC센트레빌)",서울특별시 서대문구 남가좌동 381 DMC센트레빌 상가 205동,,192480.02944094,452634.55767379,2002-07-08,312000001020020002
애니케어 동물병원 수유점,영업/정상,서울특별시 강북구 삼양로 499 (수유동),서울특별시 강북구 수유동 279-290,,201189.008870362,460598.09310599,2002-06-19,308000001020020003
혜인종합 동물병원,영업/정상,"서울특별시 양천구 등촌로 218, 혜인빌딩 (목동)",서울특별시 양천구 목동 613-8 혜인빌딩,26451475,187903.989509689,449662.909076605,2002-06-05,314000001020020004
토평동물병원,영업/정상,"경기도 구리시 장자대로 80, 2층 (수택동)",경기도 구리시 수택동 874-3,031-566-5800,212242.919331725,453896.555480067,2002-05-28,398000001020020001
유수의과병원,영업/정상,경기도 이천시 모가면 대월로63번길 70,경기도 이천시 모가면 진가리 110-25,031-632-8853,242646.291626455,407854.07916024,2002-05-27,407000001020020003
세림종합동물병원,영업/정상,"대구광역시 달서구 구마로 218, 2층 (송현동)",대구광역시 달서구 송현동 56-1 나동 2층,053-652-0815,340112.726925606,260737.609848933,2002-05-27,347000001020020002
가나동물병원,영업/정상,충청남도 아산시 온천대로 1525 (온천동),충청남도 아산시 온천동 80-5,,200582.965727975,364396.172781478,2002-05-25,452000001020020002
선동물병원,영업/정상,대구광역시 수성구 화랑로 102 (만촌동),대구광역시 수성구 만촌동 1328-13,,347849.494713636,264849.266321435,2002-05-21,346000001020020006
해피동물병원,영업/정상,경기도 남양주시 와부읍 덕소로 218,경기도 남양주시 와부읍 도곡리 997-10,,219398.585326319,453043.196953524,2002-05-17,399000001020020002
현대동물병원,영업/정상,경상남도 진주시 진양호로 465-1 (인사동),경상남도 진주시 인사동 140-11,,297995.168799352,188502.936495985,2002-05-16,531000001020020002
동물사랑동물병원,영업/정상,"경기도 안산시 단원구 선부로 195 (선부동, 서울빌딩)",경기도 안산시 단원구 선부동 1087-30 104호,,183686.909385269,426661.407016462,2002-05-16,393000001020020005
하이펫동물병원,영업/정상,"경기도 수원시 영통구 덕영대로1556번길 16, 디지털엠파이어빌딩 E동 134호 (영통동)",경기도 수원시 영통구 영통동 980-3 디지털엠파이어빌딩 E동 134호,031-205-0075,205249.495788632,415913.273839865,2002-05-16,374000001020020009
두리동물병원,영업/정상,경기도 수원시 권선구 정조로 596 (세류동),경기도 수원시 권선구 세류동 150-8,031-225-7533,201187.187361599,417777.800868527,2002-05-16,374000001020020004
박물관옆동물병원,영업/정상,"대구광역시 달서구 구마로 136, 1층 (본동)",대구광역시 달서구 본동 821-1,053-526-8234,339291.289001348,260743.635744437,2002-05-09,347000001020020001
중앙동물병원,영업/정상,"제주특별자치도 제주시 노연로 131, 두성빌딩 1층 (연동)",제주특별자치도 제주시 연동 293-19 두성빌딩,,152924.820206521,-1045.10519626251,2002-05-03,651000001020020004
필동물종합병원,영업/정상,서울특별시 양천구 등촌로 16 (목동),서울특별시 양천구 목동 805-1,26490774,187920.960482882,447697.341636562,2002-05-03,314000001020020002
가족동물병원,영업/정상,"전북특별자치도 군산시 월명로 211, 군산수송동우체국 1층 (수송동)",전북특별자치도 군산시 수송동 820-6 군산수송동우체국,063-446-6688,174236.04,273661.415,2002-05-02,467100001020020001
늘푸른동물병원,영업/정상,"서울특별시 송파구 마천로5길 16, 우일빌딩 (오금동)",서울특별시 송파구 오금동 17-2 우일빌딩,02-449-0101,211178.183227105,445262.746389068,2002-05-01,323000001020020003
KRH동물병원,영업/정상,"경기도 김포시 봉화로181번길 36, 삼환아파트 상가동 지하층 8호 (감정동)",경기도 김포시 감정동 659 삼환아파트 상가동 지하8호,,173418.444486411,458381.226210813,2002-04-30,409000001020020001
남문동물병원,영업/정상,"경기도 수원시 팔달구 정조로 727, 1층 (중동)",경기도 수원시 팔달구 중동 111-1,031-248-0075,201369.30107686,419011.673191868,2002-04-22,374000001020020002
라파엘종합동물병원,영업/정상,서울특별시 서대문구 연희로 132 (연희동),서울특별시 서대문구 연희동 88-20,02-333-8632,194015.975621882,451882.816548061,2002-04-19,312000001020020001
리옹동물병원,영업/정상,경상남도 김해시 우암로 65 (내동),경상남도 김해시 내동 1108-10,,369327.760566059,194612.961135924,2002-04-18,535000001020020001
프렌즈동물병원,영업/정상,전북특별자치도 전주시 완산구 거마평로 86 (삼천동1가),전북특별자치도 전주시 완산구 삼천동1가 592-1,063-227-4975,210509.93549959,255554.570921437,2002-04-17,464100001020020004
우리동물병원,영업/정상,경기도 포천시 중앙로 50 (신읍동),경기도 포천시 신읍동 70,031-536-0229,217416.123169528,487686.032574861,2002-04-16,560000001020020002
우주동물병원,영업/정상,충청북도 증평군 증평읍 창신로 45,충청북도 증평군 증평읍 창동리 791,043-838-4275,251554.076136068,364621.610440543,2002-04-12,557000001020020002
귀족동물병원,영업/정상,경기도 수원시 장안구 수성로350번길 4 (영화동),경기도 수원시 장안구 영화동 448-1,031-254-7518,200838.539507241,421200.140942152,2002-04-12,374000001020020001
아프리카 동물의료센터,영업/정상,"인천광역시 부평구 장제로340번길 5, 덕성빌딩 3층 (삼산동)",인천광역시 부평구 삼산동 427-5 덕성빌딩 3층,032-508-7582,176287.369818163,446026.15504006,2002-04-11,354000001020020001
현대종합동물병원,영업/정상,서울특별시 강북구 노해로 94 (수유동),서울특별시 강북구 수유동 252-199,,201963.315348042,460155.648754806,2002-04-11,308000001020020001
사랑동물병원,영업/정상,대구광역시 수성구 달구벌대로 2259 (수성동4가),대구광역시 수성구 수성동4가 1236-44,,345357.835403098,263522.111983461,2002-04-04,346000001020020004
하늘가축병원,영업/정상,강원특별자치도 횡성군 횡성읍 한우로 347,강원특별자치도 횡성군 횡성읍 읍상리 124-3,,287583.576528334,443098.863124758,2002-04-03,426000001020020001
도담동물병원,영업/정상,부산광역시 부산진구 망양로 973 (범천동),부산광역시 부산진구 범천동 1298-114,,387270.493860377,184486.504332198,2002-03-28,329000001020030001
양지동물병원,영업/정상,"서울특별시 관악구 남부순환로191길 6, 제이에스빌딩 1층 (봉천동)",서울특별시 관악구 봉천동 959-9 제이에스빌딩,02-874-3535,194128.542770127,442576.937598994,2002-03-28,320000001020020001
노은동물병원,영업/정상,대전광역시 유성구 은구비로 46 (지족동),대전광역시 유성구 지족동 910-24,,228655.361248625,319476.946865987,2002-03-27,367000001020020001
김해축협동물병원,영업/정상,경상남도 김해시 한림면 김해대로1271번길 5,경상남도 김해시 한림면 명동리 934-4,055-331-9494,365202.806163847,200169.770419994,2002-03-26,535000001019940003
울산 사랑동물병원,영업/정상,울산광역시 남구 중앙로 165-1 (신정동),울산광역시 남구 신정동 657-1,,409752.122914312,228695.350372185,2002-03-22,370000001019900001
신천동물병원,영업/정상,경기도 시흥시 호현로22번길 27 (신천동),경기도 시흥시 신천동 709-10,031-315-3727,181089.183614231,437631.292475563,2002-03-21,401000001020020002
한빛 동물병원,영업/정상,전남광주통합특별시 목포시 부흥로 49 (상동),전남광주통합특별시 목포시 상동 996-2,061-283-0139,147479.408541225,144997.865143075,2002-03-13,578000001020020001
방주종합동물병원,영업/정상,서울특별시 광진구 능동로 334 (중곡동),서울특별시 광진구 중곡동 161-27,,207082.19653446,450786.420735596,2002-03-07,304000001020020003
청아동물병원,영업/정상,경상북도 영주시 목민로 53-1 (휴천동),경상북도 영주시 휴천동 642-985,,344373.223911235,368725.049783089,2002-03-06,509000001020020002
동물은 내친구 동물병원,영업/정상,경기도 안산시 상록구 반석로 5 (본오동),경기도 안산시 상록구 본오동 879-16,,187624.041807855,421744.5493746,2002-03-04,393000001020020003
동물의왕국동물병원,영업/정상,"서울특별시 송파구 거마로 56, 121호 (거여동, 송파시그니처롯데캐슬)",서울특별시 송파구 거여동 202-180 송파시그니처롯데캐슬,02-406-4814,213149.522764117,443705.473072412,2002-02-15,323000001020020001
작은 친구 동물병원,영업/정상,"경기도 고양시 덕양구 토당로42번길 13-15, 능곡역프라자 103호 (토당동)",경기도 고양시 덕양구 토당동 855-1,031-970-9204,184137.491076053,457573.402451911,2002-02-06,394000001020020001
가람동물병원,영업/정상,경상남도 창원시 마산회원구 3·15대로 846 (합성동),경상남도 창원시 마산회원구 합성동 134-2,055-292-7375,344584.169162909,195159.098816512,2002-01-31,567000001020021001
우리동물병원(산업),영업/정상,"제주특별자치도 제주시 한림읍 산록남로 53, 성이시돌피정의집",제주특별자치도 제주시 한림읍 금악리 116 성이시돌피정의집,,136768.435637091,-16480.6864900218,2002-01-28,651000001020020002
제일동물병원,영업/정상,"강원특별자치도 원주시 평원로 27, 1층 (중앙동)",강원특별자치도 원주시 중앙동 148,033-745-5125,284325.827224808,427862.029437666,2002-01-24,419000001020020001
우정동물병원,영업/정상,경기도 광주시 곤지암읍 대석동길 73,경기도 광주시 곤지암읍 곤지암리 394,,230457.440718531,427931.834750818,2002-01-18,554000001020020001
지산동물병원,영업/정상,대구광역시 수성구 지범로 89 (지산동),대구광역시 수성구 지산동 1258-13,,347386.147824384,259644.133591432,2002-01-18,346000001020020001
울산 이승진동물병원,영업/정상,울산광역시 남구 삼산로 94 (달동),울산광역시 남구 달동 1400-5,,410157.208937794,228556.745020248,2002-01-16,370000001020020001
이완섭동물병원,영업/정상,전북특별자치도 순창군 순창읍 경천1로 114,전북특별자치도 순창군 순창읍 교성리 659-8,063-653-9007,212902.708810683,207662.85306511,2002-01-15,477100001020040001
행복한동물병원,영업/정상,충청북도 청주시 흥덕구 복대로 136 (복대동),충청북도 청주시 흥덕구 복대동 1927,043-233-7582,239389.210185509,347567.467080423,2002-01-05,573000001020022002
김수의과병원&lt;산업동물출장진료전문병원&gt;,영업/정상,경상남도 창녕군 영산면 영산장마로 745,경상남도 창녕군 영산면 서리 216-9,055-521-0438,338401.203068703,218611.011645169,2002-01-04,541000001020020001
영도동물병원,영업/정상,부산광역시 영도구 태종로 111 (영선동1가),부산광역시 영도구 영선동1가 20-4,051-415-2566,386238.845285659,178803.059670609,2002-01-04,328000001020020001
행복을찾는동물병원,영업/정상,전북특별자치도 김제시 남북로 289 (서암동),전북특별자치도 김제시 서암동 13,,189536.495302014,256604.196731585,2001-12-31,471100001020010002
정동물병원,영업/정상,전남광주통합특별시 나주시 공산면 공산로 123-1,전남광주통합특별시 나주시 공산면 금곡리 870-7,,164155.115748463,160469.666538011,2001-12-27,579500001020010003
미래지동물의료센터,영업/정상,"서울특별시 중구 다산로 107, 2층 (신당동)",서울특별시 중구 신당동 368-19,22337574,200783.119589726,450153.784342829,2001-12-26,301000001020010001
온양동물병원,영업/정상,충청남도 아산시 번영로 133 (온천동),충청남도 아산시 온천동 1791,041-541-1222,200429.480967989,364988.600939665,2001-12-24,452000001020010002
방배한강동물병원,영업/정상,"서울특별시 서초구 방배로 204 (방배동,지상1층)",서울특별시 서초구 방배동 811-11 지상1층,,199178.539234036,443278.752365411,2001-12-17,321000001020010005
동수원동물종합병원(권선점),영업/정상,"경기도 수원시 권선구 동수원로242번길 6, 114호,206호 (권선동)",경기도 수원시 권선구 권선동 1296-2 114호,031-237-1212,203024.133527662,416561.316285249,2001-12-14,374000001020010003
21세기동물병원,영업/정상,전남광주통합특별시 목포시 영산로 503 (상동),전남광주통합특별시 목포시 상동 127-6,061-279-0006,146606.770015608,145935.759523112,2001-12-12,578000001020010001
해동물병원,영업/정상,서울특별시 종로구 지봉로 53-1 (창신동),서울특별시 종로구 창신동 80-1,02-744-9098,201300.617267399,452512.234050389,2001-12-11,300000001020010002
정강동물병원,영업/정상,충청남도 아산시 번영로216번길 36 (모종동),충청남도 아산시 모종동 580-3,,201129.60178488,364440.358504967,2001-12-06,452000001020010001
김영복수의과병원,영업/정상,경상북도 경산시 경안로38길 14 (중방동),경상북도 경산시 중방동 864-11,,356989.793694289,259771.098614235,2001-12-01,513000001020010001
김성록동물병원,영업/정상,경기도 수원시 장안구 서부로 2132 (율전동),경기도 수원시 장안구 율전동 288-6,031-297-2975,197462.420395164,421848.642877526,2001-11-27,374000001020010004
증평동물병원,영업/정상,충청북도 증평군 증평읍 중앙로 230,충청북도 증평군 증평읍 교동리 39,,252010.407572449,365065.866077736,2001-11-26,557000001020010002
C.T.종합동물병원,영업/정상,"서울특별시 마포구 만리재로 74, 2상가 117호 (신공덕동, 신공덕2차삼성래미안)",서울특별시 마포구 신공덕동 159 신공덕2차삼성래미안,02-6375-0075,196221.545738817,449347.258524764,2001-11-24,313000001020010004
다온동물의료센터,영업/정상,강원특별자치도 춘천시 남춘천새길 4 (퇴계동),강원특별자치도 춘천시 퇴계동 1113,033-261-7582,264537.865,484474.685,2001-11-19,418000001020010001
대신동물병원,영업/정상,부산광역시 서구 망양로 19-1 (서대신동3가),부산광역시 서구 서대신동3가 490-1,051-254-2304,383451.63794055,181120.918140321,2001-11-16,326000001020010001
한성동물병원,영업/정상,"경기도 수원시 팔달구 세지로 279-1, 101호 (지동, 포레스트)",경기도 수원시 팔달구 지동 365-20 포레스트 101호,031-232-5831,201991.594122296,419337.584933663,2001-11-07,374000001020010006
미래동물병원,영업/정상,대전광역시 동구 용운로 117 (용운동),대전광역시 동구 용운동 431-1,,240817.574465465,314245.535379163,2001-10-25,364000001020010001
분평종합동물병원,영업/정상,충청북도 청주시 서원구 청남로 2013(분평동),충청북도 청주시 서원구 분평동 246-14,,243300.691441632,345766.125525006,2001-10-20,572500001020012002
이박사동물병원,영업/정상,울산광역시 중구 중앙길 75 (성남동),울산광역시 중구 성남동 182-8,,410078.141124116,230855.506385643,2001-10-20,369000001020010001
한양한방동물병원,영업/정상,"인천광역시 제물포구 우현로90번길 27, 1층 (용동)",인천광역시 제물포구 용동 133,,,,2001-10-17,350100001020011003
한양한방동물병원,영업/정상,"인천광역시 중구 우현로90번길 27, 1층 (용동)",인천광역시 중구 용동 133,,,,2001-10-17,349000001020010003
피그벳동물병원「산업동물 출장진료 전문」,영업/정상,경기도 이천시 이섭대천로 914(율현동),경기도 이천시 율현동 193-2,,239301.87881687,416777.458789637,2001-10-11,407000001020010003
고창,영업/정상,전북특별자치도 고창군 고창읍 동리로 137,전북특별자치도 고창군 고창읍 읍내리 169,,173349.155449329,214845.302236919,2001-09-24,478100001020010001
사랑동물병원,영업/정상,경기도 의정부시 금신로 317 (신곡동),경기도 의정부시 신곡동 519-26,,205437.370339346,471351.75295462,2001-09-07,382000001020010003
제일동물병원,영업/정상,"경기도 군포시 산본로 394, 1동 108,109호 (산본동, 대림프라자)",경기도 군포시 산본동 1099-2 대림프라자 108호,,193696.742392293,429245.936418065,2001-08-25,402000001020010001
신세계동물병원,영업/정상,"대구광역시 수성구 들안로 262, 효정빌딩 1층 (수성동3가)",대구광역시 수성구 수성동3가 347-18 효정빌딩 1층,,346032.389400844,262681.511509936,2001-08-25,346000001020010006
리틀쥬동물의료원,영업/정상,울산광역시 남구 봉월로 104 (신정동),울산광역시 남구 신정동 576-18,,409088.138279489,229335.144306386,2001-08-16,370000001020010002
한라동물병원,영업/정상,충청남도 부여군 부여읍 부장대로 4,충청남도 부여군 부여읍 동남리 546-6,041-832-8321,191453.808454219,308408.733931737,2001-08-14,457000001020010001
하나사랑동물병원,영업/정상,"서울특별시 동작구 상도로 171, 1층 (상도동)",서울특별시 동작구 상도동 366-24,02-822-7574,194447.902547563,444700.625640711,2001-08-07,319000001020010002
미래펫 동물병원,영업/정상,울산광역시 남구 중앙로 218-1 (신정동),울산광역시 남구 신정동 186-9,,409633.201206081,229202.755084336,2001-08-01,370000001020010001
강릉축협동물병원,영업/정상,강원특별자치도 강릉시 용지로 20 (입암동),강원특별자치도 강릉시 입암동 448,,368523.976003866,474097.98738103,2001-07-23,420000001020010002
가나동물병원,영업/정상,"경기도 성남시 수정구 수정로 160 (신흥동, 신흥상가)",경기도 성남시 수정구 신흥동 5536,,212126.02157325,437823.445317378,2001-07-14,378000001020010005
그린동물병원,영업/정상,"부산광역시 부산진구 전포대로 274 (전포동, 서면대우디오빌2)",부산광역시 부산진구 전포동 181-1 서면대우디오빌2 104호,051-817-4749,388153.839025721,186593.504685927,2001-07-11,329000001020010001
푸른동물병원,영업/정상,부산광역시 해운대구 해운대로61번길 104 (반여동),부산광역시 해운대구 반여동 1291-1346,,393889.399596591,190459.955546585,2001-07-02,333000001020010002
더독동물병원,영업/정상,서울특별시 은평구 서오릉로 140 (대조동),서울특별시 은평구 대조동 224-24,,192656.302129643,456562.163418874,2001-07-02,311000001020010001
신영동물병원,영업/정상,서울특별시 서대문구 통일로 489 (홍은동),서울특별시 서대문구 홍은동 217-30 나호,32171081,194713.554020305,454374.304953586,2001-06-28,312000001020010002
추영재동물병원,영업/정상,"대전광역시 대덕구 한밭대로 1027, 1층 (오정동)",대전광역시 대덕구 오정동 62-1,,236964.035464558,317641.120686496,2001-06-22,368000001020010002
송파동물의료센터,영업/정상,서울특별시 송파구 송파대로 378 (송파동),서울특별시 송파구 송파동 97-14,02-424-3662,209744.136012455,444378.559331522,2001-06-21,323000001020010001
속초동물의료센터,영업/정상,강원특별자치도 속초시 수복로 69 (교동),강원특별자치도 속초시 교동 741-5,033-638-0075,338097.74413995,522950.002378182,2001-06-19,423000001020010001
우신종합동물병원,영업/정상,서울특별시 영등포구 신길로 168 (신길동),서울특별시 영등포구 신길동 232-15,,192081.391357898,445002.688462087,2001-06-15,318000001020010002
우리들동물종합병원,영업/정상,"서울특별시 노원구 동일로 1280, 116호 (중계동, 시영2단지상가)",서울특별시 노원구 중계동 512 시영2단지상가 116호,,205805.621561106,460041.339536101,2001-06-13,310000001020010002
성지동물병원,영업/정상,서울특별시 중랑구 면목로 311 (면목동),서울특별시 중랑구 면목동 634-5,,207683.608993998,453071.827543665,2001-05-31,306000001020010004
방주동물병원,영업/정상,전남광주통합특별시 북구 설죽로 326 (오치동),전남광주통합특별시 북구 오치동 762-2,,190746.178062777,187706.035403291,2001-05-30,582000001020040011
신세계 동물병원,영업/정상,"전남광주통합특별시 동구 남문로 589, 402동 104-2호 (용산동, 무등산골드클래스2차)",전남광주통합특별시 동구 용산동 747 무등산골드클래스2차,,,,2001-05-30,580500001020010001
신화,영업/정상,충청남도 서산시 안견로 247-1 (동문동),충청남도 서산시 동문동 1012-24,,151371.890472104,364167.957307724,2001-05-24,453000001020010001
보람동물병원,영업/정상,경상남도 진주시 진양호로 261 (평거동),경상남도 진주시 평거동 5-19,,296750.240891323,186956.259687289,2001-05-23,531000001020010001
미래동물병원,영업/정상,서울특별시 노원구 공릉로 168 (공릉동),서울특별시 노원구 공릉동 94-6 13통7반 301호,,206999.128357387,458076.020375863,2001-05-23,310000001020010001
케이나인종합동물병원,영업/정상,"서울특별시 구로구 개봉로 38-1, 광훈빌딩 2층 (개봉동)",서울특별시 구로구 개봉동 403-144 2층,26863939,187231.22625573,442997.652714191,2001-05-22,316000001020010002
풍지동물병원,영업/정상,경상북도 포항시 남구 중앙로 148 (해도동),경상북도 포항시 남구 해도동 33-73,,413387.773444913,283241.830230455,2001-05-17,502000001020010002
햇살동물병원,영업/정상,경기도 하남시 신장로 176 (덕풍동),경기도 하남시 덕풍동 383-10,,217630.322787681,448783.183949835,2001-05-15,404000001020010002
진정훈동물병원,영업/정상,"서울특별시 중랑구 봉화산로 39-1, 유정빌딩 2층 (중화동)",서울특별시 중랑구 중화동 305-44 유정빌딩,22070073,206886.476566053,455496.619419948,2001-05-09,306000001020010003
대학동물병원,영업/정상,"서울특별시 성북구 화랑로 299, 2층 210호 (장위동, 석계역 한일노벨리아시티)",서울특별시 성북구 장위동 8-2 석계역 한일노벨리아시티 210호,,205326.144810215,456806.432445774,2001-05-07,307000001020010002
장평25시동물종합병원,영업/정상,서울특별시 동대문구 장한로 139 (장안동),서울특별시 동대문구 장안동 307-3,02-2215-2022,206237.158132452,452292.449080256,2001-05-02,305000001020010001
서울종합동물병원,영업/정상,"경기도 안양시 동안구 흥안대로 492 (관양동,1층)",경기도 안양시 동안구 관양동 1507-14 1층,031-422-7565,197940.463532311,432855.691339719,2001-04-30,383000001020010004
성남동물병원,영업/정상,"경기도 성남시 중원구 둔촌대로 243, 3호 (하대원동)",경기도 성남시 중원구 하대원동 127-3 3호,,212773.154834781,436296.35130343,2001-04-24,378000001020010004
다래동물병원,영업/정상,서울특별시 강동구 구천면로 289 (천호동),,02-474-0117,211723.368575566,449296.322354931,2001-04-13,324000001020010002
강북동물병원,영업/정상,서울특별시 성북구 종암로 65 (종암동),서울특별시 성북구 종암동 19-1,,203035.963955756,454877.349574275,2001-04-12,307000001020010004
천안공주낙농농협동물병원,영업/정상,충청남도 공주시 신덕마을길 5 (신관동),충청남도 공주시 신관동 534-2 449-74,,210763.613535739,330491.319889902,2001-04-10,450000001020070001
아마존,영업/정상,경기도 고양시 덕양구 중앙로558번길 21 (행신동),경기도 고양시 덕양구 행신동 944,031-972-7582,185447.426056462,458048.974229598,2001-04-06,394000001020010002
신도시동물병원,영업/정상,"부산광역시 해운대구 좌동순환로 178, 2층 (좌동)",부산광역시 해운대구 좌동 1289-4 한솔빌딩,,398114.725350373,188646.73136878,2001-04-02,333000001020010001
송진우동물병원,영업/정상,"충청북도 보은군 보은읍 뱃들3길 6, 상가",충청북도 보은군 보은읍 이평리 134-12 상가,,264942.865992074,332091.851477961,2001-03-29,442000001020010001
중앙동물병원,영업/정상,경기도 안양시 만안구 안양로 258 (안양동),경기도 안양시 만안구 안양동 622-216,031-444-0275,,,2001-03-23,383000001020010003
조은동물병원,영업/정상,"제주특별자치도 서귀포시 동문로 40, 태흥장식 (서귀동)",제주특별자치도 서귀포시 서귀동 270-7 태흥장식,064-762-0243,159377.988554333,-27212.9809377595,2001-03-16,652000001020010001
원주 문막동물병원,영업/정상,"강원특별자치도 원주시 문막읍 구암길 7, 1층",강원특별자치도 원주시 문막읍 건등리 315,033-735-7582,273424.286583186,424354.604756201,2001-03-16,419000001020010001
장암종합동물병원,영업/정상,경기도 의정부시 동일로 468(신곡동),경기도 의정부시 신곡동 336-1,,205169.341833849,469748.582949619,2001-03-09,382000001020010001
스마일동물병원,영업/정상,전북특별자치도 군산시 공단대로 429 (나운동),전북특별자치도 군산시 나운동 845-5,063-466-8886,172384.937430671,273601.341711853,2001-03-07,467100001020010001
러브펫,영업/정상,경기도 하남시 신평로 58 (신장동),경기도 하남시 신장동 427-35,,218070.736515949,448509.761147997,2001-03-07,404000001020010001
진동물병원,영업/정상,대구광역시 서구 국채보상로 407 (비산동),대구광역시 서구 비산동 400-16,,342223.187492841,264701.450132016,2001-03-06,343000001020010001
강남동물병원,영업/정상,"경기도 고양시 일산동구 위시티로 75, 풍산트윈시티 115호 (식사동)",경기도 고양시 일산동구 식사동 670-28 115호,031-906-7575,183267.923204545,464065.92071762,2001-02-23,394000001020010001
녹십자동물병원,영업/정상,"경상북도 김천시 양금로 195, 2층 (황금동)",경상북도 김천시 황금동 167-30,054-435-7533,301004.479505992,290719.558205476,2001-02-14,506000001020030001
강동물병원,영업/정상,대구광역시 북구 칠곡중앙대로 483 (관음동),대구광역시 북구 관음동 1383-14,,339729.128895019,272059.640304561,2001-02-13,345000001020010001
이솝동물병원,영업/정상,울산광역시 북구 당수골2길 3(매곡동),울산광역시 북구 매곡동 898-2,052-295-8875,413714.159397444,239986.209533129,2001-02-12,372000001020010001
오산동물병원,영업/정상,경기도 오산시 성호대로 108 (원동),경기도 오산시 원동 754-3,031-377-7582,206439.086245409,405201.814359527,2001-01-31,400000001020010001
녹원동물병원,영업/정상,경상남도 김해시 한림면 장방로222번길 46-63,경상남도 김해시 한림면 장방리 1063-1,,,,2001-01-16,535000001019940001
한길동물병원,영업/정상,충청남도 홍성군 홍성읍 충서로1707번길 337,충청남도 홍성군 홍성읍 내법리 132-3,,171180.187372878,345217.961858989,2001-01-16,460000001020010001
중부,영업/정상,경상북도 의성군 의성읍 중앙길 16-1,경상북도 의성군 의성읍 도동리 971-6,054-834-8576,352383.286211371,317461.230669065,2001-01-11,515000001020010001
지수동물병원,영업/정상,경상북도 김천시 부곡맛고을1길 87 (부곡동),경상북도 김천시 부곡동 1504,054-435-8575,298375.266633762,292073.623210809,2001-01-09,506000001020010001
충남동물병원,영업/정상,충청남도 홍성군 홍성읍 홍성천길 190,충청남도 홍성군 홍성읍 오관리 380-3,,170110.375119463,344369.519350228,2000-12-30,460000001020000003
임창일동물병원,영업/정상,충청남도 홍성군 광천읍 광천로 295,충청남도 홍성군 광천읍 광천리 237-36,,166399.455363952,333344.137530267,2000-12-22,460000001020000002
성서종합동물병원,영업/정상,대구광역시 달서구 이곡공원로 36 (이곡동),대구광역시 달서구 이곡동 1248-5,053-585-1119,336449.987471707,262695.826881111,2000-12-21,347000001020000004
서라벌동물병원,영업/정상,경상북도 경주시 석장남길 69-46 (석장동),경상북도 경주시 석장동 1066-11,,397636.463104145,263844.293832121,2000-12-19,505000001020000004
대공원 동물병원,영업/정상,"울산광역시 남구 대공원로 241, 207호 (신정동, 대공원코오롱파크폴리스)",울산광역시 남구 신정동 1873 대공원코오롱파크폴리스 207호,,409204.471642157,228147.843983287,2000-12-19,370000001020000001
마리동물병원,영업/정상,"경기도 고양시 일산서구 현중로 29, 탄현마을2단지 (탄현동)",경기도 고양시 일산서구 탄현동 1487 탄현마을2단지,,179394.550073108,465705.701321462,2000-11-30,394000001020000004
피카소동물병원,영업/정상,서울특별시 광진구 광나루로 392-1 (화양동),서울특별시 광진구 화양동 216,,206405.844680642,449450.171000912,2000-11-27,304000001020000002
해피동물병원,영업/정상,"경기도 용인시 기흥구 마북로 141, 104호 (마북동)",경기도 용인시 기흥구 마북동 173,,210757.584699396,422356.139512474,2000-11-24,405000001020000003
우리동물병원,영업/정상,충청북도 증평군 증평읍 중앙로 170-3,충청북도 증평군 증평읍 신동리 111,,251610.548488369,364637.485271609,2000-11-02,557000001020000001
강남25동물병원,영업/정상,"서울특별시 강남구 학동로 235, 로이빌딩 (논현동)",서울특별시 강남구 논현동 90-6 로이빌딩,02-545-8575,203025.984828814,445930.449607287,2000-10-28,322000001020000004
대호동물병원,영업/정상,경상북도 포항시 남구 오천읍 남원로 77,경상북도 포항시 남구 오천읍 원리 893-4,054-247-7582,416536.936411289,277094.571815627,2000-10-25,502000001020000001
순풍동물병원,영업/정상,"경기도 수원시 권선구 정조로514번길 1, 1층 (세류동)",경기도 수원시 권선구 세류동 537-19,031-239-3303,200952.581267979,417035.767208139,2000-10-11,374000001020000004
북문다솜동물병원,영업/정상,경기도 수원시 장안구 정조로921번길 3 (영화동),경기도 수원시 장안구 영화동 326-1,031-251-0082,201096.784677436,420872.347689531,2000-10-11,374000001020000003
송촌선비동물병원,영업/정상,대전광역시 대덕구 송촌북로4번길 15 (송촌동),대전광역시 대덕구 송촌동 470-8,,239228.653472865,318103.786432541,2000-10-04,368000001020000001
아마존동물병원,영업/정상,경기도 구리시 경춘로 128 (교문동),경기도 구리시 교문동 270-2,031-564-0075,211372.411466055,455374.467580902,2000-09-23,398000001020000001
금호동물병원,영업/정상,전남광주통합특별시 서구 금화로 54 (금호동),전남광주통합특별시 서구 금호동 243-6,,186666.203314175,181403.121157207,2000-09-20,581000001020000002
한국동물병원(산업동물에 대한 출장진료를 전문으로 함),영업/정상,경기도 파주시 월롱면 엘지로 245,경기도 파주시 월롱면 덕은리 1239,,179032.627208376,478868.080217206,2000-09-18,406000001020000001
한솔동물병원(출장진료전문병원),영업/정상,경상북도 구미시 선산읍 선산중앙로 23,경상북도 구미시 선산읍 이문리 86-8,,316409.305665914,305108.130513657,2000-09-08,508000001020000002
포천대신동물병원,영업/정상,경기도 포천시 중앙로 170 (신읍동),경기도 포천시 신읍동 202-4,031-536-7589,218112.318429619,488694.233655369,2000-09-07,560000001020000001
이천종합동물병원,영업/정상,대구광역시 남구 봉덕로 83 (봉덕동),대구광역시 남구 봉덕동 554-10,,344456.67863772,261718.154303672,2000-09-05,344000001020000004
문종합동물병원,영업/정상,대구광역시 달서구 달구벌대로 1328 (이곡동),대구광역시 달서구 이곡동 1000-125,,336561.177694583,262206.631393583,2000-09-02,347000001020000003
서원동물병원,영업/정상,충청북도 청주시 흥덕구 가로수로 1358 (복대동),충청북도 청주시 흥덕구 복대동 127-3,043-231-6972,239659.498380322,348119.2291593,2000-09-01,573000001020002001
와와동물병원,영업/정상,충청북도 청주시 서원구 사직대로 247-1 (사직동),충청북도 청주시 서원구 사직동 574-10,,242416.254666539,348382.871448258,2000-08-31,572500001020002002
망원동물종합병원,영업/정상,"서울특별시 마포구 월드컵로 65, 망원 양경회관 (망원동)",서울특별시 마포구 망원동 386-2 망원 양경회관,02-332-0175,192050.493126319,450289.256930417,2000-08-31,313000001020000003
좋은동물병원(출장전문),영업/정상,경기도 안성시 양성면 만세로 620,경기도 안성시 양성면 동항리 693-4,,217247.088030349,395190.703208802,2000-08-30,408000001020000003
대영동물병원,영업/정상,전남광주통합특별시 완도군 완도읍 중앙길 8,전남광주통합특별시 완도군 완도읍 군내리 782-105,,177505.533680755,90754.1080689763,2000-08-29,590000001020000001
정종합동물병원,영업/정상,"충청북도 충주시 지현천변1길 57 (지현동, 정종합동물병원)",충청북도 충주시 지현동 387 9통3반,,282833.915839408,385677.450956105,2000-08-05,439000001020000001
서울종합동물병원,영업/정상,서울특별시 성북구 보문로 137 (보문동2가),서울특별시 성북구 보문동2가 49,,201537.597642195,453866.556999016,2000-08-01,307000001020000004
가야동물병원,영업/정상,경상북도 김천시 김천로 188 (남산동),경상북도 김천시 남산동 12-3,054-430-8275,300847.872358319,291565.044024216,2000-07-26,506000001020000001
하나동물병원,영업/정상,충청남도 천안시 서북구 성환읍 매주4길 20,충청남도 천안시 서북구 성환읍 매주리 330-1,,211329.870230673,378909.790439825,2000-07-26,449000001020000002
정동물병원,영업/정상,경기도 수원시 팔달구 권광로 120 (인계동),경기도 수원시 팔달구 인계동 1135-7,031-239-7585,202666.08666795,417385.021567062,2000-07-21,374000001020000001
신내동물병원,영업/정상,"서울특별시 중랑구 봉화산로 103, 1층 (중화동, 삼일시티빌)",서울특별시 중랑구 중화동 11-36 삼일시티빌 1층,34220001,207499.721342162,455602.490288206,2000-07-21,306000001020000002
용마동물병원,영업/정상,서울특별시 광진구 용마산로 66 (중곡동),서울특별시 광진구 중곡동 58-18,,207695.480720925,450809.028344187,2000-07-21,304000001020000003
라파엘동물병원,영업/정상,서울특별시 서초구 강남대로 525-3 (반포동),서울특별시 서초구 반포동 722-29,02-3444-7509,201866.271939374,445173.275754404,2000-07-11,321000001020000006
반석동물병원(출장전문병원),영업/정상,전남광주통합특별시 함평군 함평읍 서부길 53-11,전남광주통합특별시 함평군 함평읍 내교리 90-19,,156084.355693407,173635.628586619,2000-07-08,588500001020000001
한마음동물병원,영업/정상,경기도 용인시 수지구 풍덕천로 113 (풍덕천동),경기도 용인시 수지구 풍덕천동 1075-4,,208281.735064825,424511.373075667,2000-07-05,405000001020000002
강릉동물병원,영업/정상,강원특별자치도 강릉시 옥가로 18 (옥천동),강원특별자치도 강릉시 옥천동 161-1,,367319.939212356,474516.505880773,2000-07-04,420000001020000001
무등동물병원,영업/정상,전남광주통합특별시 나주시 예향로 3798 (이창동),전남광주통합특별시 나주시 이창동 185-4,,173662.650964142,166131.876954873,2000-06-30,579500001020000002
신광동물병원,영업/정상,경상북도 경주시 건천읍 내서로 1124-1,경상북도 경주시 건천읍 건천리 336-1,,389997.517025818,262987.519480114,2000-06-30,505000001020000001
건국동물병원,영업/정상,충청남도 당진시 당진중앙3로 89 (읍내동),충청남도 당진시 읍내동 531-11,,166945.587857938,376904.00118655,2000-06-28,463000001020000001
25시 동물병원,영업/정상,부산광역시 남구 수영로 34 (문현동),부산광역시 남구 문현동 359-21,,388721.005330516,183893.217801324,2000-06-26,331000001020000001
SKY동물병원,영업/정상,"서울특별시 강서구 양천로 72 (방화동, 해성빌딩)",서울특별시 강서구 방화동 259 23통8반 대림아파트 208동 801호,26665667,183306.751602566,452339.893234091,2000-06-20,315000001020000001
현대동물병원,영업/정상,대구광역시 남구 봉덕로 89 (봉덕동),대구광역시 남구 봉덕동 554-2,,344513.367629677,261713.514078146,2000-06-14,344000001020000001
남산동물병원,영업/정상,부산광역시 금정구 금강로 703-3 (남산동),부산광역시 금정구 남산동 321-12 B동 202호,,390000.72291431,198773.989481254,2000-06-14,335000001020000001
가나동물병원,영업/정상,서울특별시 강동구 고덕로 101 (암사동),서울특별시 강동구 암사동 451-12 5통8반,02-441-8588,212011.197233743,450302.951979838,2000-05-31,324000001020000002
금강동물병원,영업/정상,"경기도 광주시 초월읍 산수로 540, 호석빌딩 101호",경기도 광주시 초월읍 신월리 442-1 호석빌딩,031-763-0170,227180.592900075,434120.091911408,2000-05-26,554000001020000001
참 동물병원,영업/정상,서울특별시 영등포구 영등포로76길 1 (신길동),서울특별시 영등포구 신길동 95-39,,192844.105439729,445716.610165853,2000-05-19,318000001020000002
고려동물병원,영업/정상,"전북특별자치도 익산시 무왕로 1034, 1층 1/2호 (영등동)",전북특별자치도 익산시 영등동 747-3,063-833-0124,197369.802806867,273091.972187804,2000-05-16,468100001020000001
협동동물병원,영업/정상,경기도 광주시 중앙로 96 (역동),경기도 광주시 역동 22-26,031-761-2259,222867.95075877,434067.938039386,2000-05-13,554000001020000002
보우종합동물병원,영업/정상,경상북도 안동시 제비원로 289-1 (안기동),경상북도 안동시 안기동 235-17,,353637.286007242,343172.656771412,2000-05-13,507000001020000003
뉴광명동물메디컬센터,영업/정상,"경기도 광명시 오리로 931, 1층 (광명동)",경기도 광명시 광명동 158-1185,20607577,187491.248596689,441740.207550913,2000-05-13,390000001020000001
드림동물병원,영업/정상,대전광역시 서구 문정로 102 (탄방동),대전광역시 서구 탄방동 827,,234996.998050923,316255.161241242,2000-05-09,366000001020000002
도안동물병원,영업/정상,대전광역시 서구 관저중로95번길 99 (관저동),대전광역시 서구 관저동 1110,,229925.07396448,311204.024939427,2000-05-09,366000001020000001
거창축산업협동조합동물병원,영업/정상,경상남도 거창군 거창읍 거함대로 3182,경상남도 거창군 거창읍 김천리 315-3,,282289.455604265,242615.288046012,2000-05-08,547000001020000002
알파동물병원,영업/정상,경상북도 경주시 태종로 713 (노서동),경상북도 경주시 노서동 163-4,,399261.4672636,262124.606160938,2000-05-06,505000001020000003
하늬동물병원,영업/정상,경상남도 김해시 삼안로195번길 36 (삼방동),경상남도 김해시 삼방동 176-5,,373616.29412474,195644.659769972,2000-05-04,535000001020000001
선경동물병원,영업/정상,전남광주통합특별시 나주시 예향로 3778-1 (이창동),전남광주통합특별시 나주시 이창동,,,,2000-04-19,579500001020000001
성일동물병원,영업/정상,"강원특별자치도 철원군 동송읍 금학로 182, 1층",강원특별자치도 철원군 동송읍 이평리 700-15,,219228.746248016,522503.950850729,2000-04-12,430000001020000001
고려동물병원,영업/정상,"서울특별시 노원구 덕릉로 738 (상계동, 정진145빌딩)",서울특별시 노원구 상계동 79-145 44통4반,33910075,206658.435431048,462339.351621762,2000-04-07,310000001020000001
포두동물병원,영업/정상,"전남광주통합특별시 고흥군 포두면 우주로 607, 소매점",전남광주통합특별시 고흥군 포두면 상대리 86-1 소매점,,231215.810243591,119200.758184232,2000-04-01,584500001020000001
서라벌동물병원약품,영업/정상,경상북도 경주시 원효로52번길 16 (노서동),경상북도 경주시 노서동 129-7,,399274.323150542,262332.879570346,2000-03-28,505000001020000005
미래동물병원,영업/정상,서울특별시 은평구 서오릉로 192 (갈현동),서울특별시 은평구 갈현동 498-3,,192190.266278977,456830.528394439,2000-03-28,311000001020000002
O.K 동물병원,영업/정상,경상남도 창원시 진해구 충장로 143-1 (여좌동),경상남도 창원시 진해구 여좌동 796-6,,351907.94534821,184949.088692984,2000-03-27,567000001020002002
현대동물병원,영업/정상,전남광주통합특별시 강진군 강진읍 영랑로 22,전남광주통합특별시 강진군 강진읍 남성리 5-11,,178760.739068658,126638.284395968,2000-03-24,586500001020000001
LOVE MY PET 동물병원,영업/정상,서울특별시 은평구 은평로 208 (응암동),서울특별시 은평구 응암동 74-14,,193814.07118236,455415.979099363,2000-03-21,311000001020000001
24시 아이동물메디컬센터,영업/정상,"경기도 부천시 오정구 소사로 779, 뉴월드프라자 (원종동)",경기도 부천시 오정구 원종동 229-8 뉴월드프라자,,182650.503950396,447065.179024815,2000-03-20,386000001020000001
나래종합동물병원,영업/정상,서울특별시 성북구 동소문로 66 (동소문동3가),서울특별시 성북구 동소문동3가 79,,201076.1156515,454342.918925903,2000-03-14,307000001020000001
굿모닝동물병원,영업/정상,대전광역시 중구 대종로 309 (부사동),대전광역시 중구 부사동 129-7,042-636-9645,238940.36071084,312599.766458723,2000-03-04,365000001020000001
하스펫탈동물병원,영업/정상,"서울특별시 중랑구 면목로 442-1, 1층 (면목동)",서울특별시 중랑구 면목동 225-7,,207610.403324186,454365.747238549,2000-02-29,306000001020000001
레스펫동물병원,영업/정상,"서울특별시 서초구 논현로 173, 동리빌딩 1층 (양재동)",서울특별시 서초구 양재동 2-43 동리빌딩,02-575-0855,203580.297336547,442526.96137366,2000-02-21,321000001020000001
신풍동물종합병원,영업/정상,서울특별시 영등포구 신길로 70 (신길동),서울특별시 영등포구 신길동 3611,02-835-7572,191844.925514769,444053.006856572,2000-02-18,318000001020000001
애경동물병원,영업/정상,부산광역시 부산진구 새싹로 155 (연지동),부산광역시 부산진구 연지동 375-15,,386687.952005847,187580.19767755,2000-02-12,329000001020000001
홍익동물종합병원,영업/정상,서울특별시 마포구 독막로 45 (합정동),서울특별시 마포구 합정동 411-18,02-325-2026,192718.114424391,449540.231736981,2000-02-11,313000001020000001
일죽종합동물병원,영업/정상,경기도 안성시 일죽면 금일로 428,경기도 안성시 일죽면 송천리 256-17,,242362.79971399,398789.123087396,2000-02-08,408000001020000002
동해동물병원,영업/정상,강원특별자치도 동해시 중앙로 187 (천곡동),강원특별자치도 동해시 천곡동 1001-3,033-532-7886,387030.970570492,448250.778767872,2000-02-02,421000001020030001
미래동물병원,영업/정상,경기도 안성시 보개원삼로 157 (가사동),경기도 안성시 가사동 15-55,,225570.61538822,390666.461380046,2000-01-26,408000001020000001
온누리동물병원,영업/정상,"전남광주통합특별시 순천시 남신월길 21 (조례동, 온누리 동물병원)",전남광주통합특별시 순천시 조례동 1718-4,061-723-7582,247462.980454746,161927.508335694,2000-01-25,579000001020000001
열린동물병원,영업/정상,"세종특별자치시 조치원읍 세종로 2282, 213호",세종특별자치시 조치원읍 죽림리 114-1,044-865-5187,226080.281247279,343360.125866483,2000-01-22,569000001020000001
행복한 동물병원,영업/정상,전북특별자치도 전주시 덕진구 건산로 243 (인후동1가),전북특별자치도 전주시 덕진구 인후동1가 806-6,063-244-0090,214709.376549341,259423.589686073,2000-01-14,464100001020000001
홍천축협동물병원,영업/정상,강원특별자치도 홍천군 홍천읍 꽃뫼로 82,강원특별자치도 홍천군 홍천읍 희망리 324-4,033-439-3458,277775.932425341,465755.917175022,2000-01-14,425000001020000001
하나로동물병원,영업/정상,대전광역시 동구 동대전로 115 (대동),대전광역시 동구 대동 402-8,,239854.466700937,314740.585357146,1999-12-16,364000001019990001
두리동물병원,영업/정상,전남광주통합특별시 영암군 영암읍 동문로 84,전남광주통합특별시 영암군 영암읍 역리 161-2,,172463.023484522,144969.625885062,1999-12-14,587500001019990001
24시 지구촌 동물메디컬 센터,영업/정상,"서울특별시 구로구 구로중앙로 107, 하이빌골드타워 A동 B101호 (구로동)",서울특별시 구로구 구로동 512-2 하이빌골드타워,,189826.582553287,443997.249541906,1999-12-09,316000001019990002
믿음동물병원(출장진료 전문),영업/정상,경기도 평택시 문화촌로11번길 51-11 (비전동),경기도 평택시 비전동 866-11,,209985.536,388454.625,1999-12-06,391000001019990003
방학동물병원,영업/정상,서울특별시 도봉구 도봉로 723 (방학동),서울특별시 도봉구 방학동 653-17,34940075,203742.044502624,462967.427741735,1999-12-02,309000001019990002
닥터윤 산업동물병원 (출장진료전문병원),영업/정상,"강원특별자치도 원주시 바우골길 24-4, 1층 (단계동)",강원특별자치도 원주시 단계동 1204-5,033-742-8635,281153.05559685,428411.032726853,1999-11-27,419000001019990002
협동동물병원,영업/정상,경기도 화성시 효행구 봉담읍 진등1길 66,경기도 화성시 효행구 봉담읍 동화리 425-24,,195473.929669679,413245.083357261,1999-11-26,575000001019990002
영주축협동물병원,영업/정상,경상북도 영주시 대학로153번길 114-18 (가흥동),경상북도 영주시 가흥동 885-2,054-634-0224,342934.267363889,368948.496166368,1999-11-25,509000001020020001
남영가축병원 (출장진료전문병원),영업/정상,충청북도 음성군 음성읍 중앙로40번길 24,충청북도 음성군 음성읍 읍내리 398-7,,261590.575845465,380889.085037882,1999-11-04,447000001019990001
당진낙협동물병원,영업/정상,충청남도 당진시 합덕읍 남부로 1377,충청남도 당진시 합덕읍 소소리 513-20,,176000.296029434,369882.726417087,1999-10-28,463000001019990001
그린동물병원,영업/정상,"서울특별시 노원구 노원로 540 (상계동, 상계주공아파트 9단지상가)",서울특별시 노원구 상계동 78 15통2반 진로유통조합아파트 1102호,02-936-0907,205171.346412417,462120.50819001,1999-10-07,310000001019990003
손수의과병원,영업/정상,경기도 화성시 만세구 향남읍 3.1만세로 1126,경기도 화성시 만세구 향남읍 평리 30-4,,191927.778390707,403546.343017365,1999-10-04,574000001019990001
온누리동물병원,영업/정상,대구광역시 달서구 달구벌대로 1220 (이곡동),대구광역시 달서구 이곡동 541-9,053-584-2757,335505.818823729,262290.501552861,1999-09-30,347000001019990002
이천축산업협동조합동물병원,영업/정상,경기도 이천시 구만리로 107 (진리동),경기도 이천시 진리동 371-2,031-634-6611,239650.023207438,418687.633810077,1999-09-16,407000001019990001
세종동물병원,영업/정상,서울특별시 강동구 구천면로 237 (천호동),서울특별시 강동구 천호동 397-27 24통1반,02-484-8414,211455.529099133,448840.068386601,1999-09-14,324000001019990003
라라동물의료원,영업/정상,"서울특별시 구로구 도림로 72, 1,B1층 (구로동)","서울특별시 구로구 구로동 309-2 지상1층, 지하1층",,190349.923903089,443019.533964602,1999-09-06,316000001019990001
우리동물병원,영업/정상,경상남도 사천시 곤양면 서삼로 22-1,경상남도 사천시 곤양면 남문외리 32-3,,287808.32988638,173531.649477597,1999-09-01,534000001019990001
푸른종합동물병원,영업/정상,"서울특별시 동대문구 홍릉로 48-1, 1층 (청량리동)",서울특별시 동대문구 청량리동 359,02-963-7582,203823.018467941,453587.707759897,1999-08-26,305000001019990003
은마로동물병원,영업/정상,"서울특별시 노원구 한글비석로 363, 종로약국 (중계동)",서울특별시 노원구 중계동 450,,206497.962219111,461727.708814395,1999-08-20,310000001019990002
애니케어동물병원,영업/정상,서울특별시 동대문구 이문로 80 (이문동),서울특별시 동대문구 이문동 324-3,02-967-0877,205129.365335764,454637.821983342,1999-08-18,305000001019990002
황동물병원,영업/정상,경상북도 안동시 제비원로 109 (당북동),경상북도 안동시 당북동 333-93,054-853-6675,353952.364047831,341477.873100914,1999-08-09,507000001019990001
드림동물병원,영업/정상,경기도 남양주시 진접읍 장현로 134-2,경기도 남양주시 진접읍 장현리 367-9,,216347.268532411,468722.226701985,1999-08-07,399000001019990001
조수의과가축병원,영업/정상,"경상남도 고성군 회화면 배둔로 14-24, 1층",경상남도 고성군 회화면 배둔리 819-54,,324673.71533243,173845.279008035,1999-07-26,542000001020030001
신장동물병원,영업/정상,경기도 하남시 신장로 74 (천현동),경기도 하남시 천현동 205-4,,218436.997606594,448221.476406203,1999-07-13,404000001019990001
하트동물메디컬센터,영업/정상,"서울특별시 송파구 삼학사로 75, 신일빌딩 (삼전동)",서울특별시 송파구 삼전동 132-12 신일빌딩,02-424-2955,208492.722187505,444640.994915597,1999-07-13,323000001019990006
이소영동물병원,영업/정상,제주특별자치도 제주시 연삼로 518 (일도이동),제주특별자치도 제주시 일도이동 72-4,,157625.375019008,598.783823772473,1999-07-12,651000001019970001
노아동물병원,영업/정상,"부산광역시 북구 금곡대로 175 (화명동, 화명2차동원로얄듀크비스타)",부산광역시 북구 화명동 2337 화명2차동원로얄듀크비스타,,382841.007094245,193563.953069006,1999-07-02,332000001019990001
한빛동물병원,영업/정상,경상남도 김해시 인제로 159 (어방동),경상남도 김해시 어방동 497-2,,373204.990501602,195382.923377071,1999-06-29,535000001019990002
길종합동물병원,영업/정상,"서울특별시 강동구 천호대로 1199, 1층 104호 (길동)",서울특별시 강동구 길동 151,02-484-0075,212670.290035713,448106.911034348,1999-06-29,324000001019990002
농협 한우개량사업소 가축병원,영업/정상,"충청남도 서산시 운산면 해운로 666, 농협중앙회가축개량사업소별관",충청남도 서산시 운산면 용현리 982 농협중앙회가축개량사업소별관,041-661-4681,161060.78245299,362859.087434068,1999-06-25,453000001019990001
한마음,영업/정상,인천광역시 강화군 강화읍 강화대로 365-4,인천광역시 강화군 강화읍 남산리 18-3,,154862.311716209,471427.790512242,1999-06-25,357000001019990001
민병철동물병원,영업/정상,서울특별시 양천구 남부순환로 347 (신월동),서울특별시 양천구 신월동 50-5,26951231,184767.729553942,448229.826991046,1999-06-25,314000001019990002
양지동물병원,영업/정상,부산광역시 연제구 월드컵대로114번길 1 (연산동),부산광역시 연제구 연산동 746-12,051-867-5595,389639.419570194,189253.943572861,1999-06-19,337000001020030008
청림동물병원,영업/정상,경상북도 경주시 안강읍 안현로 1560-2,경상북도 경주시 안강읍 안강리 588-11,,400909.747999678,279411.527849324,1999-06-14,505000001019990001
미르 동물병원,영업/정상,"경기도 부천시 원미구 신흥로 150, 위브더스테이트 701동 1층 104호 (중동)",경기도 부천시 원미구 중동 1113 위브더스테이트,,,,1999-05-31,386000001019990002
영통동물병원,영업/정상,"경기도 수원시 영통구 청명남로4번길 6, 1층 (영통동)",경기도 수원시 영통구 영통동 1000-9,031-204-0075,206463.933806853,416475.495889727,1999-05-28,374000001019990004
한솔동물병원,영업/정상,경상북도 영천시 충효로 56-1 (문외동),경상북도 영천시 문외동 258-2,054-331-0137,374538.732301432,276384.124670813,1999-05-27,510000001019990001
필립동물병원,영업/정상,경기도 평택시 지산로 34 (지산동),경기도 평택시 지산동 777,,205148.387909878,397470.126257405,1999-05-27,391000001019990001
한빛동물병원,영업/정상,서울특별시 도봉구 덕릉로 256 (창동),서울특별시 도봉구 창동 568-5,,203442.425106052,459759.109333723,1999-05-26,309000001019990001
건국동물병원,영업/정상,경기도 구리시 이문안로 27 (교문동),경기도 구리시 교문동 765 대명상가 107호,,211740.338307361,454512.872661898,1999-05-25,398000001019990001
은빛동물병원,영업/정상,"서울특별시 노원구 동일로 1649 (상계동, 윤일빌딩)",서울특별시 노원구 상계동 1110 42통7반 두산아파트 111동 1107호,02-932-6658,204619.143523595,463887.942604325,1999-05-21,310000001019990001
포곡동물병원,영업/정상,경기도 용인시 처인구 포곡읍 전대로 29,경기도 용인시 처인구 포곡읍 전대리 152-2,031-334-3304,219558.26929321,420014.334101024,1999-05-14,405000001019990001
이지훈동물병원,영업/정상,경기도 수원시 권선구 금호로 261 (구운동),경기도 수원시 권선구 구운동 507-5,031-295-5975,198029.464560409,419360.22359922,1999-05-14,374000001019990003
한빛동물병원,영업/정상,"충청북도 청주시 서원구 사직대로 160, 두진 하트리움에덴 1층 108호 (사창동)",충청북도 청주시 서원구 사창동 304-1 두진 하트리움에덴 1층 108호,,241520.515333561,348280.552386749,1999-05-08,572500001019992002
오거리동물병원,영업/정상,"서울특별시 은평구 가좌로 239, 2층 (응암동, 스타이루)",서울특별시 은평구 응암동 589-12 2층,02-306-0158,192509.114922607,454279.700822197,1999-05-08,311000001019990002
신반포종합동물병원,영업/정상,"서울특별시 서초구 서초중앙로 188, 지하에이층 132호 (서초동, 아크로비스타)",서울특별시 서초구 서초동 1685-3 아크로비스타,02-537-0075,201107.634736928,443999.067092566,1999-05-04,321000001019990003
제일동물병원,영업/정상,충청남도 보령시 번영로 30 (대천동),충청남도 보령시 대천동 435-20,,163377.833074235,316803.134632701,1999-04-29,451000001019990001
현대종합동물병원,영업/정상,경기도 김포시 북변중로 72-10 (북변동),경기도 김포시 북변동 293-1,,174268.775403702,458408.436886714,1999-04-29,409000001019990001
이광수동물병원,영업/정상,"인천광역시 연수구 앵고개로 260, 맘모스빌딩 (동춘동)",인천광역시 연수구 동춘동 936-6 맘모스빌딩,032-812-8275,170910.965450657,434008.814842807,1999-04-28,352000001019990001
해밀동물병원,영업/정상,제주특별자치도 제주시 연신로 85 (이도이동),제주특별자치도 제주시 이도이동 76-3,,158022.190233739,-144.299320715789,1999-04-27,651000001019990001
자연동물병원,영업/정상,서울특별시 강남구 개포로 260 (개포동),서울특별시 강남구 개포동 1211,02-576-8275,204434.591039199,441898.453101816,1999-04-24,322000001019990002
아프리카동물병원,영업/정상,"인천광역시 연수구 비류대로 194, 1층 (옥련동)",인천광역시 연수구 옥련동 304-12,032-833-7575,169514.322628643,436234.696079189,1999-04-23,352000001019990002
월드펫동물병원,영업/정상,"서울특별시 종로구 평창문화로 75, 글로리아타운 111호 (평창동)",서울특별시 종로구 평창동 158-1 글로리아타운,,197212.364862058,456055.205802855,1999-04-23,300000001019990001
칠곡종합동물병원,영업/정상,"대구광역시 북구 칠곡중앙대로 301, 102호 (태전동)",대구광역시 북구 태전동 415-1 102호,053-311-8275,339514.103486064,270241.487522723,1999-04-21,345000001019990001
동수동물병원,영업/정상,인천광역시 부평구 경원대로 1422 (부평동),인천광역시 부평구 부평동 182-10,032-511-5338,175792.424469489,443224.29831623,1999-04-14,354000001019990002
그랜드동물병원,영업/정상,서울특별시 동대문구 전농로 77(답십리동),서울특별시 동대문구 답십리동 250-1,02-2214-6129,204974.829709532,452169.781296696,1999-04-14,305000001019990001
예임양계병원,영업/정상,강원특별자치도 횡성군 횡성읍 읍하로61번길 11,강원특별자치도 횡성군 횡성읍 읍하리 548-10,,287476.987054788,444079.086757029,1999-04-08,426000001019990001
고창중앙 동물병원,영업/정상,전북특별자치도 고창군 고창읍 고인돌대로 1775,전북특별자치도 고창군 고창읍 읍내리 964-1,,171979.408566866,215476.113648437,1999-04-07,478100001019990001
한빛동물병원,영업/정상,"경기도 안양시 동안구 흥안대로 110, 1층,지층 (호계동)",경기도 안양시 동안구 호계동 967-24,031-429-7575,196113.540798486,429751.175836104,1999-04-07,383000001019990001
포항동물병원,영업/정상,경상북도 포항시 북구 용당로 19-1 (용흥동),경상북도 포항시 북구 용흥동 144-8,054-246-0080,412378.565848207,283679.180682408,1999-03-30,502000001019990002
가능동물병원,영업/정상,경기도 의정부시 가능로 37 (가능동),경기도 의정부시 가능동 668-13 3통5반,,203021.620033869,471587.18842367,1999-03-22,382000001019990002
김동물병원,영업/정상,전남광주통합특별시 순천시 장평로 49 (인제동),전남광주통합특별시 순천시 인제동 377-1,061-745-8778,245036.578150179,160711.821306985,1999-03-19,579000001019990001
서이동물병원,영업/정상,"서울특별시 서초구 사임당로 139, 104호 (서초동)",서울특별시 서초구 서초동 1332-7,34728275,202128.626956395,443285.681199166,1999-03-06,321000001019990002
세계로종합동물병원,영업/정상,"경상남도 김해시 내외중앙로 75, 109호 (내동,내외빌딩)",경상남도 김해시 내동 1119-1 내외빌딩 109호,,369857.472233954,194654.155937963,1999-03-04,535000001019990001
대방동물병원,영업/정상,"경상남도 창원시 성산구 용지로 90, 공성상가 1층 10호 (중앙동)",경상남도 창원시 성산구 중앙동 95-3 공성상가,055-275-0076,352667.09047072,192885.858307881,1999-02-26,567000001019990001
우정 팜 크리닉,영업/정상,경상북도 김천시 구름다리2길 33 (평화동),경상북도 김천시 평화동,054-439-0118,300533.290726025,292288.003577761,1999-02-26,506000001019990001
최동물병원,영업/정상,전남광주통합특별시 나주시 왕곡면 장산양산길 18-1,전남광주통합특별시 나주시 왕곡면 장산리 572-6,061-337-9974,172974.090430383,164063.131436961,1999-02-02,579500001019990001
대학동물병원,영업/정상,경기도 용인시 수지구 문인로39번길 3-1 (풍덕천동),경기도 용인시 수지구 풍덕천동 666-1,,208654.958217211,425658.282604542,1999-02-01,564000001019990001
수종합동물병원,영업/정상,부산광역시 금정구 금강로 340 (장전동),부산광역시 금정구 장전동 219-6,,389869.601983555,195239.212467735,1999-01-29,335000001019990001
사당동물병원,영업/정상,서울특별시 동작구 남부순환로 2051 (사당동),서울특별시 동작구 사당동 1047-44,02-586-8275,197865.153767475,441627.436611564,1999-01-25,319000001019990001
해운대 케이 동물병원,영업/정상,"부산광역시 해운대구 해운대로 580, 4층 (우동)",부산광역시 해운대구 우동 641-7,,396290.775015704,186797.744574127,1999-01-22,333000001019990001
동서울동물병원,영업/정상,서울특별시 광진구 아차산로 493 (광장동),서울특별시 광진구 광장동 517-5 삼익아파트,,208431.92764385,448842.232617503,1999-01-22,304000001019990002
박성식동물병원,영업/정상,경상남도 김해시 분성로 361 (동상동),경상남도 김해시 동상동 735-30,,371577.031416756,194390.536054714,1999-01-19,535000001019990003
가락종합동물병원,영업/정상,"서울특별시 송파구 오금로 247, 건양빌딩 (방이동)",서울특별시 송파구 방이동 226-7 건양빌딩,02-413-0075,210632.391175015,444908.653893049,1999-01-08,323000001019990001
사랑동물병원,영업/정상,서울특별시 강북구 삼양로123길 6-12 (수유동),서울특별시 강북구 수유동 319-12 삼흥연립,,201283.673420688,460332.253997757,1999-01-07,308000001019990001
한사랑동물병원,영업/정상,서울특별시 성북구 성북로 27 (성북동1가),서울특별시 성북구 성북동1가 115-23,,200269.184445997,454227.141841011,1999-01-06,307000001019990001
대성동물병원,영업/정상,부산광역시 사상구 주례로10번길 125 (주례동),부산광역시 사상구 주례동 519-62,,382603.931703087,185187.336981702,1998-12-21,339000001019980001
조 동물병원,영업/정상,강원특별자치도 춘천시 공지로 299-1 (효자동),강원특별자치도 춘천시 효자동 708-11,033-251-0911,264343.518009885,485220.763516057,1998-12-19,418000001019980003
이모란동물병원,영업/정상,"경기도 평택시 평택로 17, 1층 104호 (평택동, 롯데인벤스 스카이)",경기도 평택시 평택동 316 롯데인벤스 스카이 104호,,207845.655247883,387444.196115272,1998-12-15,391000001019980002
종합동물병원,영업/정상,"충청남도 당진시 신평면 덕평로 1273, 1층 104호",충청남도 당진시 신평면 상오리 418-9,041-363-6288,178040.734344095,374200.328455807,1998-12-08,463000001019980001
장원동물병원(출장진료전문 동물병원),영업/정상,충청남도 천안시 동남구 충무로 475 (원성동),충청남도 천안시 동남구 원성동 587-10,,214028.68879481,366400.06831338,1998-11-28,449000001019980002
케나인동물병원,영업/정상,대전광역시 서구 둔산남로 200 (탄방동),대전광역시 서구 탄방동 1275,,235804.757500996,316511.183804968,1998-11-26,366000001019980002
담양축협동물병원,영업/정상,전남광주통합특별시 담양군 담양읍 삼거리길 8-6,전남광주통합특별시 담양군 담양읍 백동리 342,061-380-5588,198286.495224855,201257.719280471,1998-11-25,583000001020020004
금강종합동물병원,영업/정상,서울특별시 구로구 경인로 196 (오류동),서울특별시 구로구 오류동 48-1,26868008,186040.214742248,443696.671640273,1998-11-18,316000001019980001
영대동물병원,영업/정상,경상북도 경산시 경안로 263 (중방동),경상북도 경산시 중방동 245-2,,356718.842631753,260364.20009028,1998-10-30,513000001019980001
제일가축병원,영업/정상,경상북도 영천시 완산로 40(완산동),경상북도 영천시 완산동 982-8,,374880.691598742,275452.269598948,1998-10-28,510000001020050005
홍성낙협동물병원,영업/정상,충청남도 홍성군 홍성읍 의사로64번길 32,충청남도 홍성군 홍성읍 대교리 91-10,,170553.255202448,344496.812603684,1998-10-12,460000001019980001
참좋은동물병원,영업/정상,충청북도 옥천군 옥천읍 금장로 23,충청북도 옥천군 옥천읍 금구리 171-21,,250864.017274466,311420.718841288,1998-10-12,443000001019980001
참사랑,영업/정상,경기도 고양시 일산동구 탄중로 324 (중산동),경기도 고양시 일산동구 중산동 1570,031-975-0187,180618.272521887,465655.679680979,1998-10-01,394000001019980003
녹십자산업동물병원,영업/정상,"전북특별자치도 정읍시 시기4길 30, 녹십자동물병원 (시기동)",전북특별자치도 정읍시 시기동 96-6 녹십자동물병원,,187383.484331533,228306.064389258,1998-09-04,469100001019980001
우리동물병원,영업/정상,충청남도 천안시 서북구 쌍용대로 51 (쌍용동),충청남도 천안시 서북구 쌍용동 1169,,211655.18279704,366747.864617535,1998-08-18,449000001019980001
정성환동물병원,영업/정상,충청북도 청주시 청원구 공항로 5 (내덕동),충청북도 청주시 청원구 내덕동 179-4,,243554.591312851,350836.328548716,1998-08-03,573500001019981001
큐동물병원,영업/정상,서울특별시 성북구 장위로 81 (장위동),서울특별시 성북구 장위동 225-61,,203965.613216106,456852.946418316,1998-07-28,307000001019980001
소망가축병원,영업/정상,경상남도 합천군 삼가면 삼가1로 89,경상남도 합천군 삼가면 금리 55-1,,301889.672352551,213318.546232269,1998-07-20,548000001019980002
명 축산동물병원,영업/정상,세종특별자치시 조치원읍 새내6길 35,세종특별자치시 조치원읍 정리 58-2,,226817.00280713,344212.044184186,1998-07-18,569000001019980001
25시동물병원,영업/정상,"서울특별시 노원구 한글비석로8길 16, 102호 (중계동, 대림벽산상가)",서울특별시 노원구 중계동 363 대림벽산상가 102호,,206806.702906557,460547.668077993,1998-07-11,310000001019980001
중앙애견종합병원,영업/정상,경기도 김포시 돌문로 83-2 (사우동),경기도 김포시 사우동 201-26,,174701.238256246,457674.060717288,1998-07-09,409000001019980001
경상동물병원,영업/정상,경상남도 함안군 가야읍 가야로 14,경상남도 함안군 가야읍 도항리 100-3,,327552.023055075,198401.459314422,1998-06-30,540000001019980001
백마동물병원,영업/정상,"인천광역시 부평구 부평대로 132, 1층 102호 (부평동, 헤리움노블레스)",인천광역시 부평구 부평동 431-15 102호,032-528-1359,175351.630309522,444595.420877796,1998-06-27,354000001019980001
맥동물병원,영업/정상,경기도 평택시 평택로 80 (평택동),경기도 평택시 평택동 71-6,,207485.199945156,388052.940776789,1998-06-25,391000001019980001
태백동물병원,영업/정상,강원특별자치도 태백시 번영로 212 (황지동),강원특별자치도 태백시 황지동 240-8,,376264.278158543,408570.007985094,1998-06-16,422000001019980001
주수의과 병원,영업/정상,경상남도 의령군 의령읍 의병로 171,경상남도 의령군 의령읍 서동리 287-4 1통1반,,314090.883787162,202930.647122838,1998-05-13,539000001019980001
이영기수의과병원,영업/정상,,전남광주통합특별시 나주시 과원동 121-1,,174025.065218174,170429.183554087,1998-05-09,579500001019980001
충주축협동물병원,영업/정상,충청북도 충주시 예성로 256 (교현동),충청북도 충주시 교현동 766-28,043-850-7555,283223.281632602,386797.882364268,1998-05-04,439000001019980001
대학동물병원,영업/정상,"경기도 안산시 상록구 예술광장1로 16, 109호 (월피동)",경기도 안산시 상록구 월피동 445-4 109호,,186132.948113196,425235.962746032,1998-04-30,393000001019980001
하나 동물병원,영업/정상,"인천광역시 계양구 아나지로247번길 22, 2층 205호 (작전동, 작전역 서해그랑블)",인천광역시 계양구 작전동 949 작전역 서해그랑블 205호,032-553-6678,175193.70143865,447267.744322419,1998-04-30,355000001019980002
만수동물병원,영업/정상,"인천광역시 남동구 담방로 52-1, 1층 (만수동)",인천광역시 남동구 만수동 1025-11 1층,,176835.58,438048.96,1998-04-16,353000001019980001
정동물병원,영업/정상,대구광역시 수성구 지산로 41 (지산동),대구광역시 수성구 지산동 1258-11,,347406.135158156,259633.912079243,1998-04-03,346000001019980001
하노버,영업/정상,"경기도 고양시 일산서구 중앙로 1470, 문촌마을 복합상가 (주엽동)",경기도 고양시 일산서구 주엽동 17 문촌마을 복합상가,,178529.136791301,463365.623578833,1998-03-31,394000001019980001
새부산종합동물병원,영업/정상,부산광역시 부산진구 전포대로298번길 1 (전포동),부산광역시 부산진구 전포동 584 43통6반 신개금엘지아파트 212동 1702호,051-802-6637,388131.519035525,186868.029447973,1998-03-26,329000001019980001
블루동물종합병원,영업/정상,충청북도 청주시 흥덕구 풍산로33번길 4 (가경동),충청북도 청주시 흥덕구 가경동 1352,,238757.669532056,347385.766409564,1998-03-21,573000001019982001
전주김제완주축협 부속동물병원,영업/정상,전북특별자치도 전주시 덕진구 동부대로 769 (호성동1가),전북특별자치도 전주시 덕진구 호성동1가 711-4,063-240-2888,214050.812201886,261847.104656207,1998-03-21,464100001019980002
고려동물병원,영업/정상,경기도 수원시 장안구 정조로 987 (정자동),경기도 수원시 장안구 정자동 1-8,031-256-3369,200751.84297468,421448.278322007,1998-03-17,374000001019980001
동부 동물병원,영업/정상,전북특별자치도 전주시 완산구 기린대로 139 (경원동3가),전북특별자치도 전주시 완산구 경원동3가 3-10,063-231-2455,213671.947574401,257885.414131663,1998-03-04,464100001019980001
동양축산병원,영업/정상,"부산광역시 동래구 명륜로 151, 108호 (명륜동, 천일 스카이원)",부산광역시 동래구 명륜동 618-5 천일 스카이원,051-552-3002,389492.380613573,191769.825660028,1998-02-26,330000001019980002
고강동물병원,영업/정상,경기도 부천시 오정구 역곡로 473 (고강동),경기도 부천시 오정구 고강동 474-1,,183649.740705872,447197.158819036,1998-02-16,386000001019980001
삼양가축병원,영업/정상,경상북도 김천시 김천로 65 (평화동),경상북도 김천시 평화동 245-12,054-434-6455,299880.676675702,292314.990085216,1998-02-14,506000001019980003
두산동물병원,영업/정상,경상북도 김천시 자산로 104 (성내동),경상북도 김천시 성내동 181-6,054-434-6961,300834.527978122,291708.352586427,1998-02-14,506000001019980002
가람가축병원,영업/정상,경상북도 김천시 양금로 249 (황금동),경상북도 김천시 황금동 17-12,054-432-2292,301117.090733075,291238.179233567,1998-02-14,506000001019980001
뉴월드동물병원,영업/정상,"서울특별시 동대문구 한천로 94, 1층 (장안동)",서울특별시 동대문구 장안동 186-12,02-2212-5233,205631.56459772,451925.907664051,1998-02-10,305000001019980001
예산 동물병원,영업/정상,충청남도 예산군 예산읍 역전로 51,충청남도 예산군 예산읍 주교리 240-5 1통,,184653.012349637,353622.006926567,1998-01-22,461000001019980001
한사랑동물병원,영업/정상,부산광역시 동래구 명륜로98번길 1 (명륜동),부산광역시 동래구 명륜동 429-17,051-555-8300,389677.744225461,191267.805491916,1998-01-13,330000001019980001
서초동물병원,영업/정상,서울특별시 서초구 효령로57길 4 (서초동),서울특별시 서초구 서초동 1603-66,,201437.477919897,442585.481211577,1998-01-12,321000001019980001
희망종합동물병원,영업/정상,"부산광역시 중구 구덕로 51, 2층 (남포동5가)",부산광역시 중구 남포동5가 60-0001 2층,,385046.215020992,179539.723961796,1998-01-09,325000001019980001
정종합동물병원,영업/정상,경기도 부천시 오정구 소사로 706 (원종동),경기도 부천시 오정구 원종동 372-5,,182708.509243652,446305.865306013,1997-12-13,386000001019970004
그랜드동물병원,영업/정상,경기도 군포시 군포로 521-1 (당동),경기도 군포시 당동 775-8,,195077.823006479,427880.117179236,1997-12-10,402000001019970001
프라임동물병원,영업/정상,서울특별시 광진구 아차산로 451 (구의동),서울특별시 광진구 구의동 659 세림리오빌아파트 제비1-1호,,208060.467769154,448564.992528913,1997-11-27,304000001019970002
고려동물병원,영업/정상,경상남도 김해시 가락로63번길 13 (서상동),경상남도 김해시 서상동 255-8,,371109.931129302,194138.69626506,1997-11-04,535000001019970001
중동동물병원,영업/정상,경기도 부천시 원미구 중동로 157 (중동),경기도 부천시 원미구 중동 749-17,,179316.371990229,443553.599841858,1997-11-03,386000001019970003
상아 동물메디컬,영업/정상,경상남도 창원시 의창구 태복산로3번길 39 (도계동),경상남도 창원시 의창구 도계동 404-2,055-277-7161,348860.269800786,196326.835753724,1997-10-31,567000001019970001
우리동물병원,영업/정상,경기도 화성시 만세구 남양읍 남양시장로 54,경기도 화성시 만세구 남양읍 남양리 655-1,,183545.767032688,411893.031842322,1997-10-24,574000001020030004
한독동물병원,영업/정상,부산광역시 금정구 서동로 200 (서동),부산광역시 금정구 서동 208-26,,391881.95032657,192564.799022546,1997-09-23,335000001019970001
발안종합동물병원,영업/정상,"경기도 화성시 만세구 향남읍 삼천병마로 216, 중앙빌딩",경기도 화성시 만세구 향남읍 평리 81-70 중앙빌딩,,192015.515457571,403375.410213696,1997-09-10,574000001019990003
디엔씨,영업/정상,"경기도 고양시 덕양구 중앙로 550, 106호 (행신동, 삼일프라자)",경기도 고양시 덕양구 행신동 950-1 106호,,185472.544302625,457917.404793549,1997-09-02,394000001019970001
화승종합동물병원,영업/정상,부산광역시 부산진구 동평로 107 (부암동),부산광역시 부산진구 부암동 346-15,,385895.115699016,187115.006783369,1997-08-27,329000001019970001
나주종합동물병원,영업/정상,"전남광주통합특별시 나주시 중앙로 3 (성북동, 나주종합동물병원)",전남광주통합특별시 나주시 성북동,,,,1997-08-25,579500001019970002
청주축협동물병원,영업/정상,"충청북도 청주시 청원구 향군로 92, 청주축산농협 (우암동)",충청북도 청주시 청원구 우암동 378-7 청주축산농협,043-229-0532,243146.317168074,350337.537928599,1997-08-22,573500001019971002
동물병원 위드,영업/정상,서울특별시 강북구 덕릉로 79 (수유동),서울특별시 강북구 수유동 47-69,,201926.504610044,459160.763596008,1997-08-18,308000001019970001
해미성,영업/정상,충청남도 서산시 해미면 남문6로 3,충청남도 서산시 해미면 읍내리 291-9,,159148.296451737,357045.682403804,1997-08-12,453000001019970001
현대동물병원,영업/정상,울산광역시 남구 수암로149번길 2 (야음동),울산광역시 남구 야음동 694-19,,410680.318712341,227762.784922597,1997-08-12,370000001019970001
울산축협동물병원,영업/정상,"울산광역시 울주군 언양읍 읍성로 20, 나동 1층",울산광역시 울주군 언양읍 서부리,052-264-6708,391938.020350254,231649.675672556,1997-07-31,373000001020020005
강 동물병원(산업동물출장진료 동물병원),영업/정상,"경상남도 김해시 진영읍 진영로 193-1, 2층",경상남도 김해시 진영읍 여래리 700-77,,357670.07615593,201775.558168786,1997-07-04,535000001019950003
하나 동물병원,영업/정상,"전북특별자치도 전주시 덕진구 송천중앙로 17, 1층 (덕진동2가)",전북특별자치도 전주시 덕진구 덕진동2가 167-156,063-253-5677,210636.077509051,260970.162986237,1997-06-24,464100001020030001
왕궁동물병원,영업/정상,전북특별자치도 익산시 왕궁면 금오길 4,전북특별자치도 익산시 왕궁면 구덕리 522-10,,207024.979884634,270459.216874219,1997-06-21,468100001019970001
25시 한사랑동물병원,영업/정상,경기도 남양주시 화도읍 폭포로 4,경기도 남양주시 화도읍 창현리 456-4,,227055.103492858,460949.894895704,1997-06-07,399000001019970001
노산동물병원,영업/정상,,경상남도 사천시 동금동 141-3,,298292.099537912,159995.539685877,1997-05-28,534000001019970002
용산종합동물병원,영업/정상,대구광역시 달서구 달구벌대로 1658 (감삼동),대구광역시 달서구 감삼동 105-1,053-562-1132,339717.03561858,262613.917492076,1997-05-16,347000001019970001
프렌즈 동물병원,영업/정상,"충청북도 청주시 청원구 공항로 108, 동강빌딩 102호 (율량동)",충청북도 청주시 청원구 율량동 922 동강빌딩,,243402.019319473,351871.322626781,1997-05-09,573500001019971001
박철환동물병원,영업/정상,서울특별시 동대문구 사가정로 221 (장안동),서울특별시 동대문구 장안동 100-8,02-2244-7479,206086.591362203,452959.773010702,1997-05-09,305000001019970001
나라동물병원,영업/정상,경기도 이천시 설봉로 46 (관고동),경기도 이천시 관고동 15-17,,238786.558314761,419926.433157052,1997-05-08,407000001019970001
애견종합동물병원,영업/정상,강원특별자치도 강릉시 경강로 2130(옥천동),강원특별자치도 강릉시 옥천동 168-4,,367319.568517305,474369.268394448,1997-05-07,420000001019970001
고려동물병원,영업/정상,경상북도 상주시 왕산로 152 (남성동),경상북도 상주시 남성동 101-11,,304201.623390575,324115.06282075,1997-05-01,511000001019970001
가나종합동물병원,영업/정상,경상북도 포항시 북구 해동로 159 (죽도동),경상북도 포항시 북구 죽도동 557-80,,413600.10390826,284025.804660939,1997-04-24,502000001019970001
형제동물병원,영업/정상,"경기도 안양시 만안구 안양로 212, 101호 (안양동, 태신주상복합)",경기도 안양시 만안구 안양동 414-2 태신주상복합,031-446-7575,,,1997-04-09,383000001019970001
인동동물병원,영업/정상,경상북도 구미시 인동북길 9 (인의동),경상북도 구미시 인의동 836-2,,327903.125839601,290307.815720511,1997-04-08,508000001019970002
푸른동물병원,영업/정상,"경기도 여주시 세종로 27-1, 푸른동물병원 (홍문동)",경기도 여주시 홍문동 72,,256396.882477281,421672.402153018,1997-04-05,411000001019970002
양천종합동물병원,영업/정상,서울특별시 양천구 오목로 45 (신월동),서울특별시 양천구 신월동 444-11,26070022,186019.55678499,446684.721550158,1997-03-20,314000001019970002
홍상희동물병원,영업/정상,"서울특별시 중랑구 동일로 899, 1층 (묵동)",서울특별시 중랑구 묵동 239-76,,206763.653496703,456484.166451356,1997-03-17,306000001019970001
위드펫종합동물병원,영업/정상,"서울특별시 송파구 백제고분로 161, 성선빌딩 (잠실동)",서울특별시 송파구 잠실동 234-17 성선빌딩,02-2202-0075,207433.005970073,444811.921776388,1997-03-15,323000001019970001
소망동물병원,영업/정상,강원특별자치도 춘천시 영서로 2293 (온의동),강원특별자치도 춘천시 온의동 152-15,033-251-6577,,,1997-03-07,418000001019970001
회원동물메디컬센터,영업/정상,경상남도 창원시 마산회원구 회원남1길 49 (회원동),경상남도 창원시 마산회원구 회원동 403-3,055-247-4819,342898.213808371,192158.495467986,1997-02-28,567000001019971001
현대종합동물병원,영업/정상,"강원특별자치도 원주시 지정면 신지정로 153-15, 1층",강원특별자치도 원주시 지정면 가곡리 1420-3,033-734-7581,277842.065698697,430555.266344172,1997-02-26,419000001019970001
가온동물병원,영업/정상,"경상남도 양산시 양주2길 52-2, 1층 (중부동)",경상남도 양산시 중부동 673-5,055-387-8256,384383.873856495,206495.434186075,1997-02-19,538000001019970001
초원동물병원,영업/정상,경상북도 구미시 해평면 강동로 2033,경상북도 구미시 해평면 산양리 64-2,054-474-1768,323082.385883799,303636.835100857,1997-02-18,508000001019970001
북아현동물병원,영업/정상,서울특별시 서대문구 신촌로 289-1 (북아현동),서울특별시 서대문구 북아현동 126-12,,196243.925226819,450586.678685054,1997-02-12,312000001019970002
손수의과병원,영업/정상,경상북도 포항시 북구 중앙로 340 (덕수동),경상북도 포항시 북구 덕수동 46-5 16통,,413149.191449491,285100.339153734,1997-02-04,502000001019970002
시티종합동물병원,영업/정상,경기도 구리시 이문안로 15 (교문동),경기도 구리시 교문동 764-10,031-555-7588,211675.69729216,454429.882167567,1997-02-03,398000001019970001
남서울동물병원,영업/정상,"서울특별시 서초구 서초대로25길 99, 101호 (방배동)",서울특별시 서초구 방배동 811-9,02-582-2186,199195.91292472,443305.495808909,1997-01-17,321000001019970001
한솔동물병원,영업/정상,"서울특별시 서대문구 통일로 397, B428호 (홍제동, 인왕산 한신휴플러스)",서울특별시 서대문구 홍제동 469 인왕산 한신휴플러스 B428호,,195281.395461663,453657.534811024,1997-01-10,312000001019970001
그린축산동물병원,영업/정상,경기도 여주시 여흥로33번길 5 (하동),경기도 여주시 하동 132-22,,255609.891915542,422065.594586081,1997-01-09,411000001019970001
사천수산동물병원,영업/정상,"경상남도 사천시 사천읍 진삼로 1461, 수한의원",경상남도 사천시 사천읍 수석리 275-4 수한의원,,298972.887506828,176399.745194217,1997-01-07,534000001019970001
홍현관동물병원,영업/정상,강원특별자치도 태백시 황지로 80 (황지동),강원특별자치도 태백시 황지동 80-1,,376853.249793396,408977.688837817,1996-12-20,422000001019960001
김정태동물병원,영업/정상,"경기도 안산시 상록구 본오로 133, 116호 (본오동, 우성상가)",경기도 안산시 상록구 본오동 872-20 우성상가 116호,,187967.10171364,421755.033374402,1996-12-19,393000001019960001
안양축협동물병원,영업/정상,"경기도 안양시 만안구 안양로 374-1, 3층, 지하층 (안양동)","경기도 안양시 만안구 안양동 847-10 3층, 지하층",031-443-3841,192570.558369109,433624.722051591,1996-12-19,383000001019960003
평촌동물병원,영업/정상,"경기도 안양시 동안구 평촌대로 142, 평촌트윈마트 106, 지하1층24호 (평촌동)",경기도 안양시 동안구 평촌동 900-1 평촌트윈마트,031-384-9505,196377.88153844,431435.688645893,1996-12-11,383000001019960002
우암동물병원,영업/정상,"부산광역시 남구 석포로 7, 상가동 109호 (감만동, 우암 자유 4차 아파트)",부산광역시 남구 감만동 46-1 우암 자유 4차 아파트 상가동 109호,,389680.677797295,182339.017460953,1996-12-02,331000001019960001
영재애견종합병원,영업/정상,전남광주통합특별시 동구 필문대로 130-1 (산수동),전남광주통합특별시 동구 산수동 542-62 9통2반,,193612.990432861,184439.476506033,1996-11-30,580500001019960002
성심동물병원,영업/정상,"부산광역시 해운대구 좌동순환로 308, 3층 (좌동)",부산광역시 해운대구 좌동 1327-5 10통송강빌딩,,398779.06015795,187679.403567887,1996-11-29,333000001019960001
엄마손동물병원,영업/정상,"대전광역시 서구 계백로 1426, 104호 (도마동, 도마동써머스빌주상복합)",대전광역시 서구 도마동 173-1 도마동써머스빌주상복합,042-585-0076,234036.151468043,312494.12351738,1996-11-21,366000001019960004
박순복동물병원,영업/정상,대구광역시 동구 아양로 246 (효목동),대구광역시 동구 효목동 80-7,,347999.82566596,266424.897000055,1996-11-16,342000001019960001
정다운동물병원,영업/정상,경상남도 창원시 성산구 비음로4번길 38 (사파동),경상남도 창원시 성산구 사파동 11-4,055-262-8275,354592.042008306,193164.726565627,1996-11-13,567000001019960001
푸른가축병원,영업/정상,충청남도 당진시 무수동로 109 (읍내동),충청남도 당진시 읍내동 1252-1,,167555.483010918,376598.120895463,1996-11-06,463000001019960003
전영호동물병원,영업/정상,울산광역시 중구 구교로 163 (반구동),울산광역시 중구 반구동 106-6,,412104.3710084,231353.791548619,1996-11-06,369000001019960001
거산동물병원,영업/정상,충청남도 당진시 신평면 거산3거리길 4 (거산동물병원),충청남도 당진시 신평면 거산리 161-4 거산동물병원,,177886.742416543,375260.995362449,1996-10-29,463000001019960002
설악동물병원,영업/정상,강원특별자치도 속초시 동해대로 4308 (교동),강원특별자치도 속초시 교동 800-1,,337538.102219828,523088.119908449,1996-10-21,423000001019960001
충청동물병원,영업/정상,"충청남도 당진시 합덕읍 운산로 103, 충청동물병원",충청남도 당진시 합덕읍 운산리 358-2 충청동물병원,,179181.769763936,367094.34116002,1996-10-04,463000001019960001
가람동물병원,영업/정상,"경기도 고양시 일산동구 강석로 156, 강촌마을7단지 (마두동)",경기도 고양시 일산동구 마두동 796 강촌마을7단지,031-906-0976,180429.594918348,461366.247981232,1996-10-04,394000001019960003
예천축산농협 동물병원,영업/정상,경상북도 예천군 예천읍 구남골길 9,경상북도 예천군 예천읍 청복리 842,054-652-8515,330769.775907284,350498.820577638,1996-09-05,523000001020030012
진천동물병원,영업/정상,충청북도 진천군 진천읍 원덕로 261,충청북도 진천군 진천읍 신정리 617-3,,239902.766101711,372092.485347832,1996-08-28,445000001019960001
달성축협동물병원,영업/정상,대구광역시 달성군 현풍읍 국가산단북로 482-22,대구광역시 달성군 현풍읍 대리 186,,330276.830336483,241789.110122663,1996-08-26,348000001020030009
샐리동물병원,영업/정상,경기도 부천시 소사구 경인로138번길 9 (송내동),경기도 부천시 소사구 송내동 578-4,,179708.119544542,442418.596471194,1996-08-16,386000001019960002
신현동물병원,영업/정상,경상남도 거제시 거제중앙로 1830-1 (고현동),경상남도 거제시 고현동 238-6,,348640.77187148,154889.4668317,1996-08-11,537000001019960001
동물사랑동물병원,영업/정상,"인천광역시 연수구 학나래로6번길 34, 민선빌딩 2층 (선학동)",인천광역시 연수구 선학동 407-9 민선빌딩,032-816-5457,173191.646474317,435862.818272708,1996-07-26,352000001019960001
현대동물병원,영업/정상,경상남도 창원시 마산합포구 해안대로 25 (해운동),경상남도 창원시 마산합포구 해운동 64-1,055-224-2214,342164.658441976,187934.727897123,1996-07-25,567000001019961001
유동물병원,영업/정상,전남광주통합특별시 북구 서암대로 167 (신안동),전남광주통합특별시 북구 신안동 479-36,,191045.144889158,185577.195626422,1996-07-23,582000001019960002
장안동물병원,영업/정상,경기도 수원시 장안구 송원로 83 (조원동),"경기도 수원시 장안구 조원동 898-2 메가플러스3차 111,112호",031-245-8961,200773.84151628,422274.734290216,1996-07-20,374000001019960002
백년동물병원,영업/정상,서울특별시 서대문구 가좌로 104 (홍은동),서울특별시 서대문구 홍은동 398-9,,193456.590319013,453307.602686377,1996-07-10,312000001019960002
천안축산업협동조합 부설동물병원,영업/정상,충청남도 천안시 동남구 청수11로 12 (청당동),충청남도 천안시 동남구 청당동 511,,213642.15094531,364583.496437967,1996-06-29,449000001019960001
박동물병원,영업/정상,경상북도 청도군 풍각면 헐티로 198,경상북도 청도군 풍각면 송서리 578-9 16통5반,,346615.676328555,239197.950918594,1996-06-25,519000001019960001
가람동물병원,영업/정상,경상남도 진주시 진주대로 962 (칠암동),경상남도 진주시 칠암동 296-3,,299017.429162314,187949.299668972,1996-06-21,531000001019960003
기장동물병원,영업/정상,부산광역시 기장군 기장읍 차성로288번길 61,부산광역시 기장군 기장읍 대라리 35-12,,401742.193011524,196019.239517348,1996-06-20,340000001019960001
고동물병원,영업/정상,부산광역시 중구 자갈치로47번길 5 (남포동5가),부산광역시 중구 남포동5가 51-7,,384955.125650689,179511.633024846,1996-06-20,325000001019960001
청안동물병원,영업/정상,경기도 시흥시 삼미시장1길 19 (신천동),경기도 시흥시 신천동 738-2,031-311-4148,180806.647232344,437627.778199337,1996-06-19,401000001019960002
제일동물병원,영업/정상,강원특별자치도 춘천시 행촌로 43-1 (퇴계동),강원특별자치도 춘천시 퇴계동 889-3,033-252-7582,263722.526220741,484457.58853338,1996-06-11,418000001019960001
김해동물병원,영업/정상,"경상남도 김해시 가야로 183 (삼계동,위너스타운 107호)",경상남도 김해시 삼계동 1486-1 위너스타운 107호,,370303.729217089,197379.376092578,1996-06-08,535000001019960001
고려동물병원,영업/정상,충청남도 서산시 안견로 263 (동문동),충청남도 서산시 동문동 995-15,,151230.538487762,364134.173130506,1996-06-05,453000001019960001
신영재동물병원,영업/정상,인천광역시 계양구 장제로 923 (병방동),인천광역시 계양구 병방동 426,032-552-0075,177074.160053296,449655.895519792,1996-06-05,355000001019960001
노아동물병원,영업/정상,경기도 수원시 장안구 장안로 67 (영화동),경기도 수원시 장안구 영화동 394-4,031-246-1254,200216.011914048,420935.386002891,1996-05-31,374000001019960001
선 동물 병원,영업/정상,충청남도 태안군 태안읍 환동로 72-2,충청남도 태안군 태안읍 남문리 462-6,,136920.193643812,361575.397814779,1996-05-25,462000001019960001
이상동물병원,영업/정상,"부산광역시 수영구 수영로 757, 2층 (수영동)",부산광역시 수영구 수영동,051-759-0225,393259.403029506,187424.494458732,1996-05-20,338000001019960001
박성준 동물병원,영업/정상,"대구광역시 군위군 군위읍 중앙길 46, 등용문학원",대구광역시 군위군 군위읍 서부리 112-1 등용문학원,,340783.442457275,304686.813792381,1996-05-17,514000001019960001
푸른동물병원,영업/정상,"경기도 파주시 중앙로 280, 17호 (아동동, 장안초원아파트)",경기도 파주시 아동동 329-6 장안초원아파트상가 17호,,180294.908565426,473213.156137351,1996-05-17,406000001019960001
유성동물병원,영업/정상,대전광역시 유성구 유성대로822번길 36-20 (장대동),대전광역시 유성구 장대동 317-13,,230344.403703669,318250.704342795,1996-05-16,367000001019960001
GD동물병원,영업/정상,"서울특별시 강동구 상일로 13, 1,2층 (상일동)",서울특별시 강동구 상일동 341-2,02-429-8822,215227.409207117,449568.52176421,1996-05-13,324000001019960001
성 수의과병원,영업/정상,경상북도 영천시 서문길 25 (성내동),경상북도 영천시 성내동,,373582.376692749,275485.730993502,1996-05-11,510000001019960001
강동물병원,영업/정상,경상남도 진주시 도동로 231 (하대동),경상남도 진주시 하대동 337-3,,302095.614835065,188542.655244933,1996-05-10,531000001019960002
태종동물병원,영업/정상,부산광역시 영도구 동삼로 80 (동삼동),부산광역시 영도구 동삼동 266-3,051-405-9493,388779.074638091,177680.766997654,1996-05-09,328000001019960001
녹번동물병원,영업/정상,서울특별시 은평구 통일로 697 (녹번동),서울특별시 은평구 녹번동 117-112,,193903.333435372,456197.927159351,1996-05-06,311000001019960002
동아동물병원,영업/정상,제주특별자치도 서귀포시 성산읍 서성일로 1241,제주특별자치도 서귀포시 성산읍 고성리 1064-7,064-782-1175,191659.334948231,-5464.74051350512,1996-04-27,652000001019961001
김수의과 동물병원,영업/정상,경상북도 의성군 안계면 용기12길 62,경상북도 의성군 안계면 용기리,,329309.244953352,321285.363080604,1996-04-21,515000001019960001
늘푸른동물병원,영업/정상,서울특별시 은평구 은평로 29 (신사동),서울특별시 은평구 신사동 20-24,,192071.591415703,455108.657872656,1996-04-18,311000001019960001
우성동물병원,영업/정상,"경기도 성남시 분당구 돌마로 481, 분당우성프라자 (서현동)",경기도 성남시 분당구 서현동 95 분당우성프라자,,211698.58855141,430637.359617296,1996-04-16,378000001019960002
서울동물,영업/정상,"인천광역시 강화군 강화읍 충렬사로 6, 2층 202호",인천광역시 강화군 강화읍 남산리,,154725.7433835,470779.601670936,1996-04-15,357000001019960001
벧엘동물병원,영업/정상,"울산광역시 울주군 두동면 계명3길 9, 봉계재래시장 203호",울산광역시 울주군 두동면 봉계리 525 봉계재래시장 203호,052-262-6797,398939.839485638,248151.285941638,1996-04-01,373000001020020003
화정동물병원,영업/정상,경기도 고양시 덕양구 은빛로29번길 46 (화정동),경기도 고양시 덕양구 화정동 913-4 201호,,185110.31,459754.585,1996-03-30,394000001019960001
세종가축병원,영업/정상,"경기도 여주시 오학동 강변북로 42, 1동",경기도 여주시 오학동 358-2 1동,,257193.182728149,422395.634758715,1996-03-26,411000001019960001
엔젤동물병원,영업/정상,서울특별시 중랑구 겸재로 187 (면목동),서울특별시 중랑구 면목동 102-51,,207735.456233727,454057.837624796,1996-03-26,306000001019960001
청솔동물병원,영업/정상,경상북도 성주군 성주읍 성주읍4길 42,경상북도 성주군 성주읍 예산리 344-6 31통,,316156.880909664,269818.8718078,1996-03-21,521000001019960001
신병헌동물병원,영업/정상,부산광역시 사상구 사상로 261 (덕포동),부산광역시 사상구 덕포동 429-13,,380490.077662075,187240.803222699,1996-03-20,339000001019960001
참동물병원,영업/정상,대전광역시 서구 도산로 82 (도마동),대전광역시 서구 도마동 129-16,,233976.012306705,312844.850488082,1996-03-18,366000001019960003
진선동물병원,영업/정상,경기도 오산시 성호대로 36 (오산동),경기도 오산시 오산동 609-55,031-374-4644,205721.880958834,405254.880568983,1996-03-16,400000001019960001
중앙 동물병원,영업/정상,충청남도 예산군 고덕면 고덕중앙로 86,충청남도 예산군 고덕면 대천리 663 1통삼미아파트 B동 603호,,173351.381063005,360641.374513028,1996-03-15,461000001019960001
신세계동물병원,영업/정상,경상북도 구미시 송정대로 8 (송정동),경상북도 구미시 송정동 463-4,,320567.265769578,291468.240322637,1996-03-13,508000001019960001
가람동물병원,영업/정상,대구광역시 달서구 월곡로 249 (상인동),대구광역시 달서구 상인동 240-9,053-639-6366,339051.390936576,258493.366801552,1996-03-11,347000001019960001
가람동물병원,영업/정상,경상북도 상주시 중앙로 271 (복룡동),경상북도 상주시 복룡동 293-37,,304705.201168068,324547.615845888,1996-02-08,511000001019960001
안호영동물병원,영업/정상,대전광역시 서구 계룡로 358 (갈마동),대전광역시 서구 갈마동 293-5,,232985.672036553,316978.198021525,1996-01-25,366000001019960002
이승재동물병원,영업/정상,대전광역시 대덕구 신탄진로 842 (신탄진동),대전광역시 대덕구 신탄진동 117-35,,238389.292467218,328031.403075935,1996-01-17,368000001019960001
상아동물병원,영업/정상,대전광역시 대덕구 계족로 617 (중리동),대전광역시 대덕구 중리동 133-3,,238504.188501667,318488.107283136,1996-01-16,368000001019960002
용강동물병원,영업/정상,서울특별시 마포구 대흥로 48 (대흥동),서울특별시 마포구 대흥동 337-41,02-707-2340,194584.871117123,449177.790847758,1996-01-08,313000001019950002
건국동물병원,영업/정상,경상북도 경주시 외동읍 입실로3길 4,경상북도 경주시 외동읍 입실리 1005-8,,410248.737750258,248534.421032339,1996-01-05,505000001019960001
월평동물병원,영업/정상,"대전광역시 서구 청사서로 29, 상가동 113호 (월평동, 샛별아파트)",대전광역시 서구 월평동 266-1 샛별아파트,,233630.630217326,317795.927129498,1996-01-04,366000001019960001
장동호동물병원,영업/정상,충청남도 서천군 서천읍 서천로 159,충청남도 서천군 서천읍 사곡리 275-2,,171737.536857597,286893.856192629,1995-12-29,458000001019950001
신제주동물병원,영업/정상,제주특별자치도 제주시 과원북4길 7 (노형동),제주특별자치도 제주시 노형동 720-3,,151845.862457891,-1549.16592466227,1995-12-13,651000001019950003
우리,영업/정상,"충청남도 서산시 안견로 231, 전망빌딩 (동문동)",충청남도 서산시 동문동 269-6 전망빌딩,,151535.669278773,364212.297547654,1995-12-05,453000001019950001
대전충남 양돈축산업협동조합 부설동물병원,영업/정상,충청남도 천안시 동남구 차돌로 50 (다가동),충청남도 천안시 동남구 다가동 373-3,,212078.5592182,366602.949485153,1995-11-23,449000001019950003
백 동물병원,영업/정상,충청남도 당진시 무수동로 77 (읍내동),충청남도 당진시 읍내동 1317,,167557.623510973,376440.989636371,1995-11-06,463000001019950001
행신동물병원,영업/정상,경기도 고양시 덕양구 행신로 147 (행신동),경기도 고양시 덕양구 행신동 647-14,031-971-5534,185068.23274404,457460.893932846,1995-11-01,394000001019950003
제주대학교 수의과대학 부설동물병원,영업/정상,"제주특별자치도 제주시 제주대학로 102, 제주대학교 (아라일동)",제주특별자치도 제주시 아라일동 1 제주대학교,,159225.936437733,-4535.17095331687,1995-10-20,651000001019950002
가나동물병원,영업/정상,충청남도 논산시 연무읍 안심로127번길 11-2,충청남도 논산시 연무읍 안심리 1-155,,208847.161772033,292244.865294529,1995-09-14,454000001019950001
한빛동물병원,영업/정상,세종특별자치시 금남면 용포로 72,세종특별자치시 금남면 용포리 138-1,,225141.480788641,329364.463625345,1995-09-06,569000001019950001
중앙동물병원,영업/정상,서울특별시 강북구 도봉로 88 (미아동),서울특별시 강북구 미아동 98-39,,202614.072087057,457187.950940466,1995-09-06,308000001019950001
대학로동물병원,영업/정상,서울특별시 종로구 창경궁로 261 (명륜2가),서울특별시 종로구 명륜2가 5-99 1통3반 방산빌라 402호,36728441,199947.178659037,453593.826987348,1995-09-05,300000001019950002
언양동물병원,영업/정상,울산광역시 울주군 두동면 구미월평로 787,울산광역시 울주군 두동면 봉계리 925-2,,399694.195081608,247100.861545504,1995-08-31,373000001020020001
상록 동물병원,영업/정상,경기도 성남시 분당구 정자로 78 (정자동),경기도 성남시 분당구 정자동 126-1,,209985.560298564,429016.529206763,1995-08-17,378000001019950003
애나동물병원,영업/정상,인천광역시 부평구 마장로 383 (산곡동),인천광역시 부평구 산곡동 2-10 정진빌딩,032-529-9633,173724.748213455,445614.929681605,1995-08-12,354000001019950002
홍익동물병원,영업/정상,"경기도 화성시 만세구 우정읍 조암북로57번길 1, 2층",경기도 화성시 만세구 우정읍 조암리,,,,1995-08-03,574000001020030003
보람동물병원,영업/정상,서울특별시 중랑구 면목로 269 (면목동),서울특별시 중랑구 면목동 353-4,,207505.353493377,452751.137837689,1995-08-02,306000001019950001
대한동물병원,영업/정상,서울특별시 중구 퇴계로 227 (충무로4가),서울특별시 중구 충무로4가 93-1,22636134,199655.746062675,451086.874410496,1995-08-02,301000001019950002
신라동물병원,영업/정상,경상북도 경주시 내남면 노곡2길 14,경상북도 경주시 내남면 노곡리 910-3,,399261.936801631,250960.44218249,1995-08-01,505000001019950002
우리동물병원,영업/정상,경상북도 영천시 시장4길 41-1 (완산동),경상북도 영천시 완산동 994-62,054-336-7772,374774.901691443,275557.4566309,1995-07-15,510000001020050004
파랑새동물병원(출장진료전문병원),영업/정상,경상북도 구미시 고아읍 들성로11길 6-5,경상북도 구미시 고아읍 문성리 1294,,321308.553782444,296561.692382096,1995-07-14,508000001019950001
인방동물의료센터,영업/정상,"경기도 안양시 동안구 귀인로 194, 1,2층 (평촌동)","경기도 안양시 동안구 평촌동 901-2 1,2층",031-388-0075,196453.710762223,431463.956915187,1995-07-14,383000001019950002
해조동물병원(산업동물 출장진료 전문동물병원),영업/정상,경상남도 김해시 분성로318번길 20-1 (부원동),경상남도 김해시 부원동 835-8,,371171.430645831,194092.19617725,1995-07-13,535000001019950002
청운동물병원,영업/정상,경상북도 포항시 북구 새천년대로 570 (용흥동),경상북도 포항시 북구 용흥동 625-2 22통2반,054-242-7896,412043.792794928,283053.979322746,1995-07-12,502000001019950001
화신종합동물병원,영업/정상,서울특별시 도봉구 도당로 63 (방학동),서울특별시 도봉구 방학동 664-11 15통5반 101호,34917060,202988.051735229,462378.786137514,1995-07-07,309000001019950002
뉴욕종합동물병원,영업/정상,서울특별시 마포구 양화로 68 (서교동),서울특별시 마포구 서교동 395-44,02-333-9558,192513.424097452,449835.228830529,1995-07-06,313000001019950001
유림동물안과병원,영업/정상,"서울특별시 서초구 강남대로 631, 1층 (잠원동, 크레신타워)",서울특별시 서초구 잠원동 8-24 크레신타워 1층,,201565.957243521,446206.354902748,1995-07-01,321000001019950001
고대영동물병원,영업/정상,"경기도 안산시 상록구 예술광장1로 94, 1층동 102호 (성포동,정인프라자)",경기도 안산시 상록구 성포동 593-25 정인프라자 1층동 102호,,186373.496120759,424949.971327294,1995-06-26,393000001019950002
시민종합동물병원,영업/정상,경기도 고양시 일산서구 대산로 126 (주엽동),경기도 고양시 일산서구 주엽동 31-1,,179089.635,463622.125,1995-06-23,394000001019950002
한얼동물병원,영업/정상,서울특별시 은평구 응암로 226 (응암동),서울특별시 은평구 응암동 576-25,,192680.942344298,454418.019304045,1995-06-23,311000001019950001
DS동물병원,영업/정상,"서울특별시 관악구 조원중앙로 3, 1층 (신림동)",서울특별시 관악구 신림동 1668-14 1층,02-837-0837,191443.31480758,442021.677644759,1995-06-21,320000001019950001
노아동물병원,영업/정상,서울특별시 양천구 목동동로10길 6 (신정동),서울특별시 양천구 신정동 294-62,02-2654-6183,188498.889561977,446254.470336504,1995-06-15,314000001019960001
문경가축병원,영업/정상,,경상북도 문경시 문경읍 하리,,,,1995-06-01,512000001019950002
현대동물병원,영업/정상,"제주특별자치도 서귀포시 동홍로90번길 2, 현대동물병원 (동홍동)",제주특별자치도 서귀포시 동홍동 514-14,064-733-8250,159706.691455699,-26542.164325468,1995-05-31,652000001020020001
시온동물병원,영업/정상,서울특별시 강서구 까치산로 74 (화곡동),서울특별시 강서구 화곡동 46-236,26929290,186436.551634577,449230.298165734,1995-05-27,315000001019950001
일산동물의료센터,영업/정상,울산광역시 동구 방어진순환도로 645 (일산동),울산광역시 동구 일산동 574-33 1통3반,052-252-5878,420250.430633305,224904.380428798,1995-05-25,371000001019950001
동진동물병원,영업/정상,전북특별자치도 김제시 중앙로 78 (요촌동),전북특별자치도 김제시 요촌동 294-5,,189487.602256627,256102.526816529,1995-05-19,471100001019950001
황동물병원,영업/정상,서울특별시 중구 퇴계로 254-1 (묵정동),서울특별시 중구 묵정동 32-1,22780075,199930.85829926,451121.344849729,1995-05-12,301000001019950001
광안동물병원,영업/정상,"부산광역시 수영구 수영로 567, 2층 (광안동)",부산광역시 수영구 광안동,051-751-7829,,,1995-05-08,338000001019950001
박동물병원,영업/정상,"충청북도 충주시 국원대로 262, 1층 (금릉동)",충청북도 충주시 금릉동 16-3,,282591.758639247,388548.20349658,1995-05-06,439000001019950001
한국동물병원,영업/정상,충청북도 보은군 보은읍 삼산남로 34,충청북도 보은군 보은읍 삼산리 135 31통남양리츠빌아파트 101동 1106호,,264360.346978099,331536.59848412,1995-04-28,442000001019950001
중앙,영업/정상,경상북도 의성군 다인면 다인장길 17-1,경상북도 의성군 다인면 서릉리 158-9,,321459.895797105,328516.478494622,1995-04-26,515000001019950002
양동진동물병원(출장전문),영업/정상,경기도 양평군 용문면 용문로 331,경기도 양평군 용문면 다문리 704-2,,252215.404738018,442434.567896202,1995-04-21,417000001019950001
세종동물병원,영업/정상,충청남도 홍성군 홍성읍 조양로 196,충청남도 홍성군 홍성읍 고암리 548-4,,170512.541498994,344396.542927747,1995-04-17,460000001019950001
광장동물병원,영업/정상,대구광역시 달서구 달구벌대로 1736 (두류동),대구광역시 달서구 두류동 487-25,053-653-5549,340408.718594826,262955.009779118,1995-04-11,347000001019950001
계양동물병원,영업/정상,인천광역시 계양구 안남로 499 (효성동),인천광역시 계양구 효성동 320-1,032-551-8275,174365.621553976,447307.370357036,1995-04-10,355000001019950001
재송동물병원,영업/정상,"부산광역시 해운대구 재반로 117-1, 2층 (재송동)",부산광역시 해운대구 재송동 1059-3,,393617.911867783,189822.884649487,1995-03-22,333000001019950001
범어동물병원,영업/정상,대구광역시 수성구 범어로 118 (범어동),대구광역시 수성구 범어동 225-17,,347695.464482889,263444.82676638,1995-02-28,346000001019950001
명동물병원,영업/정상,경기도 군포시 번영로 602 (금정동),경기도 군포시 금정동 743-3,,194821.800509215,428972.572031598,1995-02-22,402000001019950001
한마음동물병원,영업/정상,경기도 김포시 통진읍 김포대로 2025,경기도 김포시 통진읍 도사리 657-3,031-987-7582,166282.646555503,464539.082540929,1995-02-03,409000001019950001
경주동물병원,영업/정상,경상북도 경주시 알천남로 236(성동동),경상북도 경주시 성동동 420-3,,400874.787794815,262945.596933867,1995-01-19,505000001019950001
한강동물메디컬센터,영업/정상,경기도 남양주시 퇴계원읍 경춘북로 516,경기도 남양주시 퇴계원읍 퇴계원리 314-17,,212381.335572153,460512.453624753,1995-01-18,399000001019950001
충남 동물병원,영업/정상,충청남도 당진시 운학길 26 (채운동),충청남도 당진시 채운동 310-3,,166417.83012678,376966.046182822,1995-01-05,463000001019950002
의성동물병원,영업/정상,경상북도 의성군 의성읍 중앙길 44-1,경상북도 의성군 의성읍 도동리 908-17,054-832-0342,352302.843522948,317720.603371596,1995-01-05,515000001019950001
박동물병원,영업/정상,전남광주통합특별시 영광군 영광읍 물무로 174,전남광주통합특별시 영광군 영광읍 교촌리 174-12,061-351-2737,155925.362367692,197398.935879425,1994-12-28,589000001019940003
신창동물병원,영업/정상,서울특별시 도봉구 덕릉로 230 (창동),서울특별시 도봉구 창동 635-42 20통1반 건영캐스빌아파트 101동 1201호,,202934.346604855,459897.751470537,1994-12-23,309000001019940001
해동가축병원,영업/정상,"전북특별자치도 군산시 중앙로 56 (장재동, 해동가축병원약품)",,,174713.628273217,275502.632923676,1994-12-20,467100001020170003
한국동물병원,영업/정상,경기도 성남시 중원구 둔촌대로 155 (성남동),경기도 성남시 중원구 성남동 3794,,211957.920631177,436390.399457418,1994-12-20,378000001019940002
김동래동물병원,영업/정상,경상남도 함안군 가야읍 함안대로 551,경상남도 함안군 가야읍 말산리 425-11,,327805.929303986,198269.97805628,1994-12-14,540000001019940001
보람동물병원,영업/정상,경기도 평택시 고덕면 동청1길 35,경기도 평택시 고덕면 동청리 25-8,031-668-9935,200505.402579183,394811.616715169,1994-11-28,391000001019940003
상주축협 동물병원,영업/정상,경상북도 상주시 문필로 110 (지천동),경상북도 상주시 지천동 106-16,054-535-0221,303718.919280598,319621.960038106,1994-11-23,511000001019940001
남양동물병원(출장전문),영업/정상,"경기도 안성시 공도읍 마정강변길 25, 상가동 103호 (임광그대가아파트 1단지)",경기도 안성시 공도읍 마정리 593 임광그대가아파트 1단지 상가동 103호,,218637.561083607,390024.917488655,1994-11-10,408000001019940003
조치원동물병원,영업/정상,세종특별자치시 조치원읍 조치원9길 16,세종특별자치시 조치원읍 상리 16,,227035.002562852,344695.00501333,1994-11-02,569000001019940001
이화동물병원,영업/정상,경상남도 창원시 마산합포구 3·15대로 424 (상남동),경상남도 창원시 마산합포구 상남동 178-2,055-245-8499,343433.396634397,191457.811113813,1994-10-25,567000001019941004
금오동물병원,영업/정상,경상북도 구미시 금오산로 57 (원평동),경상북도 구미시 원평동 964-225,,320322.195214459,292682.829158561,1994-10-19,508000001019940001
전남동물병원,영업/정상,전남광주통합특별시 영광군 영광읍 천년로 1502,전남광주통합특별시 영광군 영광읍 남천리 309-20,,154896.478184445,197564.893814596,1994-10-14,589000001019940002
마산가축병원,영업/정상,경상남도 창원시 마산회원구 회성남5길 3 (회성동),경상남도 창원시 마산회원구 회성동 443-1,055-255-5459,341594.527557302,193852.264768486,1994-10-14,567000001019941003
롯데동물병원,영업/정상,"서울특별시 노원구 동일로207길 17, 118호 (중계동, 시영1단지B상가 )",서울특별시 노원구 중계동 503 시영1단지B상가 118호,,205588.636016926,459964.099651861,1994-10-10,310000001019940001
부일동물병원,영업/정상,"부산광역시 부산진구 국악로 5 (연지동, 연지로얄아파트)",부산광역시 부산진구 연지동 198-1 연지로얄아파트,,386989.56075312,187695.293038275,1994-10-05,329000001019940001
충주동물병원,영업/정상,충청북도 충주시 중앙로 34 (문화동),충청북도 충주시 문화동 919,043-844-6766,282481.589213447,386084.683159285,1994-10-01,439000001019940001
제일동물병원,영업/정상,전남광주통합특별시 영광군 법성면 굴비로 88-1,전남광주통합특별시 영광군 법성면 법성리 1148-26,061-356-2486,149842.775716972,206405.203303017,1994-09-30,589000001019940001
광진동물병원,영업/정상,경상남도 창녕군 창녕읍 창녕대로 153-1,경상남도 창녕군 창녕읍 말흘리 747-11,055-532-0636,336046.181171585,226930.040261149,1994-09-30,541000001019940001
중앙동물병원,영업/정상,경기도 포천시 관인면 창동로 1841,경기도 포천시 관인면 탄동리 533-8,,222020.470994288,517144.519481158,1994-09-24,560000001019940003
종합동물병원,영업/정상,충청남도 청양군 청양읍 칠갑산로 256,충청남도 청양군 청양읍 읍내리 164-2,041-943-8275,182423.578292563,327750.742894118,1994-09-10,459000001019940001
신일산동물병원,영업/정상,"경기도 고양시 일산동구 강송로 180, 백마프라자 (마두동)",경기도 고양시 일산동구 마두동 759 백마프라자,,180842.086155646,461406.473246905,1994-09-07,394000001019940001
충무수산동물병원,영업/정상,"경상남도 통영시 정동4길 5, 105호 (정량동, 한창썬라이즈)",경상남도 통영시 정량동 1369 한창썬라이즈 105호,055-644-4901,331020.821182072,150518.08221494,1994-08-31,533000001019940002
경동동물병원,영업/정상,"인천광역시 제물포구 개항로 61, 청담한복 (경동)",인천광역시 제물포구 경동 239-7 청담한복,,,,1994-08-16,350100001019941001
경동동물병원,영업/정상,"인천광역시 중구 개항로 61, 청담한복 (경동)",인천광역시 중구 경동 239-7 청담한복,,,,1994-08-16,349000001019940001
현대동물병원,영업/정상,전남광주통합특별시 장성군 장성읍 영천로 137,전남광주통합특별시 장성군 장성읍 영천리 938-7,,180022.532922119,199876.670138036,1994-08-02,589500001019940001
김석년가축병원,영업/정상,경상남도 남해군 남해읍 화전로 60-10,경상남도 남해군 남해읍 남변리 424-3,,281816.750426636,149010.551002406,1994-07-21,543000001019940001
경북가축병원,영업/정상,대구광역시 북구 팔달로41길 12 (노원동2가),대구광역시 북구 노원동2가 290-3,,341995.385860841,266487.188213521,1994-07-20,345000001019940001
녹십자,영업/정상,충청남도 천안시 동남구 대흥로 94-1 (영성동),충청남도 천안시 동남구 영성동 67-3 18통3반,041-551-5989,213488.872629456,366449.863979136,1994-07-16,449000001019940001
대원가축병원,영업/정상,경상북도 경주시 화랑로 92 (동부동),경상북도 경주시 동부동 133-7,054-772-4488,399660.308512325,262722.670968496,1994-07-07,505000001019940001
부곡동물병원,영업/정상,부산광역시 금정구 부곡로 86 (부곡동),부산광역시 금정구 부곡동 324-13,,390329.918800545,193585.234908827,1994-07-05,335000001019940001
서울동물병원,영업/정상,제주특별자치도 서귀포시 동문로 29 (서귀동),제주특별자치도 서귀포시 서귀동 280-11,064-732-8762,159301.584193843,-27119.1947262856,1994-07-01,652000001019940001
김민재동물병원,영업/정상,서울특별시 송파구 동남로 318 (오금동),서울특별시 송파구 오금동 120-7,02-443-8973,212193.427439158,444617.315100966,1994-06-29,323000001019940001
서울종합동물병원,영업/정상,경기도 성남시 분당구 불정로 381 (서현동),경기도 성남시 분당구 서현동 305-1,,212039.140522801,430287.699040041,1994-06-24,378000001019940001
푸른동물병원,영업/정상,"제주특별자치도 제주시 서광로 293, 태안빌딩 (이도일동)",제주특별자치도 제주시 이도일동 1775-12 태안빌딩,,156041.563450242,570.150957950079,1994-06-21,651000001019940002
동심동물병원,영업/정상,제주특별자치도 제주시 노연로 141 (연동),제주특별자치도 제주시 연동 293-43,,153013.483301519,-1052.04617977058,1994-06-11,651000001019940001
제일가축병원,영업/정상,경상남도 고성군 고성읍 동외로 185,경상남도 고성군 고성읍 송학리 325-4,,321026.741859526,165146.690988257,1994-06-03,542000001020030002
하남동물병원,영업/정상,전남광주통합특별시 광산구 목련로 91-1 (월곡동),전남광주통합특별시 광산구 월곡동 511-9,,182425.83,185929.64,1994-05-31,582500001019940003
한국,영업/정상,전북특별자치도 고창군 고창읍 중앙로 321,전북특별자치도 고창군 고창읍 교촌리 501,,173660.410181458,215095.070851327,1994-05-30,478100001019940002
하나동물병원,영업/정상,경기도 이천시 중리천로 99 (창전동),경기도 이천시 창전동 470-1,,239667.673162048,419671.368493251,1994-05-06,407000001019940001
안산동물병원,영업/정상,경기도 안산시 단원구 화랑로 47 (원곡동),경기도 안산시 단원구 원곡동 776-11,,181898.487844447,425380.04823113,1994-04-20,393000001019940001
서부동물병원(출장전문),영업/정상,경기도 안성시 강변남로 52 (도기동),경기도 안성시 도기동 241,,224246.405767762,388817.625445462,1994-04-19,408000001019940002
제갈동물병원 (출장진료 전문),영업/정상,경기도 평택시 청북면 율북로 13,경기도 평택시 청북면 어연리 108-1,,198358.236515497,394471.684790553,1994-04-16,391000001019940001
베스트,영업/정상,인천광역시 강화군 강화읍 강화대로 217,인천광역시 강화군 강화읍 갑곳리 519-2,,156285.115376917,471024.502406649,1994-04-01,357000001019940001
천안공주낙농축산업협동조합부설동물병원,영업/정상,충청남도 천안시 서북구 성환읍 성환1로 116,충청남도 천안시 서북구 성환읍 매주리 435-1,,211460.370221425,378146.86091541,1994-03-28,449000001019940002
손 동물병원,영업/정상,경상북도 예천군 풍양면 낙상1길 82,경상북도 예천군 풍양면 낙상리 146-13,,316229.1939002,334996.075104061,1994-03-24,523000001020030007
가좌동물병원,영업/정상,서울특별시 서대문구 응암로 77 (북가좌동),서울특별시 서대문구 북가좌동 308-1,,192082.006617146,453085.243284327,1994-03-24,312000001019940001
우신동물병원,영업/정상,충청남도 금산군 금산읍 오리정1길 45,충청남도 금산군 금산읍 상리 176-25 19통4반,,243873.834620222,289490.559664761,1994-03-23,455000001019940001
중앙가축병원,영업/정상,경상남도 김해시 진례면 고모로59번길 39-222,경상남도 김해시 진례면 초전리 1148-148,,360678.933413651,194884.53221517,1994-03-18,535000001019810002
해성동물병원,영업/정상,서울특별시 양천구 은행정로 10 (신정동),서울특별시 양천구 신정동 1020-17,02-2651-9953,187566.108462816,446497.584536285,1994-03-18,314000001019940001
그린동물병원,영업/정상,충청북도 청주시 서원구 사직대로 255 (사직동),충청북도 청주시 서원구 사직동 569-8,,242482.436479242,348386.2849984,1994-03-16,572500001019942002
산본동물병원,영업/정상,경기도 군포시 산본천로 212 (산본동),경기도 군포시 산본동 238-8,,194708.272725284,429869.82093855,1994-03-16,402000001019940001
백두산동물병원,영업/정상,경기도 포천시 소흘읍 솔모루로 110,경기도 포천시 소흘읍 송우리 104,,213075.731040205,480925.055204615,1994-03-11,560000001019940001
금강동물병원,영업/정상,"전북특별자치도 군산시 미원로 132-3 (장재동, 금강종합동물병원)",전북특별자치도 군산시 장재동 812-1 41통2반 군산수송동제일오투그란데 2단지 502동 1204호,063-446-4572,174591.338489776,275535.736071966,1994-03-04,467100001019940001
통영동물병원,영업/정상,"경상남도 통영시 중앙로 88, 통영동물병원 (서호동)",경상남도 통영시 서호동 177-152 통영동물병원,,329696.47552273,150134.096521521,1994-02-23,533000001019940001
정수의과병원,영업/정상,"경상북도 고령군 대가야읍 대가야로 1533, 107동 1층 103호 (해동디오팰리스)",경상북도 고령군 대가야읍 쾌빈리 6-1 해동디오팰리스,,315097.949298839,250033.908990298,1994-02-15,520000001019940001
대산,영업/정상,전북특별자치도 고창군 대산면 사거1길 77,전북특별자치도 고창군 대산면 매산리 244-19,,163153.336981155,204750.643533364,1994-02-05,478100001019940001
시종동물병원,영업/정상,전남광주통합특별시 영암군 영암읍 동문로 39,전남광주통합특별시 영암군 영암읍 동무리 48-4,,172570.687032931,144532.737315979,1994-01-26,587500001019940001
충북동물병원,영업/정상,충청북도 청주시 흥덕구 사직대로 18 (복대동),충청북도 청주시 흥덕구 복대동 849-7,,240114.824822455,348182.993476511,1994-01-18,573000001019942001
능주동물병원,영업/정상,전남광주통합특별시 화순군 능주면 관동길 3,전남광주통합특별시 화순군 능주면 관영리 95,,196171.771461374,165742.779489945,1994-01-08,585500001019940001
분당헤르쯔 동물병원,영업/정상,"경기도 성남시 분당구 돌마로 364, 현대제일상가 1층 17,18,19호 (수내동)",경기도 성남시 분당구 수내동 79-2 현대제일상가,031-712-2795,210882.431070576,429773.840489957,1993-12-21,378000001019930002
사랑동물병원,영업/정상,서울특별시 구로구 도림로 98 (구로동),서울특별시 구로구 구로동 152-6,,190548.099763267,443187.182456305,1993-12-20,316000001019930001
경동가축병원,영업/정상,경상북도 영주시 원당로 205 (하망동),경상북도 영주시 하망동 249-8 14통3반,,345632.437940956,370891.214351442,1993-12-09,509000001019930001
아름동물병원,영업/정상,충청북도 옥천군 옥천읍 삼양로 41-1,충청북도 옥천군 옥천읍 삼양리 산 194-4,,250807.169580771,311921.97034767,1993-11-04,443000001019930001
창원동물병원,영업/정상,경상남도 창원시 의창구 원이대로 277 (봉곡동),경상남도 창원시 의창구 봉곡동 36-7,055-238-5457,350161.287114831,194976.315486409,1993-10-13,567000001019930001
종합,영업/정상,인천광역시 강화군 강화읍 강화대로 378,인천광역시 강화군 강화읍 관청리 119-9 7통,,154819.922930673,471572.743319811,1993-09-20,357000001019930001
우리동물병원,영업/정상,경상북도 구미시 선산읍 신기2길 58-9,경상북도 구미시 선산읍 신기리 47,,319691.915239802,309687.760542108,1993-09-09,508000001019930001
백동물병원,영업/정상,"경상남도 거창군 거창읍 강남로 156, 백동물병원",경상남도 거창군 거창읍 김천리 1-15 백동물병원,,282699.154746666,243054.350507124,1993-08-24,547000001019930002
오주동물병원,영업/정상,"서울특별시 송파구 마천로 264, 흥일빌딩 (거여동)",서울특별시 송파구 거여동 133-77 흥일빌딩,02-443-8083,212852.620762184,443990.574678948,1993-07-13,323000001019930001
대한동물병원(출장전문),영업/정상,경기도 안성시 죽산면 죽주로 300,경기도 안성시 죽산면 죽산리 131-7,,238002.988349756,397283.272935968,1993-06-11,408000001019930001
초원동물병원,영업/정상,전남광주통합특별시 영암군 영암읍 중앙로 97,전남광주통합특별시 영암군 영암읍 역리 168-8,,172433.299723622,145154.849699044,1993-05-21,587500001019930001
효자 동물병원,영업/정상,전북특별자치도 전주시 완산구 백제대로 121 (효자동1가),전북특별자치도 전주시 완산구 효자동1가 563-8,063-224-6672,211110.237909873,255972.121331701,1993-05-10,464100001019930001
김남수동물병원,영업/정상,강원특별자치도 화천군 사내면 사내로 14-1,강원특별자치도 화천군 사내면 사창리 422-6,,245817.260633325,507650.464174988,1993-04-22,431000001019930001
이창훈 동물병원,영업/정상,경기도 고양시 일산동구 무궁화로141번길 7-9 (정발산동),경기도 고양시 일산동구 정발산동 1180-3,,180202.560497974,463031.608757602,1993-04-21,394000001019930001
가람동물병원,영업/정상,경기도 김포시 양촌읍 양곡로390번길 97,경기도 김포시 양촌읍 양곡리 64,,167912.333338415,462750.386969152,1993-04-13,409000001019930001
현대동물병원,영업/정상,전남광주통합특별시 보성군 보성읍 중앙로 80-1,전남광주통합특별시 보성군 보성읍 보성리 753-5,,207461.511330708,141204.21379968,1993-04-07,585000001019930001
낙동가축병원,영업/정상,"경상남도 양산시 물금읍 오봉로 15, 상가동 205호",경상남도 양산시 물금읍 범어리 408-3 1통1반 상가동 205호,,381679.178959612,204830.480850148,1993-03-23,538000001019930001
개명동물병원,영업/정상,서울특별시 구로구 개봉로 50 (개봉동),서울특별시 구로구 개봉동 403-138,26190888,187221.919315862,443119.512514925,1993-03-19,316000001019930002
고려동물병원,영업/정상,경상북도 청도군 청도읍 청화로 217,경상북도 청도군 청도읍 고수리 854-1 8통11반,,358179.39555874,239195.752745363,1993-03-15,519000001019930002
가까운동물병원,영업/정상,충청북도 청주시 서원구 1순환로 1109 (분평동),충청북도 청주시 서원구 분평동 742 26통1반,,244280.758006474,344871.225363926,1993-03-10,572500001019932001
조광동물병원,영업/정상,강원특별자치도 속초시 수복로 61 (교동),강원특별자치도 속초시 교동 826-11,,338044.011841738,522884.300164814,1993-03-04,423000001019930001
경북종합동물병원,영업/정상,경상북도 상주시 함창읍 함창시장1길 63-7,경상북도 상주시 함창읍 구향리 122-80,,305526.431013084,341283.60264137,1993-02-24,511000001019930001
한호동물병원,영업/정상,"경기도 평택시 송탄로 200, 1층 (서정동)",경기도 평택시 서정동 908-4,031-611-5736,205143.430277311,395549.83346136,1993-02-11,391000001019930001
서해동물병원,영업/정상,"충청남도 서천군 서천읍 충절로49번길 26, 서해동물병원",충청남도 서천군 서천읍 군사리 862-10 서해동물병원,,171913.000832147,286247.409867419,1993-02-06,458000001019930001
제이엘동물병원,영업/정상,"대구광역시 달서구 월서로 125, 1,2층 (대천동)",대구광역시 달서구 대천동 550-9,053-652-7582,337493.743159692,258492.777815954,1992-12-30,347000001019920001
우리동물병원,영업/정상,충청북도 청주시 흥덕구 옥산면 옥산시내4길 23-2,충청북도 청주시 흥덕구 옥산면 가락리 764-95,,233380.141079309,351795.602153195,1992-12-04,573000001019923001
연합가축병원,영업/정상,경상북도 안동시 제비원로 135 (당북동),경상북도 안동시 당북동 311-7,054-853-6676,353947.261555821,341726.303865885,1992-11-24,507000001019920001
태성진동물병원,영업/정상,"경기도 여주시 청심로 121-7, 태성진동물병원 (하동)",경기도 여주시 하동 200-2,,256120.618189712,422081.55498006,1992-11-21,411000001019920001
안상수동물병원,영업/정상,"인천광역시 미추홀구 낙섬중로 53, 1층 (용현동)",인천광역시 미추홀구 용현동 622-149,032-887-1537,167919.308398683,439037.626070461,1992-11-07,351000001019920001
박동물병원,영업/정상,경상남도 합천군 가야면 가야시장로 80,경상남도 합천군 가야면 야천리 452 1통,,302950.483552401,251882.862389947,1992-10-23,548000001019920001
세우리동물병원,영업/정상,인천광역시 남동구 백범로 260 (간석동),인천광역시 남동구 간석동 921-15,,175208.746452443,439920.341666843,1992-10-21,353000001019920002
문현동물병원,영업/정상,부산광역시 남구 수영로 38 (문현동),부산광역시 남구 문현동 248-21,,388762.266305838,183880.000666584,1992-10-20,331000001019920001
나음동물메디컬센터,영업/정상,"전북특별자치도 전주시 완산구 서원로 294, 마리앤스튜디오 (중화산동2가)",전북특별자치도 전주시 완산구 중화산동2가 535-4 마리앤스튜디오,063-228-5311,211358.918377601,256841.274117466,1992-10-09,464100001019920003
도수의과가축병원,영업/정상,대구광역시 군위군 군위읍 군청로 123,대구광역시 군위군 군위읍 서부리 591 13통,,341223.863426752,304910.307369904,1992-10-07,514000001019920001
박 동물병원,영업/정상,부산광역시 사하구 낙동대로 407 (당리동),부산광역시 사하구 당리동 325-1,,379877.221346281,180029.720431106,1992-08-28,334000001019920002
삼양동물병원,영업/정상,"서울특별시 강북구 삼양로 190, 백운M빌딩 1층 (미아동)",서울특별시 강북구 미아동 734-258 백운M빌딩,,201780.552952574,457611.140971336,1992-08-18,308000001019920001
우진동물병원,영업/정상,"부산광역시 부산진구 동평로 115-1, 1층 (부암동)",부산광역시 부산진구 부암동 343-86,,385983.03775295,187138.736477384,1992-08-07,329000001019920001
최종주동물병원,영업/정상,"충청북도 영동군 영동읍 계산로 54, 최종주동물병원",충청북도 영동군 영동읍 계산리 662-6 최종주동물병원,043-744-4209,270313.281621843,297175.157334263,1992-07-20,444000001019920001
대구축협동물병원,영업/정상,대구광역시 북구 검단북로 154 (검단동),대구광역시 북구 검단동 700-2,053-384-9907,346441.127461002,269593.325617981,1992-07-16,345000001019920002
다나동물병원,영업/정상,"전북특별자치도 정읍시 충정로 199, 다나동물병원 (장명동)",전북특별자치도 정읍시 장명동 80-1 다나동물병원,063-537-1041,187131.307401596,229752.903042039,1992-07-08,469100001019920001
박영재 동물병원,영업/정상,전북특별자치도 전주시 완산구 전주천서로 111 (서서학동),전북특별자치도 전주시 완산구 서서학동 219-1,063-284-7774,213414.512918565,256682.410830805,1992-07-08,464100001019920002
보경동물병원,영업/정상,대구광역시 서구 달서로 165 (비산동),대구광역시 서구 비산동 511-48,,341799.124012372,265236.052683606,1992-07-04,343000001019920001
동구종합동물병원,영업/정상,부산광역시 동구 망양로 835-1 (수정동),부산광역시 동구 수정동 427-48,,386376.950696771,183797.373265107,1992-07-04,327000001019920001
백양동물병원,영업/정상,부산광역시 북구 덕천로 280 (만덕동),부산광역시 북구 만덕동 839-1,,385250.135062701,191889.102970884,1992-06-15,332000001019920002
가나동물병원,영업/정상,경상북도 구미시 금오시장로1길 16 (원평동),경상북도 구미시 원평동 1029-2,,320468.060705273,292558.820665745,1992-05-22,508000001019920001
김광수동물병원,영업/정상,충청남도 아산시 청운로 159 (권곡동),충청남도 아산시 권곡동 537-10,,200727.04216968,365202.322516509,1992-05-09,452000001019920001
사하동물병원,영업/정상,부산광역시 사하구 낙동대로 356 (당리동),부산광역시 사하구 당리동 373-4,051-206-1891,380363.772210994,179842.58753502,1992-04-30,334000001019920001
중앙동물병원,영업/정상,충청남도 천안시 동남구 원거리7길 2 (원성동),충청남도 천안시 동남구 원성동 601-1,041-555-7575,213653.092667763,366407.451735529,1992-04-17,449000001019920001
푸른 동물병원,영업/정상,전북특별자치도 전주시 덕진구 쪽구름로 71-2 (반월동),전북특별자치도 전주시 덕진구 반월동 248-7,063-211-2662,206804.157151826,263515.21429018,1992-03-18,464100001019920001
최영준동물병원,영업/정상,경상북도 포항시 북구 용당로 56 (용흥동),경상북도 포항시 북구 용흥동 117-3 55통5반,054-284-0123,412600.348170023,283944.771179096,1992-03-17,502000001019920001
한라동물종합병원,영업/정상,제주특별자치도 제주시 고마로 37 (일도이동),제주특별자치도 제주시 일도이동 321-10,,157097.022293092,1699.51843140822,1992-03-10,651000001019920001
바우미우동물병원,영업/정상,"서울특별시 중구 다산로 175, 명덕빌딩 (신당동)",서울특별시 중구 신당동 336-3 명덕빌딩,22373366,201064.963697104,450779.720971036,1992-02-12,301000001019920001
건국동물병원 (출장진료 전문),영업/정상,경기도 평택시 청북읍 율북로 13,경기도 평택시 청북읍 어연리 108-1,,198358.236515497,394471.684790553,1992-01-29,391000001019920002
민동물병원,영업/정상,경기도 고양시 덕양구 호국로 778-6 (성사동),경기도 고양시 덕양구 성사동 699-1,,185427.687268921,461481.802160795,1992-01-28,394000001019920001
서천가축병원,영업/정상,"충청남도 서천군 서천읍 서천로14번길 25, 서천가축병원",충청남도 서천군 서천읍 군사리 179-22 서천가축병원,,172653.436948131,286234.037746134,1992-01-14,458000001019920001
사직삼보동물병원,영업/정상,부산광역시 동래구 사직북로63번길 11 (사직동),부산광역시 동래구 사직동 28-15,051-504-1813,387322.672736939,190886.326220674,1992-01-14,330000001019920001
진흥동물병원,영업/정상,경상북도 고령군 고령읍 왕릉로 75,경상북도 고령군 고령읍 지산리 217-1,,314398.579800453,248169.335955938,1991-12-07,520000001019910001
태능동물병원,영업/정상,"서울특별시 중랑구 동일로 920, 3층 (묵동)",서울특별시 중랑구 묵동 175-2 3층,02-973-1953,206780.207620819,456698.48946494,1991-11-30,306000001019910001
청조동물병원,영업/정상,부산광역시 연제구 온천천남로 4 (연산동),부산광역시 연제구 연산동 300-3,,390401.385920987,190192.37254846,1991-11-23,337000001020030003
우석동물병원(출장전문),영업/정상,경기도 안성시 보개원삼로 104 (가사동),경기도 안성시 가사동 75-2 우석동물병원,,225438.896888801,390147.305651047,1991-11-10,408000001019910002
부산동물병원 제넷,영업/정상,"부산광역시 사상구 가야대로 283, 아이스테이트2 4층 (주례동)",부산광역시 사상구 주례동 413-5 아이스테이트2,,382521.459107547,185354.956136446,1991-10-16,339000001019910001
한일동물병원(출장진료전문동물병원),영업/정상,전남광주통합특별시 담양군 담양읍 천변1길 22,전남광주통합특별시 담양군 담양읍 천변리 92-1,061-382-6100,198168.823073077,202043.835540423,1991-10-09,583000001020020002
지동범 동물 안과 치과병원,영업/정상,"부산광역시 금정구 부곡로 184, 행복한빌딩 1,2층 (부곡동)",부산광역시 금정구 부곡동 255-4 행복한빌딩,,390375.2841253,194559.570608673,1991-10-09,335000001019910001
하남동물병원,영업/정상,경기도 하남시 신평로 37 (덕풍동),경기도 하남시 덕풍동 420-35,,217964.57445714,448341.882546884,1991-09-18,404000001019910001
한양종합동물병원,영업/정상,부산광역시 동래구 반송로 265 (명장동),부산광역시 동래구 명장동 29-4,051-527-8742,391225.773762664,191419.56967112,1991-09-03,330000001019910002
백남수동물병원,영업/정상,전남광주통합특별시 화순군 화순읍 화동로 7,전남광주통합특별시 화순군 화순읍 일심리 844,061-373-7406,199345.715092162,172924.171166513,1991-08-21,585500001019910002
젬마동물병원,영업/정상,인천광역시 남동구 구월로 364 (만수동),인천광역시 남동구 만수동 948-4,,176137.803174055,439216.471544639,1991-07-13,353000001019910001
고려동물병원,영업/정상,경상남도 창원시 의창구 지귀로 16 (봉곡동),경상남도 창원시 의창구 봉곡동 31-3,055-238-6520,350075.810299567,195194.526968967,1991-06-21,567000001019910001
암사동물병원,영업/정상,"서울특별시 강동구 올림픽로 793, 내호빌딩 1층 (암사동)",서울특별시 강동구 암사동 503-22 내호빌딩,02-3426-5079,211233.085633783,449979.012199459,1991-06-19,324000001019910001
부산동물병원,영업/정상,경상남도 창원시 마산합포구 3·15대로 437 (상남동),경상남도 창원시 마산합포구 상남동 162-166,055-243-8104,343423.544215906,191607.289813671,1991-06-17,567000001019911002
영동합동동물병원,영업/정상,"충청북도 영동군 영동읍 영동천2길 3-1, 동물병원",충청북도 영동군 영동읍 계산리 691-28 동물병원,,269687.956350549,297288.708769091,1991-05-06,444000001019910001
형제동물의료센터,영업/정상,서울특별시 관악구 남부순환로 1747-1 (봉천동),서울특별시 관악구 봉천동 923-23,02-889-0575,194993.179667198,442244.266085433,1991-04-30,320000001019910001
충남동물병원,영업/정상,충청남도 보령시 천북면 홍보로 417-1,충청남도 보령시 천북면 하만리 628-4,,157371.351540215,330505.13232841,1991-04-26,451000001019910002
김동물병원,영업/정상,충청남도 보령시 중앙로 105 (대천동),충청남도 보령시 대천동 434-6,,163347.904352883,316822.662536328,1991-04-26,451000001019910001
심재훈동물병원,영업/정상,경기도 평택시 탄현로 310-1 (지산동),경기도 평택시 지산동 766-4,,204843.240912814,397593.301826704,1991-04-26,391000001019910001
노아동물병원,영업/정상,서울특별시 송파구 오금로 498 (거여동),서울특별시 송파구 거여동 562-4,02-401-0075,212655.919014923,443430.772446166,1991-04-26,323000001019910003
연합동물병원,영업/정상,전북특별자치도 부안군 부안읍 번영로 185,전북특별자치도 부안군 부안읍 선은리 11-8,,176466.602500587,247555.318265943,1991-04-25,479100001019910001
홍성종합동물병원,영업/정상,충청남도 홍성군 홍성읍 의사로43번길 7-5,충청남도 홍성군 홍성읍 대교리 391-15,,170428.78653976,344503.655882202,1991-04-24,460000001019910003
성심동물병원,영업/정상,"경기도 남양주시 다산중앙로82번길 49-3, 103호 (다산동)",경기도 남양주시 다산동 6103-5 103호,,214066.644227777,457607.863315221,1991-04-22,399000001019910001
십자가축병원,영업/정상,경상남도 합천군 합천읍 충효로 24,경상남도 합천군 합천읍 합천리 891-8,,305153.890336999,229804.920265705,1991-04-16,548000001019910004
서울동물병원,영업/정상,"경상북도 예천군 예천읍 맛고을길 18, 서울동물병원",경상북도 예천군 예천읍 남본리 222-77 서울동물병원,054-652-5522,329650.517618587,351403.921519157,1991-04-09,523000001020030006
태성동물병원,영업/정상,충청남도 천안시 서북구 성환읍 성환1로 275,충청남도 천안시 서북구 성환읍 성환리 449-342,,211285.207758342,379760.924590814,1991-04-09,449000001019910001
최상오동물병원,영업/정상,충청북도 보은군 보은읍 보은로 121-1,충청북도 보은군 보은읍 삼산리 156-14,,264241.427264414,331798.539416614,1991-04-01,442000001019910001
가정동물병원,영업/정상,인천광역시 서해구 가정로 346 (가정동),인천광역시 서해구 가정동 517-32,032-575-0833,,,1991-04-01,356100001019910001
희망종합동물병원,영업/정상,"서울특별시 송파구 올림픽로 88, 올림픽타워 101호 (잠실동)",서울특별시 송파구 잠실동 175-12 올림픽타워 101호,02-414-7588,207048.638189411,445470.105610856,1991-03-30,323000001019910002
부산종합동물병원,영업/정상,부산광역시 부산진구 중앙대로 867 (양정동),부산광역시 부산진구 양정동 519-16,,388229.657972324,187441.356817056,1991-03-20,329000001019910001
우람동물병원,영업/정상,경기도 양평군 양평읍 남북로 97,경기도 양평군 양평읍 공흥리 484-4,031-772-8275,244356.031604811,443365.285767752,1991-03-16,417000001019910001
산호동물병원,영업/정상,"경상남도 창원시 마산합포구 용마로 32, 1층 (산호동)",경상남도 창원시 마산합포구 산호동 47-24,055-247-7202,343711.005724053,191979.623668336,1991-03-14,567000001019911001
제일동물병원,영업/정상,경기도 이천시 영창로 181 (창전동),경기도 이천시 창전동 151-14,031-633-9883,239193.563109866,420056.770145214,1991-03-08,407000001019910001
서교동물병원,영업/정상,"서울특별시 마포구 포은로 107, 2층 (망원동)",서울특별시 마포구 망원동 415-32,02-332-7984,191496.310307452,450483.171878794,1991-03-05,313000001019910001
서광동물병원,영업/정상,전남광주통합특별시 장성군 장성읍 영천로 96-1,전남광주통합특별시 장성군 장성읍 영천리 1321-4,,179994.358545584,199454.16666779,1991-02-22,589500001019910001
영국동물병원,영업/정상,"서울특별시 송파구 동남로18길 23, 무영빌딩 (가락동)",서울특별시 송파구 가락동 190-6 무영빌딩,02-402-5746,211698.200784756,443566.970137348,1991-02-18,323000001019910001
청담동물병원,영업/정상,"서울특별시 강남구 도산대로50길 13, 논현빌딩 3층 (논현동)",서울특별시 강남구 논현동 95-16 논현빌딩,02-543-4037,203262.260202912,446597.07239259,1991-02-15,322000001019910001
유 가축병원,영업/정상,전북특별자치도 진안군 진안읍 대광길 8,전북특별자치도 진안군 진안읍 군하리 125-47,,238059.512642704,254390.145935793,1991-02-13,473100001019910001
늘푸른동물병원두정의료센터,영업/정상,충청남도 천안시 서북구 쌍용대로 317 (성정동),충청남도 천안시 서북구 성정동 434-9,041-579-7582,212153.422333333,369320.517666666,1991-02-01,449000001019910002
금광동물병원,영업/정상,경기도 성남시 수정구 산성대로 431 (단대동),경기도 성남시 수정구 단대동 97-3,,213996.980887388,438714.579516437,1991-01-18,378000001019910001
덕천동물의료센터,영업/정상,부산광역시 북구 만덕대로 119 (덕천동),부산광역시 북구 덕천동 375-5,,383674.285696328,192327.66617095,1991-01-17,332000001019910001
서광동물병원,영업/정상,전남광주통합특별시 영암군 영암읍 중앙로 88,전남광주통합특별시 영암군 영암읍 역리 162-5,,172459.709202117,145057.900978092,1991-01-15,587500001019910001
조재환 동물병원,영업/정상,"경상북도 예천군 예천읍 중앙로 72, 202호",경상북도 예천군 예천읍 남본리 218-1,,330076.085943761,351156.820691645,1990-12-21,523000001020030005
김수의과병원,영업/정상,경상북도 포항시 북구 용당로 55 (용흥동),경상북도 포항시 북구 용흥동 118-18 45통5반,054-283-1626,412564.643362833,283956.688136589,1990-12-07,502000001019900001
군옥동물병원,영업/정상,전북특별자치도 군산시 대야면 대야시장로 9-1 (군옥동물병원),전북특별자치도 군산시 대야면 산월리 400-5 1통,063-451-2163,183343.841873873,271648.524434124,1990-12-03,467100001019900001
세림동물병원,영업/정상,인천광역시 부평구 원적로 392 (산곡동),인천광역시 부평구 산곡동 143-2,032-503-0075,174283.654723663,444642.283941241,1990-11-30,354000001019900002
보비동물병원,영업/정상,인천광역시 부평구 원적로 407 (산곡동),인천광역시 부평구 산곡동 411-5,032-524-6959,174433.693672499,444681.64834524,1990-11-01,354000001019900001
현대동물병원,영업/정상,전남광주통합특별시 고흥군 고흥읍 여산당촌길 32,전남광주통합특별시 고흥군 고흥읍 서문리 217-5,,225578.648809827,123300.649431623,1990-10-31,584500001019900001
윤신근박사동물병원,영업/정상,서울특별시 중구 퇴계로 226 (필동2가),서울특별시 중구 필동2가 53,22748558,199652.596554208,451038.891443622,1990-09-25,301000001019900001
현대동물병원,영업/정상,경상북도 성주군 성주읍 성주순환로 271-2,경상북도 성주군 성주읍 성산리 68-8,,316597.335543998,269515.893328599,1990-09-21,521000001019900002
퓨리나동물병원,영업/정상,서울특별시 도봉구 도봉로 469 (쌍문동),서울특별시 도봉구 쌍문동 356 12통7반 삼익빌라 101동 403호,,202901.123920636,460585.597088268,1990-09-19,309000001019900001
손진규동물병원,영업/정상,경상북도 경주시 화랑로 65 (서부동),경상북도 경주시 서부동 235-1,,399402.975365082,262768.14705239,1990-08-24,505000001019900001
한성동물병원,영업/정상,서울특별시 관악구 신림로 265 (신림동),서울특별시 관악구 신림동 409-165,02-872-7609,193902.73010252,441786.171025595,1990-08-23,320000001019900002
벌교동물병원,영업/정상,전남광주통합특별시 보성군 벌교읍 채동선로 333,전남광주통합특별시 보성군 벌교읍 벌교리 193-12,,230911.116483169,150116.751655968,1990-08-11,585000001019900001
이재풍동물병원,영업/정상,서울특별시 송파구 오금로35길 44 (오금동),서울특별시 송파구 오금동 39-1,02-404-6123,211360.492859605,444924.373362214,1990-08-08,323000001019900002
심재웅동물병원,영업/정상,서울특별시 동대문구 망우로 120 (휘경동),서울특별시 동대문구 휘경동 34-48,02-2244-7755,205804.989007148,454312.287025523,1990-08-01,305000001019900002
여한경,영업/정상,"충청남도 서산시 안견로 190, 서산공용버스터미널 (동문동)",충청남도 서산시 동문동 309-3 서산공용버스터미널,,151602.123848116,364605.990434388,1990-07-11,453000001019900001
금왕동물병원,영업/정상,충청북도 음성군 금왕읍 대금로 1498,충청북도 음성군 금왕읍 금석리 275-10,,253207.84735925,387675.413456986,1990-07-10,447000001019900001
안락동물병원,영업/정상,부산광역시 동래구 안연로98번길 4 (안락동),부산광역시 동래구 안락동 756-57,051-556-8747,391004.488643424,190526.708360754,1990-07-07,330000001019900001
현대웰동물병원,영업/정상,전남광주통합특별시 서구 상무대로 891 (쌍촌동),전남광주통합특별시 서구 쌍촌동 966-22,,187122.256616046,183540.62926584,1990-05-28,581000001019900001
동인동물병원,영업/정상,대구광역시 중구 국채보상로 724 (동인동4가),대구광역시 중구 동인동4가 332,,345305.717665797,264336.799702626,1990-05-21,341000001019900001
홍경태동물병원,영업/정상,경상북도 포항시 북구 새천년대로 587 (용흥동),경상북도 포항시 북구 용흥동 618-39 15통4반,,412089.458333123,283238.526857558,1990-05-12,502000001019900002
현대 동물 병원,영업/정상,충청남도 태안군 안면읍 구억말길 18-21,충청남도 태안군 안면읍 승언리 1223,,141486.054127831,335423.28442636,1990-03-29,462000001019900001
성주가축병원,영업/정상,경상북도 성주군 성주읍 시장길 47,경상북도 성주군 성주읍 경산리 718-275,,315920.914718945,268993.252681713,1990-03-22,521000001019900001
울산동물병원,영업/정상,울산광역시 중구 학성공원13길 45 (학성동),울산광역시 중구 학성동 192-1,,411839.864346723,230949.07971107,1990-03-12,369000001019900001
자인동물병원,영업/정상,경상북도 경산시 자인면 자인로 193-1,경상북도 경산시 자인면 서부리 256-5 5통,,364717.789458343,258855.388296172,1990-03-06,513000001019900001
불광동물병원,영업/정상,"서울특별시 은평구 통일로 767, 401동 B층 117호 (대조동, 베르디움STAY1)",서울특별시 은평구 대조동 241 베르디움STAY1 401동 B117호,,,,1990-03-06,311000001019900001
경기동물병원,영업/정상,"경기도 가평군 청평면 청평중앙로 8, 경기동물병원",경기도 가평군 청평면 청평리 438-23 경기동물병원,,236594.523885646,470455.677127581,1990-03-03,416000001019900001
용인동물병원,영업/정상,"경기도 용인시 처인구 명지로 17, 2층 202호 (역북동)",경기도 용인시 처인구 역북동 722-1,,216708.324123275,414743.08452742,1990-03-02,405000001019900001
강현림 종합동물병원,영업/정상,서울특별시 양천구 등촌로 160 (목동),서울특별시 양천구 목동 657-16,26429159,187774.076185179,449099.406847977,1990-02-23,314000001019900002
성심동물병원,영업/정상,경기도 연천군 전곡읍 전곡역로 47,경기도 연천군 전곡읍 전곡리 302-27 2통17반,,205916.891109553,502320.135111419,1990-01-30,414000001019900001
우신동물병원,영업/정상,서울특별시 양천구 중앙로 295 (신월동),서울특별시 양천구 신월동 501-12,26938883,186794.842142997,446714.27578886,1990-01-30,314000001019900001
백동물병원,영업/정상,충청남도 부여군 부여읍 성왕로 182,충청남도 부여군 부여읍 구아리 407-2 3통,,191722.662880129,308923.305190039,1990-01-15,457000001019900001
한국동물병원,영업/정상,인천광역시 미추홀구 낙섬중로 25 (용현동),인천광역시 미추홀구 용현동 627-399,032-887-2952,167783.006217435,438796.4345772,1989-12-28,351000001019890002
사상동물병원,영업/정상,부산광역시 사상구 사상로 153 (괘법동),부산광역시 사상구 괘법동 555-26,,380983.769685813,186277.201717533,1989-11-23,339000001019890001
남천동물병원,영업/정상,"부산광역시 수영구 황령대로 505, 1층 (남천동)",부산광역시 수영구 남천동,,392147.410269107,184089.035651304,1989-10-05,338000001019890001
원진동물병원,영업/정상,전북특별자치도 임실군 임실읍 운수로 7,전북특별자치도 임실군 임실읍 이도리 182-12 8통,,225537.934930305,235189.46609344,1989-07-29,476100001019890001
대호동물병원,영업/정상,"부산광역시 서구 구덕로 130 (토성동5가, 해오름상가1층)",부산광역시 서구 토성동5가 34-3 해오름상가1층,051-256-1188,384325.618957799,179413.686227893,1989-06-30,326000001019890001
관양동물병원,영업/정상,"경기도 안양시 동안구 관악대로 327-1, 1층 (관양동)",경기도 안양시 동안구 관양동 1406-38,031-384-3920,196318.445426412,433525.717464635,1989-06-07,383000001019890001
주영동물병원「산업동물 출장진료 전문」,영업/정상,경기도 이천시 장호원읍 서동대로8809번길 22-29,경기도 이천시 장호원읍 장호원리 388,,254639.828094073,401777.254020281,1989-05-09,407000001019890001
강원대학교 부속 동물병원,영업/정상,강원특별자치도 춘천시 강원대학길 1 (효자동),강원특별자치도 춘천시 효자동 192-1,033-250-8606,265481.557982219,485420.871953344,1989-04-20,418000001020040002
김신환동물병원,영업/정상,충청남도 서산시 안견로 203 (동문동),충청남도 서산시 동문동 293-11,,151683.643711911,364436.787871784,1989-04-14,453000001019890001
진동물병원,영업/정상,전북특별자치도 김제시 서낭당길 6 (요촌동),전북특별자치도 김제시 요촌동 272-9,,189529.544439953,255665.40351948,1989-04-11,471100001019890002
김용태산업동물병원,영업/정상,전북특별자치도 정읍시 태인면 정읍북로 1250-1,전북특별자치도 정읍시 태인면 태창리,,194379.866693598,239069.622032204,1989-04-07,469100001019890001
정 동물병원,영업/정상,"대전광역시 서구 괴정로 114, 1층 101호 (괴정동)",대전광역시 서구 괴정동 80-2 101호,,234518.865100177,315257.714921014,1989-03-30,366000001019890002
한사랑동물의료센타 동물병원,영업/정상,전남광주통합특별시 목포시 통일대로 83 (옥암동),전남광주통합특별시 목포시 옥암동 1035-11,,148045.837061794,144854.7549501,1989-03-24,578000001019890001
한일동물병원,영업/정상,전남광주통합특별시 무안군 무안읍 면성2길 40,전남광주통합특별시 무안군 무안읍 성내리 193-6 1통1반,061-452-0877,152114.17896797,165822.736522434,1989-03-23,588000001019890001
청원동물병원,영업/정상,"전북특별자치도 남원시 용성로 95, 청원동물병원 (동충동)",전북특별자치도 남원시 동충동 44-7 청원동물병원,,235073.098687831,212253.898568975,1989-02-28,470100001019890001
금비동물병원,영업/정상,대전광역시 중구 계백로 1697-1 (오류동),대전광역시 중구 오류동 164-5,042-526-4672,236563.467755924,313478.281665005,1988-12-30,365000001019880001
중앙동물병원약품,영업/정상,인천광역시 미추홀구 경인로 417-1 (주안동),인천광역시 미추홀구 주안동 72-11,032-424-3331,172201.306383354,439619.509020982,1988-11-26,351000001019880001
대방동물병원,영업/정상,"서울특별시 영등포구 신풍로25길 13, 그레이트 빌 1층 (신길동)",서울특별시 영등포구 신길동 583 그레이트 빌,,192854.528260001,444333.005548234,1988-11-14,318000001019880002
김정복동물병원,영업/정상,서울특별시 은평구 통일로 879 (갈현동),서울특별시 은평구 갈현동 394-19,,192829.740402573,457673.877898237,1988-11-11,311000001019880001
강원동물병원,영업/정상,강원특별자치도 원주시 평원로 67 (중앙동),강원특별자치도 원주시 중앙동 43-2,033-766-7494,284112.256822708,428142.85725411,1988-10-13,419000001019880001
창생동물병원,영업/정상,경상남도 창원시 마산회원구 3·15대로 593 (석전동),경상남도 창원시 마산회원구 석전동 265-57,055-299-0075,343177.243653193,193121.395086585,1988-09-02,567000001019881002
흥덕가축병원,영업/정상,전북특별자치도 고창군 흥덕면 흥덕로 27,전북특별자치도 고창군 흥덕면 동사리 437-52,,173038.647082507,224337.723425841,1988-07-19,478100001019880001
경상동물병원,영업/정상,경상남도 산청군 산청읍 웅석봉로133번길 146-1,경상남도 산청군 산청읍 지리 119-3,,280410.564421872,212803.978491597,1988-06-03,545000001020020006
보라매동물병원,영업/정상,"서울특별시 관악구 봉천로 239, 1층 (봉천동)",서울특별시 관악구 봉천동 971-14 1층,02-885-2130,193595.070903582,443043.550424396,1988-05-27,320000001019880001
초원동물병원,영업/정상,경상남도 진주시 명석면 나불로 277-3,경상남도 진주시 명석면 우수리 59-5,,294763.250511716,191220.153514838,1988-04-20,531000001019880001
서진동물병원,영업/정상,서울특별시 마포구 신촌로16길 34(노고산동),서울특별시 마포구 노고산동 56-7,02-336-3929,194117.365875122,450220.187710375,1988-03-30,313000001019880001
정산가축병원,영업/정상,충청남도 청양군 정산면 칠갑산로 1912,충청남도 청양군 정산면 서정리 156-37,041-942-9978,195450.453299121,323448.320464202,1988-03-25,459000001019880001
서동물병원,영업/정상,충청남도 논산시 강경읍 옥녀봉로19번길 38-1,충청남도 논산시 강경읍 염천리 81,,201255.946523762,295365.364470752,1988-03-25,454000001019880001
신흥동물병원,영업/정상,충청남도 홍성군 광천읍 홍남로 664,충청남도 홍성군 광천읍 신진리 423-7,,166292.334145129,333632.163842469,1988-01-07,460000001019980002
동원동물병원,영업/정상,경상북도 문경시 중앙로 201 (흥덕동),경상북도 문경시 흥덕동 308-7 8통2반,,307624.0855977,345262.675158771,1987-12-10,512000001019870002
초원동물병원,영업/정상,경상북도 경산시 중앙로19길 26 (중방동),경상북도 경산시 중방동 849-6,,356810.320255021,259814.644104282,1987-08-17,513000001019870001
중앙동물병원,영업/정상,충청남도 논산시 중앙로480번길 42 (반월동),충청남도 논산시 반월동 41-8 1통,,207845.983198905,300617.127059072,1987-06-22,454000001019870001
퍼피존동물병원,영업/정상,전북특별자치도 익산시 익산대로 190 (창인동1가),전북특별자치도 익산시 창인동1가 43,,195285.665694356,271418.3992874,1987-04-17,468100001019870001
김종하 동물병원,영업/정상,,충청북도 괴산군 괴산읍 동부리 672-4,,270631.580861681,367754.207646956,1987-02-13,446000001019870001
음성동물병원,영업/정상,충청북도 음성군 음성읍 중앙로 142,충청북도 음성군 음성읍 읍내리 549-12 6통3반,043-872-2262,261397.660250307,381890.968920522,1987-02-03,447000001019870001
좌천동물병원,영업/정상,부산광역시 기장군 장안읍 해맞이로 17-1,부산광역시 기장군 장안읍 좌천리 252-13,,404115.255483532,203878.78331997,1987-01-14,340000001019870001
전남대학교 동물병원,영업/정상,"전남광주통합특별시 북구 용봉로 77, 전남대학교 주210 (용봉동)",전남광주통합특별시 북구 용봉동 300 전남대학교,,191342.627620633,186342.616202101,1986-12-01,582000001019860001
운봉동물병원,영업/정상,"전북특별자치도 남원시 운봉읍 운봉로 702, 부산갈매기식당, 운봉가축병원",전북특별자치도 남원시 운봉읍 동천리 506-1,,248232.506073415,215525.784615081,1986-08-21,470100001019860001
한일가축병원,영업/정상,경상북도 경주시 외외안길 5 (효현동),경상북도 경주시 효현동 486,,395876.060360504,260658.382364119,1986-07-11,505000001019860001
박동물병원,영업/정상,전북특별자치도 완주군 봉동읍 봉동로 133,전북특별자치도 완주군 봉동읍 장기리 225,063-261-3125,215098.757354706,270757.007605031,1986-07-01,472100001019860001
유일동물병원(산업동물에 대한 출장진료를 전문으로 함.),영업/정상,충청남도 천안시 동남구 풍세로 614 (신방동),충청남도 천안시 동남구 신방동 263-3,041-565-5297,211746.437152505,362966.620698594,1986-05-15,449000001019860001
차동물병원,영업/정상,충청남도 보령시 대흥로 77 (대천동),충청남도 보령시 대천동 346-4,,163172.52463594,316784.576891149,1986-05-03,451000001019860001
우남동물병원,영업/정상,전남광주통합특별시 장성군 장성읍 청운길 19-1,전남광주통합특별시 장성군 장성읍 영천리 1273-88,,180012.262675862,200253.550337885,1986-02-13,589500001019860002
제일가축병원,영업/정상,경상북도 칠곡군 왜관읍 2번도로길 121,경상북도 칠곡군 왜관읍 왜관리 207-34,,325895.984244336,278472.178476435,1985-12-30,522000001019850001
통일동물병원,영업/정상,경기도 동두천시 중앙로 226 (생연동),경기도 동두천시 생연동 689-24,,204603.010807737,488783.058778561,1985-05-31,392000001019850001
김수의과동물병원,영업/정상,충청남도 홍성군 광천읍 홍남로606번길 2,충청남도 홍성군 광천읍 신진리 522,,165698.109912775,333735.342416039,1985-04-01,460000001019850001
연합,영업/정상,전북특별자치도 고창군 고창읍 성산5길 9,전북특별자치도 고창군 고창읍 읍내리 212-19,,172689.125753517,215203.015204311,1985-01-17,478100001019850001
현대동물병원,영업/정상,"경기도 화성시 만세구 남양읍  남양시장로 38-4, 103호",경기도 화성시 만세구 남양읍 남양리 563 무지개@ 103호,,183361.121931268,411868.302496778,1984-12-19,574000001019840001
신흥동물병원,영업/정상,강원특별자치도 홍천군 홍천읍 번영로 61-1,강원특별자치도 홍천군 홍천읍 신장대리 13-1,033-434-2206,278183.507083727,465707.20557578,1984-12-18,425000001019840001
정동물병원,영업/정상,전남광주통합특별시 영광군 영광읍 중앙로5길 2,전남광주통합특별시 영광군 영광읍 도동리 263-1 2호,,155549.939199665,197511.644065845,1984-10-25,589000001019840001
대관령동물병원,영업/정상,"경기도 남양주시 금곡로 44, 성원빌딩 (금곡동)",경기도 남양주시 금곡동 427-28 성원빌딩,,218283.481314572,459079.813041687,1984-07-30,399000001019840001
서울동물병원,영업/정상,충청북도 청주시 청원구 오창읍 오창시내4길 7-1,충청북도 청주시 청원구 오창읍 장대리 53-22,,240712.25677449,360162.723680908,1984-07-27,573500001019843001
영생동물병원,영업/정상,전남광주통합특별시 함평군 함평읍 중앙길 67,전남광주통합특별시 함평군 함평읍 내교리 214-7 11통4반,,156277.067678112,173971.096685197,1984-06-14,588500001019840001
이 가축병원,영업/정상,전북특별자치도 임실군 임실읍 봉황로 190,전북특별자치도 임실군 임실읍 이도리 847-8 8통,,225503.945501441,235242.857965177,1984-06-09,476100001020030001
제일가축병원,영업/정상,전남광주통합특별시 영암군 영암읍 갈무정1길 12,전남광주통합특별시 영암군 영암읍 역리 269-1,,172419.981410885,144987.115954262,1984-06-01,587500001019840001
풍기동물병원,영업/정상,경상북도 영주시 원당로 111 (하망동),경상북도 영주시 하망동 422-46,,345039.411569569,370169.073854199,1984-05-03,509000001019840001
대관령 가축병원,영업/정상,경상북도 예천군 예천읍 시장로 81,경상북도 예천군 예천읍 남본리 222-139,,329862.11049978,351470.080556552,1984-04-02,523000001020030011
동삼동물병원,영업/정상,강원특별자치도 춘천시 동내면 영서로 1786,강원특별자치도 춘천시 동내면 학곡리 594,033-261-8175,266842.724808428,481790.298848858,1984-04-01,418000001019840001
경북대학교 수의과대학 부속동물병원,영업/정상,"대구광역시 북구 대학로 80 (산격동, 경북대학교 수의과대학)",대구광역시 북구 산격동 1370-1 경북대학교 수의과대학,053-950-6898,345299.742438478,266806.443246079,1984-03-16,345000001019840001
삼성가축병원,영업/정상,충청북도 음성군 삼성면 대성로 613,충청북도 음성군 삼성면 덕정리 525-19,,244274.766592437,390864.40854427,1984-03-13,447000001019840001
정동물병원,영업/정상,"경기도 평택시 안중읍 안중로 94, 105동 (평창빌딩)",경기도 평택시 안중읍 안중리 253-9,031-681-2406,193434.902464935,387434.553103312,1984-01-19,391000001019840001
매일동물병원,영업/정상,전남광주통합특별시 광양시 광양읍 순광로 695,전남광주통합특별시 광양시 광양읍 인동리 1725 15통6반 오성타워맨션 101동 801호,,,,1983-12-01,580000001019830001
삼양가축병원,영업/정상,강원특별자치도 횡성군 횡성읍 문정로 12,강원특별자치도 횡성군 횡성읍 읍하리 134-20,,287019.562313331,443556.920206796,1983-11-16,426000001019830001
오암동물병원,영업/정상,경기도 평택시 안중읍 안중로99번길 13-1,경기도 평택시 안중읍 안중리 245-17,031-682-2470,193467.398374431,387590.508232604,1983-10-27,391000001019880001
청산동물병원,영업/정상,경기도 화성시 만세구 우정읍 3.1만세로 29,경기도 화성시 만세구 우정읍 조암리 348,,183680.139088429,397850.64988463,1983-10-22,574000001019830002
오류동물병원,영업/정상,"서울특별시 구로구 경인로 236, 예성라온팰리스 103동 101호 (오류동)",서울특별시 구로구 오류동 33-1 예성라온팰리스 103동 101호,26123232,186391.769129848,443886.316589264,1983-10-10,316000001019830001
조암동물병원,영업/정상,"경기도 화성시 만세구 우정읍 3.1만세로 69-5, 201호 (조암프라자)",경기도 화성시 만세구 우정읍 조암리 258-11,,184000.79655334,398065.430715929,1983-08-17,574000001019830001
한우동물병원,영업/정상,세종특별자치시 조치원읍 조치원로 56,세종특별자치시 조치원읍 상리 99-6,,227031.758699488,344584.702184168,1983-08-12,569000001019830001
영주동물병원,영업/정상,경상북도 영주시 구성로 363-1 (영주동),경상북도 영주시 영주동 528-13,,344642.789016232,370386.127388634,1983-07-15,509000001019830001
제일동물병원,영업/정상,울산광역시 울주군 삼남면 중평로 79,울산광역시 울주군 삼남면 교동리 355-7,052-262-4888,392264.061360284,231197.441795432,1983-07-15,373000001020020002
정동물병원,영업/정상,"전남광주통합특별시 구례군 구례읍 봉성로 90, 정가축병원",전남광주통합특별시 구례군 구례읍 봉동리 442-3 정가축병원,,242247.543325811,190219.223476713,1983-06-30,584000001019830001
충남대학교 수의과대학 부속동물병원,영업/정상,"대전광역시 유성구 대학로 99, 충남대학교 (궁동)",대전광역시 유성구 궁동 220 충남대학교,,230825.003668352,318805.374526223,1983-06-13,367000001019830001
원주동물병원,영업/정상,강원특별자치도 원주시 천사로 79 (단계동),강원특별자치도 원주시 단계동 826-12 0반,033-743-8882,282652.250164402,427691.494424386,1983-05-21,419000001019830001
대구가축병원,영업/정상,경상북도 안동시 제봉길 36 (노하동),경상북도 안동시 노하동 773-90,054-858-2233,349942.664686981,343017.466657108,1983-04-22,507000001019830001
이동물병원,영업/정상,충청남도 아산시 둔포면 둔포면로  12-8,충청남도 아산시 둔포면 둔포리 414-14 414-14,,203268.663886065,380691.740062325,1983-04-07,452000001019830001
논산동물병원,영업/정상,충청남도 논산시 중앙로 504 (대교동),충청남도 논산시 대교동 112-1 2통,,207359.481166291,300776.052678661,1983-03-18,454000001019830001
목자동물병원,영업/정상,경상남도 남해군 남해읍 남해대로 2723,경상남도 남해군 남해읍 남변리 532-8,,282385.64037694,148558.848440353,1983-02-11,543000001019830001
소망동물병원,영업/정상,경기도 화성시 만세구 남양읍 남양시장로55번길 37-3,경기도 화성시 만세구 남양읍 남양리 1266-2,031-356-1595,183869.884674552,412068.085172675,1982-12-04,574000001019820001
재생동물병원,영업/정상,부산광역시 동래구 충렬대로 268-1 (낙민동),부산광역시 동래구 낙민동 288-58,051-555-4130,390130.997652779,191048.99969049,1982-11-29,330000001019820001
현대가축병원,영업/정상,강원특별자치도 홍천군 홍천읍 홍천로 360,강원특별자치도 홍천군 홍천읍 신장대리 55-42,,278023.56937272,465542.955347098,1982-11-27,425000001019820001
제일종합동물병원,영업/정상,경기도 김포시 양촌읍 양곡1로 13,경기도 김포시 양촌읍 구래리 238-8,,166740.846004906,461130.915819728,1982-11-20,409000001019820001
소통동물병원,영업/정상,전남광주통합특별시 나주시 청동길 7 (삼도동),전남광주통합특별시 나주시 삼도동 1386-1,,174664.690125996,170863.447644148,1982-09-22,579500001019820002
부안동물병원,영업/정상,전북특별자치도 부안군 부안읍 번영로 161,전북특별자치도 부안군 부안읍 봉덕리 574-12,,176221.518333334,247465.405,1982-08-03,479100001019820001
중앙동물병원,영업/정상,충청남도 청양군 청양읍 칠갑산로 236-2,충청남도 청양군 청양읍 읍내리 202-13,041-943-2326,182228.55602878,327778.021959964,1982-06-25,459000001019820001
현대가축병원,영업/정상,강원특별자치도 정선군 정선읍 정선로 1330,강원특별자치도 정선군 정선읍 봉양리 209-10 3통1반,033-563-0739,347106.075711816,432096.979355148,1982-03-25,429000001019820001
장기가축병원,영업/정상,경상북도 포항시 남구 장기면 읍내길 62-9,경상북도 포항시 남구 장기면 마현리 322-1 2통,,425116.243270403,268743.508169285,1981-09-24,502000001019810001
동명동물병원,영업/정상,대구광역시 북구 칠곡중앙대로 531 (읍내동),대구광역시 북구 읍내동 781-1,,339825.695582098,272538.877151776,1981-08-24,345000001019810001
남부동물병원,영업/정상,대구광역시 남구 두류공원로 18-2 (대명동),대구광역시 남구 대명동 807-13 45통1반,,342247.013870021,261164.644947937,1981-08-24,344000001019810002
삼가가축병원,영업/정상,경상남도 합천군 삼가면 삼가중앙1길 33,경상남도 합천군 삼가면 일부리 933-4 2통3반,,301697.96680232,213299.644519564,1980-10-17,548000001019800001
한국동물병원,영업/정상,충청북도 청주시 상당구 상당로 15-1 (남문로1가),충청북도 청주시 상당구 남문로1가 132,043-221-3815,243834.069808525,347716.441319305,1980-07-30,572000001019801001
부여동물병원,영업/정상,"충청남도 부여군 부여읍 나성로 108, 1동 1층",충청남도 부여군 부여읍 구아리 82-2,,191765.087087895,309263.574841296,1980-07-25,457000001019800003
서울동물병원,영업/정상,충청남도 부여군 은산면 충의로 666-1,충청남도 부여군 은산면 신대리 393-3 3통,,186728.595603585,311959.65436878,1980-07-25,457000001019800002
오창동물병원,영업/정상,충청북도 청주시 청원구 오창읍 오창시내5길 5,충청북도 청주시 청원구 오창읍 장대리 294-3,,240666.900262788,360172.698765914,1980-02-07,573500001019803001
통일동물병원,영업/정상,울산광역시 울주군 청량읍 덕하장터길 7,울산광역시 울주군 청량읍 상남리 577-1,,409171.522350849,223786.213669021,1979-12-15,373000001020020006
이리서울동물병원,영업/정상,전북특별자치도 익산시 인북로 139 (창인동1가),전북특별자치도 익산시 창인동1가 229-3 4통1반,063-858-0711,195779.40673814,271250.358854932,1979-12-05,468100001019790001
이의종동물병원,영업/정상,제주특별자치도 제주시 한림읍 한림로12길 19,제주특별자치도 제주시 한림읍 한림리 1290-2,,131736.407446969,-8749.72527010776,1979-11-28,651000001019611002
유일동물병원,영업/정상,경기도 양평군 양평읍 미리내길 96,경기도 양평군 양평읍 도곡리 286-1,,247232.490946105,442233.918916797,1979-11-15,417000001019790001
다보가축병원,영업/정상,"경상북도 경주시 불국장터길 23-2, 불국공설시장 (구정동)",경상북도 경주시 구정동 429-7 불국공설시장,,407995.537562851,255322.391547943,1979-11-02,505000001019790001
현대동물병원,영업/정상,경상남도 하동군 옥종면 옥종중앙길 64-1,경상남도 하동군 옥종면 청룡리 123,,280057.307611188,187227.345251888,1979-10-24,544000001019790001
이천동물병원「산업동물 출장진료 전문」,영업/정상,경기도 이천시 어재연로 24-0 (중리동),,031-635-2371,239348.748537525,419751.787872235,1979-10-11,407000001019790001
현대가축병원,영업/정상,"경기도 가평군 가평읍 연인2길 19, 현대동물병원",경기도 가평군 가평읍 읍내리 489-14 현대동물병원,,244940.631847259,480910.046126073,1979-08-10,416000001019790001
백제 가축병원,영업/정상,충청남도 당진시 합덕읍 합덕시장로 188,충청남도 당진시 합덕읍 운산리 263-1 2통,,179809.011775375,367504.948907816,1979-07-03,463000001019790001
서일동물병원,영업/정상,충청남도 천안시 동남구 충절로 437 (삼룡동),충청남도 천안시 동남구 삼룡동 146-28,041-551-5659,215243.055101315,364669.569767338,1979-04-03,449000001019790001
연합동물병원,영업/정상,"전북특별자치도 군산시 중앙로 61 (장재동, 연합가축병원)",전북특별자치도 군산시 장재동 206-5 7통3반,063-445-2544,174651.54576806,275510.752966145,1978-12-13,467100001019780001
청산동물병원,영업/정상,충청북도 옥천군 청산면 지전1길 10-1,충청북도 옥천군 청산면 지전리 27-25,,271108.716248994,316283.188826336,1978-11-08,443000001019780001
파주유우진료소(산업동물에 대한 출장진료를 전문으로 함),영업/정상,경기도 파주시 조리읍 봉천로 11,경기도 파주시 조리읍 봉일천리 139-14,031-941-3030,183182.042488446,471117.808080578,1978-10-23,406000001019780001
강내동물병원,영업/정상,충청북도 청주시 흥덕구 강내면 가로수로 540-1,충청북도 청주시 흥덕구 강내면 탑연리 173-5 2통,,232151.860626582,346953.541876672,1978-07-24,573000001019783001
중앙동물병원,영업/정상,"경기도 여주시 여흥로 97, 중앙동물병원 (창동)",경기도 여주시 창동 111-3,,256160.519781597,421725.008882029,1978-03-15,411000001019780001
공검가축병원,영업/정상,경상북도 상주시 공검면 양정2길 5,경상북도 상주시 공검면 양정리 22-3 8통,,303874.01417944,335135.826907566,1977-07-01,511000001019770001
새마을동물병원,영업/정상,충청남도 예산군 예산읍 예산로 31,충청남도 예산군 예산읍 주교리 225-1 2통우영연립 A동 203호,,184736.659480049,353839.485467753,1977-05-10,461000001019770001
연기동물병원,영업/정상,세종특별자치시 조치원읍 조치원로 61-1,세종특별자치시 조치원읍 상리 18-9,,227064.926581114,344652.880687144,1977-04-18,569000001019770001
안강가축병원,영업/정상,경상북도 경주시 강동면 인좌안길 98-9,경상북도 경주시 강동면 인동리 319,,404021.995175688,279421.287029208,1977-03-30,505000001019770002
성산가축병원,영업/정상,경상북도 고령군 개진면 성산로 942-9,경상북도 고령군 성산면 어곡리 11,,323380.601833777,250988.727897171,1977-02-24,520000001019770001
금촌종합동물병원,영업/정상,경기도 파주시 아동로 11-1 (금촌동),경기도 파주시 금촌동 42-5 17통9반,031-941-7777,180177.562578302,473572.286745588,1976-11-19,406000001019760001
박동물병원,영업/정상,,전북특별자치도 순창군 순창읍 남계리 210-3 27통1반,,213023.437253079,208512.889035833,1976-11-11,477100001019760001
중앙동물병원,영업/정상,전남광주통합특별시 고흥군 과역면 고흥로 2979,전남광주통합특별시 고흥군 과역면 과역리 71-8,,233038.279678328,131206.233939441,1976-10-06,584500001019760002
이동가축병원,영업/정상,경상남도 남해군 이동면 무림로 34,경상남도 남해군 이동면 무림리 1237-2,,287082.373822763,145329.607241404,1976-05-15,543000001019760002
모서동물병원,영업/정상,경상북도 상주시 모서면 중화로 870,경상북도 상주시 모서면 삼포리 254-3,,286292.230353131,315903.180114438,1976-05-10,511000001019760001
곤양가축병원,영업/정상,"경상남도 사천시 곤양면 곤양로 124, 곤양가축병원",경상남도 사천시 곤양면 성내리 146 곤양가축병원,,287558.057466454,173654.043656168,1976-03-23,534000001019760001
서울동물병원,영업/정상,전북특별자치도 익산시 함열읍 함열로 78-1,전북특별자치도 익산시 함열읍 와리 545-240,,196099.176780937,286698.380829125,1976-03-08,468100001019760001
보성동물병원,영업/정상,전남광주통합특별시 보성군 보성읍 현충로 45,전남광주통합특별시 보성군 보성읍 주봉리 388-7,,206991.247008661,140826.725942042,1976-02-27,585000001019760001
진교가축병원,영업/정상,경상남도 하동군 진교면 민다리길 84-1,경상남도 하동군 진교면 진교리 426,,282292.038023952,170405.028813029,1976-01-20,544000001019760001
새마산동물병원,영업/정상,경상남도 창원시 마산합포구 북성로 89 (상남동),경상남도 창원시 마산합포구 상남동 1-65,055-246-1749,342910.93094161,191784.936024875,1976-01-19,567000001019761001
대동동물병원,영업/정상,울산광역시 울주군 언양읍 동부8길 19-6,울산광역시 울주군 언양읍 동부리 133-3,052-262-1076,392734.562600233,231524.195382991,1976-01-19,373000001020020004
거제동물병원,영업/정상,부산광역시 연제구 거제대로 146 (거제동),부산광역시 연제구 거제동 608-17,,388482.904040182,188889.617444866,1975-10-14,337000001020030001
장승포가축병원,영업/정상,경상남도 거제시 장승포로1길 17 (장승포동),경상남도 거제시 장승포동 460-3번지,,357638.442987398,153525.679279989,1975-09-22,537000001019750001
고려동물병원,영업/정상,"경기도 파주시 새꽃로 62, 베스트프라자 1층 112호 (금촌동)",경기도 파주시 금촌동 237-1,031-941-2422,179569.724366396,472580.265825203,1975-08-29,406000001019750004
순흥동물병원,영업/정상,전남광주통합특별시 순천시 팔마로 26 (장천동),전남광주통합특별시 순천시 장천동 19-1,061-744-4956,244798.075337541,160940.316308502,1975-08-25,579000001019750001
제일동물병원,영업/정상,경기도 남양주시 퇴계원면 경춘북로 513,경기도 남양주시 퇴계원읍 퇴계원리 312-28,,,,1975-07-11,399000001019750001
대한동물병원,영업/정상,"전북특별자치도 정읍시 관통로 14, 누나분식 (장명동)",전북특별자치도 정읍시 장명동 164-4 누나분식,,187338.245666667,229524.99,1975-06-01,469100001019750001
표선가축병원,영업/정상,"제주특별자치도 서귀포시 표선면 표선관정로 113-5, 표선가축병원",제주특별자치도 서귀포시 표선면 표선리 779-1 표선가축병원,064-787-2345,184296.255638872,-19133.8702963813,1975-05-16,652000001019751001
남지가축병원,영업/정상,경상남도 창녕군 남지읍 동포로 9,경상남도 창녕군 남지읍 남지리 534-11 2통2반,,334530.70641208,211069.241754842,1975-03-20,541000001019750001
이명렬가축병원,영업/정상,강원특별자치도 횡성군 횡성읍 태기로 6,강원특별자치도 횡성군 횡성읍 읍하리 309-1 1통,,286955.622910671,443641.268704488,1974-09-13,426000001019740001
최동물병원,영업/정상,전북특별자치도 정읍시 칠보면 검단1길 65-24,전북특별자치도 정읍시 칠보면 와우리 279,,199544.507274484,234764.517862477,1974-06-10,469100001019740001
구담가축병원,영업/정상,경상북도 안동시 풍천면 구담배나들길 33-3,경상북도 안동시 풍천면 구담리 488-2,,331200.133239503,338888.457194575,1974-02-26,507000001019740003
삼양가축병원,영업/정상,전북특별자치도 진안군 진안읍 진무로 1108,전북특별자치도 진안군 진안읍 군상리 366-31 5통5반,,238764.506022878,254734.748965965,1973-12-04,473100001019730002
경기동물병원,영업/정상,경기도 동두천시 중앙로 229 (생연동),경기도 동두천시 생연동 689-5 3통1반,,204580.922820216,488837.110643644,1973-11-05,392000001019730001
삼성동물병원,영업/정상,"전북특별자치도 익산시 금마면 금마길 60, 삼성동물병원",전북특별자치도 익산시 금마면 동고도리 697-2 삼성동물병원,,204698.641430938,276821.988884764,1973-04-05,468100001019730001
삼천포제일가축병원,영업/정상,경상남도 사천시 동금4길 27 (동금동),경상남도 사천시 동금동 55-9,,298624.348917769,159722.975668157,1973-04-02,534000001019730001
진안동물병원,영업/정상,전북특별자치도 진안군 진안읍 진무로 1083-1,전북특별자치도 진안군 진안읍 군상리 432-2,,238531.438374557,254701.568471767,1973-03-19,473100001019730001
용문동물병원,영업/정상,경기도 양평군 용문면 용문로 353,경기도 양평군 용문면 다문리 728-18,031-773-3176,252390.958909118,442625.387267043,1972-08-01,417000001019720001
노아동물병원,영업/정상,충청남도 금산군 금산읍 인삼로 89 (노아동물병원),충청남도 금산군 금산읍 중도리 337-3 6통5반,,244192.161460003,289268.137759457,1972-07-20,455000001019720001
영남가축병원,영업/정상,경상북도 경주시 문무대왕면 어일3길 7-2,경상북도 경주시 문무대왕면 어일리 1295-193,,420593.834373637,257414.221290955,1972-01-21,505000001019720001
자연낙농동물병원,영업/정상,전북특별자치도 부안군 부안읍 진성길 11,전북특별자치도 부안군 부안읍 봉덕리 793-4,,176254.794328794,247224.186265159,1971-09-01,479100001019710001
원평동물병원,영업/정상,,전북특별자치도 김제시 금산면 쌍용리 468,,,,1971-08-30,471100001019710001
무등동물병원,영업/정상,전남광주통합특별시 북구 서림로 116 (임동),전남광주통합특별시 북구 임동 92-8,,190627.291859743,184708.72906947,1971-04-15,582000001019710001
일동동물병원,영업/정상,경기도 포천시 일동면 화동로 1044-1,경기도 포천시 일동면 기산리 90-160,,227824.874536593,494919.430765807,1970-04-10,560000001019700001
남창가축병원,영업/정상,경상남도 창녕군 창녕읍 창녕대로 54,경상남도 창녕군 창녕읍 술정리 294-7,055-532-9191,335335.098706901,227610.634883205,1969-04-01,541000001019690001
홍교동물병원,영업/정상,전남광주통합특별시 보성군 벌교읍 계두길 17-2,전남광주통합특별시 보성군 벌교읍 벌교리 605-48,,231229.412389287,149860.412442115,1968-08-01,585000001020030001
대구가축병원,영업/정상,대구광역시 군위군 군위읍 중앙길 122-1,대구광역시 군위군 군위읍 동부리 396-1 2통,,340884.132822991,305412.33065171,1968-02-10,514000001019680001
영남동물병원,영업/정상,경상북도 성주군 성주읍 성주읍4길 4,경상북도 성주군 성주읍 경산리 165-5 1통,,315975.894853157,269475.901333029,1967-10-10,521000001019670001
협동,영업/정상,경상북도 의성군 안계면 안계길 127-1,경상북도 의성군 안계면 용기리 839-2 1통,,328974.870115704,321267.021454762,1965-10-19,515000001019650001
봉화가축병원,영업/정상,,경상북도 봉화군 봉화읍 내성리 353,,,,1964-10-03,524000001019640001
덕산가축병원,영업/정상,"경상남도 산청군 시천면 남명로 213-1, 지코바호프",경상남도 산청군 시천면 사리 926-6 지코바호프,,276362.969464837,197878.597266164,1964-05-02,545000001020020002
중앙동물병원,영업/정상,부산광역시 서구 까치고개로 253-2 (토성동1가),부산광역시 서구 토성동1가 8-43 3통4반,,384448.822847969,179719.355076844,1958-06-01,326000001019580001
장성동물병원,영업/정상,전남광주통합특별시 장성군 장성읍 영천로 83,전남광주통합특별시 장성군 장성읍 영천리 1324-5,,179946.349297617,199338.124221358,1957-04-02,589500001019570001
